chip_id,test_loop,sample_id,bank_offset,temperature,idd,ipp
0,max_power_bank_offset,0,0,69.0,1337.0,3304.8
0,max_power_bank_offset,1,0,76.0,4410.0,2938.0
0,max_power_bank_offset,2,0,76.0,4589.0,3142.0
0,max_power_bank_offset,3,0,76.0,4668.0,3213.2
0,max_power_bank_offset,4,0,76.0,4689.0,3252.4
0,max_power_bank_offset,5,0,76.0,4708.0,3278.4
0,max_power_bank_offset,6,0,76.0,4715.0,3289.2
0,max_power_bank_offset,7,0,77.0,4723.0,3298.4
0,max_power_bank_offset,8,0,76.0,4726.0,3309.2
0,max_power_bank_offset,9,0,76.0,4737.0,3311.2
0,max_power_bank_offset,10,0,77.0,4740.0,3320.4
0,max_power_bank_offset,11,0,76.0,4741.0,3322.4
0,max_power_bank_offset,12,0,77.0,4746.0,3326.4
0,max_power_bank_offset,13,0,76.0,4742.0,3336.8
0,max_power_bank_offset,14,0,77.0,4745.0,3337.6
0,max_power_bank_offset,15,0,76.0,4746.0,3338.0
0,max_power_bank_offset,16,0,77.0,4750.0,3340.4
0,max_power_bank_offset,17,0,77.0,4751.0,3343.2
0,max_power_bank_offset,18,0,77.0,4753.0,3342.4
0,max_power_bank_offset,19,0,77.0,4755.0,3345.2
0,max_power_bank_offset,20,0,76.0,4756.0,3344.0
0,max_power_bank_offset,21,0,77.0,4759.0,3342.0
0,max_power_bank_offset,22,0,77.0,4760.0,3344.4
0,max_power_bank_offset,23,0,77.0,4761.0,3343.6
0,max_power_bank_offset,24,0,77.0,4764.0,3346.8
0,max_power_bank_offset,25,0,77.0,4765.0,3346.4
0,max_power_bank_offset,26,0,77.0,4764.0,3347.6
0,max_power_bank_offset,27,0,77.0,4765.0,3346.4
0,max_power_bank_offset,28,0,77.0,4764.0,3351.6
0,max_power_bank_offset,29,0,77.0,4765.0,3350.8
0,max_power_bank_offset,30,0,77.0,4766.0,3349.6
0,max_power_bank_offset,31,0,77.0,4767.0,3349.2
0,max_power_bank_offset,32,0,77.0,4767.0,3348.8
0,max_power_bank_offset,33,0,77.0,4768.0,3348.0
0,max_power_bank_offset,34,0,77.0,4767.0,3352.4
0,max_power_bank_offset,35,0,77.0,4769.0,3351.2
0,max_power_bank_offset,36,0,77.0,4770.0,3350.0
0,max_power_bank_offset,37,0,77.0,4770.0,3350.0
0,max_power_bank_offset,38,0,77.0,4770.0,3349.2
0,max_power_bank_offset,39,0,77.0,4770.0,3348.4
0,max_power_bank_offset,40,0,77.0,4790.0,3353.2
0,max_power_bank_offset,41,0,77.0,4800.0,3355.6
0,max_power_bank_offset,42,0,77.0,4796.0,3352.0
0,max_power_bank_offset,43,0,77.0,4779.0,3358.8
0,max_power_bank_offset,44,0,77.0,4777.0,3356.0
0,max_power_bank_offset,45,0,77.0,4781.0,3355.2
0,max_power_bank_offset,46,0,77.0,4779.0,3360.4
0,max_power_bank_offset,47,0,77.0,4780.0,3358.0
0,max_power_bank_offset,48,0,77.0,4777.0,3360.0
0,max_power_bank_offset,49,0,77.0,4776.0,3360.8
0,max_power_bank_offset,50,0,77.0,4780.0,3356.0
0,max_power_bank_offset,51,0,77.0,4777.0,3362.0
0,max_power_bank_offset,52,0,77.0,4774.0,3360.4
0,max_power_bank_offset,53,0,77.0,4778.0,3362.4
0,max_power_bank_offset,54,0,77.0,4779.0,3361.2
0,max_power_bank_offset,55,0,77.0,4780.0,3360.4
0,max_power_bank_offset,56,0,77.0,4781.0,3364.4
0,max_power_bank_offset,57,0,77.0,4782.0,3364.4
0,max_power_bank_offset,58,0,77.0,4780.0,3365.6
0,max_power_bank_offset,59,0,77.0,4783.0,3363.2
0,max_power_bank_offset,60,0,77.0,4782.0,3367.6
0,max_power_bank_offset,61,0,77.0,4781.0,3366.8
0,max_power_bank_offset,62,0,77.0,4781.0,3366.4
0,max_power_bank_offset,63,0,77.0,4781.0,3366.0
0,max_power_bank_offset,64,0,77.0,4779.0,3366.8
0,max_power_bank_offset,65,0,77.0,4779.0,3366.0
0,max_power_bank_offset,66,0,77.0,4778.0,3365.6
0,max_power_bank_offset,67,0,77.0,4779.0,3368.4
0,max_power_bank_offset,68,0,77.0,4778.0,3368.8
0,max_power_bank_offset,69,0,77.0,4779.0,3368.0
0,max_power_bank_offset,70,0,77.0,4779.0,3367.2
0,max_power_bank_offset,71,0,77.0,4780.0,3366.4
0,max_power_bank_offset,72,0,77.0,4781.0,3366.0
0,max_power_bank_offset,73,0,77.0,4780.0,3366.0
0,max_power_bank_offset,74,0,77.0,4781.0,3364.4
0,max_power_bank_offset,75,0,77.0,4780.0,3364.8
0,max_power_bank_offset,76,0,77.0,4780.0,3364.8
0,max_power_bank_offset,77,0,77.0,4780.0,3364.8
0,max_power_bank_offset,78,0,77.0,4779.0,3365.2
0,max_power_bank_offset,79,0,77.0,4780.0,3364.4
0,max_power_bank_offset,80,0,77.0,4820.0,3340.4
0,max_power_bank_offset,81,0,77.0,4799.0,3360.8
0,max_power_bank_offset,82,0,77.0,4793.0,3364.4
0,max_power_bank_offset,83,0,77.0,4805.0,3360.0
0,max_power_bank_offset,84,0,77.0,4797.0,3362.0
0,max_power_bank_offset,85,0,77.0,4796.0,3360.8
0,max_power_bank_offset,86,0,77.0,4792.0,3362.0
0,max_power_bank_offset,87,0,77.0,4788.0,3364.4
0,max_power_bank_offset,88,0,78.0,4786.0,3364.8
0,max_power_bank_offset,89,0,77.0,4786.0,3362.4
0,max_power_bank_offset,90,0,77.0,4787.0,3359.6
0,max_power_bank_offset,0,1,69.0,1362.0,3295.6
0,max_power_bank_offset,1,1,77.0,4430.0,2925.2
0,max_power_bank_offset,2,1,77.0,4614.0,3141.2
0,max_power_bank_offset,3,1,77.0,4668.0,3209.6
0,max_power_bank_offset,4,1,77.0,4710.0,3236.8
0,max_power_bank_offset,5,1,77.0,4722.0,3261.6
0,max_power_bank_offset,6,1,77.0,4732.0,3276.8
0,max_power_bank_offset,7,1,77.0,4742.0,3285.2
0,max_power_bank_offset,8,1,77.0,4751.0,3288.8
0,max_power_bank_offset,9,1,77.0,4755.0,3297.6
0,max_power_bank_offset,10,1,77.0,4754.0,3305.6
0,max_power_bank_offset,11,1,77.0,4756.0,3313.2
0,max_power_bank_offset,12,1,78.0,4761.0,3315.2
0,max_power_bank_offset,13,1,77.0,4762.0,3320.0
0,max_power_bank_offset,14,1,77.0,4763.0,3322.8
0,max_power_bank_offset,15,1,77.0,4765.0,3319.6
0,max_power_bank_offset,16,1,77.0,4768.0,3321.6
0,max_power_bank_offset,17,1,77.0,4768.0,3326.0
0,max_power_bank_offset,18,1,77.0,4768.0,3326.4
0,max_power_bank_offset,19,1,78.0,4771.0,3326.0
0,max_power_bank_offset,20,1,78.0,4771.0,3330.4
0,max_power_bank_offset,21,1,77.0,4774.0,3329.2
0,max_power_bank_offset,22,1,77.0,4773.0,3328.8
0,max_power_bank_offset,23,1,77.0,4775.0,3332.4
0,max_power_bank_offset,24,1,77.0,4776.0,3331.2
0,max_power_bank_offset,25,1,78.0,4776.0,3330.8
0,max_power_bank_offset,26,1,78.0,4778.0,3334.4
0,max_power_bank_offset,27,1,77.0,4778.0,3332.8
0,max_power_bank_offset,28,1,77.0,4779.0,3331.6
0,max_power_bank_offset,29,1,78.0,4781.0,3335.2
0,max_power_bank_offset,30,1,77.0,4781.0,3335.2
0,max_power_bank_offset,31,1,77.0,4782.0,3333.6
0,max_power_bank_offset,32,1,78.0,4782.0,3337.2
0,max_power_bank_offset,33,1,78.0,4782.0,3337.2
0,max_power_bank_offset,34,1,78.0,4783.0,3337.2
0,max_power_bank_offset,35,1,78.0,4783.0,3341.6
0,max_power_bank_offset,36,1,78.0,4784.0,3340.4
0,max_power_bank_offset,37,1,78.0,4784.0,3340.4
0,max_power_bank_offset,38,1,78.0,4784.0,3340.4
0,max_power_bank_offset,39,1,77.0,4784.0,3344.0
0,max_power_bank_offset,40,1,77.0,4790.0,3358.8
0,max_power_bank_offset,41,1,78.0,4780.0,3370.8
0,max_power_bank_offset,42,1,78.0,4783.0,3374.0
0,max_power_bank_offset,43,1,77.0,4785.0,3372.4
0,max_power_bank_offset,44,1,78.0,4783.0,3367.2
0,max_power_bank_offset,45,1,78.0,4783.0,3368.8
0,max_power_bank_offset,46,1,78.0,4782.0,3369.6
0,max_power_bank_offset,47,1,78.0,4781.0,3370.4
0,max_power_bank_offset,48,1,78.0,4779.0,3373.6
0,max_power_bank_offset,49,1,78.0,4776.0,3374.4
0,max_power_bank_offset,50,1,78.0,4774.0,3376.8
0,max_power_bank_offset,51,1,78.0,4772.0,3379.6
0,max_power_bank_offset,52,1,78.0,4775.0,3378.0
0,max_power_bank_offset,53,1,78.0,4773.0,3379.2
0,max_power_bank_offset,54,1,78.0,4772.0,3380.4
0,max_power_bank_offset,55,1,77.0,4770.0,3381.2
0,max_power_bank_offset,56,1,78.0,4770.0,3380.0
0,max_power_bank_offset,57,1,78.0,4771.0,3378.8
0,max_power_bank_offset,58,1,78.0,4772.0,3377.2
0,max_power_bank_offset,59,1,78.0,4773.0,3375.6
0,max_power_bank_offset,60,1,78.0,4773.0,3374.8
0,max_power_bank_offset,61,1,78.0,4774.0,3374.4
0,max_power_bank_offset,62,1,78.0,4775.0,3373.2
0,max_power_bank_offset,63,1,78.0,4775.0,3372.8
0,max_power_bank_offset,64,1,78.0,4775.0,3372.8
0,max_power_bank_offset,65,1,78.0,4775.0,3372.8
0,max_power_bank_offset,66,1,78.0,4776.0,3371.6
0,max_power_bank_offset,67,1,78.0,4777.0,3371.6
0,max_power_bank_offset,68,1,78.0,4778.0,3371.2
0,max_power_bank_offset,69,1,78.0,4778.0,3370.8
0,max_power_bank_offset,70,1,78.0,4778.0,3370.0
0,max_power_bank_offset,71,1,78.0,4779.0,3369.6
0,max_power_bank_offset,72,1,78.0,4780.0,3368.0
0,max_power_bank_offset,73,1,78.0,4780.0,3368.0
0,max_power_bank_offset,74,1,78.0,4780.0,3368.0
0,max_power_bank_offset,75,1,78.0,4779.0,3368.0
0,max_power_bank_offset,76,1,78.0,4779.0,3367.6
0,max_power_bank_offset,77,1,78.0,4779.0,3366.8
0,max_power_bank_offset,78,1,78.0,4778.0,3366.8
0,max_power_bank_offset,79,1,78.0,4777.0,3367.2
0,max_power_bank_offset,80,1,78.0,4743.0,3364.0
0,max_power_bank_offset,81,1,78.0,4753.0,3355.6
0,max_power_bank_offset,82,1,78.0,4759.0,3360.8
0,max_power_bank_offset,83,1,78.0,4759.0,3363.2
0,max_power_bank_offset,84,1,78.0,4765.0,3361.6
0,max_power_bank_offset,85,1,78.0,4764.0,3364.4
0,max_power_bank_offset,86,1,78.0,4766.0,3360.4
0,max_power_bank_offset,87,1,78.0,4770.0,3354.0
0,max_power_bank_offset,88,1,78.0,4775.0,3355.2
0,max_power_bank_offset,89,1,78.0,4778.0,3353.6
0,max_power_bank_offset,90,1,78.0,4779.0,3353.6
0,max_power_bank_offset,0,2,70.0,1300.0,3210.8
0,max_power_bank_offset,1,2,77.0,4270.0,2918.8
0,max_power_bank_offset,2,2,78.0,4440.0,3134.0
0,max_power_bank_offset,3,2,78.0,4482.0,3208.0
0,max_power_bank_offset,4,2,77.0,4507.0,3250.0
0,max_power_bank_offset,5,2,78.0,4524.0,3271.2
0,max_power_bank_offset,6,2,78.0,4537.0,3283.2
0,max_power_bank_offset,7,2,78.0,4547.0,3292.8
0,max_power_bank_offset,8,2,78.0,4550.0,3303.2
0,max_power_bank_offset,9,2,78.0,4557.0,3307.6
0,max_power_bank_offset,10,2,78.0,4563.0,3310.4
0,max_power_bank_offset,11,2,78.0,4566.0,3318.8
0,max_power_bank_offset,12,2,78.0,4569.0,3321.6
0,max_power_bank_offset,13,2,78.0,4573.0,3324.0
0,max_power_bank_offset,14,2,78.0,4574.0,3327.2
0,max_power_bank_offset,15,2,78.0,4577.0,3325.2
0,max_power_bank_offset,16,2,78.0,4578.0,3328.8
0,max_power_bank_offset,17,2,78.0,4580.0,3328.0
0,max_power_bank_offset,18,2,78.0,4579.0,3334.4
0,max_power_bank_offset,19,2,78.0,4580.0,3334.4
0,max_power_bank_offset,20,2,78.0,4582.0,3337.6
0,max_power_bank_offset,21,2,78.0,4581.0,3337.2
0,max_power_bank_offset,22,2,78.0,4582.0,3336.0
0,max_power_bank_offset,23,2,78.0,4584.0,3340.4
0,max_power_bank_offset,24,2,78.0,4586.0,3342.4
0,max_power_bank_offset,25,2,78.0,4587.0,3342.0
0,max_power_bank_offset,26,2,78.0,4587.0,3338.0
0,max_power_bank_offset,27,2,78.0,4590.0,3341.2
0,max_power_bank_offset,28,2,78.0,4590.0,3340.8
0,max_power_bank_offset,29,2,78.0,4591.0,3340.0
0,max_power_bank_offset,30,2,78.0,4591.0,3339.6
0,max_power_bank_offset,31,2,78.0,4591.0,3344.4
0,max_power_bank_offset,32,2,78.0,4591.0,3344.4
0,max_power_bank_offset,33,2,78.0,4593.0,3343.6
0,max_power_bank_offset,34,2,78.0,4594.0,3342.8
0,max_power_bank_offset,35,2,78.0,4594.0,3342.8
0,max_power_bank_offset,36,2,78.0,4595.0,3346.8
0,max_power_bank_offset,37,2,78.0,4596.0,3346.4
0,max_power_bank_offset,38,2,78.0,4597.0,3345.6
0,max_power_bank_offset,39,2,78.0,4596.0,3346.4
0,max_power_bank_offset,40,2,78.0,4630.0,3338.0
0,max_power_bank_offset,41,2,78.0,4600.0,3378.8
0,max_power_bank_offset,42,2,78.0,4593.0,3382.4
0,max_power_bank_offset,43,2,78.0,4600.0,3376.8
0,max_power_bank_offset,44,2,78.0,4591.0,3386.8
0,max_power_bank_offset,45,2,78.0,4594.0,3385.2
0,max_power_bank_offset,46,2,78.0,4594.0,3386.8
0,max_power_bank_offset,47,2,78.0,4597.0,3383.2
0,max_power_bank_offset,48,2,78.0,4603.0,3379.2
0,max_power_bank_offset,49,2,78.0,4607.0,3376.4
0,max_power_bank_offset,50,2,78.0,4611.0,3374.4
0,max_power_bank_offset,51,2,78.0,4609.0,3374.8
0,max_power_bank_offset,52,2,78.0,4609.0,3374.0
0,max_power_bank_offset,53,2,78.0,4610.0,3373.2
0,max_power_bank_offset,54,2,78.0,4611.0,3371.6
0,max_power_bank_offset,55,2,78.0,4610.0,3369.6
0,max_power_bank_offset,56,2,78.0,4612.0,3369.2
0,max_power_bank_offset,57,2,78.0,4612.0,3368.0
0,max_power_bank_offset,58,2,78.0,4611.0,3369.6
0,max_power_bank_offset,59,2,78.0,4612.0,3369.6
0,max_power_bank_offset,60,2,78.0,4613.0,3369.2
0,max_power_bank_offset,61,2,78.0,4613.0,3368.4
0,max_power_bank_offset,62,2,78.0,4616.0,3367.2
0,max_power_bank_offset,63,2,78.0,4616.0,3367.2
0,max_power_bank_offset,64,2,78.0,4615.0,3367.6
0,max_power_bank_offset,65,2,78.0,4614.0,3368.4
0,max_power_bank_offset,66,2,78.0,4614.0,3367.2
0,max_power_bank_offset,67,2,78.0,4614.0,3366.8
0,max_power_bank_offset,68,2,78.0,4614.0,3366.8
0,max_power_bank_offset,69,2,78.0,4614.0,3366.4
0,max_power_bank_offset,70,2,78.0,4614.0,3366.0
0,max_power_bank_offset,71,2,78.0,4614.0,3366.0
0,max_power_bank_offset,72,2,78.0,4613.0,3366.8
0,max_power_bank_offset,73,2,78.0,4613.0,3366.8
0,max_power_bank_offset,74,2,78.0,4613.0,3366.0
0,max_power_bank_offset,75,2,78.0,4613.0,3366.0
0,max_power_bank_offset,76,2,78.0,4612.0,3366.4
0,max_power_bank_offset,77,2,78.0,4612.0,3366.4
0,max_power_bank_offset,78,2,78.0,4612.0,3365.6
0,max_power_bank_offset,79,2,78.0,4613.0,3365.2
0,max_power_bank_offset,80,2,78.0,4600.0,3345.6
0,max_power_bank_offset,81,2,78.0,4605.0,3350.0
0,max_power_bank_offset,82,2,78.0,4606.0,3349.6
0,max_power_bank_offset,83,2,78.0,4597.0,3357.6
0,max_power_bank_offset,84,2,78.0,4606.0,3356.8
0,max_power_bank_offset,85,2,78.0,4611.0,3352.4
0,max_power_bank_offset,86,2,78.0,4610.0,3351.6
0,max_power_bank_offset,87,2,78.0,4607.0,3356.8
0,max_power_bank_offset,88,2,78.0,4609.0,3355.6
0,max_power_bank_offset,89,2,78.0,4611.0,3354.0
0,max_power_bank_offset,90,2,78.0,4610.0,3355.2
0,max_power_bank_offset,0,3,71.0,1375.0,3293.2
0,max_power_bank_offset,1,3,78.0,4260.0,2986.8
0,max_power_bank_offset,2,3,78.0,4420.0,3179.2
0,max_power_bank_offset,3,3,78.0,4468.0,3238.4
0,max_power_bank_offset,4,3,78.0,4497.0,3274.8
0,max_power_bank_offset,5,3,78.0,4516.0,3290.4
0,max_power_bank_offset,6,3,78.0,4532.0,3303.2
0,max_power_bank_offset,7,3,78.0,4543.0,3310.4
0,max_power_bank_offset,8,3,78.0,4549.0,3315.6
0,max_power_bank_offset,9,3,78.0,4554.0,3322.0
0,max_power_bank_offset,10,3,78.0,4559.0,3322.0
0,max_power_bank_offset,11,3,78.0,4560.0,3331.6
0,max_power_bank_offset,12,3,78.0,4565.0,3335.6
0,max_power_bank_offset,13,3,79.0,4566.0,3332.8
0,max_power_bank_offset,14,3,79.0,4568.0,3336.0
0,max_power_bank_offset,15,3,78.0,4572.0,3338.8
0,max_power_bank_offset,16,3,78.0,4573.0,3337.2
0,max_power_bank_offset,17,3,78.0,4575.0,3340.0
0,max_power_bank_offset,18,3,78.0,4575.0,3338.0
0,max_power_bank_offset,19,3,78.0,4574.0,3344.0
0,max_power_bank_offset,20,3,79.0,4576.0,3342.0
0,max_power_bank_offset,21,3,78.0,4578.0,3339.6
0,max_power_bank_offset,22,3,78.0,4580.0,3342.4
0,max_power_bank_offset,23,3,78.0,4583.0,3340.4
0,max_power_bank_offset,24,3,78.0,4584.0,3339.6
0,max_power_bank_offset,25,3,78.0,4585.0,3338.8
0,max_power_bank_offset,26,3,78.0,4585.0,3343.6
0,max_power_bank_offset,27,3,79.0,4585.0,3342.4
0,max_power_bank_offset,28,3,78.0,4586.0,3342.0
0,max_power_bank_offset,29,3,78.0,4586.0,3342.0
0,max_power_bank_offset,30,3,79.0,4588.0,3341.6
0,max_power_bank_offset,31,3,78.0,4588.0,3341.2
0,max_power_bank_offset,32,3,78.0,4588.0,3346.0
0,max_power_bank_offset,33,3,78.0,4588.0,3345.2
0,max_power_bank_offset,34,3,79.0,4589.0,3344.0
0,max_power_bank_offset,35,3,78.0,4588.0,3344.4
0,max_power_bank_offset,36,3,78.0,4588.0,3344.4
0,max_power_bank_offset,37,3,79.0,4588.0,3344.0
0,max_power_bank_offset,38,3,78.0,4587.0,3344.4
0,max_power_bank_offset,39,3,78.0,4587.0,3344.4
0,max_power_bank_offset,40,3,78.0,4590.0,3346.8
0,max_power_bank_offset,41,3,79.0,4595.0,3350.8
0,max_power_bank_offset,42,3,79.0,4596.0,3354.4
0,max_power_bank_offset,43,3,79.0,4594.0,3362.0
0,max_power_bank_offset,44,3,79.0,4591.0,3365.2
0,max_power_bank_offset,45,3,79.0,4596.0,3361.6
0,max_power_bank_offset,46,3,78.0,4594.0,3360.4
0,max_power_bank_offset,47,3,79.0,4593.0,3364.4
0,max_power_bank_offset,48,3,79.0,4594.0,3364.8
0,max_power_bank_offset,49,3,79.0,4591.0,3366.4
0,max_power_bank_offset,50,3,79.0,4590.0,3367.2
0,max_power_bank_offset,51,3,79.0,4590.0,3367.6
0,max_power_bank_offset,52,3,79.0,4590.0,3371.6
0,max_power_bank_offset,53,3,79.0,4590.0,3371.2
0,max_power_bank_offset,54,3,79.0,4591.0,3370.0
0,max_power_bank_offset,55,3,79.0,4591.0,3368.8
0,max_power_bank_offset,56,3,79.0,4590.0,3368.8
0,max_power_bank_offset,57,3,79.0,4592.0,3372.8
0,max_power_bank_offset,58,3,79.0,4593.0,3372.0
0,max_power_bank_offset,59,3,79.0,4592.0,3372.0
0,max_power_bank_offset,60,3,79.0,4592.0,3371.6
0,max_power_bank_offset,61,3,79.0,4593.0,3371.2
0,max_power_bank_offset,62,3,79.0,4594.0,3370.0
0,max_power_bank_offset,63,3,79.0,4594.0,3370.4
0,max_power_bank_offset,64,3,79.0,4593.0,3372.0
0,max_power_bank_offset,65,3,79.0,4593.0,3371.6
0,max_power_bank_offset,66,3,79.0,4595.0,3369.2
0,max_power_bank_offset,67,3,79.0,4595.0,3368.4
0,max_power_bank_offset,68,3,79.0,4596.0,3373.6
0,max_power_bank_offset,69,3,79.0,4596.0,3373.2
0,max_power_bank_offset,70,3,79.0,4597.0,3372.4
0,max_power_bank_offset,71,3,79.0,4597.0,3372.4
0,max_power_bank_offset,72,3,79.0,4596.0,3373.2
0,max_power_bank_offset,73,3,79.0,4597.0,3370.8
0,max_power_bank_offset,74,3,79.0,4597.0,3370.4
0,max_power_bank_offset,75,3,79.0,4598.0,3369.6
0,max_power_bank_offset,76,3,79.0,4598.0,3369.2
0,max_power_bank_offset,77,3,79.0,4599.0,3368.4
0,max_power_bank_offset,78,3,79.0,4598.0,3369.2
0,max_power_bank_offset,79,3,79.0,4598.0,3369.2
0,max_power_bank_offset,80,3,79.0,4610.0,3385.6
0,max_power_bank_offset,81,3,79.0,4599.0,3389.2
0,max_power_bank_offset,82,3,79.0,4603.0,3381.2
0,max_power_bank_offset,83,3,79.0,4592.0,3384.8
0,max_power_bank_offset,84,3,79.0,4597.0,3379.2
0,max_power_bank_offset,85,3,79.0,4605.0,3372.4
0,max_power_bank_offset,86,3,79.0,4604.0,3369.6
0,max_power_bank_offset,87,3,79.0,4602.0,3373.2
0,max_power_bank_offset,88,3,79.0,4603.0,3370.8
0,max_power_bank_offset,89,3,79.0,4603.0,3370.4
0,max_power_bank_offset,90,3,79.0,4603.0,3370.4
1,max_power_bank_offset,0,0,75.0,1362.0,3369.6
1,max_power_bank_offset,1,0,83.0,4460.0,2961.2
1,max_power_bank_offset,2,0,83.0,4630.0,3195.2
1,max_power_bank_offset,3,0,84.0,4699.0,3258.8
1,max_power_bank_offset,4,0,84.0,4730.0,3296.8
1,max_power_bank_offset,5,0,84.0,4748.0,3319.6
1,max_power_bank_offset,6,0,84.0,4759.0,3338.8
1,max_power_bank_offset,7,0,84.0,4769.0,3344.4
1,max_power_bank_offset,8,0,84.0,4776.0,3357.6
1,max_power_bank_offset,9,0,84.0,4788.0,3360.0
1,max_power_bank_offset,10,0,84.0,4792.0,3368.4
1,max_power_bank_offset,11,0,84.0,4800.0,3372.4
1,max_power_bank_offset,12,0,84.0,4803.0,3374.4
1,max_power_bank_offset,13,0,84.0,4803.0,3379.2
1,max_power_bank_offset,14,0,84.0,4803.0,3381.2
1,max_power_bank_offset,15,0,84.0,4806.0,3385.2
1,max_power_bank_offset,16,0,84.0,4807.0,3385.2
1,max_power_bank_offset,17,0,84.0,4809.0,3389.2
1,max_power_bank_offset,18,0,84.0,4811.0,3387.6
1,max_power_bank_offset,19,0,84.0,4814.0,3391.2
1,max_power_bank_offset,20,0,84.0,4813.0,3392.0
1,max_power_bank_offset,21,0,84.0,4817.0,3395.6
1,max_power_bank_offset,22,0,84.0,4818.0,3395.2
1,max_power_bank_offset,23,0,84.0,4819.0,3393.6
1,max_power_bank_offset,24,0,84.0,4820.0,3397.6
1,max_power_bank_offset,25,0,84.0,4820.0,3396.8
1,max_power_bank_offset,26,0,84.0,4822.0,3396.0
1,max_power_bank_offset,27,0,84.0,4821.0,3396.8
1,max_power_bank_offset,28,0,84.0,4824.0,3399.2
1,max_power_bank_offset,29,0,84.0,4825.0,3398.8
1,max_power_bank_offset,30,0,84.0,4824.0,3399.6
1,max_power_bank_offset,31,0,84.0,4824.0,3399.6
1,max_power_bank_offset,32,0,84.0,4825.0,3403.6
1,max_power_bank_offset,33,0,84.0,4825.0,3403.2
1,max_power_bank_offset,34,0,84.0,4825.0,3402.8
1,max_power_bank_offset,35,0,84.0,4826.0,3402.4
1,max_power_bank_offset,36,0,84.0,4827.0,3401.6
1,max_power_bank_offset,37,0,84.0,4827.0,3402.0
1,max_power_bank_offset,38,0,84.0,4828.0,3401.6
1,max_power_bank_offset,39,0,84.0,4827.0,3406.8
1,max_power_bank_offset,40,0,84.0,4840.0,3426.0
1,max_power_bank_offset,41,0,84.0,4825.0,3427.2
1,max_power_bank_offset,42,0,84.0,4836.0,3414.4
1,max_power_bank_offset,43,0,84.0,4830.0,3424.4
1,max_power_bank_offset,44,0,84.0,4830.0,3426.0
1,max_power_bank_offset,45,0,84.0,4830.0,3424.8
1,max_power_bank_offset,46,0,84.0,4827.0,3426.0
1,max_power_bank_offset,47,0,84.0,4824.0,3429.6
1,max_power_bank_offset,48,0,84.0,4827.0,3428.4
1,max_power_bank_offset,49,0,84.0,4828.0,3426.4
1,max_power_bank_offset,50,0,84.0,4826.0,3426.0
1,max_power_bank_offset,51,0,84.0,4827.0,3424.8
1,max_power_bank_offset,52,0,84.0,4829.0,3422.4
1,max_power_bank_offset,53,0,84.0,4832.0,3420.8
1,max_power_bank_offset,54,0,84.0,4833.0,3420.4
1,max_power_bank_offset,55,0,84.0,4833.0,3420.8
1,max_power_bank_offset,56,0,84.0,4836.0,3419.2
1,max_power_bank_offset,57,0,84.0,4837.0,3419.6
1,max_power_bank_offset,58,0,84.0,4838.0,3418.8
1,max_power_bank_offset,59,0,84.0,4838.0,3416.8
1,max_power_bank_offset,60,0,84.0,4835.0,3419.6
1,max_power_bank_offset,61,0,84.0,4835.0,3418.8
1,max_power_bank_offset,62,0,84.0,4837.0,3418.0
1,max_power_bank_offset,63,0,84.0,4836.0,3419.2
1,max_power_bank_offset,64,0,84.0,4837.0,3419.2
1,max_power_bank_offset,65,0,84.0,4837.0,3419.6
1,max_power_bank_offset,66,0,84.0,4837.0,3420.0
1,max_power_bank_offset,67,0,84.0,4837.0,3420.4
1,max_power_bank_offset,68,0,84.0,4838.0,3419.6
1,max_power_bank_offset,69,0,84.0,4839.0,3418.8
1,max_power_bank_offset,70,0,84.0,4839.0,3418.0
1,max_power_bank_offset,71,0,84.0,4838.0,3418.4
1,max_power_bank_offset,72,0,84.0,4838.0,3418.0
1,max_power_bank_offset,73,0,84.0,4837.0,3418.4
1,max_power_bank_offset,74,0,84.0,4836.0,3418.8
1,max_power_bank_offset,75,0,84.0,4835.0,3418.8
1,max_power_bank_offset,76,0,84.0,4833.0,3420.0
1,max_power_bank_offset,77,0,84.0,4832.0,3420.0
1,max_power_bank_offset,78,0,84.0,4832.0,3420.0
1,max_power_bank_offset,79,0,84.0,4832.0,3420.0
1,max_power_bank_offset,80,0,84.0,4800.0,3428.8
1,max_power_bank_offset,81,0,84.0,4824.0,3417.2
1,max_power_bank_offset,82,0,84.0,4820.0,3421.2
1,max_power_bank_offset,83,0,84.0,4817.0,3421.6
1,max_power_bank_offset,84,0,84.0,4820.0,3418.4
1,max_power_bank_offset,85,0,84.0,4822.0,3418.4
1,max_power_bank_offset,86,0,84.0,4826.0,3417.6
1,max_power_bank_offset,87,0,84.0,4830.0,3416.0
1,max_power_bank_offset,88,0,84.0,4826.0,3419.6
1,max_power_bank_offset,89,0,84.0,4827.0,3417.2
1,max_power_bank_offset,90,0,84.0,4825.0,3415.6
1,max_power_bank_offset,0,1,75.0,1400.0,3342.8
1,max_power_bank_offset,1,1,83.0,4820.0,2770.4
1,max_power_bank_offset,2,1,84.0,4825.0,3084.8
1,max_power_bank_offset,3,1,84.0,4831.0,3183.6
1,max_power_bank_offset,4,1,84.0,4835.0,3239.6
1,max_power_bank_offset,5,1,84.0,4838.0,3280.4
1,max_power_bank_offset,6,1,84.0,4837.0,3303.6
1,max_power_bank_offset,7,1,84.0,4838.0,3317.6
1,max_power_bank_offset,8,1,84.0,4838.0,3328.4
1,max_power_bank_offset,9,1,84.0,4837.0,3337.2
1,max_power_bank_offset,10,1,84.0,4832.0,3347.2
1,max_power_bank_offset,11,1,84.0,4830.0,3352.8
1,max_power_bank_offset,12,1,84.0,4826.0,3358.0
1,max_power_bank_offset,13,1,84.0,4827.0,3361.2
1,max_power_bank_offset,14,1,84.0,4827.0,3365.2
1,max_power_bank_offset,15,1,84.0,4827.0,3370.0
1,max_power_bank_offset,16,1,84.0,4827.0,3368.8
1,max_power_bank_offset,17,1,84.0,4825.0,3376.0
1,max_power_bank_offset,18,1,84.0,4824.0,3375.6
1,max_power_bank_offset,19,1,84.0,4823.0,3378.0
1,max_power_bank_offset,20,1,84.0,4822.0,3378.0
1,max_power_bank_offset,21,1,84.0,4821.0,3378.4
1,max_power_bank_offset,22,1,84.0,4821.0,3382.8
1,max_power_bank_offset,23,1,84.0,4821.0,3382.4
1,max_power_bank_offset,24,1,84.0,4821.0,3382.4
1,max_power_bank_offset,25,1,84.0,4822.0,3386.8
1,max_power_bank_offset,26,1,84.0,4822.0,3387.6
1,max_power_bank_offset,27,1,84.0,4820.0,3387.6
1,max_power_bank_offset,28,1,84.0,4820.0,3387.2
1,max_power_bank_offset,29,1,84.0,4819.0,3388.0
1,max_power_bank_offset,30,1,84.0,4820.0,3392.0
1,max_power_bank_offset,31,1,84.0,4821.0,3391.6
1,max_power_bank_offset,32,1,84.0,4821.0,3392.0
1,max_power_bank_offset,33,1,84.0,4820.0,3392.4
1,max_power_bank_offset,34,1,84.0,4819.0,3392.8
1,max_power_bank_offset,35,1,84.0,4818.0,3392.8
1,max_power_bank_offset,36,1,84.0,4819.0,3392.4
1,max_power_bank_offset,37,1,84.0,4819.0,3396.8
1,max_power_bank_offset,38,1,84.0,4818.0,3397.6
1,max_power_bank_offset,39,1,84.0,4818.0,3397.2
1,max_power_bank_offset,40,1,84.0,4820.0,3393.2
1,max_power_bank_offset,41,1,84.0,4820.0,3389.2
1,max_power_bank_offset,42,1,84.0,4806.0,3398.8
1,max_power_bank_offset,43,1,84.0,4805.0,3406.0
1,max_power_bank_offset,44,1,84.0,4814.0,3402.4
1,max_power_bank_offset,45,1,84.0,4816.0,3401.6
1,max_power_bank_offset,46,1,84.0,4817.0,3403.6
1,max_power_bank_offset,47,1,84.0,4819.0,3402.0
1,max_power_bank_offset,48,1,84.0,4819.0,3403.6
1,max_power_bank_offset,49,1,84.0,4819.0,3404.8
1,max_power_bank_offset,50,1,84.0,4823.0,3403.2
1,max_power_bank_offset,51,1,84.0,4824.0,3400.8
1,max_power_bank_offset,52,1,84.0,4823.0,3402.0
1,max_power_bank_offset,53,1,84.0,4823.0,3402.8
1,max_power_bank_offset,54,1,84.0,4821.0,3402.0
1,max_power_bank_offset,55,1,84.0,4821.0,3402.8
1,max_power_bank_offset,56,1,84.0,4819.0,3404.8
1,max_power_bank_offset,57,1,84.0,4819.0,3405.6
1,max_power_bank_offset,58,1,84.0,4819.0,3405.6
1,max_power_bank_offset,59,1,84.0,4819.0,3406.0
1,max_power_bank_offset,60,1,84.0,4818.0,3405.6
1,max_power_bank_offset,61,1,84.0,4819.0,3405.2
1,max_power_bank_offset,62,1,84.0,4819.0,3405.6
1,max_power_bank_offset,63,1,84.0,4818.0,3406.4
1,max_power_bank_offset,64,1,84.0,4816.0,3407.2
1,max_power_bank_offset,65,1,84.0,4816.0,3407.6
1,max_power_bank_offset,66,1,84.0,4816.0,3407.6
1,max_power_bank_offset,67,1,84.0,4817.0,3406.8
1,max_power_bank_offset,68,1,84.0,4816.0,3407.6
1,max_power_bank_offset,69,1,84.0,4816.0,3406.4
1,max_power_bank_offset,70,1,84.0,4816.0,3405.6
1,max_power_bank_offset,71,1,84.0,4816.0,3406.8
1,max_power_bank_offset,72,1,84.0,4817.0,3410.8
1,max_power_bank_offset,73,1,84.0,4815.0,3411.6
1,max_power_bank_offset,74,1,84.0,4815.0,3411.6
1,max_power_bank_offset,75,1,84.0,4815.0,3412.0
1,max_power_bank_offset,76,1,84.0,4815.0,3412.8
1,max_power_bank_offset,77,1,84.0,4815.0,3412.8
1,max_power_bank_offset,78,1,84.0,4814.0,3413.6
1,max_power_bank_offset,79,1,84.0,4814.0,3413.6
1,max_power_bank_offset,80,1,84.0,4810.0,3451.2
1,max_power_bank_offset,81,1,84.0,4821.0,3427.6
1,max_power_bank_offset,82,1,84.0,4813.0,3432.8
1,max_power_bank_offset,83,1,84.0,4817.0,3426.0
1,max_power_bank_offset,84,1,84.0,4816.0,3420.4
1,max_power_bank_offset,85,1,84.0,4813.0,3426.0
1,max_power_bank_offset,86,1,84.0,4811.0,3427.6
1,max_power_bank_offset,87,1,84.0,4811.0,3428.0
1,max_power_bank_offset,88,1,84.0,4812.0,3436.4
1,max_power_bank_offset,89,1,84.0,4816.0,3436.0
1,max_power_bank_offset,90,1,84.0,4812.0,3438.0
1,max_power_bank_offset,0,2,76.0,1412.0,3382.0
1,max_power_bank_offset,1,2,84.0,4640.0,2771.2
1,max_power_bank_offset,2,2,84.0,4630.0,3096.8
1,max_power_bank_offset,3,2,84.0,4634.0,3194.4
1,max_power_bank_offset,4,2,84.0,4633.0,3252.0
1,max_power_bank_offset,5,2,84.0,4638.0,3275.2
1,max_power_bank_offset,6,2,84.0,4637.0,3300.4
1,max_power_bank_offset,7,2,84.0,4637.0,3316.8
1,max_power_bank_offset,8,2,84.0,4638.0,3324.0
1,max_power_bank_offset,9,2,84.0,4642.0,3330.4
1,max_power_bank_offset,10,2,84.0,4640.0,3341.6
1,max_power_bank_offset,11,2,84.0,4639.0,3346.0
1,max_power_bank_offset,12,2,84.0,4641.0,3350.0
1,max_power_bank_offset,13,2,84.0,4640.0,3355.2
1,max_power_bank_offset,14,2,84.0,4637.0,3359.6
1,max_power_bank_offset,15,2,84.0,4637.0,3364.8
1,max_power_bank_offset,16,2,84.0,4637.0,3364.0
1,max_power_bank_offset,17,2,84.0,4637.0,3369.6
1,max_power_bank_offset,18,2,84.0,4638.0,3368.8
1,max_power_bank_offset,19,2,84.0,4640.0,3372.4
1,max_power_bank_offset,20,2,84.0,4639.0,3372.4
1,max_power_bank_offset,21,2,84.0,4640.0,3377.2
1,max_power_bank_offset,22,2,84.0,4640.0,3377.6
1,max_power_bank_offset,23,2,84.0,4640.0,3378.4
1,max_power_bank_offset,24,2,84.0,4639.0,3378.8
1,max_power_bank_offset,25,2,84.0,4640.0,3383.2
1,max_power_bank_offset,26,2,84.0,4640.0,3384.0
1,max_power_bank_offset,27,2,84.0,4639.0,3384.0
1,max_power_bank_offset,28,2,84.0,4638.0,3384.8
1,max_power_bank_offset,29,2,84.0,4639.0,3384.0
1,max_power_bank_offset,30,2,84.0,4639.0,3388.8
1,max_power_bank_offset,31,2,84.0,4638.0,3388.8
1,max_power_bank_offset,32,2,84.0,4637.0,3388.4
1,max_power_bank_offset,33,2,84.0,4637.0,3389.2
1,max_power_bank_offset,34,2,84.0,4637.0,3388.4
1,max_power_bank_offset,35,2,84.0,4636.0,3388.8
1,max_power_bank_offset,36,2,84.0,4636.0,3388.4
1,max_power_bank_offset,37,2,84.0,4637.0,3392.8
1,max_power_bank_offset,38,2,84.0,4636.0,3393.2
1,max_power_bank_offset,39,2,84.0,4637.0,3392.8
1,max_power_bank_offset,40,2,84.0,4650.0,3414.0
1,max_power_bank_offset,41,2,84.0,4645.0,3412.8
1,max_power_bank_offset,42,2,84.0,4650.0,3414.4
1,max_power_bank_offset,43,2,84.0,4642.0,3416.0
1,max_power_bank_offset,44,2,84.0,4642.0,3416.8
1,max_power_bank_offset,45,2,84.0,4638.0,3417.6
1,max_power_bank_offset,46,2,84.0,4637.0,3415.2
1,max_power_bank_offset,47,2,84.0,4640.0,3412.8
1,max_power_bank_offset,48,2,84.0,4638.0,3412.4
1,max_power_bank_offset,49,2,84.0,4636.0,3415.2
1,max_power_bank_offset,50,2,84.0,4634.0,3414.8
1,max_power_bank_offset,51,2,84.0,4636.0,3413.2
1,max_power_bank_offset,52,2,84.0,4637.0,3411.6
1,max_power_bank_offset,53,2,84.0,4637.0,3412.0
1,max_power_bank_offset,54,2,84.0,4637.0,3410.4
1,max_power_bank_offset,55,2,84.0,4636.0,3412.4
1,max_power_bank_offset,56,2,84.0,4634.0,3414.0
1,max_power_bank_offset,57,2,84.0,4635.0,3412.8
1,max_power_bank_offset,58,2,84.0,4633.0,3413.6
1,max_power_bank_offset,59,2,84.0,4633.0,3414.0
1,max_power_bank_offset,60,2,84.0,4633.0,3413.6
1,max_power_bank_offset,61,2,84.0,4633.0,3412.8
1,max_power_bank_offset,62,2,84.0,4633.0,3412.8
1,max_power_bank_offset,63,2,84.0,4633.0,3412.0
1,max_power_bank_offset,64,2,84.0,4634.0,3411.2
1,max_power_bank_offset,65,2,84.0,4635.0,3411.6
1,max_power_bank_offset,66,2,84.0,4635.0,3411.2
1,max_power_bank_offset,67,2,84.0,4634.0,3411.6
1,max_power_bank_offset,68,2,84.0,4633.0,3411.6
1,max_power_bank_offset,69,2,84.0,4633.0,3412.0
1,max_power_bank_offset,70,2,84.0,4633.0,3412.0
1,max_power_bank_offset,71,2,84.0,4634.0,3411.2
1,max_power_bank_offset,72,2,84.0,4634.0,3411.2
1,max_power_bank_offset,73,2,84.0,4634.0,3410.4
1,max_power_bank_offset,74,2,84.0,4635.0,3409.6
1,max_power_bank_offset,75,2,84.0,4634.0,3410.4
1,max_power_bank_offset,76,2,84.0,4634.0,3410.4
1,max_power_bank_offset,77,2,84.0,4635.0,3409.6
1,max_power_bank_offset,78,2,84.0,4634.0,3410.0
1,max_power_bank_offset,79,2,84.0,4634.0,3409.6
1,max_power_bank_offset,80,2,84.0,4600.0,3405.6
1,max_power_bank_offset,81,2,84.0,4615.0,3403.6
1,max_power_bank_offset,82,2,84.0,4626.0,3401.6
1,max_power_bank_offset,83,2,84.0,4625.0,3404.0
1,max_power_bank_offset,84,2,84.0,4630.0,3410.4
1,max_power_bank_offset,85,2,84.0,4632.0,3407.2
1,max_power_bank_offset,86,2,84.0,4631.0,3402.4
1,max_power_bank_offset,87,2,84.0,4633.0,3401.6
1,max_power_bank_offset,88,2,84.0,4628.0,3404.4
1,max_power_bank_offset,89,2,84.0,4631.0,3403.2
1,max_power_bank_offset,90,2,84.0,4632.0,3402.4
1,max_power_bank_offset,0,3,76.0,1462.0,3286.4
1,max_power_bank_offset,1,3,84.0,4280.0,3076.4
1,max_power_bank_offset,2,3,84.0,4465.0,3235.6
1,max_power_bank_offset,3,3,84.0,4510.0,3299.6
1,max_power_bank_offset,4,3,84.0,4543.0,3332.4
1,max_power_bank_offset,5,3,84.0,4561.0,3347.2
1,max_power_bank_offset,6,3,84.0,4572.0,3354.8
1,max_power_bank_offset,7,3,84.0,4580.0,3360.0
1,max_power_bank_offset,8,3,84.0,4584.0,3365.2
1,max_power_bank_offset,9,3,84.0,4593.0,3370.8
1,max_power_bank_offset,10,3,84.0,4594.0,3373.2
1,max_power_bank_offset,11,3,84.0,4598.0,3374.8
1,max_power_bank_offset,12,3,84.0,4601.0,3377.6
1,max_power_bank_offset,13,3,84.0,4601.0,3380.4
1,max_power_bank_offset,14,3,84.0,4603.0,3382.8
1,max_power_bank_offset,15,3,84.0,4606.0,3381.2
1,max_power_bank_offset,16,3,84.0,4608.0,3385.6
1,max_power_bank_offset,17,3,84.0,4609.0,3386.4
1,max_power_bank_offset,18,3,84.0,4609.0,3391.6
1,max_power_bank_offset,19,3,84.0,4611.0,3390.4
1,max_power_bank_offset,20,3,84.0,4613.0,3391.2
1,max_power_bank_offset,21,3,84.0,4615.0,3394.4
1,max_power_bank_offset,22,3,84.0,4615.0,3394.0
1,max_power_bank_offset,23,3,84.0,4615.0,3393.6
1,max_power_bank_offset,24,3,84.0,4615.0,3394.4
1,max_power_bank_offset,25,3,84.0,4616.0,3398.8
1,max_power_bank_offset,26,3,84.0,4618.0,3397.2
1,max_power_bank_offset,27,3,84.0,4618.0,3396.8
1,max_power_bank_offset,28,3,84.0,4618.0,3396.8
1,max_power_bank_offset,29,3,84.0,4620.0,3395.6
1,max_power_bank_offset,30,3,84.0,4621.0,3395.2
1,max_power_bank_offset,31,3,84.0,4621.0,3399.6
1,max_power_bank_offset,32,3,84.0,4620.0,3400.4
1,max_power_bank_offset,33,3,84.0,4621.0,3398.8
1,max_power_bank_offset,34,3,84.0,4621.0,3398.4
1,max_power_bank_offset,35,3,84.0,4620.0,3399.2
1,max_power_bank_offset,36,3,84.0,4620.0,3399.6
1,max_power_bank_offset,37,3,84.0,4620.0,3400.0
1,max_power_bank_offset,38,3,84.0,4619.0,3400.0
1,max_power_bank_offset,39,3,84.0,4620.0,3399.6
1,max_power_bank_offset,40,3,84.0,4640.0,3410.4
1,max_power_bank_offset,41,3,84.0,4630.0,3408.0
1,max_power_bank_offset,42,3,84.0,4623.0,3404.8
1,max_power_bank_offset,43,3,84.0,4620.0,3406.4
1,max_power_bank_offset,44,3,84.0,4620.0,3404.8
1,max_power_bank_offset,45,3,84.0,4620.0,3403.6
1,max_power_bank_offset,46,3,84.0,4623.0,3402.4
1,max_power_bank_offset,47,3,84.0,4623.0,3404.8
1,max_power_bank_offset,48,3,84.0,4622.0,3407.6
1,max_power_bank_offset,49,3,84.0,4623.0,3408.8
1,max_power_bank_offset,50,3,84.0,4621.0,3408.4
1,max_power_bank_offset,51,3,84.0,4619.0,3410.4
1,max_power_bank_offset,52,3,84.0,4618.0,3409.6
1,max_power_bank_offset,53,3,84.0,4617.0,3410.0
1,max_power_bank_offset,54,3,84.0,4615.0,3412.4
1,max_power_bank_offset,55,3,84.0,4615.0,3410.4
1,max_power_bank_offset,56,3,84.0,4618.0,3410.0
1,max_power_bank_offset,57,3,84.0,4618.0,3410.0
1,max_power_bank_offset,58,3,84.0,4618.0,3410.4
1,max_power_bank_offset,59,3,84.0,4618.0,3410.8
1,max_power_bank_offset,60,3,84.0,4617.0,3411.2
1,max_power_bank_offset,61,3,84.0,4617.0,3411.6
1,max_power_bank_offset,62,3,84.0,4617.0,3411.2
1,max_power_bank_offset,63,3,84.0,4618.0,3410.0
1,max_power_bank_offset,64,3,84.0,4618.0,3409.6
1,max_power_bank_offset,65,3,84.0,4618.0,3409.6
1,max_power_bank_offset,66,3,84.0,4618.0,3409.6
1,max_power_bank_offset,67,3,84.0,4618.0,3410.4
1,max_power_bank_offset,68,3,84.0,4618.0,3409.6
1,max_power_bank_offset,69,3,84.0,4619.0,3409.6
1,max_power_bank_offset,70,3,84.0,4618.0,3409.2
1,max_power_bank_offset,71,3,84.0,4618.0,3410.4
1,max_power_bank_offset,72,3,84.0,4618.0,3410.8
1,max_power_bank_offset,73,3,84.0,4619.0,3410.4
1,max_power_bank_offset,74,3,84.0,4619.0,3410.4
1,max_power_bank_offset,75,3,84.0,4619.0,3410.4
1,max_power_bank_offset,76,3,84.0,4620.0,3410.0
1,max_power_bank_offset,77,3,84.0,4620.0,3410.4
1,max_power_bank_offset,78,3,84.0,4620.0,3410.4
1,max_power_bank_offset,79,3,84.0,4620.0,3410.4
1,max_power_bank_offset,80,3,84.0,4630.0,3401.6
1,max_power_bank_offset,81,3,84.0,4614.0,3413.2
1,max_power_bank_offset,82,3,84.0,4610.0,3415.2
1,max_power_bank_offset,83,3,84.0,4620.0,3412.8
1,max_power_bank_offset,84,3,84.0,4624.0,3409.6
1,max_power_bank_offset,85,3,84.0,4623.0,3407.2
1,max_power_bank_offset,86,3,84.0,4627.0,3406.8
1,max_power_bank_offset,87,3,84.0,4628.0,3407.6
1,max_power_bank_offset,88,3,84.0,4625.0,3408.0
1,max_power_bank_offset,89,3,84.0,4623.0,3408.4
1,max_power_bank_offset,90,3,84.0,4621.0,3410.4
2,max_power_bank_offset,0,0,62.0,962.0,3326.4
2,max_power_bank_offset,1,0,71.0,4040.0,2946.0
2,max_power_bank_offset,2,0,71.0,4215.0,3155.2
2,max_power_bank_offset,3,0,71.0,4268.0,3224.0
2,max_power_bank_offset,4,0,71.0,4287.0,3274.4
2,max_power_bank_offset,5,0,71.0,4310.0,3297.2
2,max_power_bank_offset,6,0,71.0,4318.0,3316.8
2,max_power_bank_offset,7,0,71.0,4322.0,3331.6
2,max_power_bank_offset,8,0,71.0,4333.0,3333.6
2,max_power_bank_offset,9,0,71.0,4342.0,3340.8
2,max_power_bank_offset,10,0,71.0,4345.0,3343.6
2,max_power_bank_offset,11,0,71.0,4349.0,3352.0
2,max_power_bank_offset,12,0,71.0,4358.0,3351.6
2,max_power_bank_offset,13,0,71.0,4361.0,3355.6
2,max_power_bank_offset,14,0,71.0,4362.0,3361.2
2,max_power_bank_offset,15,0,71.0,4361.0,3362.0
2,max_power_bank_offset,16,0,71.0,4361.0,3364.4
2,max_power_bank_offset,17,0,71.0,4361.0,3368.4
2,max_power_bank_offset,18,0,71.0,4364.0,3366.0
2,max_power_bank_offset,19,0,71.0,4363.0,3372.0
2,max_power_bank_offset,20,0,71.0,4364.0,3372.8
2,max_power_bank_offset,21,0,71.0,4364.0,3370.8
2,max_power_bank_offset,22,0,71.0,4366.0,3374.8
2,max_power_bank_offset,23,0,71.0,4367.0,3374.4
2,max_power_bank_offset,24,0,71.0,4369.0,3372.8
2,max_power_bank_offset,25,0,71.0,4370.0,3372.4
2,max_power_bank_offset,26,0,71.0,4371.0,3377.2
2,max_power_bank_offset,27,0,71.0,4371.0,3377.2
2,max_power_bank_offset,28,0,71.0,4372.0,3381.2
2,max_power_bank_offset,29,0,71.0,4373.0,3380.8
2,max_power_bank_offset,30,0,72.0,4374.0,3379.2
2,max_power_bank_offset,31,0,71.0,4374.0,3379.2
2,max_power_bank_offset,32,0,71.0,4375.0,3378.4
2,max_power_bank_offset,33,0,71.0,4376.0,3382.8
2,max_power_bank_offset,34,0,72.0,4376.0,3382.4
2,max_power_bank_offset,35,0,71.0,4377.0,3382.0
2,max_power_bank_offset,36,0,72.0,4378.0,3381.6
2,max_power_bank_offset,37,0,72.0,4378.0,3381.6
2,max_power_bank_offset,38,0,72.0,4378.0,3381.2
2,max_power_bank_offset,39,0,72.0,4379.0,3385.2
2,max_power_bank_offset,40,0,72.0,4350.0,3416.0
2,max_power_bank_offset,41,0,71.0,4355.0,3422.4
2,max_power_bank_offset,42,0,72.0,4360.0,3424.4
2,max_power_bank_offset,43,0,72.0,4353.0,3430.4
2,max_power_bank_offset,44,0,72.0,4361.0,3422.8
2,max_power_bank_offset,45,0,72.0,4364.0,3417.2
2,max_power_bank_offset,46,0,71.0,4365.0,3418.0
2,max_power_bank_offset,47,0,72.0,4361.0,3416.0
2,max_power_bank_offset,48,0,72.0,4363.0,3417.2
2,max_power_bank_offset,49,0,72.0,4369.0,3414.0
2,max_power_bank_offset,50,0,72.0,4370.0,3412.4
2,max_power_bank_offset,51,0,72.0,4372.0,3410.4
2,max_power_bank_offset,52,0,72.0,4374.0,3408.4
2,max_power_bank_offset,53,0,72.0,4376.0,3412.4
2,max_power_bank_offset,54,0,72.0,4375.0,3413.2
2,max_power_bank_offset,55,0,72.0,4376.0,3413.6
2,max_power_bank_offset,56,0,72.0,4377.0,3414.4
2,max_power_bank_offset,57,0,72.0,4377.0,3415.2
2,max_power_bank_offset,58,0,72.0,4379.0,3415.2
2,max_power_bank_offset,59,0,72.0,4379.0,3413.2
2,max_power_bank_offset,60,0,72.0,4377.0,3414.0
2,max_power_bank_offset,61,0,72.0,4378.0,3412.4
2,max_power_bank_offset,62,0,72.0,4380.0,3410.4
2,max_power_bank_offset,63,0,72.0,4379.0,3410.0
2,max_power_bank_offset,64,0,72.0,4380.0,3408.0
2,max_power_bank_offset,65,0,72.0,4380.0,3408.4
2,max_power_bank_offset,66,0,72.0,4380.0,3408.4
2,max_power_bank_offset,67,0,72.0,4380.0,3408.0
2,max_power_bank_offset,68,0,72.0,4379.0,3409.6
2,max_power_bank_offset,69,0,72.0,4379.0,3408.4
2,max_power_bank_offset,70,0,72.0,4380.0,3407.6
2,max_power_bank_offset,71,0,72.0,4382.0,3406.4
2,max_power_bank_offset,72,0,72.0,4382.0,3404.8
2,max_power_bank_offset,73,0,72.0,4382.0,3404.0
2,max_power_bank_offset,74,0,72.0,4383.0,3403.2
2,max_power_bank_offset,75,0,72.0,4382.0,3403.2
2,max_power_bank_offset,76,0,72.0,4383.0,3403.2
2,max_power_bank_offset,77,0,72.0,4383.0,3402.4
2,max_power_bank_offset,78,0,72.0,4383.0,3406.8
2,max_power_bank_offset,79,0,72.0,4384.0,3406.4
2,max_power_bank_offset,80,0,72.0,4359.0,3413.6
2,max_power_bank_offset,81,0,72.0,4355.0,3414.0
2,max_power_bank_offset,82,0,72.0,4376.0,3395.2
2,max_power_bank_offset,83,0,72.0,4374.0,3399.2
2,max_power_bank_offset,84,0,72.0,4383.0,3397.2
2,max_power_bank_offset,85,0,72.0,4383.0,3396.8
2,max_power_bank_offset,86,0,72.0,4385.0,3396.0
2,max_power_bank_offset,87,0,72.0,4387.0,3395.2
2,max_power_bank_offset,88,0,72.0,4387.0,3394.4
2,max_power_bank_offset,89,0,72.0,4386.0,3398.0
2,max_power_bank_offset,90,0,72.0,4388.0,3397.6
2,max_power_bank_offset,0,1,63.0,937.0,3322.8
2,max_power_bank_offset,1,1,71.0,4330.0,2720.4
2,max_power_bank_offset,2,1,72.0,4345.0,3044.4
2,max_power_bank_offset,3,1,72.0,4375.0,3135.2
2,max_power_bank_offset,4,1,72.0,4379.0,3199.6
2,max_power_bank_offset,5,1,72.0,4367.0,3251.2
2,max_power_bank_offset,6,1,72.0,4367.0,3277.6
2,max_power_bank_offset,7,1,72.0,4362.0,3297.2
2,max_power_bank_offset,8,1,72.0,4365.0,3309.2
2,max_power_bank_offset,9,1,72.0,4364.0,3322.0
2,max_power_bank_offset,10,1,72.0,4370.0,3327.6
2,max_power_bank_offset,11,1,72.0,4369.0,3333.2
2,max_power_bank_offset,12,1,72.0,4370.0,3334.4
2,max_power_bank_offset,13,1,72.0,4370.0,3338.8
2,max_power_bank_offset,14,1,72.0,4371.0,3342.0
2,max_power_bank_offset,15,1,72.0,4372.0,3344.4
2,max_power_bank_offset,16,1,72.0,4372.0,3344.4
2,max_power_bank_offset,17,1,72.0,4373.0,3347.6
2,max_power_bank_offset,18,1,72.0,4375.0,3348.0
2,max_power_bank_offset,19,1,72.0,4375.0,3352.0
2,max_power_bank_offset,20,1,72.0,4377.0,3351.2
2,max_power_bank_offset,21,1,72.0,4376.0,3351.6
2,max_power_bank_offset,22,1,72.0,4376.0,3357.2
2,max_power_bank_offset,23,1,72.0,4375.0,3356.4
2,max_power_bank_offset,24,1,72.0,4376.0,3360.4
2,max_power_bank_offset,25,1,72.0,4374.0,3360.0
2,max_power_bank_offset,26,1,72.0,4375.0,3364.4
2,max_power_bank_offset,27,1,72.0,4373.0,3364.8
2,max_power_bank_offset,28,1,72.0,4375.0,3363.6
2,max_power_bank_offset,29,1,72.0,4374.0,3364.4
2,max_power_bank_offset,30,1,72.0,4374.0,3364.4
2,max_power_bank_offset,31,1,72.0,4374.0,3364.4
2,max_power_bank_offset,32,1,72.0,4374.0,3369.6
2,max_power_bank_offset,33,1,72.0,4373.0,3370.0
2,max_power_bank_offset,34,1,72.0,4374.0,3369.2
2,max_power_bank_offset,35,1,72.0,4373.0,3369.2
2,max_power_bank_offset,36,1,72.0,4373.0,3373.6
2,max_power_bank_offset,37,1,72.0,4374.0,3372.8
2,max_power_bank_offset,38,1,72.0,4373.0,3372.4
2,max_power_bank_offset,39,1,72.0,4373.0,3372.4
2,max_power_bank_offset,40,1,72.0,4369.0,3404.8
2,max_power_bank_offset,41,1,72.0,4374.0,3390.8
2,max_power_bank_offset,42,1,72.0,4373.0,3383.6
2,max_power_bank_offset,43,1,72.0,4376.0,3388.0
2,max_power_bank_offset,44,1,72.0,4385.0,3378.4
2,max_power_bank_offset,45,1,72.0,4384.0,3379.2
2,max_power_bank_offset,46,1,72.0,4384.0,3380.8
2,max_power_bank_offset,47,1,72.0,4384.0,3385.6
2,max_power_bank_offset,48,1,72.0,4387.0,3383.6
2,max_power_bank_offset,49,1,72.0,4388.0,3383.2
2,max_power_bank_offset,50,1,72.0,4387.0,3387.2
2,max_power_bank_offset,51,1,72.0,4388.0,3385.2
2,max_power_bank_offset,52,1,72.0,4386.0,3384.8
2,max_power_bank_offset,53,1,72.0,4386.0,3386.8
2,max_power_bank_offset,54,1,72.0,4385.0,3383.2
2,max_power_bank_offset,55,1,72.0,4385.0,3382.8
2,max_power_bank_offset,56,1,72.0,4386.0,3383.6
2,max_power_bank_offset,57,1,72.0,4386.0,3386.8
2,max_power_bank_offset,58,1,72.0,4385.0,3387.2
2,max_power_bank_offset,59,1,72.0,4384.0,3386.8
2,max_power_bank_offset,60,1,72.0,4383.0,3387.6
2,max_power_bank_offset,61,1,72.0,4384.0,3387.2
2,max_power_bank_offset,62,1,72.0,4386.0,3387.2
2,max_power_bank_offset,63,1,72.0,4386.0,3387.6
2,max_power_bank_offset,64,1,72.0,4386.0,3388.0
2,max_power_bank_offset,65,1,72.0,4387.0,3387.2
2,max_power_bank_offset,66,1,72.0,4387.0,3387.6
2,max_power_bank_offset,67,1,72.0,4387.0,3386.4
2,max_power_bank_offset,68,1,73.0,4389.0,3388.8
2,max_power_bank_offset,69,1,73.0,4388.0,3389.2
2,max_power_bank_offset,70,1,73.0,4388.0,3389.6
2,max_power_bank_offset,71,1,72.0,4388.0,3389.2
2,max_power_bank_offset,72,1,73.0,4387.0,3390.0
2,max_power_bank_offset,73,1,72.0,4387.0,3389.6
2,max_power_bank_offset,74,1,72.0,4388.0,3389.2
2,max_power_bank_offset,75,1,72.0,4387.0,3388.8
2,max_power_bank_offset,76,1,72.0,4387.0,3390.0
2,max_power_bank_offset,77,1,72.0,4386.0,3390.0
2,max_power_bank_offset,78,1,72.0,4386.0,3389.2
2,max_power_bank_offset,79,1,73.0,4386.0,3389.2
2,max_power_bank_offset,80,1,72.0,4400.0,3391.6
2,max_power_bank_offset,81,1,73.0,4385.0,3390.0
2,max_power_bank_offset,82,1,72.0,4376.0,3402.8
2,max_power_bank_offset,83,1,73.0,4382.0,3398.8
2,max_power_bank_offset,84,1,73.0,4385.0,3399.6
2,max_power_bank_offset,85,1,73.0,4384.0,3400.8
2,max_power_bank_offset,86,1,73.0,4382.0,3399.6
2,max_power_bank_offset,87,1,72.0,4383.0,3401.2
2,max_power_bank_offset,88,1,73.0,4380.0,3402.4
2,max_power_bank_offset,89,1,73.0,4378.0,3404.0
2,max_power_bank_offset,90,1,73.0,4378.0,3404.0
2,max_power_bank_offset,0,2,64.0,1000.0,3304.4
2,max_power_bank_offset,1,2,72.0,3900.0,2971.2
2,max_power_bank_offset,2,2,72.0,4057.0,3159.2
2,max_power_bank_offset,3,2,72.0,4110.0,3240.0
2,max_power_bank_offset,4,2,72.0,4130.0,3281.6
2,max_power_bank_offset,5,2,72.0,4151.0,3305.6
2,max_power_bank_offset,6,2,72.0,4155.0,3322.0
2,max_power_bank_offset,7,2,72.0,4161.0,3332.4
2,max_power_bank_offset,8,2,73.0,4165.0,3345.6
2,max_power_bank_offset,9,2,72.0,4169.0,3352.4
2,max_power_bank_offset,10,2,73.0,4174.0,3353.6
2,max_power_bank_offset,11,2,72.0,4177.0,3360.0
2,max_power_bank_offset,12,2,73.0,4179.0,3362.4
2,max_power_bank_offset,13,2,72.0,4178.0,3366.0
2,max_power_bank_offset,14,2,73.0,4181.0,3365.2
2,max_power_bank_offset,15,2,72.0,4182.0,3368.4
2,max_power_bank_offset,16,2,72.0,4186.0,3370.4
2,max_power_bank_offset,17,2,73.0,4187.0,3372.0
2,max_power_bank_offset,18,2,73.0,4188.0,3376.4
2,max_power_bank_offset,19,2,73.0,4188.0,3376.4
2,max_power_bank_offset,20,2,72.0,4189.0,3375.6
2,max_power_bank_offset,21,2,73.0,4189.0,3379.2
2,max_power_bank_offset,22,2,73.0,4190.0,3378.8
2,max_power_bank_offset,23,2,72.0,4192.0,3377.6
2,max_power_bank_offset,24,2,73.0,4191.0,3382.8
2,max_power_bank_offset,25,2,72.0,4193.0,3382.0
2,max_power_bank_offset,26,2,73.0,4192.0,3382.4
2,max_power_bank_offset,27,2,73.0,4192.0,3382.8
2,max_power_bank_offset,28,2,73.0,4191.0,3383.2
2,max_power_bank_offset,29,2,73.0,4193.0,3386.8
2,max_power_bank_offset,30,2,73.0,4193.0,3386.0
2,max_power_bank_offset,31,2,73.0,4194.0,3385.2
2,max_power_bank_offset,32,2,73.0,4193.0,3384.4
2,max_power_bank_offset,33,2,73.0,4193.0,3384.0
2,max_power_bank_offset,34,2,73.0,4192.0,3384.4
2,max_power_bank_offset,35,2,73.0,4192.0,3384.8
2,max_power_bank_offset,36,2,73.0,4191.0,3390.0
2,max_power_bank_offset,37,2,73.0,4192.0,3389.2
2,max_power_bank_offset,38,2,73.0,4192.0,3389.2
2,max_power_bank_offset,39,2,73.0,4194.0,3388.8
2,max_power_bank_offset,40,2,73.0,4210.0,3387.2
2,max_power_bank_offset,41,2,73.0,4219.0,3383.6
2,max_power_bank_offset,42,2,73.0,4217.0,3390.0
2,max_power_bank_offset,43,2,73.0,4217.0,3390.4
2,max_power_bank_offset,44,2,73.0,4216.0,3385.2
2,max_power_bank_offset,45,2,73.0,4216.0,3388.4
2,max_power_bank_offset,46,2,73.0,4217.0,3387.2
2,max_power_bank_offset,47,2,73.0,4214.0,3388.4
2,max_power_bank_offset,48,2,73.0,4213.0,3388.4
2,max_power_bank_offset,49,2,73.0,4216.0,3387.2
2,max_power_bank_offset,50,2,73.0,4213.0,3388.4
2,max_power_bank_offset,51,2,73.0,4211.0,3389.6
2,max_power_bank_offset,52,2,73.0,4211.0,3390.4
2,max_power_bank_offset,53,2,73.0,4208.0,3391.2
2,max_power_bank_offset,54,2,73.0,4208.0,3390.8
2,max_power_bank_offset,55,2,73.0,4210.0,3389.2
2,max_power_bank_offset,56,2,73.0,4210.0,3388.4
2,max_power_bank_offset,57,2,73.0,4208.0,3388.8
2,max_power_bank_offset,58,2,73.0,4208.0,3387.2
2,max_power_bank_offset,59,2,73.0,4209.0,3386.8
2,max_power_bank_offset,60,2,73.0,4208.0,3386.4
2,max_power_bank_offset,61,2,73.0,4209.0,3386.4
2,max_power_bank_offset,62,2,73.0,4208.0,3386.0
2,max_power_bank_offset,63,2,73.0,4210.0,3386.0
2,max_power_bank_offset,64,2,73.0,4210.0,3385.6
2,max_power_bank_offset,65,2,73.0,4209.0,3386.0
2,max_power_bank_offset,66,2,73.0,4208.0,3386.0
2,max_power_bank_offset,67,2,73.0,4209.0,3385.2
2,max_power_bank_offset,68,2,73.0,4210.0,3384.4
2,max_power_bank_offset,69,2,73.0,4210.0,3384.4
2,max_power_bank_offset,70,2,73.0,4209.0,3384.4
2,max_power_bank_offset,71,2,73.0,4209.0,3384.8
2,max_power_bank_offset,72,2,73.0,4209.0,3385.2
2,max_power_bank_offset,73,2,73.0,4209.0,3385.2
2,max_power_bank_offset,74,2,73.0,4209.0,3385.2
2,max_power_bank_offset,75,2,73.0,4209.0,3385.2
2,max_power_bank_offset,76,2,73.0,4209.0,3385.2
2,max_power_bank_offset,77,2,73.0,4209.0,3385.6
2,max_power_bank_offset,78,2,73.0,4209.0,3384.8
2,max_power_bank_offset,79,2,73.0,4209.0,3385.6
2,max_power_bank_offset,80,2,73.0,4220.0,3387.2
2,max_power_bank_offset,81,2,73.0,4209.0,3378.0
2,max_power_bank_offset,82,2,73.0,4217.0,3377.2
2,max_power_bank_offset,83,2,73.0,4212.0,3382.4
2,max_power_bank_offset,84,2,73.0,4216.0,3378.4
2,max_power_bank_offset,85,2,73.0,4218.0,3377.2
2,max_power_bank_offset,86,2,73.0,4217.0,3380.4
2,max_power_bank_offset,87,2,73.0,4214.0,3379.2
2,max_power_bank_offset,88,2,73.0,4212.0,3385.2
2,max_power_bank_offset,89,2,73.0,4212.0,3385.2
2,max_power_bank_offset,90,2,73.0,4211.0,3390.8
2,max_power_bank_offset,0,3,64.0,900.0,3300.8
2,max_power_bank_offset,1,3,72.0,3860.0,2962.8
2,max_power_bank_offset,2,3,73.0,4040.0,3178.0
2,max_power_bank_offset,3,3,73.0,4089.0,3248.0
2,max_power_bank_offset,4,3,73.0,4110.0,3290.8
2,max_power_bank_offset,5,3,73.0,4126.0,3306.8
2,max_power_bank_offset,6,3,73.0,4138.0,3325.6
2,max_power_bank_offset,7,3,73.0,4144.0,3338.4
2,max_power_bank_offset,8,3,73.0,4150.0,3340.4
2,max_power_bank_offset,9,3,73.0,4154.0,3350.4
2,max_power_bank_offset,10,3,73.0,4157.0,3356.8
2,max_power_bank_offset,11,3,73.0,4159.0,3360.8
2,max_power_bank_offset,12,3,73.0,4161.0,3364.0
2,max_power_bank_offset,13,3,73.0,4162.0,3362.8
2,max_power_bank_offset,14,3,73.0,4164.0,3366.8
2,max_power_bank_offset,15,3,73.0,4167.0,3367.6
2,max_power_bank_offset,16,3,73.0,4167.0,3371.2
2,max_power_bank_offset,17,3,73.0,4168.0,3376.0
2,max_power_bank_offset,18,3,73.0,4171.0,3374.8
2,max_power_bank_offset,19,3,73.0,4174.0,3378.0
2,max_power_bank_offset,20,3,73.0,4175.0,3376.0
2,max_power_bank_offset,21,3,73.0,4178.0,3378.8
2,max_power_bank_offset,22,3,73.0,4181.0,3377.2
2,max_power_bank_offset,23,3,73.0,4181.0,3382.8
2,max_power_bank_offset,24,3,73.0,4182.0,3380.8
2,max_power_bank_offset,25,3,73.0,4181.0,3382.4
2,max_power_bank_offset,26,3,73.0,4180.0,3382.0
2,max_power_bank_offset,27,3,73.0,4180.0,3382.8
2,max_power_bank_offset,28,3,73.0,4181.0,3386.4
2,max_power_bank_offset,29,3,73.0,4181.0,3385.2
2,max_power_bank_offset,30,3,73.0,4182.0,3384.4
2,max_power_bank_offset,31,3,73.0,4184.0,3383.2
2,max_power_bank_offset,32,3,73.0,4184.0,3388.0
2,max_power_bank_offset,33,3,73.0,4184.0,3388.0
2,max_power_bank_offset,34,3,73.0,4184.0,3386.0
2,max_power_bank_offset,35,3,73.0,4183.0,3386.4
2,max_power_bank_offset,36,3,73.0,4184.0,3386.0
2,max_power_bank_offset,37,3,73.0,4184.0,3386.8
2,max_power_bank_offset,38,3,73.0,4184.0,3386.4
2,max_power_bank_offset,39,3,73.0,4185.0,3386.4
2,max_power_bank_offset,40,3,73.0,4190.0,3385.6
2,max_power_bank_offset,41,3,73.0,4195.0,3388.0
2,max_power_bank_offset,42,3,73.0,4200.0,3393.2
2,max_power_bank_offset,43,3,73.0,4200.0,3396.4
2,max_power_bank_offset,44,3,73.0,4195.0,3400.0
2,max_power_bank_offset,45,3,73.0,4194.0,3398.4
2,max_power_bank_offset,46,3,73.0,4197.0,3394.8
2,max_power_bank_offset,47,3,73.0,4196.0,3396.0
2,max_power_bank_offset,48,3,73.0,4197.0,3397.2
2,max_power_bank_offset,49,3,73.0,4196.0,3392.8
2,max_power_bank_offset,50,3,73.0,4197.0,3391.6
2,max_power_bank_offset,51,3,73.0,4196.0,3391.6
2,max_power_bank_offset,52,3,73.0,4196.0,3394.8
2,max_power_bank_offset,53,3,73.0,4197.0,3393.6
2,max_power_bank_offset,54,3,73.0,4199.0,3392.4
2,max_power_bank_offset,55,3,73.0,4199.0,3392.8
2,max_power_bank_offset,56,3,73.0,4198.0,3392.8
2,max_power_bank_offset,57,3,73.0,4198.0,3393.2
2,max_power_bank_offset,58,3,73.0,4198.0,3393.6
2,max_power_bank_offset,59,3,73.0,4197.0,3392.8
2,max_power_bank_offset,60,3,73.0,4198.0,3396.8
2,max_power_bank_offset,61,3,73.0,4198.0,3395.6
2,max_power_bank_offset,62,3,73.0,4197.0,3395.6
2,max_power_bank_offset,63,3,73.0,4196.0,3396.4
2,max_power_bank_offset,64,3,73.0,4197.0,3396.0
2,max_power_bank_offset,65,3,73.0,4197.0,3395.6
2,max_power_bank_offset,66,3,73.0,4197.0,3395.6
2,max_power_bank_offset,67,3,73.0,4197.0,3395.6
2,max_power_bank_offset,68,3,73.0,4197.0,3395.6
2,max_power_bank_offset,69,3,73.0,4198.0,3394.8
2,max_power_bank_offset,70,3,73.0,4199.0,3395.2
2,max_power_bank_offset,71,3,73.0,4199.0,3394.0
2,max_power_bank_offset,72,3,73.0,4198.0,3394.4
2,max_power_bank_offset,73,3,73.0,4197.0,3394.8
2,max_power_bank_offset,74,3,73.0,4199.0,3393.2
2,max_power_bank_offset,75,3,73.0,4199.0,3392.4
2,max_power_bank_offset,76,3,73.0,4199.0,3392.4
2,max_power_bank_offset,77,3,73.0,4198.0,3392.4
2,max_power_bank_offset,78,3,73.0,4199.0,3391.2
2,max_power_bank_offset,79,3,73.0,4199.0,3392.0
2,max_power_bank_offset,80,3,73.0,4180.0,3393.6
2,max_power_bank_offset,81,3,73.0,4195.0,3388.4
2,max_power_bank_offset,82,3,73.0,4213.0,3378.4
2,max_power_bank_offset,83,3,73.0,4210.0,3378.8
2,max_power_bank_offset,84,3,73.0,4204.0,3379.2
2,max_power_bank_offset,85,3,73.0,4203.0,3375.6
2,max_power_bank_offset,86,3,73.0,4204.0,3376.4
2,max_power_bank_offset,87,3,73.0,4202.0,3377.6
2,max_power_bank_offset,88,3,73.0,4203.0,3377.6
2,max_power_bank_offset,89,3,73.0,4203.0,3377.6
2,max_power_bank_offset,90,3,73.0,4201.0,3378.8
3,max_power_bank_offset,0,0,66.0,975.0,3352.4
3,max_power_bank_offset,1,0,74.0,4020.0,2966.0
3,max_power_bank_offset,2,0,74.0,4190.0,3192.4
3,max_power_bank_offset,3,0,74.0,4262.0,3254.0
3,max_power_bank_offset,4,0,74.0,4305.0,3286.4
3,max_power_bank_offset,5,0,74.0,4320.0,3315.2
3,max_power_bank_offset,6,0,74.0,4332.0,3337.6
3,max_power_bank_offset,7,0,74.0,4338.0,3343.6
3,max_power_bank_offset,8,0,74.0,4352.0,3349.6
3,max_power_bank_offset,9,0,74.0,4360.0,3356.0
3,max_power_bank_offset,10,0,74.0,4362.0,3362.8
3,max_power_bank_offset,11,0,74.0,4370.0,3369.6
3,max_power_bank_offset,12,0,74.0,4375.0,3370.4
3,max_power_bank_offset,13,0,74.0,4374.0,3373.2
3,max_power_bank_offset,14,0,74.0,4377.0,3372.8
3,max_power_bank_offset,15,0,74.0,4381.0,3374.8
3,max_power_bank_offset,16,0,74.0,4383.0,3374.0
3,max_power_bank_offset,17,0,74.0,4385.0,3377.6
3,max_power_bank_offset,18,0,75.0,4386.0,3380.4
3,max_power_bank_offset,19,0,74.0,4386.0,3380.0
3,max_power_bank_offset,20,0,74.0,4388.0,3382.4
3,max_power_bank_offset,21,0,74.0,4390.0,3386.4
3,max_power_bank_offset,22,0,74.0,4392.0,3384.8
3,max_power_bank_offset,23,0,75.0,4393.0,3384.8
3,max_power_bank_offset,24,0,75.0,4395.0,3388.0
3,max_power_bank_offset,25,0,75.0,4397.0,3386.4
3,max_power_bank_offset,26,0,74.0,4398.0,3387.2
3,max_power_bank_offset,27,0,74.0,4400.0,3386.0
3,max_power_bank_offset,28,0,75.0,4400.0,3382.0
3,max_power_bank_offset,29,0,75.0,4402.0,3380.4
3,max_power_bank_offset,30,0,74.0,4404.0,3384.0
3,max_power_bank_offset,31,0,74.0,4406.0,3382.8
3,max_power_bank_offset,32,0,75.0,4406.0,3381.6
3,max_power_bank_offset,33,0,74.0,4407.0,3381.2
3,max_power_bank_offset,34,0,74.0,4408.0,3385.6
3,max_power_bank_offset,35,0,74.0,4408.0,3384.4
3,max_power_bank_offset,36,0,75.0,4408.0,3384.0
3,max_power_bank_offset,37,0,75.0,4409.0,3384.0
3,max_power_bank_offset,38,0,74.0,4410.0,3383.2
3,max_power_bank_offset,39,0,74.0,4410.0,3383.2
3,max_power_bank_offset,40,0,75.0,4430.0,3383.2
3,max_power_bank_offset,41,0,74.0,4430.0,3389.6
3,max_power_bank_offset,42,0,75.0,4434.0,3383.6
3,max_power_bank_offset,43,0,75.0,4433.0,3384.0
3,max_power_bank_offset,44,0,75.0,4430.0,3388.8
3,max_power_bank_offset,45,0,75.0,4428.0,3389.6
3,max_power_bank_offset,46,0,75.0,4424.0,3390.0
3,max_power_bank_offset,47,0,75.0,4425.0,3388.8
3,max_power_bank_offset,48,0,75.0,4422.0,3393.6
3,max_power_bank_offset,49,0,75.0,4423.0,3394.4
3,max_power_bank_offset,50,0,75.0,4425.0,3395.6
3,max_power_bank_offset,51,0,75.0,4427.0,3394.4
3,max_power_bank_offset,52,0,74.0,4428.0,3391.6
3,max_power_bank_offset,53,0,75.0,4428.0,3392.4
3,max_power_bank_offset,54,0,75.0,4425.0,3393.2
3,max_power_bank_offset,55,0,74.0,4426.0,3392.8
3,max_power_bank_offset,56,0,75.0,4424.0,3394.0
3,max_power_bank_offset,57,0,75.0,4423.0,3394.0
3,max_power_bank_offset,58,0,74.0,4422.0,3393.6
3,max_power_bank_offset,59,0,75.0,4422.0,3393.2
3,max_power_bank_offset,60,0,75.0,4421.0,3395.2
3,max_power_bank_offset,61,0,74.0,4423.0,3394.4
3,max_power_bank_offset,62,0,75.0,4421.0,3395.2
3,max_power_bank_offset,63,0,75.0,4420.0,3395.2
3,max_power_bank_offset,64,0,75.0,4419.0,3395.2
3,max_power_bank_offset,65,0,75.0,4420.0,3394.0
3,max_power_bank_offset,66,0,74.0,4420.0,3394.0
3,max_power_bank_offset,67,0,75.0,4419.0,3392.4
3,max_power_bank_offset,68,0,75.0,4419.0,3392.8
3,max_power_bank_offset,69,0,74.0,4418.0,3392.4
3,max_power_bank_offset,70,0,75.0,4419.0,3392.4
3,max_power_bank_offset,71,0,75.0,4418.0,3393.2
3,max_power_bank_offset,72,0,75.0,4420.0,3392.8
3,max_power_bank_offset,73,0,75.0,4420.0,3392.8
3,max_power_bank_offset,74,0,75.0,4421.0,3392.0
3,max_power_bank_offset,75,0,75.0,4422.0,3391.6
3,max_power_bank_offset,76,0,75.0,4422.0,3391.2
3,max_power_bank_offset,77,0,75.0,4422.0,3391.2
3,max_power_bank_offset,78,0,75.0,4422.0,3390.8
3,max_power_bank_offset,79,0,75.0,4422.0,3390.8
3,max_power_bank_offset,80,0,75.0,4400.0,3401.2
3,max_power_bank_offset,81,0,75.0,4405.0,3399.6
3,max_power_bank_offset,82,0,75.0,4406.0,3400.0
3,max_power_bank_offset,83,0,75.0,4407.0,3399.6
3,max_power_bank_offset,84,0,75.0,4410.0,3402.4
3,max_power_bank_offset,85,0,75.0,4413.0,3398.4
3,max_power_bank_offset,86,0,75.0,4418.0,3392.0
3,max_power_bank_offset,87,0,75.0,4419.0,3387.6
3,max_power_bank_offset,88,0,75.0,4422.0,3387.2
3,max_power_bank_offset,89,0,75.0,4425.0,3384.0
3,max_power_bank_offset,90,0,75.0,4427.0,3382.4
3,max_power_bank_offset,0,1,66.0,937.0,3349.2
3,max_power_bank_offset,1,1,74.0,4040.0,3001.2
3,max_power_bank_offset,2,1,75.0,4205.0,3198.4
3,max_power_bank_offset,3,1,75.0,4300.0,3255.2
3,max_power_bank_offset,4,1,75.0,4328.0,3286.8
3,max_power_bank_offset,5,1,75.0,4342.0,3308.8
3,max_power_bank_offset,6,1,75.0,4357.0,3315.6
3,max_power_bank_offset,7,1,75.0,4369.0,3326.0
3,max_power_bank_offset,8,1,75.0,4373.0,3329.2
3,max_power_bank_offset,9,1,75.0,4381.0,3332.8
3,max_power_bank_offset,10,1,75.0,4384.0,3341.2
3,max_power_bank_offset,11,1,75.0,4387.0,3345.2
3,max_power_bank_offset,12,1,75.0,4389.0,3350.8
3,max_power_bank_offset,13,1,75.0,4394.0,3351.6
3,max_power_bank_offset,14,1,75.0,4394.0,3356.8
3,max_power_bank_offset,15,1,75.0,4396.0,3354.8
3,max_power_bank_offset,16,1,75.0,4399.0,3359.2
3,max_power_bank_offset,17,1,75.0,4402.0,3362.4
3,max_power_bank_offset,18,1,75.0,4402.0,3361.6
3,max_power_bank_offset,19,1,75.0,4402.0,3360.4
3,max_power_bank_offset,20,1,75.0,4404.0,3363.6
3,max_power_bank_offset,21,1,75.0,4402.0,3364.0
3,max_power_bank_offset,22,1,75.0,4403.0,3364.4
3,max_power_bank_offset,23,1,75.0,4404.0,3369.6
3,max_power_bank_offset,24,1,75.0,4403.0,3370.8
3,max_power_bank_offset,25,1,75.0,4402.0,3371.6
3,max_power_bank_offset,26,1,75.0,4403.0,3370.0
3,max_power_bank_offset,27,1,75.0,4405.0,3372.4
3,max_power_bank_offset,28,1,75.0,4405.0,3372.8
3,max_power_bank_offset,29,1,75.0,4405.0,3372.4
3,max_power_bank_offset,30,1,75.0,4406.0,3371.2
3,max_power_bank_offset,31,1,75.0,4407.0,3370.8
3,max_power_bank_offset,32,1,75.0,4407.0,3376.0
3,max_power_bank_offset,33,1,75.0,4406.0,3376.8
3,max_power_bank_offset,34,1,75.0,4406.0,3376.4
3,max_power_bank_offset,35,1,75.0,4407.0,3376.8
3,max_power_bank_offset,36,1,75.0,4407.0,3376.8
3,max_power_bank_offset,37,1,75.0,4407.0,3376.8
3,max_power_bank_offset,38,1,75.0,4407.0,3381.2
3,max_power_bank_offset,39,1,75.0,4408.0,3380.8
3,max_power_bank_offset,40,1,75.0,4390.0,3412.8
3,max_power_bank_offset,41,1,75.0,4400.0,3406.4
3,max_power_bank_offset,42,1,75.0,4410.0,3393.6
3,max_power_bank_offset,43,1,75.0,4423.0,3386.8
3,max_power_bank_offset,44,1,75.0,4424.0,3384.4
3,max_power_bank_offset,45,1,75.0,4425.0,3384.4
3,max_power_bank_offset,46,1,75.0,4423.0,3383.2
3,max_power_bank_offset,47,1,75.0,4425.0,3380.0
3,max_power_bank_offset,48,1,75.0,4423.0,3382.0
3,max_power_bank_offset,49,1,75.0,4420.0,3387.2
3,max_power_bank_offset,50,1,75.0,4421.0,3386.4
3,max_power_bank_offset,51,1,75.0,4423.0,3388.8
3,max_power_bank_offset,52,1,75.0,4421.0,3387.6
3,max_power_bank_offset,53,1,75.0,4418.0,3390.0
3,max_power_bank_offset,54,1,75.0,4419.0,3389.2
3,max_power_bank_offset,55,1,75.0,4422.0,3388.4
3,max_power_bank_offset,56,1,75.0,4423.0,3388.4
3,max_power_bank_offset,57,1,75.0,4421.0,3389.6
3,max_power_bank_offset,58,1,75.0,4419.0,3391.2
3,max_power_bank_offset,59,1,75.0,4420.0,3390.8
3,max_power_bank_offset,60,1,75.0,4421.0,3390.8
3,max_power_bank_offset,61,1,75.0,4421.0,3390.4
3,max_power_bank_offset,62,1,75.0,4420.0,3390.0
3,max_power_bank_offset,63,1,75.0,4420.0,3388.8
3,max_power_bank_offset,64,1,75.0,4420.0,3393.2
3,max_power_bank_offset,65,1,75.0,4420.0,3387.6
3,max_power_bank_offset,66,1,75.0,4420.0,3388.4
3,max_power_bank_offset,67,1,75.0,4421.0,3387.2
3,max_power_bank_offset,68,1,75.0,4420.0,3388.4
3,max_power_bank_offset,69,1,75.0,4418.0,3389.2
3,max_power_bank_offset,70,1,75.0,4417.0,3389.2
3,max_power_bank_offset,71,1,75.0,4418.0,3388.4
3,max_power_bank_offset,72,1,75.0,4418.0,3388.8
3,max_power_bank_offset,73,1,75.0,4420.0,3392.0
3,max_power_bank_offset,74,1,75.0,4419.0,3392.0
3,max_power_bank_offset,75,1,75.0,4418.0,3393.2
3,max_power_bank_offset,76,1,75.0,4419.0,3392.0
3,max_power_bank_offset,77,1,75.0,4419.0,3392.0
3,max_power_bank_offset,78,1,75.0,4419.0,3392.8
3,max_power_bank_offset,79,1,75.0,4419.0,3392.4
3,max_power_bank_offset,80,1,75.0,4471.0,3357.2
3,max_power_bank_offset,81,1,75.0,4460.0,3362.8
3,max_power_bank_offset,82,1,75.0,4437.0,3371.2
3,max_power_bank_offset,83,1,75.0,4435.0,3375.6
3,max_power_bank_offset,84,1,75.0,4431.0,3375.6
3,max_power_bank_offset,85,1,75.0,4432.0,3379.6
3,max_power_bank_offset,86,1,75.0,4432.0,3377.2
3,max_power_bank_offset,87,1,75.0,4435.0,3382.0
3,max_power_bank_offset,88,1,75.0,4433.0,3384.0
3,max_power_bank_offset,89,1,75.0,4437.0,3383.2
3,max_power_bank_offset,90,1,75.0,4436.0,3381.6
3,max_power_bank_offset,0,2,67.0,962.0,3321.2
3,max_power_bank_offset,1,2,74.0,3940.0,3008.0
3,max_power_bank_offset,2,2,75.0,4090.0,3209.6
3,max_power_bank_offset,3,2,75.0,4134.0,3266.8
3,max_power_bank_offset,4,2,75.0,4171.0,3288.8
3,max_power_bank_offset,5,2,75.0,4179.0,3304.0
3,max_power_bank_offset,6,2,75.0,4191.0,3318.8
3,max_power_bank_offset,7,2,75.0,4195.0,3331.2
3,max_power_bank_offset,8,2,75.0,4198.0,3340.0
3,max_power_bank_offset,9,2,75.0,4203.0,3344.4
3,max_power_bank_offset,10,2,75.0,4207.0,3345.6
3,max_power_bank_offset,11,2,75.0,4210.0,3350.0
3,max_power_bank_offset,12,2,75.0,4211.0,3348.8
3,max_power_bank_offset,13,2,75.0,4211.0,3351.2
3,max_power_bank_offset,14,2,75.0,4213.0,3354.8
3,max_power_bank_offset,15,2,75.0,4213.0,3360.0
3,max_power_bank_offset,16,2,75.0,4213.0,3363.2
3,max_power_bank_offset,17,2,75.0,4216.0,3362.0
3,max_power_bank_offset,18,2,75.0,4219.0,3359.6
3,max_power_bank_offset,19,2,75.0,4220.0,3364.4
3,max_power_bank_offset,20,2,75.0,4221.0,3364.4
3,max_power_bank_offset,21,2,75.0,4221.0,3366.0
3,max_power_bank_offset,22,2,75.0,4222.0,3364.8
3,max_power_bank_offset,23,2,75.0,4223.0,3370.0
3,max_power_bank_offset,24,2,75.0,4223.0,3368.4
3,max_power_bank_offset,25,2,75.0,4224.0,3368.4
3,max_power_bank_offset,26,2,75.0,4224.0,3368.8
3,max_power_bank_offset,27,2,75.0,4224.0,3372.8
3,max_power_bank_offset,28,2,75.0,4226.0,3372.4
3,max_power_bank_offset,29,2,75.0,4226.0,3372.0
3,max_power_bank_offset,30,2,75.0,4227.0,3370.4
3,max_power_bank_offset,31,2,75.0,4229.0,3370.0
3,max_power_bank_offset,32,2,75.0,4229.0,3369.6
3,max_power_bank_offset,33,2,75.0,4229.0,3369.6
3,max_power_bank_offset,34,2,75.0,4229.0,3375.2
3,max_power_bank_offset,35,2,75.0,4229.0,3374.4
3,max_power_bank_offset,36,2,75.0,4230.0,3374.0
3,max_power_bank_offset,37,2,75.0,4229.0,3374.4
3,max_power_bank_offset,38,2,75.0,4230.0,3374.0
3,max_power_bank_offset,39,2,75.0,4231.0,3372.8
3,max_power_bank_offset,40,2,75.0,4230.0,3417.2
3,max_power_bank_offset,41,2,75.0,4230.0,3401.2
3,max_power_bank_offset,42,2,75.0,4233.0,3392.8
3,max_power_bank_offset,43,2,75.0,4246.0,3388.8
3,max_power_bank_offset,44,2,75.0,4244.0,3388.4
3,max_power_bank_offset,45,2,75.0,4238.0,3390.4
3,max_power_bank_offset,46,2,75.0,4239.0,3388.0
3,max_power_bank_offset,47,2,75.0,4237.0,3386.0
3,max_power_bank_offset,48,2,75.0,4235.0,3390.8
3,max_power_bank_offset,49,2,75.0,4238.0,3387.2
3,max_power_bank_offset,50,2,75.0,4236.0,3387.6
3,max_power_bank_offset,51,2,75.0,4233.0,3390.0
3,max_power_bank_offset,52,2,75.0,4234.0,3388.4
3,max_power_bank_offset,53,2,75.0,4235.0,3386.4
3,max_power_bank_offset,54,2,75.0,4234.0,3386.8
3,max_power_bank_offset,55,2,75.0,4232.0,3387.6
3,max_power_bank_offset,56,2,75.0,4233.0,3381.2
3,max_power_bank_offset,57,2,75.0,4232.0,3382.0
3,max_power_bank_offset,58,2,75.0,4233.0,3386.4
3,max_power_bank_offset,59,2,75.0,4235.0,3385.2
3,max_power_bank_offset,60,2,75.0,4235.0,3384.0
3,max_power_bank_offset,61,2,75.0,4236.0,3383.2
3,max_power_bank_offset,62,2,75.0,4236.0,3383.6
3,max_power_bank_offset,63,2,75.0,4237.0,3382.4
3,max_power_bank_offset,64,2,75.0,4237.0,3381.2
3,max_power_bank_offset,65,2,75.0,4236.0,3381.2
3,max_power_bank_offset,66,2,75.0,4236.0,3382.0
3,max_power_bank_offset,67,2,75.0,4235.0,3380.8
3,max_power_bank_offset,68,2,75.0,4235.0,3380.8
3,max_power_bank_offset,69,2,75.0,4236.0,3380.8
3,max_power_bank_offset,70,2,75.0,4236.0,3379.6
3,max_power_bank_offset,71,2,75.0,4237.0,3379.6
3,max_power_bank_offset,72,2,75.0,4237.0,3378.8
3,max_power_bank_offset,73,2,75.0,4236.0,3379.2
3,max_power_bank_offset,74,2,75.0,4237.0,3378.8
3,max_power_bank_offset,75,2,75.0,4236.0,3379.6
3,max_power_bank_offset,76,2,75.0,4236.0,3379.6
3,max_power_bank_offset,77,2,75.0,4237.0,3378.8
3,max_power_bank_offset,78,2,75.0,4237.0,3379.2
3,max_power_bank_offset,79,2,75.0,4237.0,3379.2
3,max_power_bank_offset,80,2,75.0,4290.0,3384.0
3,max_power_bank_offset,81,2,75.0,4285.0,3386.4
3,max_power_bank_offset,82,2,75.0,4272.0,3384.8
3,max_power_bank_offset,83,2,75.0,4258.0,3402.0
3,max_power_bank_offset,84,2,75.0,4259.0,3400.4
3,max_power_bank_offset,85,2,75.0,4262.0,3391.6
3,max_power_bank_offset,86,2,75.0,4257.0,3389.2
3,max_power_bank_offset,87,2,75.0,4257.0,3389.6
3,max_power_bank_offset,88,2,75.0,4253.0,3386.4
3,max_power_bank_offset,89,2,75.0,4253.0,3387.6
3,max_power_bank_offset,90,2,75.0,4252.0,3388.4
3,max_power_bank_offset,0,3,67.0,987.0,3325.6
3,max_power_bank_offset,1,3,74.0,4240.0,2735.6
3,max_power_bank_offset,2,3,75.0,4255.0,3048.4
3,max_power_bank_offset,3,3,75.0,4244.0,3151.6
3,max_power_bank_offset,4,3,75.0,4246.0,3210.8
3,max_power_bank_offset,5,3,75.0,4234.0,3246.8
3,max_power_bank_offset,6,3,75.0,4228.0,3273.6
3,max_power_bank_offset,7,3,75.0,4228.0,3286.8
3,max_power_bank_offset,8,3,75.0,4234.0,3295.2
3,max_power_bank_offset,9,3,75.0,4232.0,3306.0
3,max_power_bank_offset,10,3,75.0,4232.0,3313.2
3,max_power_bank_offset,11,3,75.0,4234.0,3314.8
3,max_power_bank_offset,12,3,75.0,4231.0,3319.2
3,max_power_bank_offset,13,3,75.0,4232.0,3322.4
3,max_power_bank_offset,14,3,75.0,4228.0,3328.4
3,max_power_bank_offset,15,3,75.0,4228.0,3329.6
3,max_power_bank_offset,16,3,75.0,4229.0,3335.6
3,max_power_bank_offset,17,3,75.0,4229.0,3335.2
3,max_power_bank_offset,18,3,75.0,4229.0,3340.8
3,max_power_bank_offset,19,3,75.0,4230.0,3340.4
3,max_power_bank_offset,20,3,75.0,4230.0,3346.0
3,max_power_bank_offset,21,3,75.0,4230.0,3344.4
3,max_power_bank_offset,22,3,75.0,4229.0,3350.0
3,max_power_bank_offset,23,3,75.0,4230.0,3348.4
3,max_power_bank_offset,24,3,75.0,4230.0,3353.2
3,max_power_bank_offset,25,3,75.0,4230.0,3352.4
3,max_power_bank_offset,26,3,75.0,4230.0,3352.0
3,max_power_bank_offset,27,3,75.0,4231.0,3352.0
3,max_power_bank_offset,28,3,75.0,4232.0,3351.6
3,max_power_bank_offset,29,3,75.0,4232.0,3352.0
3,max_power_bank_offset,30,3,75.0,4233.0,3356.0
3,max_power_bank_offset,31,3,75.0,4232.0,3357.2
3,max_power_bank_offset,32,3,75.0,4233.0,3357.2
3,max_power_bank_offset,33,3,75.0,4233.0,3356.0
3,max_power_bank_offset,34,3,75.0,4233.0,3356.8
3,max_power_bank_offset,35,3,75.0,4234.0,3356.4
3,max_power_bank_offset,36,3,75.0,4234.0,3356.4
3,max_power_bank_offset,37,3,75.0,4233.0,3362.0
3,max_power_bank_offset,38,3,75.0,4234.0,3361.6
3,max_power_bank_offset,39,3,75.0,4234.0,3361.6
3,max_power_bank_offset,40,3,75.0,4210.0,3407.2
3,max_power_bank_offset,41,3,75.0,4240.0,3387.2
3,max_power_bank_offset,42,3,75.0,4233.0,3392.0
3,max_power_bank_offset,43,3,75.0,4233.0,3392.0
3,max_power_bank_offset,44,3,75.0,4236.0,3386.8
3,max_power_bank_offset,45,3,75.0,4237.0,3387.2
3,max_power_bank_offset,46,3,75.0,4234.0,3392.8
3,max_power_bank_offset,47,3,75.0,4232.0,3392.8
3,max_power_bank_offset,48,3,75.0,4231.0,3393.6
3,max_power_bank_offset,49,3,75.0,4234.0,3386.8
3,max_power_bank_offset,50,3,75.0,4235.0,3384.4
3,max_power_bank_offset,51,3,75.0,4236.0,3385.2
3,max_power_bank_offset,52,3,75.0,4237.0,3384.8
3,max_power_bank_offset,53,3,75.0,4238.0,3385.6
3,max_power_bank_offset,54,3,75.0,4240.0,3382.8
3,max_power_bank_offset,55,3,75.0,4238.0,3387.6
3,max_power_bank_offset,56,3,75.0,4236.0,3388.0
3,max_power_bank_offset,57,3,75.0,4235.0,3386.4
3,max_power_bank_offset,58,3,75.0,4235.0,3385.2
3,max_power_bank_offset,59,3,75.0,4236.0,3384.4
3,max_power_bank_offset,60,3,75.0,4237.0,3383.2
3,max_power_bank_offset,61,3,75.0,4237.0,3377.6
3,max_power_bank_offset,62,3,75.0,4237.0,3378.0
3,max_power_bank_offset,63,3,75.0,4236.0,3378.8
3,max_power_bank_offset,64,3,75.0,4237.0,3378.0
3,max_power_bank_offset,65,3,75.0,4236.0,3376.8
3,max_power_bank_offset,66,3,75.0,4235.0,3381.6
3,max_power_bank_offset,67,3,75.0,4236.0,3380.4
3,max_power_bank_offset,68,3,75.0,4236.0,3380.8
3,max_power_bank_offset,69,3,75.0,4236.0,3380.4
3,max_power_bank_offset,70,3,75.0,4235.0,3380.8
3,max_power_bank_offset,71,3,75.0,4235.0,3380.8
3,max_power_bank_offset,72,3,75.0,4234.0,3381.6
3,max_power_bank_offset,73,3,75.0,4233.0,3383.2
3,max_power_bank_offset,74,3,75.0,4233.0,3383.2
3,max_power_bank_offset,75,3,75.0,4233.0,3378.0
3,max_power_bank_offset,76,3,75.0,4233.0,3383.2
3,max_power_bank_offset,77,3,75.0,4233.0,3383.6
3,max_power_bank_offset,78,3,75.0,4232.0,3384.0
3,max_power_bank_offset,79,3,75.0,4232.0,3383.2
3,max_power_bank_offset,80,3,75.0,4260.0,3371.6
3,max_power_bank_offset,81,3,75.0,4260.0,3380.4
3,max_power_bank_offset,82,3,75.0,4246.0,3392.8
3,max_power_bank_offset,83,3,75.0,4246.0,3387.2
3,max_power_bank_offset,84,3,75.0,4240.0,3387.6
3,max_power_bank_offset,85,3,75.0,4235.0,3388.4
3,max_power_bank_offset,86,3,75.0,4240.0,3386.8
3,max_power_bank_offset,87,3,75.0,4235.0,3387.6
3,max_power_bank_offset,88,3,75.0,4236.0,3388.8
3,max_power_bank_offset,89,3,75.0,4235.0,3386.4
3,max_power_bank_offset,90,3,75.0,4237.0,3384.8
4,max_power_bank_offset,0,0,72.0,1312.0,3098.4
4,max_power_bank_offset,1,0,78.0,4440.0,2700.4
4,max_power_bank_offset,2,0,79.0,4615.0,2922.0
4,max_power_bank_offset,3,0,79.0,4675.0,2985.6
4,max_power_bank_offset,4,0,79.0,4697.0,3032.0
4,max_power_bank_offset,5,0,79.0,4716.0,3054.0
4,max_power_bank_offset,6,0,79.0,4732.0,3067.2
4,max_power_bank_offset,7,0,79.0,4741.0,3075.6
4,max_power_bank_offset,8,0,79.0,4751.0,3083.2
4,max_power_bank_offset,9,0,79.0,4757.0,3089.2
4,max_power_bank_offset,10,0,79.0,4761.0,3099.2
4,max_power_bank_offset,11,0,79.0,4757.0,3109.2
4,max_power_bank_offset,12,0,79.0,4761.0,3117.6
4,max_power_bank_offset,13,0,79.0,4765.0,3118.0
4,max_power_bank_offset,14,0,79.0,4764.0,3122.8
4,max_power_bank_offset,15,0,79.0,4765.0,3125.2
4,max_power_bank_offset,16,0,79.0,4767.0,3127.6
4,max_power_bank_offset,17,0,79.0,4768.0,3132.0
4,max_power_bank_offset,18,0,79.0,4765.0,3133.6
4,max_power_bank_offset,19,0,79.0,4767.0,3136.8
4,max_power_bank_offset,20,0,79.0,4768.0,3140.4
4,max_power_bank_offset,21,0,79.0,4772.0,3137.6
4,max_power_bank_offset,22,0,79.0,4773.0,3141.6
4,max_power_bank_offset,23,0,79.0,4774.0,3140.4
4,max_power_bank_offset,24,0,79.0,4774.0,3139.6
4,max_power_bank_offset,25,0,79.0,4774.0,3144.4
4,max_power_bank_offset,26,0,79.0,4776.0,3142.4
4,max_power_bank_offset,27,0,79.0,4778.0,3141.6
4,max_power_bank_offset,28,0,79.0,4777.0,3146.4
4,max_power_bank_offset,29,0,79.0,4780.0,3144.0
4,max_power_bank_offset,30,0,79.0,4780.0,3144.0
4,max_power_bank_offset,31,0,79.0,4781.0,3144.0
4,max_power_bank_offset,32,0,79.0,4782.0,3147.2
4,max_power_bank_offset,33,0,79.0,4783.0,3146.4
4,max_power_bank_offset,34,0,79.0,4784.0,3146.0
4,max_power_bank_offset,35,0,79.0,4784.0,3146.0
4,max_power_bank_offset,36,0,79.0,4784.0,3146.4
4,max_power_bank_offset,37,0,79.0,4784.0,3150.8
4,max_power_bank_offset,38,0,79.0,4783.0,3150.4
4,max_power_bank_offset,39,0,79.0,4783.0,3150.0
4,max_power_bank_offset,40,0,79.0,4780.0,3187.2
4,max_power_bank_offset,41,0,79.0,4785.0,3166.4
4,max_power_bank_offset,42,0,79.0,4786.0,3161.6
4,max_power_bank_offset,43,0,79.0,4787.0,3160.8
4,max_power_bank_offset,44,0,79.0,4785.0,3164.8
4,max_power_bank_offset,45,0,79.0,4783.0,3164.0
4,max_power_bank_offset,46,0,79.0,4786.0,3159.2
4,max_power_bank_offset,47,0,79.0,4787.0,3158.8
4,max_power_bank_offset,48,0,79.0,4788.0,3156.8
4,max_power_bank_offset,49,0,79.0,4788.0,3161.2
4,max_power_bank_offset,50,0,79.0,4787.0,3163.2
4,max_power_bank_offset,51,0,79.0,4789.0,3161.2
4,max_power_bank_offset,52,0,79.0,4789.0,3162.4
4,max_power_bank_offset,53,0,80.0,4790.0,3161.6
4,max_power_bank_offset,54,0,80.0,4790.0,3162.8
4,max_power_bank_offset,55,0,80.0,4791.0,3160.8
4,max_power_bank_offset,56,0,79.0,4792.0,3160.0
4,max_power_bank_offset,57,0,79.0,4794.0,3158.8
4,max_power_bank_offset,58,0,80.0,4794.0,3158.8
4,max_power_bank_offset,59,0,80.0,4793.0,3158.8
4,max_power_bank_offset,60,0,79.0,4793.0,3157.6
4,max_power_bank_offset,61,0,80.0,4793.0,3157.2
4,max_power_bank_offset,62,0,80.0,4793.0,3156.8
4,max_power_bank_offset,63,0,80.0,4792.0,3155.6
4,max_power_bank_offset,64,0,79.0,4792.0,3159.2
4,max_power_bank_offset,65,0,80.0,4792.0,3158.8
4,max_power_bank_offset,66,0,80.0,4793.0,3157.6
4,max_power_bank_offset,67,0,79.0,4796.0,3156.0
4,max_power_bank_offset,68,0,79.0,4796.0,3155.2
4,max_power_bank_offset,69,0,80.0,4796.0,3160.8
4,max_power_bank_offset,70,0,79.0,4797.0,3159.6
4,max_power_bank_offset,71,0,80.0,4797.0,3158.8
4,max_power_bank_offset,72,0,80.0,4797.0,3158.8
4,max_power_bank_offset,73,0,80.0,4798.0,3157.6
4,max_power_bank_offset,74,0,80.0,4797.0,3156.8
4,max_power_bank_offset,75,0,80.0,4797.0,3156.8
4,max_power_bank_offset,76,0,80.0,4797.0,3161.6
4,max_power_bank_offset,77,0,80.0,4796.0,3161.2
4,max_power_bank_offset,78,0,80.0,4798.0,3159.6
4,max_power_bank_offset,79,0,80.0,4798.0,3159.6
4,max_power_bank_offset,80,0,80.0,4818.0,3149.6
4,max_power_bank_offset,81,0,80.0,4804.0,3154.0
4,max_power_bank_offset,82,0,80.0,4806.0,3150.0
4,max_power_bank_offset,83,0,80.0,4809.0,3148.0
4,max_power_bank_offset,84,0,80.0,4810.0,3149.6
4,max_power_bank_offset,85,0,80.0,4808.0,3148.0
4,max_power_bank_offset,86,0,80.0,4805.0,3153.2
4,max_power_bank_offset,87,0,80.0,4805.0,3154.0
4,max_power_bank_offset,88,0,80.0,4804.0,3152.8
4,max_power_bank_offset,89,0,80.0,4807.0,3151.6
4,max_power_bank_offset,90,0,80.0,4807.0,3150.0
4,max_power_bank_offset,0,1,73.0,1275.0,3126.4
4,max_power_bank_offset,1,1,79.0,4450.0,2702.8
4,max_power_bank_offset,2,1,80.0,4610.0,2925.6
4,max_power_bank_offset,3,1,79.0,4686.0,2994.4
4,max_power_bank_offset,4,1,80.0,4712.0,3036.8
4,max_power_bank_offset,5,1,80.0,4724.0,3068.8
4,max_power_bank_offset,6,1,80.0,4738.0,3084.4
4,max_power_bank_offset,7,1,80.0,4747.0,3092.0
4,max_power_bank_offset,8,1,80.0,4748.0,3100.4
4,max_power_bank_offset,9,1,80.0,4748.0,3107.2
4,max_power_bank_offset,10,1,80.0,4748.0,3114.8
4,max_power_bank_offset,11,1,80.0,4752.0,3115.2
4,max_power_bank_offset,12,1,80.0,4752.0,3118.8
4,max_power_bank_offset,13,1,80.0,4755.0,3121.2
4,max_power_bank_offset,14,1,80.0,4758.0,3124.4
4,max_power_bank_offset,15,1,80.0,4760.0,3128.8
4,max_power_bank_offset,16,1,80.0,4761.0,3128.0
4,max_power_bank_offset,17,1,80.0,4760.0,3134.0
4,max_power_bank_offset,18,1,80.0,4762.0,3133.6
4,max_power_bank_offset,19,1,80.0,4763.0,3136.4
4,max_power_bank_offset,20,1,80.0,4764.0,3135.2
4,max_power_bank_offset,21,1,80.0,4766.0,3139.6
4,max_power_bank_offset,22,1,80.0,4768.0,3138.0
4,max_power_bank_offset,23,1,80.0,4768.0,3138.0
4,max_power_bank_offset,24,1,80.0,4770.0,3136.8
4,max_power_bank_offset,25,1,80.0,4772.0,3140.8
4,max_power_bank_offset,26,1,80.0,4773.0,3140.0
4,max_power_bank_offset,27,1,80.0,4774.0,3138.8
4,max_power_bank_offset,28,1,80.0,4776.0,3138.0
4,max_power_bank_offset,29,1,80.0,4776.0,3137.6
4,max_power_bank_offset,30,1,80.0,4776.0,3141.6
4,max_power_bank_offset,31,1,80.0,4777.0,3140.8
4,max_power_bank_offset,32,1,80.0,4778.0,3139.6
4,max_power_bank_offset,33,1,80.0,4779.0,3138.4
4,max_power_bank_offset,34,1,80.0,4778.0,3138.4
4,max_power_bank_offset,35,1,80.0,4779.0,3143.2
4,max_power_bank_offset,36,1,80.0,4780.0,3142.0
4,max_power_bank_offset,37,1,80.0,4782.0,3140.8
4,max_power_bank_offset,38,1,80.0,4783.0,3140.8
4,max_power_bank_offset,39,1,80.0,4783.0,3144.4
4,max_power_bank_offset,40,1,80.0,4780.0,3185.6
4,max_power_bank_offset,41,1,80.0,4815.0,3174.0
4,max_power_bank_offset,42,1,80.0,4810.0,3174.4
4,max_power_bank_offset,43,1,80.0,4805.0,3178.0
4,max_power_bank_offset,44,1,80.0,4797.0,3183.2
4,max_power_bank_offset,45,1,80.0,4800.0,3182.0
4,max_power_bank_offset,46,1,80.0,4798.0,3182.8
4,max_power_bank_offset,47,1,80.0,4801.0,3180.8
4,max_power_bank_offset,48,1,80.0,4803.0,3179.6
4,max_power_bank_offset,49,1,80.0,4802.0,3178.8
4,max_power_bank_offset,50,1,80.0,4805.0,3178.0
4,max_power_bank_offset,51,1,80.0,4804.0,3178.8
4,max_power_bank_offset,52,1,80.0,4802.0,3178.4
4,max_power_bank_offset,53,1,80.0,4804.0,3178.0
4,max_power_bank_offset,54,1,80.0,4808.0,3174.4
4,max_power_bank_offset,55,1,80.0,4809.0,3172.8
4,max_power_bank_offset,56,1,80.0,4809.0,3173.6
4,max_power_bank_offset,57,1,80.0,4810.0,3171.6
4,max_power_bank_offset,58,1,80.0,4811.0,3170.8
4,max_power_bank_offset,59,1,80.0,4814.0,3169.6
4,max_power_bank_offset,60,1,80.0,4815.0,3168.0
4,max_power_bank_offset,61,1,80.0,4815.0,3167.2
4,max_power_bank_offset,62,1,80.0,4815.0,3167.6
4,max_power_bank_offset,63,1,80.0,4815.0,3167.2
4,max_power_bank_offset,64,1,80.0,4814.0,3166.8
4,max_power_bank_offset,65,1,80.0,4815.0,3166.4
4,max_power_bank_offset,66,1,80.0,4814.0,3166.8
4,max_power_bank_offset,67,1,80.0,4814.0,3166.0
4,max_power_bank_offset,68,1,80.0,4813.0,3166.0
4,max_power_bank_offset,69,1,80.0,4813.0,3165.6
4,max_power_bank_offset,70,1,80.0,4812.0,3165.2
4,max_power_bank_offset,71,1,80.0,4812.0,3164.4
4,max_power_bank_offset,72,1,80.0,4810.0,3165.2
4,max_power_bank_offset,73,1,80.0,4810.0,3165.2
4,max_power_bank_offset,74,1,80.0,4811.0,3164.8
4,max_power_bank_offset,75,1,80.0,4810.0,3164.4
4,max_power_bank_offset,76,1,80.0,4810.0,3163.6
4,max_power_bank_offset,77,1,80.0,4809.0,3164.4
4,max_power_bank_offset,78,1,80.0,4810.0,3163.6
4,max_power_bank_offset,79,1,80.0,4810.0,3162.0
4,max_power_bank_offset,80,1,81.0,4791.0,3148.4
4,max_power_bank_offset,81,1,80.0,4780.0,3157.2
4,max_power_bank_offset,82,1,80.0,4783.0,3154.0
4,max_power_bank_offset,83,1,81.0,4787.0,3156.8
4,max_power_bank_offset,84,1,81.0,4792.0,3157.2
4,max_power_bank_offset,85,1,81.0,4795.0,3154.4
4,max_power_bank_offset,86,1,81.0,4798.0,3152.0
4,max_power_bank_offset,87,1,80.0,4797.0,3152.8
4,max_power_bank_offset,88,1,81.0,4797.0,3154.8
4,max_power_bank_offset,89,1,80.0,4801.0,3151.6
4,max_power_bank_offset,90,1,80.0,4802.0,3148.4
4,max_power_bank_offset,0,2,73.0,1362.0,3110.8
4,max_power_bank_offset,1,2,80.0,4260.0,2783.2
4,max_power_bank_offset,2,2,80.0,4431.0,2956.0
4,max_power_bank_offset,3,2,80.0,4496.0,3033.2
4,max_power_bank_offset,4,2,80.0,4525.0,3077.6
4,max_power_bank_offset,5,2,80.0,4542.0,3094.0
4,max_power_bank_offset,6,2,80.0,4549.0,3107.6
4,max_power_bank_offset,7,2,80.0,4555.0,3117.6
4,max_power_bank_offset,8,2,80.0,4564.0,3123.6
4,max_power_bank_offset,9,2,80.0,4569.0,3123.2
4,max_power_bank_offset,10,2,80.0,4575.0,3128.8
4,max_power_bank_offset,11,2,80.0,4578.0,3131.6
4,max_power_bank_offset,12,2,80.0,4582.0,3134.4
4,max_power_bank_offset,13,2,80.0,4584.0,3137.2
4,max_power_bank_offset,14,2,80.0,4588.0,3133.6
4,max_power_bank_offset,15,2,81.0,4592.0,3136.0
4,max_power_bank_offset,16,2,80.0,4594.0,3134.0
4,max_power_bank_offset,17,2,80.0,4596.0,3136.4
4,max_power_bank_offset,18,2,80.0,4598.0,3134.4
4,max_power_bank_offset,19,2,80.0,4599.0,3138.4
4,max_power_bank_offset,20,2,80.0,4602.0,3138.4
4,max_power_bank_offset,21,2,80.0,4603.0,3138.0
4,max_power_bank_offset,22,2,80.0,4604.0,3142.8
4,max_power_bank_offset,23,2,81.0,4606.0,3140.4
4,max_power_bank_offset,24,2,81.0,4606.0,3140.4
4,max_power_bank_offset,25,2,80.0,4608.0,3139.2
4,max_power_bank_offset,26,2,81.0,4609.0,3142.4
4,max_power_bank_offset,27,2,80.0,4609.0,3141.6
4,max_power_bank_offset,28,2,80.0,4610.0,3140.8
4,max_power_bank_offset,29,2,81.0,4610.0,3140.4
4,max_power_bank_offset,30,2,80.0,4612.0,3138.8
4,max_power_bank_offset,31,2,81.0,4611.0,3138.8
4,max_power_bank_offset,32,2,80.0,4612.0,3143.6
4,max_power_bank_offset,33,2,81.0,4613.0,3142.4
4,max_power_bank_offset,34,2,80.0,4613.0,3142.0
4,max_power_bank_offset,35,2,81.0,4613.0,3141.6
4,max_power_bank_offset,36,2,81.0,4614.0,3141.2
4,max_power_bank_offset,37,2,81.0,4615.0,3141.2
4,max_power_bank_offset,38,2,81.0,4615.0,3141.2
4,max_power_bank_offset,39,2,81.0,4616.0,3140.4
4,max_power_bank_offset,40,2,80.0,4610.0,3137.2
4,max_power_bank_offset,41,2,81.0,4609.0,3155.6
4,max_power_bank_offset,42,2,81.0,4603.0,3151.6
4,max_power_bank_offset,43,2,81.0,4604.0,3162.8
4,max_power_bank_offset,44,2,81.0,4606.0,3163.2
4,max_power_bank_offset,45,2,81.0,4611.0,3161.2
4,max_power_bank_offset,46,2,81.0,4614.0,3164.8
4,max_power_bank_offset,47,2,81.0,4617.0,3162.4
4,max_power_bank_offset,48,2,81.0,4619.0,3160.4
4,max_power_bank_offset,49,2,81.0,4621.0,3158.0
4,max_power_bank_offset,50,2,81.0,4624.0,3158.4
4,max_power_bank_offset,51,2,81.0,4624.0,3161.2
4,max_power_bank_offset,52,2,81.0,4627.0,3162.0
4,max_power_bank_offset,53,2,81.0,4627.0,3162.0
4,max_power_bank_offset,54,2,81.0,4627.0,3162.0
4,max_power_bank_offset,55,2,81.0,4629.0,3161.2
4,max_power_bank_offset,56,2,81.0,4629.0,3160.8
4,max_power_bank_offset,57,2,81.0,4628.0,3158.8
4,max_power_bank_offset,58,2,81.0,4626.0,3158.8
4,max_power_bank_offset,59,2,81.0,4626.0,3160.4
4,max_power_bank_offset,60,2,81.0,4625.0,3160.4
4,max_power_bank_offset,61,2,81.0,4626.0,3160.0
4,max_power_bank_offset,62,2,81.0,4625.0,3164.8
4,max_power_bank_offset,63,2,81.0,4625.0,3164.0
4,max_power_bank_offset,64,2,81.0,4627.0,3163.6
4,max_power_bank_offset,65,2,81.0,4627.0,3164.0
4,max_power_bank_offset,66,2,81.0,4627.0,3164.4
4,max_power_bank_offset,67,2,81.0,4627.0,3164.0
4,max_power_bank_offset,68,2,81.0,4628.0,3163.2
4,max_power_bank_offset,69,2,81.0,4627.0,3162.8
4,max_power_bank_offset,70,2,81.0,4626.0,3163.2
4,max_power_bank_offset,71,2,81.0,4625.0,3163.6
4,max_power_bank_offset,72,2,81.0,4625.0,3164.0
4,max_power_bank_offset,73,2,81.0,4624.0,3164.0
4,max_power_bank_offset,74,2,81.0,4624.0,3164.0
4,max_power_bank_offset,75,2,81.0,4624.0,3163.6
4,max_power_bank_offset,76,2,81.0,4623.0,3163.6
4,max_power_bank_offset,77,2,81.0,4623.0,3163.6
4,max_power_bank_offset,78,2,81.0,4623.0,3163.6
4,max_power_bank_offset,79,2,81.0,4623.0,3163.2
4,max_power_bank_offset,80,2,81.0,4593.0,3176.8
4,max_power_bank_offset,81,2,81.0,4626.0,3158.4
4,max_power_bank_offset,82,2,81.0,4630.0,3149.2
4,max_power_bank_offset,83,2,81.0,4623.0,3149.6
4,max_power_bank_offset,84,2,81.0,4624.0,3153.2
4,max_power_bank_offset,85,2,81.0,4622.0,3155.6
4,max_power_bank_offset,86,2,81.0,4620.0,3153.2
4,max_power_bank_offset,87,2,81.0,4619.0,3151.2
4,max_power_bank_offset,88,2,81.0,4621.0,3151.6
4,max_power_bank_offset,89,2,81.0,4619.0,3155.6
4,max_power_bank_offset,90,2,81.0,4619.0,3156.0
4,max_power_bank_offset,0,3,74.0,1337.0,3128.4
4,max_power_bank_offset,1,3,80.0,4270.0,2731.2
4,max_power_bank_offset,2,3,81.0,4425.0,2948.0
4,max_power_bank_offset,3,3,81.0,4503.0,3003.2
4,max_power_bank_offset,4,3,81.0,4533.0,3042.8
4,max_power_bank_offset,5,3,81.0,4553.0,3070.0
4,max_power_bank_offset,6,3,81.0,4564.0,3086.0
4,max_power_bank_offset,7,3,81.0,4569.0,3096.0
4,max_power_bank_offset,8,3,81.0,4573.0,3105.2
4,max_power_bank_offset,9,3,81.0,4580.0,3112.0
4,max_power_bank_offset,10,3,81.0,4582.0,3115.6
4,max_power_bank_offset,11,3,81.0,4583.0,3124.8
4,max_power_bank_offset,12,3,81.0,4585.0,3126.8
4,max_power_bank_offset,13,3,81.0,4585.0,3131.2
4,max_power_bank_offset,14,3,81.0,4588.0,3127.6
4,max_power_bank_offset,15,3,81.0,4591.0,3131.2
4,max_power_bank_offset,16,3,81.0,4591.0,3134.8
4,max_power_bank_offset,17,3,81.0,4592.0,3132.8
4,max_power_bank_offset,18,3,81.0,4593.0,3136.4
4,max_power_bank_offset,19,3,81.0,4593.0,3136.4
4,max_power_bank_offset,20,3,81.0,4594.0,3135.2
4,max_power_bank_offset,21,3,81.0,4595.0,3139.2
4,max_power_bank_offset,22,3,81.0,4596.0,3138.0
4,max_power_bank_offset,23,3,81.0,4597.0,3138.0
4,max_power_bank_offset,24,3,81.0,4597.0,3143.2
4,max_power_bank_offset,25,3,81.0,4597.0,3143.2
4,max_power_bank_offset,26,3,81.0,4598.0,3142.4
4,max_power_bank_offset,27,3,81.0,4600.0,3141.2
4,max_power_bank_offset,28,3,81.0,4598.0,3141.2
4,max_power_bank_offset,29,3,81.0,4598.0,3145.6
4,max_power_bank_offset,30,3,81.0,4598.0,3145.2
4,max_power_bank_offset,31,3,81.0,4599.0,3144.0
4,max_power_bank_offset,32,3,81.0,4599.0,3142.4
4,max_power_bank_offset,33,3,81.0,4600.0,3141.6
4,max_power_bank_offset,34,3,81.0,4600.0,3141.6
4,max_power_bank_offset,35,3,81.0,4601.0,3141.2
4,max_power_bank_offset,36,3,81.0,4601.0,3145.2
4,max_power_bank_offset,37,3,81.0,4601.0,3145.2
4,max_power_bank_offset,38,3,81.0,4601.0,3144.8
4,max_power_bank_offset,39,3,81.0,4602.0,3143.6
4,max_power_bank_offset,40,3,81.0,4610.0,3164.0
4,max_power_bank_offset,41,3,81.0,4614.0,3148.8
4,max_power_bank_offset,42,3,81.0,4613.0,3151.2
4,max_power_bank_offset,43,3,81.0,4619.0,3146.8
4,max_power_bank_offset,44,3,81.0,4618.0,3149.6
4,max_power_bank_offset,45,3,81.0,4615.0,3151.6
4,max_power_bank_offset,46,3,81.0,4613.0,3154.0
4,max_power_bank_offset,47,3,81.0,4613.0,3153.2
4,max_power_bank_offset,48,3,81.0,4614.0,3158.0
4,max_power_bank_offset,49,3,81.0,4617.0,3156.0
4,max_power_bank_offset,50,3,81.0,4617.0,3153.6
4,max_power_bank_offset,51,3,81.0,4621.0,3151.6
4,max_power_bank_offset,52,3,81.0,4620.0,3152.8
4,max_power_bank_offset,53,3,81.0,4620.0,3156.0
4,max_power_bank_offset,54,3,81.0,4621.0,3156.4
4,max_power_bank_offset,55,3,81.0,4621.0,3156.8
4,max_power_bank_offset,56,3,81.0,4621.0,3161.2
4,max_power_bank_offset,57,3,81.0,4621.0,3160.8
4,max_power_bank_offset,58,3,81.0,4621.0,3160.0
4,max_power_bank_offset,59,3,81.0,4622.0,3163.2
4,max_power_bank_offset,60,3,81.0,4621.0,3162.0
4,max_power_bank_offset,61,3,81.0,4622.0,3160.8
4,max_power_bank_offset,62,3,81.0,4620.0,3161.6
4,max_power_bank_offset,63,3,81.0,4620.0,3160.4
4,max_power_bank_offset,64,3,81.0,4620.0,3164.8
4,max_power_bank_offset,65,3,81.0,4620.0,3162.8
4,max_power_bank_offset,66,3,81.0,4622.0,3161.6
4,max_power_bank_offset,67,3,81.0,4622.0,3160.4
4,max_power_bank_offset,68,3,81.0,4623.0,3159.2
4,max_power_bank_offset,69,3,81.0,4623.0,3158.8
4,max_power_bank_offset,70,3,81.0,4624.0,3158.0
4,max_power_bank_offset,71,3,81.0,4624.0,3158.0
4,max_power_bank_offset,72,3,81.0,4624.0,3162.0
4,max_power_bank_offset,73,3,81.0,4625.0,3161.2
4,max_power_bank_offset,74,3,81.0,4625.0,3161.6
4,max_power_bank_offset,75,3,81.0,4624.0,3163.2
4,max_power_bank_offset,76,3,81.0,4623.0,3164.0
4,max_power_bank_offset,77,3,81.0,4624.0,3163.2
4,max_power_bank_offset,78,3,81.0,4625.0,3161.2
4,max_power_bank_offset,79,3,81.0,4625.0,3160.4
4,max_power_bank_offset,80,3,81.0,4650.0,3156.8
4,max_power_bank_offset,81,3,81.0,4647.0,3156.4
4,max_power_bank_offset,82,3,81.0,4641.0,3154.8
4,max_power_bank_offset,83,3,81.0,4635.0,3156.4
4,max_power_bank_offset,84,3,81.0,4628.0,3159.2
4,max_power_bank_offset,85,3,81.0,4629.0,3159.6
4,max_power_bank_offset,86,3,81.0,4632.0,3156.8
4,max_power_bank_offset,87,3,81.0,4633.0,3154.4
4,max_power_bank_offset,88,3,81.0,4631.0,3154.4
4,max_power_bank_offset,89,3,81.0,4635.0,3151.6
4,max_power_bank_offset,90,3,82.0,4633.0,3152.0
5,max_power_bank_offset,0,0,78.0,1375.0,3165.2
5,max_power_bank_offset,1,0,87.0,4490.0,2750.4
5,max_power_bank_offset,2,0,87.0,4685.0,2968.4
5,max_power_bank_offset,3,0,87.0,4741.0,3043.2
5,max_power_bank_offset,4,0,87.0,4782.0,3080.4
5,max_power_bank_offset,5,0,87.0,4802.0,3107.6
5,max_power_bank_offset,6,0,87.0,4813.0,3126.0
5,max_power_bank_offset,7,0,87.0,4823.0,3141.2
5,max_power_bank_offset,8,0,88.0,4833.0,3154.8
5,max_power_bank_offset,9,0,87.0,4839.0,3161.2
5,max_power_bank_offset,10,0,87.0,4847.0,3168.4
5,max_power_bank_offset,11,0,87.0,4848.0,3171.2
5,max_power_bank_offset,12,0,87.0,4851.0,3174.4
5,max_power_bank_offset,13,0,87.0,4852.0,3177.6
5,max_power_bank_offset,14,0,87.0,4855.0,3178.4
5,max_power_bank_offset,15,0,88.0,4858.0,3181.2
5,max_power_bank_offset,16,0,87.0,4859.0,3184.8
5,max_power_bank_offset,17,0,87.0,4862.0,3182.4
5,max_power_bank_offset,18,0,87.0,4865.0,3183.6
5,max_power_bank_offset,19,0,87.0,4865.0,3183.2
5,max_power_bank_offset,20,0,87.0,4865.0,3187.6
5,max_power_bank_offset,21,0,87.0,4867.0,3186.0
5,max_power_bank_offset,22,0,87.0,4868.0,3185.2
5,max_power_bank_offset,23,0,88.0,4868.0,3188.4
5,max_power_bank_offset,24,0,87.0,4870.0,3186.8
5,max_power_bank_offset,25,0,87.0,4870.0,3186.0
5,max_power_bank_offset,26,0,87.0,4871.0,3185.2
5,max_power_bank_offset,27,0,88.0,4872.0,3189.6
5,max_power_bank_offset,28,0,87.0,4869.0,3191.2
5,max_power_bank_offset,29,0,87.0,4871.0,3189.2
5,max_power_bank_offset,30,0,88.0,4870.0,3189.6
5,max_power_bank_offset,31,0,88.0,4870.0,3188.8
5,max_power_bank_offset,32,0,88.0,4872.0,3192.8
5,max_power_bank_offset,33,0,87.0,4872.0,3192.8
5,max_power_bank_offset,34,0,88.0,4871.0,3193.2
5,max_power_bank_offset,35,0,88.0,4872.0,3192.8
5,max_power_bank_offset,36,0,88.0,4872.0,3191.6
5,max_power_bank_offset,37,0,88.0,4872.0,3191.2
5,max_power_bank_offset,38,0,87.0,4873.0,3190.4
5,max_power_bank_offset,39,0,88.0,4874.0,3190.4
5,max_power_bank_offset,40,0,88.0,4890.0,3218.8
5,max_power_bank_offset,41,0,87.0,4895.0,3209.6
5,max_power_bank_offset,42,0,88.0,4890.0,3209.6
5,max_power_bank_offset,43,0,88.0,4887.0,3210.8
5,max_power_bank_offset,44,0,88.0,4879.0,3216.8
5,max_power_bank_offset,45,0,88.0,4884.0,3212.8
5,max_power_bank_offset,46,0,88.0,4884.0,3208.4
5,max_power_bank_offset,47,0,88.0,4882.0,3211.2
5,max_power_bank_offset,48,0,88.0,4881.0,3208.8
5,max_power_bank_offset,49,0,88.0,4884.0,3207.2
5,max_power_bank_offset,50,0,88.0,4884.0,3206.0
5,max_power_bank_offset,51,0,88.0,4885.0,3207.2
5,max_power_bank_offset,52,0,88.0,4887.0,3206.8
5,max_power_bank_offset,53,0,88.0,4886.0,3208.0
5,max_power_bank_offset,54,0,88.0,4886.0,3207.2
5,max_power_bank_offset,55,0,88.0,4885.0,3205.2
5,max_power_bank_offset,56,0,87.0,4885.0,3204.0
5,max_power_bank_offset,57,0,88.0,4885.0,3204.0
5,max_power_bank_offset,58,0,88.0,4884.0,3205.6
5,max_power_bank_offset,59,0,87.0,4885.0,3204.8
5,max_power_bank_offset,60,0,88.0,4883.0,3205.6
5,max_power_bank_offset,61,0,88.0,4883.0,3205.6
5,max_power_bank_offset,62,0,87.0,4884.0,3203.6
5,max_power_bank_offset,63,0,87.0,4884.0,3202.8
5,max_power_bank_offset,64,0,87.0,4883.0,3202.8
5,max_power_bank_offset,65,0,88.0,4883.0,3202.8
5,max_power_bank_offset,66,0,88.0,4884.0,3202.8
5,max_power_bank_offset,67,0,88.0,4884.0,3202.8
5,max_power_bank_offset,68,0,88.0,4884.0,3202.8
5,max_power_bank_offset,69,0,88.0,4884.0,3202.8
5,max_power_bank_offset,70,0,87.0,4884.0,3202.8
5,max_power_bank_offset,71,0,88.0,4884.0,3202.8
5,max_power_bank_offset,72,0,87.0,4884.0,3202.4
5,max_power_bank_offset,73,0,88.0,4884.0,3201.6
5,max_power_bank_offset,74,0,88.0,4883.0,3201.6
5,max_power_bank_offset,75,0,87.0,4884.0,3200.8
5,max_power_bank_offset,76,0,87.0,4883.0,3201.2
5,max_power_bank_offset,77,0,88.0,4884.0,3200.4
5,max_power_bank_offset,78,0,87.0,4883.0,3201.2
5,max_power_bank_offset,79,0,88.0,4883.0,3200.8
5,max_power_bank_offset,80,0,88.0,4840.0,3256.4
5,max_power_bank_offset,81,0,88.0,4870.0,3213.6
5,max_power_bank_offset,82,0,88.0,4875.0,3204.4
5,max_power_bank_offset,83,0,88.0,4876.0,3196.8
5,max_power_bank_offset,84,0,88.0,4877.0,3197.2
5,max_power_bank_offset,85,0,88.0,4883.0,3194.4
5,max_power_bank_offset,86,0,87.0,4882.0,3192.8
5,max_power_bank_offset,87,0,87.0,4884.0,3190.0
5,max_power_bank_offset,88,0,88.0,4881.0,3189.6
5,max_power_bank_offset,89,0,88.0,4884.0,3186.4
5,max_power_bank_offset,90,0,88.0,4880.0,3190.0
5,max_power_bank_offset,0,1,78.0,1412.0,3133.2
5,max_power_bank_offset,1,1,87.0,4850.0,2535.2
5,max_power_bank_offset,2,1,87.0,4865.0,2863.6
5,max_power_bank_offset,3,1,87.0,4868.0,2964.8
5,max_power_bank_offset,4,1,87.0,4869.0,3027.2
5,max_power_bank_offset,5,1,88.0,4871.0,3055.2
5,max_power_bank_offset,6,1,87.0,4876.0,3074.4
5,max_power_bank_offset,7,1,88.0,4873.0,3095.2
5,max_power_bank_offset,8,1,87.0,4876.0,3104.8
5,max_power_bank_offset,9,1,87.0,4879.0,3112.4
5,max_power_bank_offset,10,1,88.0,4880.0,3122.0
5,max_power_bank_offset,11,1,88.0,4880.0,3128.0
5,max_power_bank_offset,12,1,87.0,4879.0,3132.8
5,max_power_bank_offset,13,1,87.0,4878.0,3138.0
5,max_power_bank_offset,14,1,88.0,4880.0,3142.0
5,max_power_bank_offset,15,1,88.0,4882.0,3146.4
5,max_power_bank_offset,16,1,88.0,4883.0,3145.2
5,max_power_bank_offset,17,1,87.0,4884.0,3148.8
5,max_power_bank_offset,18,1,88.0,4885.0,3147.2
5,max_power_bank_offset,19,1,88.0,4887.0,3151.2
5,max_power_bank_offset,20,1,88.0,4885.0,3150.8
5,max_power_bank_offset,21,1,88.0,4884.0,3154.8
5,max_power_bank_offset,22,1,88.0,4886.0,3154.0
5,max_power_bank_offset,23,1,88.0,4884.0,3155.2
5,max_power_bank_offset,24,1,87.0,4884.0,3154.4
5,max_power_bank_offset,25,1,88.0,4884.0,3158.4
5,max_power_bank_offset,26,1,88.0,4884.0,3157.6
5,max_power_bank_offset,27,1,88.0,4884.0,3157.2
5,max_power_bank_offset,28,1,88.0,4883.0,3157.2
5,max_power_bank_offset,29,1,88.0,4883.0,3156.8
5,max_power_bank_offset,30,1,88.0,4883.0,3162.0
5,max_power_bank_offset,31,1,88.0,4885.0,3160.4
5,max_power_bank_offset,32,1,88.0,4884.0,3160.8
5,max_power_bank_offset,33,1,88.0,4886.0,3159.2
5,max_power_bank_offset,34,1,88.0,4885.0,3159.2
5,max_power_bank_offset,35,1,88.0,4885.0,3158.8
5,max_power_bank_offset,36,1,88.0,4884.0,3164.4
5,max_power_bank_offset,37,1,88.0,4885.0,3166.4
5,max_power_bank_offset,38,1,88.0,4884.0,3166.8
5,max_power_bank_offset,39,1,88.0,4884.0,3166.4
5,max_power_bank_offset,40,1,88.0,4920.0,3161.2
5,max_power_bank_offset,41,1,88.0,4884.0,3180.4
5,max_power_bank_offset,42,1,88.0,4883.0,3182.8
5,max_power_bank_offset,43,1,88.0,4884.0,3185.2
5,max_power_bank_offset,44,1,88.0,4881.0,3186.0
5,max_power_bank_offset,45,1,88.0,4876.0,3189.6
5,max_power_bank_offset,46,1,88.0,4878.0,3189.2
5,max_power_bank_offset,47,1,88.0,4875.0,3193.6
5,max_power_bank_offset,48,1,88.0,4877.0,3195.6
5,max_power_bank_offset,49,1,88.0,4876.0,3194.4
5,max_power_bank_offset,50,1,88.0,4878.0,3192.8
5,max_power_bank_offset,51,1,88.0,4879.0,3197.2
5,max_power_bank_offset,52,1,87.0,4881.0,3196.4
5,max_power_bank_offset,53,1,88.0,4881.0,3197.2
5,max_power_bank_offset,54,1,88.0,4878.0,3205.6
5,max_power_bank_offset,55,1,88.0,4876.0,3206.0
5,max_power_bank_offset,56,1,88.0,4877.0,3206.4
5,max_power_bank_offset,57,1,88.0,4877.0,3206.8
5,max_power_bank_offset,58,1,88.0,4877.0,3206.8
5,max_power_bank_offset,59,1,88.0,4877.0,3206.8
5,max_power_bank_offset,60,1,88.0,4877.0,3206.4
5,max_power_bank_offset,61,1,88.0,4878.0,3205.2
5,max_power_bank_offset,62,1,88.0,4879.0,3209.6
5,max_power_bank_offset,63,1,88.0,4879.0,3209.6
5,max_power_bank_offset,64,1,88.0,4879.0,3210.0
5,max_power_bank_offset,65,1,88.0,4877.0,3211.2
5,max_power_bank_offset,66,1,88.0,4877.0,3211.2
5,max_power_bank_offset,67,1,88.0,4876.0,3211.6
5,max_power_bank_offset,68,1,88.0,4876.0,3210.4
5,max_power_bank_offset,69,1,88.0,4876.0,3210.0
5,max_power_bank_offset,70,1,88.0,4876.0,3210.0
5,max_power_bank_offset,71,1,88.0,4875.0,3210.4
5,max_power_bank_offset,72,1,88.0,4875.0,3210.8
5,max_power_bank_offset,73,1,88.0,4876.0,3210.0
5,max_power_bank_offset,74,1,88.0,4876.0,3210.0
5,max_power_bank_offset,75,1,88.0,4877.0,3209.6
5,max_power_bank_offset,76,1,88.0,4877.0,3210.4
5,max_power_bank_offset,77,1,88.0,4878.0,3209.6
5,max_power_bank_offset,78,1,88.0,4879.0,3209.6
5,max_power_bank_offset,79,1,88.0,4879.0,3209.6
5,max_power_bank_offset,80,1,88.0,4860.0,3238.4
5,max_power_bank_offset,81,1,88.0,4875.0,3226.4
5,max_power_bank_offset,82,1,88.0,4868.0,3227.6
5,max_power_bank_offset,83,1,88.0,4871.0,3222.0
5,max_power_bank_offset,84,1,88.0,4877.0,3215.2
5,max_power_bank_offset,85,1,88.0,4884.0,3211.6
5,max_power_bank_offset,86,1,88.0,4885.0,3208.8
5,max_power_bank_offset,87,1,88.0,4891.0,3206.8
5,max_power_bank_offset,88,1,88.0,4892.0,3205.6
5,max_power_bank_offset,89,1,88.0,4893.0,3205.2
5,max_power_bank_offset,90,1,88.0,4897.0,3204.8
5,max_power_bank_offset,0,2,79.0,1412.0,3147.6
5,max_power_bank_offset,1,2,87.0,4360.0,2810.4
5,max_power_bank_offset,2,2,87.0,4505.0,2981.2
5,max_power_bank_offset,3,2,87.0,4586.0,3056.0
5,max_power_bank_offset,4,2,88.0,4607.0,3094.8
5,max_power_bank_offset,5,2,88.0,4630.0,3109.6
5,max_power_bank_offset,6,2,87.0,4636.0,3126.8
5,max_power_bank_offset,7,2,87.0,4641.0,3139.2
5,max_power_bank_offset,8,2,88.0,4650.0,3140.0
5,max_power_bank_offset,9,2,87.0,4655.0,3144.8
5,max_power_bank_offset,10,2,87.0,4658.0,3150.8
5,max_power_bank_offset,11,2,88.0,4660.0,3159.2
5,max_power_bank_offset,12,2,88.0,4664.0,3161.6
5,max_power_bank_offset,13,2,88.0,4667.0,3164.4
5,max_power_bank_offset,14,2,88.0,4669.0,3162.0
5,max_power_bank_offset,15,2,88.0,4671.0,3168.4
5,max_power_bank_offset,16,2,88.0,4672.0,3167.2
5,max_power_bank_offset,17,2,88.0,4672.0,3172.0
5,max_power_bank_offset,18,2,88.0,4674.0,3170.8
5,max_power_bank_offset,19,2,88.0,4676.0,3174.0
5,max_power_bank_offset,20,2,87.0,4676.0,3174.0
5,max_power_bank_offset,21,2,88.0,4677.0,3174.0
5,max_power_bank_offset,22,2,88.0,4678.0,3178.0
5,max_power_bank_offset,23,2,88.0,4679.0,3177.2
5,max_power_bank_offset,24,2,88.0,4679.0,3177.6
5,max_power_bank_offset,25,2,88.0,4679.0,3177.6
5,max_power_bank_offset,26,2,87.0,4680.0,3176.4
5,max_power_bank_offset,27,2,88.0,4681.0,3180.4
5,max_power_bank_offset,28,2,88.0,4682.0,3180.0
5,max_power_bank_offset,29,2,88.0,4683.0,3180.4
5,max_power_bank_offset,30,2,88.0,4683.0,3180.8
5,max_power_bank_offset,31,2,88.0,4684.0,3180.0
5,max_power_bank_offset,32,2,88.0,4685.0,3179.2
5,max_power_bank_offset,33,2,88.0,4686.0,3183.2
5,max_power_bank_offset,34,2,87.0,4686.0,3183.2
5,max_power_bank_offset,35,2,88.0,4687.0,3182.4
5,max_power_bank_offset,36,2,88.0,4686.0,3182.8
5,max_power_bank_offset,37,2,88.0,4686.0,3182.8
5,max_power_bank_offset,38,2,88.0,4686.0,3183.2
5,max_power_bank_offset,39,2,88.0,4687.0,3182.0
5,max_power_bank_offset,40,2,88.0,4700.0,3184.0
5,max_power_bank_offset,41,2,88.0,4699.0,3193.2
5,max_power_bank_offset,42,2,88.0,4703.0,3197.6
5,max_power_bank_offset,43,2,88.0,4699.0,3195.2
5,max_power_bank_offset,44,2,88.0,4699.0,3194.8
5,max_power_bank_offset,45,2,88.0,4693.0,3197.6
5,max_power_bank_offset,46,2,88.0,4695.0,3195.6
5,max_power_bank_offset,47,2,88.0,4698.0,3193.6
5,max_power_bank_offset,48,2,88.0,4696.0,3193.2
5,max_power_bank_offset,49,2,88.0,4694.0,3197.2
5,max_power_bank_offset,50,2,88.0,4693.0,3198.0
5,max_power_bank_offset,51,2,88.0,4695.0,3198.4
5,max_power_bank_offset,52,2,88.0,4695.0,3196.8
5,max_power_bank_offset,53,2,88.0,4694.0,3197.6
5,max_power_bank_offset,54,2,88.0,4696.0,3195.6
5,max_power_bank_offset,55,2,88.0,4696.0,3194.4
5,max_power_bank_offset,56,2,88.0,4696.0,3194.4
5,max_power_bank_offset,57,2,88.0,4696.0,3194.0
5,max_power_bank_offset,58,2,88.0,4697.0,3193.2
5,max_power_bank_offset,59,2,88.0,4697.0,3193.2
5,max_power_bank_offset,60,2,88.0,4695.0,3194.4
5,max_power_bank_offset,61,2,88.0,4693.0,3194.8
5,max_power_bank_offset,62,2,88.0,4691.0,3194.8
5,max_power_bank_offset,63,2,88.0,4691.0,3194.4
5,max_power_bank_offset,64,2,88.0,4691.0,3194.4
5,max_power_bank_offset,65,2,88.0,4690.0,3194.4
5,max_power_bank_offset,66,2,88.0,4689.0,3194.0
5,max_power_bank_offset,67,2,88.0,4688.0,3194.8
5,max_power_bank_offset,68,2,88.0,4688.0,3194.8
5,max_power_bank_offset,69,2,88.0,4688.0,3194.4
5,max_power_bank_offset,70,2,88.0,4688.0,3194.0
5,max_power_bank_offset,71,2,88.0,4689.0,3193.2
5,max_power_bank_offset,72,2,88.0,4689.0,3192.8
5,max_power_bank_offset,73,2,88.0,4688.0,3193.2
5,max_power_bank_offset,74,2,88.0,4690.0,3192.0
5,max_power_bank_offset,75,2,88.0,4690.0,3192.0
5,max_power_bank_offset,76,2,88.0,4690.0,3192.0
5,max_power_bank_offset,77,2,88.0,4690.0,3192.4
5,max_power_bank_offset,78,2,88.0,4690.0,3192.4
5,max_power_bank_offset,79,2,88.0,4690.0,3192.8
5,max_power_bank_offset,80,2,88.0,4720.0,3170.4
5,max_power_bank_offset,81,2,88.0,4726.0,3173.6
5,max_power_bank_offset,82,2,87.0,4717.0,3182.0
5,max_power_bank_offset,83,2,88.0,4720.0,3179.6
5,max_power_bank_offset,84,2,88.0,4724.0,3180.0
5,max_power_bank_offset,85,2,88.0,4722.0,3183.2
5,max_power_bank_offset,86,2,88.0,4713.0,3188.8
5,max_power_bank_offset,87,2,88.0,4710.0,3190.0
5,max_power_bank_offset,88,2,88.0,4711.0,3187.6
5,max_power_bank_offset,89,2,88.0,4714.0,3184.8
5,max_power_bank_offset,90,2,88.0,4713.0,3187.2
5,max_power_bank_offset,0,3,79.0,1400.0,3160.0
5,max_power_bank_offset,1,3,87.0,4660.0,2616.4
5,max_power_bank_offset,2,3,88.0,4655.0,2913.2
5,max_power_bank_offset,3,3,88.0,4668.0,2994.4
5,max_power_bank_offset,4,3,88.0,4669.0,3043.6
5,max_power_bank_offset,5,3,88.0,4675.0,3073.2
5,max_power_bank_offset,6,3,87.0,4677.0,3097.2
5,max_power_bank_offset,7,3,88.0,4676.0,3112.8
5,max_power_bank_offset,8,3,88.0,4684.0,3117.6
5,max_power_bank_offset,9,3,88.0,4682.0,3128.8
5,max_power_bank_offset,10,3,88.0,4682.0,3132.4
5,max_power_bank_offset,11,3,88.0,4682.0,3138.8
5,max_power_bank_offset,12,3,88.0,4682.0,3143.6
5,max_power_bank_offset,13,3,88.0,4681.0,3149.6
5,max_power_bank_offset,14,3,88.0,4681.0,3154.0
5,max_power_bank_offset,15,3,88.0,4679.0,3159.2
5,max_power_bank_offset,16,3,88.0,4679.0,3158.8
5,max_power_bank_offset,17,3,88.0,4680.0,3162.8
5,max_power_bank_offset,18,3,87.0,4681.0,3162.8
5,max_power_bank_offset,19,3,88.0,4680.0,3166.8
5,max_power_bank_offset,20,3,88.0,4681.0,3166.4
5,max_power_bank_offset,21,3,88.0,4681.0,3166.0
5,max_power_bank_offset,22,3,88.0,4681.0,3170.8
5,max_power_bank_offset,23,3,88.0,4679.0,3171.6
5,max_power_bank_offset,24,3,88.0,4679.0,3171.2
5,max_power_bank_offset,25,3,88.0,4679.0,3171.6
5,max_power_bank_offset,26,3,88.0,4681.0,3170.8
5,max_power_bank_offset,27,3,88.0,4682.0,3174.8
5,max_power_bank_offset,28,3,88.0,4683.0,3174.0
5,max_power_bank_offset,29,3,88.0,4681.0,3175.6
5,max_power_bank_offset,30,3,88.0,4682.0,3175.6
5,max_power_bank_offset,31,3,88.0,4681.0,3176.0
5,max_power_bank_offset,32,3,88.0,4682.0,3176.0
5,max_power_bank_offset,33,3,88.0,4682.0,3175.6
5,max_power_bank_offset,34,3,88.0,4682.0,3179.6
5,max_power_bank_offset,35,3,88.0,4682.0,3179.6
5,max_power_bank_offset,36,3,88.0,4683.0,3178.4
5,max_power_bank_offset,37,3,88.0,4684.0,3178.4
5,max_power_bank_offset,38,3,88.0,4684.0,3178.0
5,max_power_bank_offset,39,3,88.0,4683.0,3178.4
5,max_power_bank_offset,40,3,88.0,4638.0,3211.6
5,max_power_bank_offset,41,3,88.0,4649.0,3210.4
5,max_power_bank_offset,42,3,88.0,4656.0,3206.8
5,max_power_bank_offset,43,3,88.0,4667.0,3199.2
5,max_power_bank_offset,44,3,88.0,4677.0,3197.2
5,max_power_bank_offset,45,3,88.0,4679.0,3192.0
5,max_power_bank_offset,46,3,88.0,4679.0,3193.2
5,max_power_bank_offset,47,3,88.0,4680.0,3192.8
5,max_power_bank_offset,48,3,88.0,4681.0,3192.0
5,max_power_bank_offset,49,3,88.0,4685.0,3188.4
5,max_power_bank_offset,50,3,88.0,4685.0,3188.8
5,max_power_bank_offset,51,3,88.0,4684.0,3189.2
5,max_power_bank_offset,52,3,88.0,4683.0,3190.4
5,max_power_bank_offset,53,3,88.0,4684.0,3188.0
5,max_power_bank_offset,54,3,88.0,4685.0,3187.6
5,max_power_bank_offset,55,3,88.0,4685.0,3186.4
5,max_power_bank_offset,56,3,88.0,4686.0,3186.8
5,max_power_bank_offset,57,3,88.0,4686.0,3186.8
5,max_power_bank_offset,58,3,88.0,4686.0,3186.8
5,max_power_bank_offset,59,3,88.0,4687.0,3186.0
5,max_power_bank_offset,60,3,88.0,4687.0,3185.6
5,max_power_bank_offset,61,3,88.0,4685.0,3186.4
5,max_power_bank_offset,62,3,88.0,4685.0,3185.2
5,max_power_bank_offset,63,3,88.0,4684.0,3186.4
5,max_power_bank_offset,64,3,88.0,4683.0,3186.0
5,max_power_bank_offset,65,3,88.0,4683.0,3186.4
5,max_power_bank_offset,66,3,88.0,4684.0,3187.2
5,max_power_bank_offset,67,3,88.0,4684.0,3187.2
5,max_power_bank_offset,68,3,88.0,4683.0,3188.4
5,max_power_bank_offset,69,3,88.0,4683.0,3188.8
5,max_power_bank_offset,70,3,88.0,4683.0,3189.2
5,max_power_bank_offset,71,3,88.0,4683.0,3188.8
5,max_power_bank_offset,72,3,88.0,4683.0,3188.8
5,max_power_bank_offset,73,3,88.0,4683.0,3188.0
5,max_power_bank_offset,74,3,88.0,4683.0,3187.2
5,max_power_bank_offset,75,3,88.0,4684.0,3187.2
5,max_power_bank_offset,76,3,88.0,4683.0,3187.2
5,max_power_bank_offset,77,3,88.0,4683.0,3187.2
5,max_power_bank_offset,78,3,88.0,4683.0,3187.6
5,max_power_bank_offset,79,3,88.0,4683.0,3187.6
5,max_power_bank_offset,80,3,88.0,4670.0,3196.8
5,max_power_bank_offset,81,3,88.0,4655.0,3203.2
5,max_power_bank_offset,82,3,88.0,4675.0,3201.2
5,max_power_bank_offset,83,3,88.0,4674.0,3200.4
5,max_power_bank_offset,84,3,88.0,4669.0,3198.4
5,max_power_bank_offset,85,3,88.0,4672.0,3194.8
5,max_power_bank_offset,86,3,88.0,4676.0,3196.8
5,max_power_bank_offset,87,3,88.0,4674.0,3198.4
5,max_power_bank_offset,88,3,88.0,4672.0,3197.2
5,max_power_bank_offset,89,3,88.0,4672.0,3197.2
5,max_power_bank_offset,90,3,88.0,4672.0,3196.0
6,max_power_bank_offset,0,0,65.0,1287.0,3266.4
6,max_power_bank_offset,1,0,71.0,4260.0,2928.0
6,max_power_bank_offset,2,0,71.0,4430.0,3117.6
6,max_power_bank_offset,3,0,71.0,4500.0,3160.8
6,max_power_bank_offset,4,0,71.0,4525.0,3200.8
6,max_power_bank_offset,5,0,71.0,4536.0,3223.6
6,max_power_bank_offset,6,0,71.0,4544.0,3237.6
6,max_power_bank_offset,7,0,71.0,4552.0,3250.8
6,max_power_bank_offset,8,0,71.0,4561.0,3255.2
6,max_power_bank_offset,9,0,71.0,4563.0,3262.0
6,max_power_bank_offset,10,0,72.0,4569.0,3264.8
6,max_power_bank_offset,11,0,71.0,4572.0,3266.4
6,max_power_bank_offset,12,0,71.0,4574.0,3269.2
6,max_power_bank_offset,13,0,72.0,4577.0,3272.4
6,max_power_bank_offset,14,0,71.0,4578.0,3276.4
6,max_power_bank_offset,15,0,71.0,4580.0,3275.6
6,max_power_bank_offset,16,0,72.0,4584.0,3278.0
6,max_power_bank_offset,17,0,72.0,4583.0,3278.4
6,max_power_bank_offset,18,0,72.0,4585.0,3279.2
6,max_power_bank_offset,19,0,72.0,4585.0,3279.6
6,max_power_bank_offset,20,0,72.0,4588.0,3284.4
6,max_power_bank_offset,21,0,72.0,4589.0,3284.4
6,max_power_bank_offset,22,0,72.0,4589.0,3288.0
6,max_power_bank_offset,23,0,72.0,4590.0,3287.6
6,max_power_bank_offset,24,0,72.0,4590.0,3292.0
6,max_power_bank_offset,25,0,72.0,4591.0,3291.2
6,max_power_bank_offset,26,0,72.0,4592.0,3290.4
6,max_power_bank_offset,27,0,72.0,4592.0,3294.8
6,max_power_bank_offset,28,0,72.0,4594.0,3292.4
6,max_power_bank_offset,29,0,72.0,4594.0,3296.0
6,max_power_bank_offset,30,0,72.0,4595.0,3295.2
6,max_power_bank_offset,31,0,72.0,4596.0,3295.2
6,max_power_bank_offset,32,0,72.0,4597.0,3294.8
6,max_power_bank_offset,33,0,72.0,4598.0,3299.2
6,max_power_bank_offset,34,0,72.0,4599.0,3298.0
6,max_power_bank_offset,35,0,72.0,4599.0,3298.0
6,max_power_bank_offset,36,0,72.0,4599.0,3297.2
6,max_power_bank_offset,37,0,72.0,4600.0,3301.2
6,max_power_bank_offset,38,0,72.0,4601.0,3300.4
6,max_power_bank_offset,39,0,72.0,4601.0,3300.0
6,max_power_bank_offset,40,0,72.0,4630.0,3324.4
6,max_power_bank_offset,41,0,72.0,4605.0,3330.0
6,max_power_bank_offset,42,0,72.0,4616.0,3320.4
6,max_power_bank_offset,43,0,72.0,4610.0,3326.0
6,max_power_bank_offset,44,0,72.0,4606.0,3326.8
6,max_power_bank_offset,45,0,72.0,4603.0,3323.6
6,max_power_bank_offset,46,0,72.0,4602.0,3323.6
6,max_power_bank_offset,47,0,72.0,4606.0,3318.4
6,max_power_bank_offset,48,0,72.0,4604.0,3320.0
6,max_power_bank_offset,49,0,72.0,4604.0,3321.2
6,max_power_bank_offset,50,0,72.0,4606.0,3322.0
6,max_power_bank_offset,51,0,72.0,4607.0,3320.8
6,max_power_bank_offset,52,0,72.0,4607.0,3320.8
6,max_power_bank_offset,53,0,72.0,4605.0,3320.8
6,max_power_bank_offset,54,0,72.0,4606.0,3320.4
6,max_power_bank_offset,55,0,72.0,4606.0,3320.4
6,max_power_bank_offset,56,0,72.0,4606.0,3321.2
6,max_power_bank_offset,57,0,72.0,4606.0,3320.8
6,max_power_bank_offset,58,0,72.0,4605.0,3320.8
6,max_power_bank_offset,59,0,72.0,4605.0,3320.0
6,max_power_bank_offset,60,0,72.0,4604.0,3320.8
6,max_power_bank_offset,61,0,72.0,4605.0,3320.8
6,max_power_bank_offset,62,0,72.0,4606.0,3320.0
6,max_power_bank_offset,63,0,72.0,4604.0,3319.6
6,max_power_bank_offset,64,0,72.0,4604.0,3319.2
6,max_power_bank_offset,65,0,72.0,4604.0,3319.6
6,max_power_bank_offset,66,0,72.0,4605.0,3319.2
6,max_power_bank_offset,67,0,72.0,4606.0,3318.4
6,max_power_bank_offset,68,0,72.0,4607.0,3318.0
6,max_power_bank_offset,69,0,72.0,4606.0,3318.0
6,max_power_bank_offset,70,0,72.0,4605.0,3318.4
6,max_power_bank_offset,71,0,72.0,4605.0,3318.0
6,max_power_bank_offset,72,0,72.0,4605.0,3317.2
6,max_power_bank_offset,73,0,72.0,4606.0,3316.4
6,max_power_bank_offset,74,0,72.0,4606.0,3316.8
6,max_power_bank_offset,75,0,72.0,4605.0,3317.2
6,max_power_bank_offset,76,0,72.0,4606.0,3316.8
6,max_power_bank_offset,77,0,72.0,4606.0,3317.6
6,max_power_bank_offset,78,0,72.0,4606.0,3318.0
6,max_power_bank_offset,79,0,72.0,4606.0,3318.0
6,max_power_bank_offset,80,0,72.0,4610.0,3311.6
6,max_power_bank_offset,81,0,72.0,4599.0,3310.8
6,max_power_bank_offset,82,0,72.0,4609.0,3301.6
6,max_power_bank_offset,83,0,72.0,4607.0,3301.2
6,max_power_bank_offset,84,0,72.0,4612.0,3297.6
6,max_power_bank_offset,85,0,72.0,4610.0,3301.2
6,max_power_bank_offset,86,0,72.0,4613.0,3300.4
6,max_power_bank_offset,87,0,72.0,4615.0,3300.8
6,max_power_bank_offset,88,0,72.0,4617.0,3300.0
6,max_power_bank_offset,89,0,72.0,4617.0,3296.8
6,max_power_bank_offset,90,0,72.0,4616.0,3295.6
6,max_power_bank_offset,0,1,66.0,1287.0,3264.8
6,max_power_bank_offset,1,1,72.0,4569.0,2662.4
6,max_power_bank_offset,2,1,72.0,4590.0,2983.2
6,max_power_bank_offset,3,1,72.0,4596.0,3084.4
6,max_power_bank_offset,4,1,72.0,4602.0,3136.8
6,max_power_bank_offset,5,1,72.0,4612.0,3162.4
6,max_power_bank_offset,6,1,72.0,4601.0,3184.4
6,max_power_bank_offset,7,1,72.0,4601.0,3204.8
6,max_power_bank_offset,8,1,72.0,4602.0,3214.4
6,max_power_bank_offset,9,1,72.0,4598.0,3226.0
6,max_power_bank_offset,10,1,72.0,4598.0,3234.4
6,max_power_bank_offset,11,1,72.0,4602.0,3238.0
6,max_power_bank_offset,12,1,72.0,4604.0,3240.4
6,max_power_bank_offset,13,1,72.0,4604.0,3244.4
6,max_power_bank_offset,14,1,72.0,4601.0,3252.4
6,max_power_bank_offset,15,1,72.0,4602.0,3252.4
6,max_power_bank_offset,16,1,72.0,4601.0,3257.2
6,max_power_bank_offset,17,1,72.0,4601.0,3257.2
6,max_power_bank_offset,18,1,72.0,4601.0,3260.8
6,max_power_bank_offset,19,1,72.0,4601.0,3261.6
6,max_power_bank_offset,20,1,72.0,4598.0,3266.8
6,max_power_bank_offset,21,1,72.0,4599.0,3265.6
6,max_power_bank_offset,22,1,72.0,4599.0,3266.8
6,max_power_bank_offset,23,1,72.0,4601.0,3264.4
6,max_power_bank_offset,24,1,72.0,4601.0,3268.8
6,max_power_bank_offset,25,1,72.0,4600.0,3269.2
6,max_power_bank_offset,26,1,73.0,4600.0,3269.2
6,max_power_bank_offset,27,1,73.0,4599.0,3274.0
6,max_power_bank_offset,28,1,72.0,4599.0,3274.0
6,max_power_bank_offset,29,1,72.0,4601.0,3277.2
6,max_power_bank_offset,30,1,72.0,4602.0,3276.0
6,max_power_bank_offset,31,1,72.0,4602.0,3275.6
6,max_power_bank_offset,32,1,72.0,4602.0,3280.4
6,max_power_bank_offset,33,1,72.0,4601.0,3280.4
6,max_power_bank_offset,34,1,72.0,4602.0,3280.4
6,max_power_bank_offset,35,1,72.0,4602.0,3280.8
6,max_power_bank_offset,36,1,72.0,4601.0,3285.6
6,max_power_bank_offset,37,1,72.0,4601.0,3285.2
6,max_power_bank_offset,38,1,72.0,4602.0,3284.8
6,max_power_bank_offset,39,1,72.0,4602.0,3290.0
6,max_power_bank_offset,40,1,72.0,4600.0,3322.8
6,max_power_bank_offset,41,1,72.0,4600.0,3325.2
6,max_power_bank_offset,42,1,72.0,4596.0,3322.0
6,max_power_bank_offset,43,1,72.0,4597.0,3320.0
6,max_power_bank_offset,44,1,72.0,4598.0,3319.2
6,max_power_bank_offset,45,1,73.0,4600.0,3315.6
6,max_power_bank_offset,46,1,73.0,4601.0,3314.4
6,max_power_bank_offset,47,1,73.0,4600.0,3314.8
6,max_power_bank_offset,48,1,72.0,4598.0,3318.4
6,max_power_bank_offset,49,1,73.0,4600.0,3318.8
6,max_power_bank_offset,50,1,73.0,4601.0,3318.4
6,max_power_bank_offset,51,1,72.0,4603.0,3318.4
6,max_power_bank_offset,52,1,73.0,4601.0,3318.8
6,max_power_bank_offset,53,1,73.0,4602.0,3317.6
6,max_power_bank_offset,54,1,73.0,4602.0,3318.0
6,max_power_bank_offset,55,1,73.0,4605.0,3317.6
6,max_power_bank_offset,56,1,73.0,4606.0,3315.6
6,max_power_bank_offset,57,1,73.0,4605.0,3316.4
6,max_power_bank_offset,58,1,73.0,4606.0,3315.6
6,max_power_bank_offset,59,1,73.0,4608.0,3314.8
6,max_power_bank_offset,60,1,73.0,4608.0,3313.6
6,max_power_bank_offset,61,1,73.0,4607.0,3313.6
6,max_power_bank_offset,62,1,73.0,4608.0,3313.6
6,max_power_bank_offset,63,1,73.0,4608.0,3313.6
6,max_power_bank_offset,64,1,73.0,4608.0,3313.6
6,max_power_bank_offset,65,1,73.0,4610.0,3311.6
6,max_power_bank_offset,66,1,73.0,4611.0,3311.6
6,max_power_bank_offset,67,1,73.0,4611.0,3311.6
6,max_power_bank_offset,68,1,73.0,4610.0,3310.8
6,max_power_bank_offset,69,1,73.0,4609.0,3310.8
6,max_power_bank_offset,70,1,73.0,4609.0,3310.0
6,max_power_bank_offset,71,1,73.0,4609.0,3310.4
6,max_power_bank_offset,72,1,73.0,4610.0,3309.6
6,max_power_bank_offset,73,1,73.0,4610.0,3309.2
6,max_power_bank_offset,74,1,73.0,4610.0,3309.2
6,max_power_bank_offset,75,1,73.0,4610.0,3308.8
6,max_power_bank_offset,76,1,73.0,4610.0,3308.8
6,max_power_bank_offset,77,1,73.0,4610.0,3308.4
6,max_power_bank_offset,78,1,73.0,4610.0,3308.0
6,max_power_bank_offset,79,1,73.0,4610.0,3307.2
6,max_power_bank_offset,80,1,73.0,4620.0,3305.2
6,max_power_bank_offset,81,1,73.0,4615.0,3308.4
6,max_power_bank_offset,82,1,73.0,4613.0,3307.2
6,max_power_bank_offset,83,1,73.0,4617.0,3300.8
6,max_power_bank_offset,84,1,73.0,4618.0,3302.4
6,max_power_bank_offset,85,1,73.0,4617.0,3302.4
6,max_power_bank_offset,86,1,73.0,4611.0,3305.6
6,max_power_bank_offset,87,1,73.0,4610.0,3305.2
6,max_power_bank_offset,88,1,73.0,4610.0,3304.8
6,max_power_bank_offset,89,1,73.0,4606.0,3306.0
6,max_power_bank_offset,90,1,73.0,4608.0,3306.0
6,max_power_bank_offset,0,2,66.0,1312.0,3278.0
6,max_power_bank_offset,1,2,72.0,4100.0,2942.8
6,max_power_bank_offset,2,2,73.0,4260.0,3139.6
6,max_power_bank_offset,3,2,73.0,4313.0,3196.8
6,max_power_bank_offset,4,2,73.0,4343.0,3231.6
6,max_power_bank_offset,5,2,73.0,4365.0,3247.2
6,max_power_bank_offset,6,2,73.0,4372.0,3260.8
6,max_power_bank_offset,7,2,73.0,4379.0,3266.8
6,max_power_bank_offset,8,2,73.0,4389.0,3270.4
6,max_power_bank_offset,9,2,73.0,4399.0,3274.0
6,max_power_bank_offset,10,2,73.0,4404.0,3274.4
6,max_power_bank_offset,11,2,73.0,4406.0,3278.8
6,max_power_bank_offset,12,2,73.0,4407.0,3279.6
6,max_power_bank_offset,13,2,73.0,4408.0,3283.2
6,max_power_bank_offset,14,2,73.0,4408.0,3287.2
6,max_power_bank_offset,15,2,73.0,4410.0,3285.6
6,max_power_bank_offset,16,2,73.0,4408.0,3290.8
6,max_power_bank_offset,17,2,73.0,4410.0,3289.2
6,max_power_bank_offset,18,2,73.0,4411.0,3293.6
6,max_power_bank_offset,19,2,73.0,4412.0,3292.8
6,max_power_bank_offset,20,2,73.0,4413.0,3292.0
6,max_power_bank_offset,21,2,73.0,4413.0,3297.2
6,max_power_bank_offset,22,2,73.0,4415.0,3296.4
6,max_power_bank_offset,23,2,73.0,4413.0,3297.2
6,max_power_bank_offset,24,2,73.0,4415.0,3296.8
6,max_power_bank_offset,25,2,73.0,4417.0,3300.4
6,max_power_bank_offset,26,2,73.0,4415.0,3301.2
6,max_power_bank_offset,27,2,73.0,4415.0,3300.8
6,max_power_bank_offset,28,2,73.0,4416.0,3301.6
6,max_power_bank_offset,29,2,73.0,4416.0,3301.2
6,max_power_bank_offset,30,2,73.0,4416.0,3301.6
6,max_power_bank_offset,31,2,73.0,4415.0,3306.8
6,max_power_bank_offset,32,2,73.0,4416.0,3306.0
6,max_power_bank_offset,33,2,73.0,4416.0,3306.0
6,max_power_bank_offset,34,2,73.0,4417.0,3305.6
6,max_power_bank_offset,35,2,73.0,4416.0,3306.0
6,max_power_bank_offset,36,2,73.0,4417.0,3304.4
6,max_power_bank_offset,37,2,73.0,4417.0,3304.4
6,max_power_bank_offset,38,2,73.0,4417.0,3304.0
6,max_power_bank_offset,39,2,73.0,4417.0,3303.2
6,max_power_bank_offset,40,2,73.0,4420.0,3303.2
6,max_power_bank_offset,41,2,73.0,4430.0,3304.8
6,max_power_bank_offset,42,2,73.0,4423.0,3311.2
6,max_power_bank_offset,43,2,73.0,4422.0,3312.0
6,max_power_bank_offset,44,2,73.0,4420.0,3307.6
6,max_power_bank_offset,45,2,73.0,4420.0,3308.4
6,max_power_bank_offset,46,2,73.0,4423.0,3306.4
6,max_power_bank_offset,47,2,73.0,4428.0,3305.2
6,max_power_bank_offset,48,2,73.0,4434.0,3302.8
6,max_power_bank_offset,49,2,73.0,4435.0,3301.6
6,max_power_bank_offset,50,2,73.0,4436.0,3298.8
6,max_power_bank_offset,51,2,73.0,4436.0,3300.0
6,max_power_bank_offset,52,2,73.0,4435.0,3300.0
6,max_power_bank_offset,53,2,73.0,4437.0,3298.8
6,max_power_bank_offset,54,2,73.0,4436.0,3299.2
6,max_power_bank_offset,55,2,73.0,4437.0,3298.4
6,max_power_bank_offset,56,2,73.0,4436.0,3298.4
6,max_power_bank_offset,57,2,73.0,4437.0,3297.6
6,max_power_bank_offset,58,2,73.0,4436.0,3298.4
6,max_power_bank_offset,59,2,73.0,4435.0,3299.2
6,max_power_bank_offset,60,2,73.0,4434.0,3299.2
6,max_power_bank_offset,61,2,73.0,4434.0,3304.4
6,max_power_bank_offset,62,2,73.0,4433.0,3304.0
6,max_power_bank_offset,63,2,73.0,4434.0,3303.2
6,max_power_bank_offset,64,2,73.0,4433.0,3304.0
6,max_power_bank_offset,65,2,73.0,4434.0,3303.2
6,max_power_bank_offset,66,2,73.0,4433.0,3303.6
6,max_power_bank_offset,67,2,73.0,4433.0,3308.8
6,max_power_bank_offset,68,2,73.0,4434.0,3307.6
6,max_power_bank_offset,69,2,73.0,4434.0,3308.0
6,max_power_bank_offset,70,2,73.0,4434.0,3308.0
6,max_power_bank_offset,71,2,73.0,4435.0,3307.6
6,max_power_bank_offset,72,2,73.0,4435.0,3312.4
6,max_power_bank_offset,73,2,73.0,4435.0,3312.4
6,max_power_bank_offset,74,2,73.0,4433.0,3313.2
6,max_power_bank_offset,75,2,73.0,4433.0,3313.2
6,max_power_bank_offset,76,2,73.0,4434.0,3312.4
6,max_power_bank_offset,77,2,73.0,4434.0,3312.0
6,max_power_bank_offset,78,2,73.0,4433.0,3312.4
6,max_power_bank_offset,79,2,73.0,4432.0,3312.4
6,max_power_bank_offset,80,2,73.0,4430.0,3298.8
6,max_power_bank_offset,81,2,73.0,4415.0,3314.0
6,max_power_bank_offset,82,2,73.0,4410.0,3319.6
6,max_power_bank_offset,83,2,73.0,4415.0,3323.6
6,max_power_bank_offset,84,2,73.0,4416.0,3323.2
6,max_power_bank_offset,85,2,73.0,4416.0,3323.2
6,max_power_bank_offset,86,2,73.0,4422.0,3323.2
6,max_power_bank_offset,87,2,73.0,4420.0,3326.4
6,max_power_bank_offset,88,2,73.0,4419.0,3328.4
6,max_power_bank_offset,89,2,73.0,4422.0,3326.8
6,max_power_bank_offset,90,2,73.0,4420.0,3325.2
6,max_power_bank_offset,0,3,67.0,1312.0,3247.2
6,max_power_bank_offset,1,3,73.0,4140.0,2898.0
6,max_power_bank_offset,2,3,73.0,4278.0,3082.4
6,max_power_bank_offset,3,3,73.0,4337.0,3159.6
6,max_power_bank_offset,4,3,73.0,4364.0,3198.4
6,max_power_bank_offset,5,3,73.0,4373.0,3221.6
6,max_power_bank_offset,6,3,73.0,4381.0,3243.2
6,max_power_bank_offset,7,3,73.0,4389.0,3254.0
6,max_power_bank_offset,8,3,73.0,4392.0,3259.2
6,max_power_bank_offset,9,3,73.0,4393.0,3267.2
6,max_power_bank_offset,10,3,73.0,4392.0,3277.2
6,max_power_bank_offset,11,3,73.0,4398.0,3278.8
6,max_power_bank_offset,12,3,73.0,4400.0,3282.0
6,max_power_bank_offset,13,3,73.0,4406.0,3284.4
6,max_power_bank_offset,14,3,73.0,4405.0,3290.8
6,max_power_bank_offset,15,3,73.0,4408.0,3294.4
6,max_power_bank_offset,16,3,73.0,4410.0,3293.2
6,max_power_bank_offset,17,3,73.0,4409.0,3298.8
6,max_power_bank_offset,18,3,73.0,4409.0,3298.8
6,max_power_bank_offset,19,3,73.0,4411.0,3302.0
6,max_power_bank_offset,20,3,73.0,4410.0,3300.4
6,max_power_bank_offset,21,3,73.0,4411.0,3300.0
6,max_power_bank_offset,22,3,73.0,4411.0,3305.2
6,max_power_bank_offset,23,3,73.0,4411.0,3303.6
6,max_power_bank_offset,24,3,73.0,4411.0,3303.2
6,max_power_bank_offset,25,3,73.0,4412.0,3307.6
6,max_power_bank_offset,26,3,73.0,4413.0,3306.4
6,max_power_bank_offset,27,3,73.0,4414.0,3306.4
6,max_power_bank_offset,28,3,73.0,4414.0,3306.0
6,max_power_bank_offset,29,3,73.0,4415.0,3305.6
6,max_power_bank_offset,30,3,73.0,4416.0,3309.6
6,max_power_bank_offset,31,3,73.0,4417.0,3308.8
6,max_power_bank_offset,32,3,73.0,4418.0,3308.8
6,max_power_bank_offset,33,3,73.0,4418.0,3308.4
6,max_power_bank_offset,34,3,73.0,4420.0,3306.8
6,max_power_bank_offset,35,3,73.0,4420.0,3305.6
6,max_power_bank_offset,36,3,73.0,4421.0,3304.8
6,max_power_bank_offset,37,3,73.0,4422.0,3308.8
6,max_power_bank_offset,38,3,73.0,4422.0,3308.8
6,max_power_bank_offset,39,3,73.0,4423.0,3308.0
6,max_power_bank_offset,40,3,73.0,4450.0,3306.4
6,max_power_bank_offset,41,3,73.0,4429.0,3311.2
6,max_power_bank_offset,42,3,73.0,4423.0,3310.4
6,max_power_bank_offset,43,3,73.0,4428.0,3306.4
6,max_power_bank_offset,44,3,73.0,4422.0,3308.0
6,max_power_bank_offset,45,3,73.0,4423.0,3308.8
6,max_power_bank_offset,46,3,73.0,4424.0,3306.8
6,max_power_bank_offset,47,3,73.0,4420.0,3309.6
6,max_power_bank_offset,48,3,73.0,4421.0,3308.4
6,max_power_bank_offset,49,3,73.0,4424.0,3308.0
6,max_power_bank_offset,50,3,74.0,4425.0,3307.2
6,max_power_bank_offset,51,3,73.0,4426.0,3309.6
6,max_power_bank_offset,52,3,73.0,4424.0,3311.6
6,max_power_bank_offset,53,3,73.0,4424.0,3315.2
6,max_power_bank_offset,54,3,73.0,4421.0,3318.0
6,max_power_bank_offset,55,3,73.0,4423.0,3316.0
6,max_power_bank_offset,56,3,73.0,4423.0,3316.0
6,max_power_bank_offset,57,3,73.0,4424.0,3314.8
6,max_power_bank_offset,58,3,73.0,4425.0,3314.0
6,max_power_bank_offset,59,3,73.0,4424.0,3314.4
6,max_power_bank_offset,60,3,73.0,4422.0,3314.0
6,max_power_bank_offset,61,3,74.0,4422.0,3314.0
6,max_power_bank_offset,62,3,73.0,4423.0,3313.2
6,max_power_bank_offset,63,3,74.0,4422.0,3313.2
6,max_power_bank_offset,64,3,73.0,4423.0,3312.0
6,max_power_bank_offset,65,3,73.0,4424.0,3311.6
6,max_power_bank_offset,66,3,74.0,4426.0,3311.2
6,max_power_bank_offset,67,3,74.0,4426.0,3312.0
6,max_power_bank_offset,68,3,74.0,4425.0,3312.8
6,max_power_bank_offset,69,3,73.0,4426.0,3312.4
6,max_power_bank_offset,70,3,73.0,4427.0,3312.8
6,max_power_bank_offset,71,3,74.0,4427.0,3313.2
6,max_power_bank_offset,72,3,74.0,4426.0,3314.0
6,max_power_bank_offset,73,3,74.0,4427.0,3314.8
6,max_power_bank_offset,74,3,73.0,4427.0,3315.2
6,max_power_bank_offset,75,3,74.0,4427.0,3314.8
6,max_power_bank_offset,76,3,74.0,4427.0,3315.2
6,max_power_bank_offset,77,3,73.0,4427.0,3314.8
6,max_power_bank_offset,78,3,73.0,4427.0,3314.0
6,max_power_bank_offset,79,3,74.0,4428.0,3314.0
6,max_power_bank_offset,80,3,73.0,4440.0,3319.2
6,max_power_bank_offset,81,3,74.0,4435.0,3309.2
6,max_power_bank_offset,82,3,73.0,4436.0,3304.0
6,max_power_bank_offset,83,3,74.0,4428.0,3311.6
6,max_power_bank_offset,84,3,74.0,4430.0,3308.0
6,max_power_bank_offset,85,3,74.0,4433.0,3308.0
6,max_power_bank_offset,86,3,73.0,4431.0,3310.8
6,max_power_bank_offset,87,3,74.0,4432.0,3308.4
6,max_power_bank_offset,88,3,74.0,4427.0,3309.6
6,max_power_bank_offset,89,3,74.0,4427.0,3310.0
6,max_power_bank_offset,90,3,74.0,4421.0,3312.0
7,max_power_bank_offset,0,0,70.0,1437.0,3288.0
7,max_power_bank_offset,1,0,76.0,4530.0,2866.8
7,max_power_bank_offset,2,0,76.0,4665.0,3117.6
7,max_power_bank_offset,3,0,77.0,4724.0,3187.2
7,max_power_bank_offset,4,0,77.0,4761.0,3219.2
7,max_power_bank_offset,5,0,77.0,4783.0,3237.6
7,max_power_bank_offset,6,0,77.0,4798.0,3255.6
7,max_power_bank_offset,7,0,77.0,4808.0,3265.2
7,max_power_bank_offset,8,0,77.0,4819.0,3275.2
7,max_power_bank_offset,9,0,77.0,4826.0,3282.0
7,max_power_bank_offset,10,0,77.0,4831.0,3285.6
7,max_power_bank_offset,11,0,77.0,4834.0,3291.6
7,max_power_bank_offset,12,0,77.0,4839.0,3295.2
7,max_power_bank_offset,13,0,77.0,4844.0,3296.4
7,max_power_bank_offset,14,0,77.0,4843.0,3295.6
7,max_power_bank_offset,15,0,77.0,4845.0,3298.8
7,max_power_bank_offset,16,0,77.0,4849.0,3302.8
7,max_power_bank_offset,17,0,77.0,4848.0,3303.2
7,max_power_bank_offset,18,0,77.0,4849.0,3306.4
7,max_power_bank_offset,19,0,77.0,4847.0,3307.6
7,max_power_bank_offset,20,0,77.0,4846.0,3307.2
7,max_power_bank_offset,21,0,77.0,4845.0,3313.2
7,max_power_bank_offset,22,0,77.0,4846.0,3313.2
7,max_power_bank_offset,23,0,77.0,4845.0,3312.8
7,max_power_bank_offset,24,0,77.0,4846.0,3316.8
7,max_power_bank_offset,25,0,77.0,4848.0,3314.4
7,max_power_bank_offset,26,0,77.0,4848.0,3314.8
7,max_power_bank_offset,27,0,77.0,4848.0,3315.6
7,max_power_bank_offset,28,0,77.0,4849.0,3314.8
7,max_power_bank_offset,29,0,77.0,4850.0,3318.8
7,max_power_bank_offset,30,0,77.0,4851.0,3318.4
7,max_power_bank_offset,31,0,77.0,4852.0,3317.2
7,max_power_bank_offset,32,0,77.0,4851.0,3317.6
7,max_power_bank_offset,33,0,77.0,4850.0,3317.6
7,max_power_bank_offset,34,0,77.0,4851.0,3317.2
7,max_power_bank_offset,35,0,77.0,4852.0,3321.2
7,max_power_bank_offset,36,0,77.0,4851.0,3321.6
7,max_power_bank_offset,37,0,77.0,4852.0,3321.6
7,max_power_bank_offset,38,0,77.0,4852.0,3321.6
7,max_power_bank_offset,39,0,77.0,4851.0,3322.0
7,max_power_bank_offset,40,0,77.0,4870.0,3322.8
7,max_power_bank_offset,41,0,77.0,4869.0,3329.6
7,max_power_bank_offset,42,0,77.0,4856.0,3339.6
7,max_power_bank_offset,43,0,77.0,4856.0,3341.6
7,max_power_bank_offset,44,0,77.0,4859.0,3345.2
7,max_power_bank_offset,45,0,77.0,4859.0,3342.8
7,max_power_bank_offset,46,0,77.0,4857.0,3342.8
7,max_power_bank_offset,47,0,77.0,4852.0,3347.2
7,max_power_bank_offset,48,0,77.0,4851.0,3345.6
7,max_power_bank_offset,49,0,77.0,4853.0,3343.2
7,max_power_bank_offset,50,0,77.0,4853.0,3342.8
7,max_power_bank_offset,51,0,77.0,4854.0,3347.2
7,max_power_bank_offset,52,0,77.0,4851.0,3344.0
7,max_power_bank_offset,53,0,77.0,4851.0,3348.4
7,max_power_bank_offset,54,0,77.0,4851.0,3348.4
7,max_power_bank_offset,55,0,77.0,4851.0,3348.0
7,max_power_bank_offset,56,0,77.0,4848.0,3350.4
7,max_power_bank_offset,57,0,77.0,4848.0,3349.2
7,max_power_bank_offset,58,0,77.0,4846.0,3354.8
7,max_power_bank_offset,59,0,77.0,4846.0,3355.2
7,max_power_bank_offset,60,0,77.0,4848.0,3353.2
7,max_power_bank_offset,61,0,77.0,4847.0,3352.8
7,max_power_bank_offset,62,0,77.0,4847.0,3352.8
7,max_power_bank_offset,63,0,77.0,4848.0,3357.2
7,max_power_bank_offset,64,0,77.0,4849.0,3356.4
7,max_power_bank_offset,65,0,77.0,4848.0,3356.8
7,max_power_bank_offset,66,0,77.0,4849.0,3356.0
7,max_power_bank_offset,67,0,77.0,4849.0,3356.8
7,max_power_bank_offset,68,0,77.0,4849.0,3355.6
7,max_power_bank_offset,69,0,77.0,4849.0,3355.2
7,max_power_bank_offset,70,0,77.0,4851.0,3353.6
7,max_power_bank_offset,71,0,77.0,4850.0,3358.4
7,max_power_bank_offset,72,0,77.0,4849.0,3358.8
7,max_power_bank_offset,73,0,77.0,4849.0,3358.4
7,max_power_bank_offset,74,0,77.0,4849.0,3357.6
7,max_power_bank_offset,75,0,77.0,4849.0,3357.6
7,max_power_bank_offset,76,0,77.0,4848.0,3358.0
7,max_power_bank_offset,77,0,77.0,4849.0,3358.0
7,max_power_bank_offset,78,0,77.0,4850.0,3357.2
7,max_power_bank_offset,79,0,77.0,4850.0,3357.6
7,max_power_bank_offset,80,0,77.0,4845.0,3356.8
7,max_power_bank_offset,81,0,77.0,4847.0,3360.4
7,max_power_bank_offset,82,0,77.0,4851.0,3357.6
7,max_power_bank_offset,83,0,77.0,4843.0,3362.4
7,max_power_bank_offset,84,0,77.0,4845.0,3361.2
7,max_power_bank_offset,85,0,77.0,4839.0,3362.8
7,max_power_bank_offset,86,0,77.0,4842.0,3362.8
7,max_power_bank_offset,87,0,77.0,4850.0,3361.2
7,max_power_bank_offset,88,0,77.0,4850.0,3361.6
7,max_power_bank_offset,89,0,77.0,4848.0,3361.6
7,max_power_bank_offset,90,0,77.0,4846.0,3364.4
7,max_power_bank_offset,0,1,70.0,1375.0,3327.2
7,max_power_bank_offset,1,1,76.0,4490.0,2984.0
7,max_power_bank_offset,2,1,77.0,4660.0,3177.2
7,max_power_bank_offset,3,1,77.0,4717.0,3233.2
7,max_power_bank_offset,4,1,77.0,4741.0,3268.0
7,max_power_bank_offset,5,1,77.0,4755.0,3294.4
7,max_power_bank_offset,6,1,77.0,4771.0,3306.4
7,max_power_bank_offset,7,1,77.0,4779.0,3315.2
7,max_power_bank_offset,8,1,77.0,4791.0,3323.6
7,max_power_bank_offset,9,1,77.0,4797.0,3324.0
7,max_power_bank_offset,10,1,77.0,4802.0,3328.0
7,max_power_bank_offset,11,1,77.0,4802.0,3330.8
7,max_power_bank_offset,12,1,77.0,4803.0,3335.6
7,max_power_bank_offset,13,1,77.0,4803.0,3340.8
7,max_power_bank_offset,14,1,77.0,4807.0,3344.8
7,max_power_bank_offset,15,1,77.0,4811.0,3342.4
7,max_power_bank_offset,16,1,77.0,4812.0,3346.8
7,max_power_bank_offset,17,1,77.0,4816.0,3348.0
7,max_power_bank_offset,18,1,77.0,4819.0,3345.2
7,max_power_bank_offset,19,1,77.0,4823.0,3342.0
7,max_power_bank_offset,20,1,77.0,4826.0,3345.6
7,max_power_bank_offset,21,1,77.0,4826.0,3344.8
7,max_power_bank_offset,22,1,77.0,4825.0,3344.4
7,max_power_bank_offset,23,1,77.0,4826.0,3348.0
7,max_power_bank_offset,24,1,77.0,4827.0,3349.2
7,max_power_bank_offset,25,1,77.0,4827.0,3348.4
7,max_power_bank_offset,26,1,77.0,4828.0,3348.8
7,max_power_bank_offset,27,1,77.0,4830.0,3348.4
7,max_power_bank_offset,28,1,77.0,4830.0,3352.4
7,max_power_bank_offset,29,1,77.0,4831.0,3352.4
7,max_power_bank_offset,30,1,77.0,4831.0,3352.0
7,max_power_bank_offset,31,1,77.0,4832.0,3351.2
7,max_power_bank_offset,32,1,77.0,4833.0,3350.8
7,max_power_bank_offset,33,1,77.0,4832.0,3350.8
7,max_power_bank_offset,34,1,77.0,4833.0,3354.4
7,max_power_bank_offset,35,1,77.0,4832.0,3354.4
7,max_power_bank_offset,36,1,77.0,4834.0,3353.6
7,max_power_bank_offset,37,1,77.0,4835.0,3352.4
7,max_power_bank_offset,38,1,77.0,4835.0,3352.4
7,max_power_bank_offset,39,1,77.0,4837.0,3351.2
7,max_power_bank_offset,40,1,77.0,4860.0,3363.6
7,max_power_bank_offset,41,1,77.0,4860.0,3363.6
7,max_power_bank_offset,42,1,77.0,4853.0,3362.4
7,max_power_bank_offset,43,1,77.0,4856.0,3359.2
7,max_power_bank_offset,44,1,77.0,4859.0,3352.4
7,max_power_bank_offset,45,1,77.0,4854.0,3356.8
7,max_power_bank_offset,46,1,77.0,4852.0,3357.2
7,max_power_bank_offset,47,1,77.0,4849.0,3358.8
7,max_power_bank_offset,48,1,77.0,4846.0,3359.6
7,max_power_bank_offset,49,1,77.0,4846.0,3362.4
7,max_power_bank_offset,50,1,77.0,4845.0,3363.6
7,max_power_bank_offset,51,1,77.0,4846.0,3363.6
7,max_power_bank_offset,52,1,77.0,4848.0,3363.6
7,max_power_bank_offset,53,1,77.0,4848.0,3362.8
7,max_power_bank_offset,54,1,77.0,4848.0,3363.6
7,max_power_bank_offset,55,1,77.0,4848.0,3362.8
7,max_power_bank_offset,56,1,77.0,4846.0,3362.0
7,max_power_bank_offset,57,1,77.0,4846.0,3362.0
7,max_power_bank_offset,58,1,77.0,4846.0,3363.6
7,max_power_bank_offset,59,1,77.0,4846.0,3363.2
7,max_power_bank_offset,60,1,77.0,4848.0,3361.6
7,max_power_bank_offset,61,1,77.0,4849.0,3361.2
7,max_power_bank_offset,62,1,77.0,4851.0,3359.6
7,max_power_bank_offset,63,1,77.0,4850.0,3360.0
7,max_power_bank_offset,64,1,77.0,4852.0,3358.8
7,max_power_bank_offset,65,1,77.0,4852.0,3358.4
7,max_power_bank_offset,66,1,77.0,4853.0,3357.6
7,max_power_bank_offset,67,1,77.0,4853.0,3357.2
7,max_power_bank_offset,68,1,77.0,4854.0,3356.4
7,max_power_bank_offset,69,1,77.0,4852.0,3357.6
7,max_power_bank_offset,70,1,77.0,4852.0,3357.2
7,max_power_bank_offset,71,1,77.0,4852.0,3357.2
7,max_power_bank_offset,72,1,78.0,4853.0,3357.2
7,max_power_bank_offset,73,1,78.0,4854.0,3358.0
7,max_power_bank_offset,74,1,77.0,4853.0,3358.4
7,max_power_bank_offset,75,1,77.0,4854.0,3357.6
7,max_power_bank_offset,76,1,77.0,4853.0,3358.0
7,max_power_bank_offset,77,1,77.0,4852.0,3358.0
7,max_power_bank_offset,78,1,77.0,4853.0,3356.8
7,max_power_bank_offset,79,1,78.0,4852.0,3356.8
7,max_power_bank_offset,80,1,77.0,4860.0,3352.4
7,max_power_bank_offset,81,1,77.0,4850.0,3358.4
7,max_power_bank_offset,82,1,77.0,4836.0,3369.6
7,max_power_bank_offset,83,1,78.0,4838.0,3360.0
7,max_power_bank_offset,84,1,78.0,4844.0,3357.6
7,max_power_bank_offset,85,1,77.0,4849.0,3354.4
7,max_power_bank_offset,86,1,77.0,4843.0,3359.2
7,max_power_bank_offset,87,1,77.0,4846.0,3357.2
7,max_power_bank_offset,88,1,77.0,4844.0,3358.8
7,max_power_bank_offset,89,1,78.0,4847.0,3357.2
7,max_power_bank_offset,90,1,78.0,4850.0,3355.6
7,max_power_bank_offset,0,2,70.0,1425.0,3292.8
7,max_power_bank_offset,1,2,77.0,4350.0,2927.2
7,max_power_bank_offset,2,2,77.0,4510.0,3143.2
7,max_power_bank_offset,3,2,77.0,4558.0,3217.2
7,max_power_bank_offset,4,2,77.0,4600.0,3248.0
7,max_power_bank_offset,5,2,77.0,4614.0,3269.6
7,max_power_bank_offset,6,2,77.0,4630.0,3283.6
7,max_power_bank_offset,7,2,77.0,4635.0,3293.2
7,max_power_bank_offset,8,2,77.0,4643.0,3302.0
7,max_power_bank_offset,9,2,77.0,4650.0,3306.8
7,max_power_bank_offset,10,2,77.0,4652.0,3307.6
7,max_power_bank_offset,11,2,77.0,4654.0,3314.4
7,max_power_bank_offset,12,2,77.0,4652.0,3318.8
7,max_power_bank_offset,13,2,77.0,4655.0,3321.2
7,max_power_bank_offset,14,2,77.0,4655.0,3321.6
7,max_power_bank_offset,15,2,77.0,4657.0,3326.0
7,max_power_bank_offset,16,2,77.0,4658.0,3329.2
7,max_power_bank_offset,17,2,77.0,4659.0,3328.4
7,max_power_bank_offset,18,2,77.0,4660.0,3332.4
7,max_power_bank_offset,19,2,77.0,4661.0,3331.6
7,max_power_bank_offset,20,2,77.0,4663.0,3330.8
7,max_power_bank_offset,21,2,77.0,4664.0,3336.0
7,max_power_bank_offset,22,2,77.0,4666.0,3335.6
7,max_power_bank_offset,23,2,77.0,4667.0,3335.2
7,max_power_bank_offset,24,2,77.0,4668.0,3339.6
7,max_power_bank_offset,25,2,77.0,4668.0,3339.2
7,max_power_bank_offset,26,2,77.0,4668.0,3340.0
7,max_power_bank_offset,27,2,77.0,4668.0,3339.6
7,max_power_bank_offset,28,2,77.0,4667.0,3340.4
7,max_power_bank_offset,29,2,77.0,4667.0,3345.6
7,max_power_bank_offset,30,2,77.0,4667.0,3345.6
7,max_power_bank_offset,31,2,77.0,4667.0,3345.6
7,max_power_bank_offset,32,2,77.0,4666.0,3345.2
7,max_power_bank_offset,33,2,77.0,4666.0,3345.2
7,max_power_bank_offset,34,2,77.0,4665.0,3344.8
7,max_power_bank_offset,35,2,77.0,4665.0,3344.8
7,max_power_bank_offset,36,2,77.0,4665.0,3349.2
7,max_power_bank_offset,37,2,77.0,4665.0,3349.6
7,max_power_bank_offset,38,2,77.0,4666.0,3349.2
7,max_power_bank_offset,39,2,77.0,4666.0,3349.6
7,max_power_bank_offset,40,2,77.0,4651.0,3351.6
7,max_power_bank_offset,41,2,77.0,4648.0,3361.2
7,max_power_bank_offset,42,2,77.0,4658.0,3359.6
7,max_power_bank_offset,43,2,77.0,4664.0,3358.4
7,max_power_bank_offset,44,2,77.0,4669.0,3356.0
7,max_power_bank_offset,45,2,77.0,4668.0,3357.2
7,max_power_bank_offset,46,2,77.0,4671.0,3355.6
7,max_power_bank_offset,47,2,77.0,4671.0,3354.8
7,max_power_bank_offset,48,2,77.0,4670.0,3357.2
7,max_power_bank_offset,49,2,77.0,4671.0,3356.4
7,max_power_bank_offset,50,2,77.0,4669.0,3357.6
7,max_power_bank_offset,51,2,77.0,4670.0,3357.6
7,max_power_bank_offset,52,2,77.0,4670.0,3358.4
7,max_power_bank_offset,53,2,77.0,4669.0,3360.4
7,max_power_bank_offset,54,2,77.0,4671.0,3359.2
7,max_power_bank_offset,55,2,77.0,4669.0,3361.2
7,max_power_bank_offset,56,2,77.0,4667.0,3360.4
7,max_power_bank_offset,57,2,77.0,4667.0,3360.4
7,max_power_bank_offset,58,2,77.0,4668.0,3360.4
7,max_power_bank_offset,59,2,77.0,4669.0,3360.4
7,max_power_bank_offset,60,2,77.0,4669.0,3360.0
7,max_power_bank_offset,61,2,78.0,4668.0,3360.4
7,max_power_bank_offset,62,2,78.0,4669.0,3360.0
7,max_power_bank_offset,63,2,77.0,4669.0,3360.4
7,max_power_bank_offset,64,2,77.0,4669.0,3360.4
7,max_power_bank_offset,65,2,78.0,4668.0,3360.8
7,max_power_bank_offset,66,2,77.0,4668.0,3360.4
7,max_power_bank_offset,67,2,77.0,4668.0,3360.8
7,max_power_bank_offset,68,2,78.0,4668.0,3360.0
7,max_power_bank_offset,69,2,77.0,4668.0,3359.2
7,max_power_bank_offset,70,2,77.0,4667.0,3359.6
7,max_power_bank_offset,71,2,77.0,4667.0,3359.6
7,max_power_bank_offset,72,2,77.0,4666.0,3360.4
7,max_power_bank_offset,73,2,77.0,4666.0,3360.4
7,max_power_bank_offset,74,2,77.0,4666.0,3360.0
7,max_power_bank_offset,75,2,77.0,4666.0,3359.6
7,max_power_bank_offset,76,2,78.0,4666.0,3360.0
7,max_power_bank_offset,77,2,77.0,4666.0,3360.0
7,max_power_bank_offset,78,2,77.0,4666.0,3360.0
7,max_power_bank_offset,79,2,77.0,4668.0,3359.2
7,max_power_bank_offset,80,2,77.0,4700.0,3342.8
7,max_power_bank_offset,81,2,77.0,4690.0,3351.6
7,max_power_bank_offset,82,2,77.0,4679.0,3358.0
7,max_power_bank_offset,83,2,77.0,4679.0,3356.8
7,max_power_bank_offset,84,2,77.0,4681.0,3355.2
7,max_power_bank_offset,85,2,77.0,4677.0,3355.6
7,max_power_bank_offset,86,2,77.0,4678.0,3352.8
7,max_power_bank_offset,87,2,77.0,4679.0,3351.2
7,max_power_bank_offset,88,2,78.0,4679.0,3352.8
7,max_power_bank_offset,89,2,77.0,4679.0,3354.0
7,max_power_bank_offset,90,2,77.0,4678.0,3355.2
7,max_power_bank_offset,0,3,70.0,1437.0,3283.6
7,max_power_bank_offset,1,3,77.0,4340.0,2991.2
7,max_power_bank_offset,2,3,77.0,4500.0,3181.6
7,max_power_bank_offset,3,3,77.0,4548.0,3236.0
7,max_power_bank_offset,4,3,77.0,4569.0,3270.4
7,max_power_bank_offset,5,3,77.0,4581.0,3295.2
7,max_power_bank_offset,6,3,77.0,4591.0,3308.4
7,max_power_bank_offset,7,3,77.0,4594.0,3323.2
7,max_power_bank_offset,8,3,77.0,4597.0,3328.4
7,max_power_bank_offset,9,3,77.0,4602.0,3333.6
7,max_power_bank_offset,10,3,78.0,4606.0,3335.6
7,max_power_bank_offset,11,3,77.0,4606.0,3340.0
7,max_power_bank_offset,12,3,77.0,4611.0,3341.6
7,max_power_bank_offset,13,3,77.0,4617.0,3343.6
7,max_power_bank_offset,14,3,77.0,4620.0,3346.0
7,max_power_bank_offset,15,3,77.0,4622.0,3344.4
7,max_power_bank_offset,16,3,77.0,4626.0,3348.4
7,max_power_bank_offset,17,3,77.0,4630.0,3346.4
7,max_power_bank_offset,18,3,77.0,4632.0,3350.0
7,max_power_bank_offset,19,3,77.0,4634.0,3348.8
7,max_power_bank_offset,20,3,77.0,4635.0,3347.2
7,max_power_bank_offset,21,3,77.0,4637.0,3349.6
7,max_power_bank_offset,22,3,77.0,4638.0,3350.0
7,max_power_bank_offset,23,3,77.0,4638.0,3349.6
7,max_power_bank_offset,24,3,77.0,4637.0,3349.6
7,max_power_bank_offset,25,3,77.0,4636.0,3355.2
7,max_power_bank_offset,26,3,77.0,4638.0,3355.2
7,max_power_bank_offset,27,3,77.0,4639.0,3354.0
7,max_power_bank_offset,28,3,77.0,4639.0,3354.4
7,max_power_bank_offset,29,3,77.0,4639.0,3354.0
7,max_power_bank_offset,30,3,77.0,4640.0,3352.4
7,max_power_bank_offset,31,3,77.0,4639.0,3352.4
7,max_power_bank_offset,32,3,77.0,4640.0,3356.4
7,max_power_bank_offset,33,3,77.0,4640.0,3356.4
7,max_power_bank_offset,34,3,77.0,4640.0,3356.4
7,max_power_bank_offset,35,3,77.0,4640.0,3356.4
7,max_power_bank_offset,36,3,77.0,4640.0,3356.4
7,max_power_bank_offset,37,3,77.0,4640.0,3356.4
7,max_power_bank_offset,38,3,78.0,4642.0,3355.6
7,max_power_bank_offset,39,3,77.0,4643.0,3354.4
7,max_power_bank_offset,40,3,77.0,4640.0,3369.6
7,max_power_bank_offset,41,3,78.0,4657.0,3359.2
7,max_power_bank_offset,42,3,77.0,4661.0,3357.2
7,max_power_bank_offset,43,3,77.0,4658.0,3361.6
7,max_power_bank_offset,44,3,77.0,4658.0,3364.0
7,max_power_bank_offset,45,3,77.0,4661.0,3365.6
7,max_power_bank_offset,46,3,77.0,4658.0,3363.2
7,max_power_bank_offset,47,3,77.0,4657.0,3363.2
7,max_power_bank_offset,48,3,77.0,4657.0,3362.4
7,max_power_bank_offset,49,3,78.0,4658.0,3361.6
7,max_power_bank_offset,50,3,77.0,4655.0,3363.6
7,max_power_bank_offset,51,3,77.0,4653.0,3364.8
7,max_power_bank_offset,52,3,77.0,4651.0,3366.0
7,max_power_bank_offset,53,3,77.0,4653.0,3365.6
7,max_power_bank_offset,54,3,77.0,4652.0,3365.2
7,max_power_bank_offset,55,3,77.0,4653.0,3363.6
7,max_power_bank_offset,56,3,77.0,4652.0,3364.4
7,max_power_bank_offset,57,3,78.0,4653.0,3364.0
7,max_power_bank_offset,58,3,77.0,4652.0,3364.0
7,max_power_bank_offset,59,3,77.0,4653.0,3364.0
7,max_power_bank_offset,60,3,78.0,4653.0,3363.2
7,max_power_bank_offset,61,3,78.0,4652.0,3363.6
7,max_power_bank_offset,62,3,78.0,4652.0,3364.4
7,max_power_bank_offset,63,3,77.0,4651.0,3363.6
7,max_power_bank_offset,64,3,78.0,4652.0,3363.6
7,max_power_bank_offset,65,3,77.0,4651.0,3363.6
7,max_power_bank_offset,66,3,78.0,4652.0,3362.8
7,max_power_bank_offset,67,3,78.0,4653.0,3362.4
7,max_power_bank_offset,68,3,78.0,4652.0,3362.4
7,max_power_bank_offset,69,3,77.0,4651.0,3362.8
7,max_power_bank_offset,70,3,78.0,4650.0,3362.4
7,max_power_bank_offset,71,3,78.0,4649.0,3363.2
7,max_power_bank_offset,72,3,78.0,4650.0,3362.8
7,max_power_bank_offset,73,3,78.0,4650.0,3362.4
7,max_power_bank_offset,74,3,77.0,4650.0,3362.4
7,max_power_bank_offset,75,3,78.0,4650.0,3362.0
7,max_power_bank_offset,76,3,77.0,4649.0,3362.0
7,max_power_bank_offset,77,3,78.0,4649.0,3362.0
7,max_power_bank_offset,78,3,77.0,4648.0,3362.0
7,max_power_bank_offset,79,3,78.0,4649.0,3362.0
7,max_power_bank_offset,80,3,78.0,4649.0,3381.2
7,max_power_bank_offset,81,3,77.0,4655.0,3369.2
7,max_power_bank_offset,82,3,77.0,4665.0,3362.8
7,max_power_bank_offset,83,3,78.0,4671.0,3363.2
7,max_power_bank_offset,84,3,78.0,4663.0,3363.2
7,max_power_bank_offset,85,3,78.0,4655.0,3366.0
7,max_power_bank_offset,86,3,78.0,4654.0,3368.0
7,max_power_bank_offset,87,3,77.0,4652.0,3367.6
7,max_power_bank_offset,88,3,78.0,4651.0,3365.6
7,max_power_bank_offset,89,3,78.0,4653.0,3362.4
7,max_power_bank_offset,90,3,77.0,4651.0,3364.0
8,max_power_bank_offset,0,0,62.0,1287.0,3087.2
8,max_power_bank_offset,1,0,70.0,4320.0,2831.6
8,max_power_bank_offset,2,0,70.0,4490.0,3008.0
8,max_power_bank_offset,3,0,70.0,4544.0,3070.4
8,max_power_bank_offset,4,0,70.0,4587.0,3095.6
8,max_power_bank_offset,5,0,70.0,4597.0,3120.4
8,max_power_bank_offset,6,0,70.0,4610.0,3136.0
8,max_power_bank_offset,7,0,70.0,4627.0,3135.6
8,max_power_bank_offset,8,0,70.0,4635.0,3142.8
8,max_power_bank_offset,9,0,70.0,4640.0,3148.4
8,max_power_bank_offset,10,0,70.0,4645.0,3148.8
8,max_power_bank_offset,11,0,70.0,4648.0,3150.8
8,max_power_bank_offset,12,0,70.0,4651.0,3154.0
8,max_power_bank_offset,13,0,70.0,4655.0,3157.2
8,max_power_bank_offset,14,0,70.0,4657.0,3159.2
8,max_power_bank_offset,15,0,70.0,4661.0,3161.2
8,max_power_bank_offset,16,0,70.0,4664.0,3159.6
8,max_power_bank_offset,17,0,70.0,4666.0,3163.2
8,max_power_bank_offset,18,0,70.0,4668.0,3160.4
8,max_power_bank_offset,19,0,70.0,4670.0,3163.2
8,max_power_bank_offset,20,0,70.0,4671.0,3161.6
8,max_power_bank_offset,21,0,70.0,4672.0,3162.0
8,max_power_bank_offset,22,0,70.0,4672.0,3161.6
8,max_power_bank_offset,23,0,70.0,4672.0,3166.8
8,max_power_bank_offset,24,0,70.0,4672.0,3166.8
8,max_power_bank_offset,25,0,70.0,4673.0,3165.2
8,max_power_bank_offset,26,0,70.0,4674.0,3164.4
8,max_power_bank_offset,27,0,70.0,4675.0,3168.0
8,max_power_bank_offset,28,0,71.0,4676.0,3166.8
8,max_power_bank_offset,29,0,71.0,4677.0,3166.0
8,max_power_bank_offset,30,0,70.0,4677.0,3164.8
8,max_power_bank_offset,31,0,70.0,4677.0,3165.2
8,max_power_bank_offset,32,0,70.0,4677.0,3165.2
8,max_power_bank_offset,33,0,71.0,4677.0,3164.8
8,max_power_bank_offset,34,0,71.0,4677.0,3169.6
8,max_power_bank_offset,35,0,71.0,4677.0,3169.6
8,max_power_bank_offset,36,0,70.0,4678.0,3169.6
8,max_power_bank_offset,37,0,71.0,4678.0,3169.2
8,max_power_bank_offset,38,0,71.0,4678.0,3168.8
8,max_power_bank_offset,39,0,70.0,4679.0,3168.8
8,max_power_bank_offset,40,0,70.0,4689.0,3158.0
8,max_power_bank_offset,41,0,71.0,4688.0,3158.4
8,max_power_bank_offset,42,0,71.0,4689.0,3161.6
8,max_power_bank_offset,43,0,70.0,4684.0,3166.4
8,max_power_bank_offset,44,0,71.0,4681.0,3168.0
8,max_power_bank_offset,45,0,71.0,4682.0,3166.8
8,max_power_bank_offset,46,0,71.0,4682.0,3174.4
8,max_power_bank_offset,47,0,71.0,4682.0,3174.8
8,max_power_bank_offset,48,0,71.0,4680.0,3177.6
8,max_power_bank_offset,49,0,71.0,4679.0,3179.6
8,max_power_bank_offset,50,0,71.0,4682.0,3176.8
8,max_power_bank_offset,51,0,71.0,4684.0,3174.4
8,max_power_bank_offset,52,0,71.0,4683.0,3173.6
8,max_power_bank_offset,53,0,71.0,4684.0,3172.8
8,max_power_bank_offset,54,0,71.0,4686.0,3170.8
8,max_power_bank_offset,55,0,71.0,4687.0,3175.2
8,max_power_bank_offset,56,0,71.0,4689.0,3172.8
8,max_power_bank_offset,57,0,71.0,4688.0,3174.0
8,max_power_bank_offset,58,0,71.0,4686.0,3174.8
8,max_power_bank_offset,59,0,71.0,4684.0,3180.0
8,max_power_bank_offset,60,0,71.0,4686.0,3178.0
8,max_power_bank_offset,61,0,71.0,4686.0,3177.6
8,max_power_bank_offset,62,0,71.0,4687.0,3176.0
8,max_power_bank_offset,63,0,71.0,4688.0,3180.8
8,max_power_bank_offset,64,0,71.0,4689.0,3179.2
8,max_power_bank_offset,65,0,71.0,4688.0,3180.0
8,max_power_bank_offset,66,0,71.0,4688.0,3179.6
8,max_power_bank_offset,67,0,71.0,4689.0,3178.8
8,max_power_bank_offset,68,0,71.0,4688.0,3182.8
8,max_power_bank_offset,69,0,71.0,4688.0,3182.8
8,max_power_bank_offset,70,0,71.0,4688.0,3182.8
8,max_power_bank_offset,71,0,71.0,4688.0,3182.8
8,max_power_bank_offset,72,0,71.0,4688.0,3182.4
8,max_power_bank_offset,73,0,71.0,4688.0,3182.4
8,max_power_bank_offset,74,0,71.0,4690.0,3181.2
8,max_power_bank_offset,75,0,71.0,4689.0,3181.6
8,max_power_bank_offset,76,0,71.0,4689.0,3181.2
8,max_power_bank_offset,77,0,71.0,4689.0,3182.4
8,max_power_bank_offset,78,0,71.0,4690.0,3187.2
8,max_power_bank_offset,79,0,71.0,4689.0,3187.6
8,max_power_bank_offset,80,0,71.0,4660.0,3179.2
8,max_power_bank_offset,81,0,71.0,4670.0,3187.2
8,max_power_bank_offset,82,0,71.0,4675.0,3192.0
8,max_power_bank_offset,83,0,71.0,4682.0,3195.6
8,max_power_bank_offset,84,0,71.0,4689.0,3194.8
8,max_power_bank_offset,85,0,71.0,4691.0,3191.6
8,max_power_bank_offset,86,0,71.0,4694.0,3192.4
8,max_power_bank_offset,87,0,71.0,4694.0,3190.0
8,max_power_bank_offset,88,0,71.0,4696.0,3189.2
8,max_power_bank_offset,89,0,71.0,4691.0,3191.6
8,max_power_bank_offset,90,0,71.0,4688.0,3192.4
8,max_power_bank_offset,0,1,62.0,1300.0,3083.6
8,max_power_bank_offset,1,1,70.0,4300.0,2734.4
8,max_power_bank_offset,2,1,71.0,4480.0,2948.8
8,max_power_bank_offset,3,1,71.0,4537.0,3028.8
8,max_power_bank_offset,4,1,71.0,4569.0,3081.2
8,max_power_bank_offset,5,1,71.0,4593.0,3100.4
8,max_power_bank_offset,6,1,71.0,4608.0,3115.2
8,max_power_bank_offset,7,1,71.0,4617.0,3123.6
8,max_power_bank_offset,8,1,71.0,4628.0,3128.8
8,max_power_bank_offset,9,1,71.0,4632.0,3136.0
8,max_power_bank_offset,10,1,71.0,4634.0,3143.6
8,max_power_bank_offset,11,1,71.0,4637.0,3148.4
8,max_power_bank_offset,12,1,71.0,4640.0,3150.8
8,max_power_bank_offset,13,1,71.0,4644.0,3153.2
8,max_power_bank_offset,14,1,71.0,4643.0,3157.6
8,max_power_bank_offset,15,1,71.0,4642.0,3162.8
8,max_power_bank_offset,16,1,71.0,4643.0,3162.8
8,max_power_bank_offset,17,1,71.0,4645.0,3166.0
8,max_power_bank_offset,18,1,71.0,4646.0,3163.6
8,max_power_bank_offset,19,1,71.0,4647.0,3167.6
8,max_power_bank_offset,20,1,71.0,4648.0,3166.8
8,max_power_bank_offset,21,1,71.0,4651.0,3169.6
8,max_power_bank_offset,22,1,71.0,4653.0,3169.6
8,max_power_bank_offset,23,1,71.0,4653.0,3169.2
8,max_power_bank_offset,24,1,71.0,4655.0,3167.6
8,max_power_bank_offset,25,1,71.0,4657.0,3171.2
8,max_power_bank_offset,26,1,71.0,4659.0,3170.8
8,max_power_bank_offset,27,1,71.0,4660.0,3170.4
8,max_power_bank_offset,28,1,71.0,4661.0,3170.4
8,max_power_bank_offset,29,1,71.0,4661.0,3170.4
8,max_power_bank_offset,30,1,71.0,4662.0,3174.4
8,max_power_bank_offset,31,1,71.0,4662.0,3175.2
8,max_power_bank_offset,32,1,71.0,4662.0,3174.8
8,max_power_bank_offset,33,1,71.0,4662.0,3174.8
8,max_power_bank_offset,34,1,71.0,4662.0,3174.0
8,max_power_bank_offset,35,1,71.0,4664.0,3173.2
8,max_power_bank_offset,36,1,71.0,4664.0,3173.2
8,max_power_bank_offset,37,1,71.0,4665.0,3177.2
8,max_power_bank_offset,38,1,71.0,4665.0,3177.6
8,max_power_bank_offset,39,1,71.0,4665.0,3177.2
8,max_power_bank_offset,40,1,71.0,4640.0,3195.6
8,max_power_bank_offset,41,1,71.0,4663.0,3181.2
8,max_power_bank_offset,42,1,71.0,4662.0,3188.0
8,max_power_bank_offset,43,1,71.0,4666.0,3184.0
8,max_power_bank_offset,44,1,71.0,4669.0,3182.0
8,max_power_bank_offset,45,1,71.0,4665.0,3186.4
8,max_power_bank_offset,46,1,71.0,4667.0,3182.8
8,max_power_bank_offset,47,1,71.0,4669.0,3180.4
8,max_power_bank_offset,48,1,71.0,4670.0,3178.4
8,max_power_bank_offset,49,1,71.0,4670.0,3178.0
8,max_power_bank_offset,50,1,71.0,4672.0,3178.0
8,max_power_bank_offset,51,1,71.0,4671.0,3176.4
8,max_power_bank_offset,52,1,71.0,4673.0,3174.8
8,max_power_bank_offset,53,1,71.0,4672.0,3176.4
8,max_power_bank_offset,54,1,71.0,4673.0,3174.8
8,max_power_bank_offset,55,1,71.0,4673.0,3173.2
8,max_power_bank_offset,56,1,71.0,4674.0,3170.8
8,max_power_bank_offset,57,1,71.0,4675.0,3170.8
8,max_power_bank_offset,58,1,71.0,4675.0,3169.6
8,max_power_bank_offset,59,1,71.0,4676.0,3169.6
8,max_power_bank_offset,60,1,71.0,4678.0,3172.8
8,max_power_bank_offset,61,1,71.0,4677.0,3174.4
8,max_power_bank_offset,62,1,71.0,4677.0,3174.8
8,max_power_bank_offset,63,1,71.0,4676.0,3174.0
8,max_power_bank_offset,64,1,71.0,4676.0,3178.4
8,max_power_bank_offset,65,1,71.0,4675.0,3178.8
8,max_power_bank_offset,66,1,71.0,4676.0,3177.6
8,max_power_bank_offset,67,1,71.0,4675.0,3178.4
8,max_power_bank_offset,68,1,71.0,4675.0,3178.4
8,max_power_bank_offset,69,1,71.0,4676.0,3177.6
8,max_power_bank_offset,70,1,71.0,4675.0,3182.0
8,max_power_bank_offset,71,1,71.0,4675.0,3181.6
8,max_power_bank_offset,72,1,72.0,4676.0,3181.2
8,max_power_bank_offset,73,1,71.0,4676.0,3181.2
8,max_power_bank_offset,74,1,71.0,4676.0,3181.2
8,max_power_bank_offset,75,1,71.0,4677.0,3180.4
8,max_power_bank_offset,76,1,72.0,4677.0,3180.0
8,max_power_bank_offset,77,1,71.0,4677.0,3184.8
8,max_power_bank_offset,78,1,72.0,4678.0,3182.4
8,max_power_bank_offset,79,1,71.0,4677.0,3182.4
8,max_power_bank_offset,80,1,71.0,4720.0,3152.0
8,max_power_bank_offset,81,1,72.0,4695.0,3170.0
8,max_power_bank_offset,82,1,72.0,4696.0,3176.0
8,max_power_bank_offset,83,1,72.0,4692.0,3183.6
8,max_power_bank_offset,84,1,72.0,4685.0,3189.6
8,max_power_bank_offset,85,1,71.0,4684.0,3190.0
8,max_power_bank_offset,86,1,72.0,4686.0,3187.6
8,max_power_bank_offset,87,1,72.0,4689.0,3186.0
8,max_power_bank_offset,88,1,71.0,4689.0,3184.4
8,max_power_bank_offset,89,1,72.0,4687.0,3185.2
8,max_power_bank_offset,90,1,72.0,4687.0,3187.6
8,max_power_bank_offset,0,2,63.0,1275.0,3112.0
8,max_power_bank_offset,1,2,71.0,4210.0,2798.4
8,max_power_bank_offset,2,2,71.0,4380.0,2974.4
8,max_power_bank_offset,3,2,71.0,4406.0,3037.2
8,max_power_bank_offset,4,2,71.0,4433.0,3063.6
8,max_power_bank_offset,5,2,72.0,4453.0,3087.2
8,max_power_bank_offset,6,2,71.0,4469.0,3092.0
8,max_power_bank_offset,7,2,71.0,4485.0,3092.4
8,max_power_bank_offset,8,2,71.0,4488.0,3100.0
8,max_power_bank_offset,9,2,71.0,4492.0,3106.4
8,max_power_bank_offset,10,2,72.0,4494.0,3116.4
8,max_power_bank_offset,11,2,71.0,4499.0,3117.2
8,max_power_bank_offset,12,2,71.0,4501.0,3124.8
8,max_power_bank_offset,13,2,71.0,4501.0,3129.2
8,max_power_bank_offset,14,2,72.0,4503.0,3133.6
8,max_power_bank_offset,15,2,71.0,4505.0,3136.0
8,max_power_bank_offset,16,2,71.0,4507.0,3136.0
8,max_power_bank_offset,17,2,71.0,4508.0,3140.4
8,max_power_bank_offset,18,2,71.0,4508.0,3145.6
8,max_power_bank_offset,19,2,71.0,4506.0,3146.4
8,max_power_bank_offset,20,2,72.0,4506.0,3150.4
8,max_power_bank_offset,21,2,71.0,4506.0,3150.0
8,max_power_bank_offset,22,2,72.0,4507.0,3154.0
8,max_power_bank_offset,23,2,71.0,4508.0,3154.4
8,max_power_bank_offset,24,2,71.0,4509.0,3159.2
8,max_power_bank_offset,25,2,71.0,4508.0,3158.4
8,max_power_bank_offset,26,2,72.0,4509.0,3158.0
8,max_power_bank_offset,27,2,72.0,4509.0,3162.4
8,max_power_bank_offset,28,2,71.0,4509.0,3162.8
8,max_power_bank_offset,29,2,71.0,4509.0,3162.0
8,max_power_bank_offset,30,2,71.0,4509.0,3162.0
8,max_power_bank_offset,31,2,72.0,4509.0,3166.0
8,max_power_bank_offset,32,2,72.0,4509.0,3166.0
8,max_power_bank_offset,33,2,72.0,4510.0,3166.0
8,max_power_bank_offset,34,2,71.0,4510.0,3164.8
8,max_power_bank_offset,35,2,72.0,4510.0,3164.4
8,max_power_bank_offset,36,2,71.0,4511.0,3169.2
8,max_power_bank_offset,37,2,72.0,4512.0,3168.4
8,max_power_bank_offset,38,2,72.0,4511.0,3169.2
8,max_power_bank_offset,39,2,72.0,4511.0,3169.2
8,max_power_bank_offset,40,2,72.0,4510.0,3196.8
8,max_power_bank_offset,41,2,71.0,4519.0,3183.2
8,max_power_bank_offset,42,2,71.0,4510.0,3187.2
8,max_power_bank_offset,43,2,72.0,4510.0,3189.2
8,max_power_bank_offset,44,2,71.0,4520.0,3189.2
8,max_power_bank_offset,45,2,71.0,4525.0,3188.0
8,max_power_bank_offset,46,2,72.0,4526.0,3186.8
8,max_power_bank_offset,47,2,72.0,4529.0,3186.4
8,max_power_bank_offset,48,2,72.0,4531.0,3185.2
8,max_power_bank_offset,49,2,72.0,4529.0,3184.0
8,max_power_bank_offset,50,2,71.0,4527.0,3184.4
8,max_power_bank_offset,51,2,72.0,4527.0,3184.4
8,max_power_bank_offset,52,2,72.0,4528.0,3182.0
8,max_power_bank_offset,53,2,72.0,4526.0,3184.0
8,max_power_bank_offset,54,2,72.0,4523.0,3184.0
8,max_power_bank_offset,55,2,72.0,4524.0,3183.6
8,max_power_bank_offset,56,2,72.0,4525.0,3183.2
8,max_power_bank_offset,57,2,72.0,4524.0,3183.2
8,max_power_bank_offset,58,2,72.0,4523.0,3183.6
8,max_power_bank_offset,59,2,72.0,4523.0,3184.0
8,max_power_bank_offset,60,2,72.0,4523.0,3184.0
8,max_power_bank_offset,61,2,72.0,4523.0,3182.8
8,max_power_bank_offset,62,2,72.0,4523.0,3181.6
8,max_power_bank_offset,63,2,72.0,4523.0,3181.6
8,max_power_bank_offset,64,2,72.0,4524.0,3180.4
8,max_power_bank_offset,65,2,72.0,4523.0,3181.6
8,max_power_bank_offset,66,2,72.0,4524.0,3181.6
8,max_power_bank_offset,67,2,72.0,4525.0,3180.8
8,max_power_bank_offset,68,2,72.0,4524.0,3182.0
8,max_power_bank_offset,69,2,72.0,4523.0,3183.2
8,max_power_bank_offset,70,2,72.0,4523.0,3182.8
8,max_power_bank_offset,71,2,72.0,4522.0,3183.6
8,max_power_bank_offset,72,2,72.0,4522.0,3183.2
8,max_power_bank_offset,73,2,72.0,4522.0,3183.6
8,max_power_bank_offset,74,2,72.0,4523.0,3182.8
8,max_power_bank_offset,75,2,72.0,4522.0,3183.6
8,max_power_bank_offset,76,2,72.0,4521.0,3183.6
8,max_power_bank_offset,77,2,72.0,4520.0,3184.0
8,max_power_bank_offset,78,2,72.0,4520.0,3183.6
8,max_power_bank_offset,79,2,72.0,4521.0,3183.6
8,max_power_bank_offset,80,2,72.0,4550.0,3159.6
8,max_power_bank_offset,81,2,72.0,4544.0,3160.4
8,max_power_bank_offset,82,2,72.0,4546.0,3164.0
8,max_power_bank_offset,83,2,72.0,4541.0,3166.4
8,max_power_bank_offset,84,2,72.0,4538.0,3171.2
8,max_power_bank_offset,85,2,72.0,4535.0,3172.0
8,max_power_bank_offset,86,2,72.0,4530.0,3174.8
8,max_power_bank_offset,87,2,72.0,4530.0,3174.8
8,max_power_bank_offset,88,2,72.0,4532.0,3174.0
8,max_power_bank_offset,89,2,72.0,4530.0,3175.2
8,max_power_bank_offset,90,2,72.0,4531.0,3175.2
8,max_power_bank_offset,0,3,64.0,1287.0,3098.4
8,max_power_bank_offset,1,3,71.0,4540.0,2492.8
8,max_power_bank_offset,2,3,72.0,4535.0,2834.4
8,max_power_bank_offset,3,3,72.0,4537.0,2937.2
8,max_power_bank_offset,4,3,72.0,4523.0,2997.6
8,max_power_bank_offset,5,3,72.0,4522.0,3032.8
8,max_power_bank_offset,6,3,72.0,4523.0,3056.0
8,max_power_bank_offset,7,3,72.0,4517.0,3071.2
8,max_power_bank_offset,8,3,72.0,4517.0,3087.6
8,max_power_bank_offset,9,3,72.0,4519.0,3096.0
8,max_power_bank_offset,10,3,72.0,4515.0,3099.6
8,max_power_bank_offset,11,3,72.0,4514.0,3108.8
8,max_power_bank_offset,12,3,72.0,4513.0,3114.8
8,max_power_bank_offset,13,3,72.0,4509.0,3122.4
8,max_power_bank_offset,14,3,72.0,4510.0,3121.6
8,max_power_bank_offset,15,3,72.0,4511.0,3125.6
8,max_power_bank_offset,16,3,72.0,4511.0,3130.8
8,max_power_bank_offset,17,3,72.0,4510.0,3130.8
8,max_power_bank_offset,18,3,72.0,4512.0,3134.8
8,max_power_bank_offset,19,3,72.0,4512.0,3135.2
8,max_power_bank_offset,20,3,72.0,4513.0,3134.8
8,max_power_bank_offset,21,3,72.0,4515.0,3140.4
8,max_power_bank_offset,22,3,72.0,4515.0,3140.8
8,max_power_bank_offset,23,3,72.0,4515.0,3139.6
8,max_power_bank_offset,24,3,72.0,4515.0,3144.8
8,max_power_bank_offset,25,3,72.0,4515.0,3144.8
8,max_power_bank_offset,26,3,72.0,4515.0,3145.2
8,max_power_bank_offset,27,3,72.0,4514.0,3146.4
8,max_power_bank_offset,28,3,72.0,4513.0,3146.8
8,max_power_bank_offset,29,3,72.0,4514.0,3150.8
8,max_power_bank_offset,30,3,72.0,4513.0,3152.0
8,max_power_bank_offset,31,3,72.0,4514.0,3150.8
8,max_power_bank_offset,32,3,72.0,4515.0,3150.4
8,max_power_bank_offset,33,3,72.0,4515.0,3149.6
8,max_power_bank_offset,34,3,72.0,4515.0,3150.4
8,max_power_bank_offset,35,3,72.0,4516.0,3150.0
8,max_power_bank_offset,36,3,72.0,4516.0,3155.2
8,max_power_bank_offset,37,3,72.0,4516.0,3155.6
8,max_power_bank_offset,38,3,72.0,4515.0,3156.0
8,max_power_bank_offset,39,3,72.0,4515.0,3156.0
8,max_power_bank_offset,40,3,72.0,4540.0,3147.6
8,max_power_bank_offset,41,3,72.0,4534.0,3170.8
8,max_power_bank_offset,42,3,72.0,4526.0,3168.8
8,max_power_bank_offset,43,3,72.0,4523.0,3164.0
8,max_power_bank_offset,44,3,72.0,4524.0,3159.2
8,max_power_bank_offset,45,3,72.0,4532.0,3156.0
8,max_power_bank_offset,46,3,72.0,4524.0,3159.6
8,max_power_bank_offset,47,3,72.0,4523.0,3160.0
8,max_power_bank_offset,48,3,72.0,4518.0,3161.6
8,max_power_bank_offset,49,3,72.0,4513.0,3162.8
8,max_power_bank_offset,50,3,72.0,4510.0,3164.4
8,max_power_bank_offset,51,3,72.0,4508.0,3167.2
8,max_power_bank_offset,52,3,72.0,4507.0,3167.6
8,max_power_bank_offset,53,3,72.0,4508.0,3167.2
8,max_power_bank_offset,54,3,72.0,4508.0,3167.6
8,max_power_bank_offset,55,3,72.0,4509.0,3166.8
8,max_power_bank_offset,56,3,72.0,4511.0,3166.4
8,max_power_bank_offset,57,3,72.0,4511.0,3165.6
8,max_power_bank_offset,58,3,72.0,4512.0,3165.2
8,max_power_bank_offset,59,3,72.0,4513.0,3164.8
8,max_power_bank_offset,60,3,72.0,4513.0,3169.6
8,max_power_bank_offset,61,3,72.0,4513.0,3168.4
8,max_power_bank_offset,62,3,72.0,4511.0,3169.6
8,max_power_bank_offset,63,3,72.0,4511.0,3168.0
8,max_power_bank_offset,64,3,72.0,4509.0,3170.0
8,max_power_bank_offset,65,3,72.0,4510.0,3170.0
8,max_power_bank_offset,66,3,72.0,4509.0,3174.4
8,max_power_bank_offset,67,3,72.0,4509.0,3174.4
8,max_power_bank_offset,68,3,72.0,4509.0,3175.6
8,max_power_bank_offset,69,3,72.0,4509.0,3175.2
8,max_power_bank_offset,70,3,72.0,4509.0,3175.6
8,max_power_bank_offset,71,3,72.0,4510.0,3175.2
8,max_power_bank_offset,72,3,72.0,4510.0,3176.0
8,max_power_bank_offset,73,3,72.0,4511.0,3174.4
8,max_power_bank_offset,74,3,72.0,4511.0,3179.6
8,max_power_bank_offset,75,3,72.0,4510.0,3180.4
8,max_power_bank_offset,76,3,72.0,4510.0,3179.6
8,max_power_bank_offset,77,3,72.0,4511.0,3180.0
8,max_power_bank_offset,78,3,72.0,4511.0,3180.0
8,max_power_bank_offset,79,3,72.0,4512.0,3179.2
8,max_power_bank_offset,80,3,72.0,4500.0,3195.2
8,max_power_bank_offset,81,3,72.0,4515.0,3194.0
8,max_power_bank_offset,82,3,72.0,4510.0,3191.2
8,max_power_bank_offset,83,3,72.0,4507.0,3193.2
8,max_power_bank_offset,84,3,72.0,4510.0,3195.2
8,max_power_bank_offset,85,3,72.0,4508.0,3198.4
8,max_power_bank_offset,86,3,72.0,4507.0,3198.8
8,max_power_bank_offset,87,3,72.0,4503.0,3201.2
8,max_power_bank_offset,88,3,72.0,4504.0,3200.4
8,max_power_bank_offset,89,3,72.0,4504.0,3200.4
8,max_power_bank_offset,90,3,72.0,4505.0,3199.2
9,max_power_bank_offset,0,0,64.0,1312.0,3083.2
9,max_power_bank_offset,1,0,72.0,4700.0,2479.6
9,max_power_bank_offset,2,0,72.0,4704.0,2822.4
9,max_power_bank_offset,3,0,73.0,4699.0,2944.8
9,max_power_bank_offset,4,0,73.0,4697.0,3010.8
9,max_power_bank_offset,5,0,73.0,4693.0,3053.6
9,max_power_bank_offset,6,0,73.0,4698.0,3072.4
9,max_power_bank_offset,7,0,73.0,4701.0,3086.8
9,max_power_bank_offset,8,0,73.0,4697.0,3105.2
9,max_power_bank_offset,9,0,73.0,4699.0,3115.6
9,max_power_bank_offset,10,0,73.0,4697.0,3125.2
9,max_power_bank_offset,11,0,73.0,4695.0,3131.6
9,max_power_bank_offset,12,0,73.0,4694.0,3140.8
9,max_power_bank_offset,13,0,73.0,4696.0,3144.0
9,max_power_bank_offset,14,0,73.0,4698.0,3148.4
9,max_power_bank_offset,15,0,73.0,4700.0,3149.6
9,max_power_bank_offset,16,0,73.0,4701.0,3154.0
9,max_power_bank_offset,17,0,73.0,4703.0,3150.8
9,max_power_bank_offset,18,0,73.0,4703.0,3155.2
9,max_power_bank_offset,19,0,73.0,4703.0,3155.2
9,max_power_bank_offset,20,0,73.0,4705.0,3158.0
9,max_power_bank_offset,21,0,73.0,4705.0,3158.0
9,max_power_bank_offset,22,0,73.0,4706.0,3161.6
9,max_power_bank_offset,23,0,73.0,4708.0,3160.0
9,max_power_bank_offset,24,0,73.0,4707.0,3160.4
9,max_power_bank_offset,25,0,73.0,4709.0,3160.4
9,max_power_bank_offset,26,0,73.0,4708.0,3165.2
9,max_power_bank_offset,27,0,73.0,4709.0,3164.4
9,max_power_bank_offset,28,0,73.0,4709.0,3164.0
9,max_power_bank_offset,29,0,73.0,4709.0,3164.0
9,max_power_bank_offset,30,0,73.0,4710.0,3163.2
9,max_power_bank_offset,31,0,73.0,4710.0,3167.6
9,max_power_bank_offset,32,0,73.0,4709.0,3167.6
9,max_power_bank_offset,33,0,73.0,4711.0,3166.4
9,max_power_bank_offset,34,0,73.0,4710.0,3166.8
9,max_power_bank_offset,35,0,73.0,4710.0,3166.8
9,max_power_bank_offset,36,0,73.0,4711.0,3165.6
9,max_power_bank_offset,37,0,73.0,4711.0,3165.6
9,max_power_bank_offset,38,0,73.0,4711.0,3165.6
9,max_power_bank_offset,39,0,73.0,4710.0,3170.4
9,max_power_bank_offset,40,0,73.0,4737.0,3153.6
9,max_power_bank_offset,41,0,73.0,4720.0,3156.8
9,max_power_bank_offset,42,0,73.0,4710.0,3169.6
9,max_power_bank_offset,43,0,73.0,4707.0,3174.0
9,max_power_bank_offset,44,0,73.0,4704.0,3174.8
9,max_power_bank_offset,45,0,73.0,4698.0,3181.6
9,max_power_bank_offset,46,0,73.0,4700.0,3182.8
9,max_power_bank_offset,47,0,73.0,4696.0,3183.2
9,max_power_bank_offset,48,0,73.0,4702.0,3179.6
9,max_power_bank_offset,49,0,73.0,4702.0,3179.6
9,max_power_bank_offset,50,0,73.0,4700.0,3178.4
9,max_power_bank_offset,51,0,73.0,4700.0,3177.6
9,max_power_bank_offset,52,0,73.0,4699.0,3177.6
9,max_power_bank_offset,53,0,73.0,4700.0,3179.2
9,max_power_bank_offset,54,0,73.0,4698.0,3179.6
9,max_power_bank_offset,55,0,73.0,4697.0,3180.0
9,max_power_bank_offset,56,0,73.0,4698.0,3179.2
9,max_power_bank_offset,57,0,73.0,4697.0,3180.8
9,max_power_bank_offset,58,0,73.0,4698.0,3181.6
9,max_power_bank_offset,59,0,73.0,4698.0,3182.4
9,max_power_bank_offset,60,0,73.0,4699.0,3182.0
9,max_power_bank_offset,61,0,73.0,4700.0,3180.8
9,max_power_bank_offset,62,0,73.0,4701.0,3179.6
9,max_power_bank_offset,63,0,73.0,4703.0,3179.2
9,max_power_bank_offset,64,0,73.0,4703.0,3180.0
9,max_power_bank_offset,65,0,73.0,4704.0,3179.6
9,max_power_bank_offset,66,0,73.0,4703.0,3179.2
9,max_power_bank_offset,67,0,73.0,4703.0,3179.2
9,max_power_bank_offset,68,0,73.0,4702.0,3179.2
9,max_power_bank_offset,69,0,73.0,4702.0,3179.6
9,max_power_bank_offset,70,0,73.0,4702.0,3178.8
9,max_power_bank_offset,71,0,73.0,4702.0,3177.6
9,max_power_bank_offset,72,0,73.0,4702.0,3177.2
9,max_power_bank_offset,73,0,73.0,4703.0,3177.2
9,max_power_bank_offset,74,0,73.0,4702.0,3177.2
9,max_power_bank_offset,75,0,73.0,4703.0,3176.0
9,max_power_bank_offset,76,0,73.0,4703.0,3176.0
9,max_power_bank_offset,77,0,73.0,4704.0,3175.6
9,max_power_bank_offset,78,0,73.0,4703.0,3176.0
9,max_power_bank_offset,79,0,73.0,4704.0,3175.2
9,max_power_bank_offset,80,0,73.0,4700.0,3178.4
9,max_power_bank_offset,81,0,73.0,4699.0,3178.8
9,max_power_bank_offset,82,0,73.0,4693.0,3182.4
9,max_power_bank_offset,83,0,73.0,4684.0,3183.2
9,max_power_bank_offset,84,0,73.0,4687.0,3182.8
9,max_power_bank_offset,85,0,73.0,4698.0,3183.2
9,max_power_bank_offset,86,0,73.0,4704.0,3181.2
9,max_power_bank_offset,87,0,73.0,4702.0,3180.8
9,max_power_bank_offset,88,0,73.0,4702.0,3182.0
9,max_power_bank_offset,89,0,73.0,4699.0,3184.0
9,max_power_bank_offset,90,0,73.0,4699.0,3185.2
9,max_power_bank_offset,0,1,65.0,1250.0,3146.4
9,max_power_bank_offset,1,1,73.0,4330.0,2730.8
9,max_power_bank_offset,2,1,73.0,4505.0,2946.4
9,max_power_bank_offset,3,1,73.0,4575.0,3014.8
9,max_power_bank_offset,4,1,73.0,4610.0,3050.8
9,max_power_bank_offset,5,1,73.0,4626.0,3077.6
9,max_power_bank_offset,6,1,73.0,4638.0,3098.0
9,max_power_bank_offset,7,1,73.0,4651.0,3103.6
9,max_power_bank_offset,8,1,73.0,4655.0,3108.4
9,max_power_bank_offset,9,1,73.0,4660.0,3115.2
9,max_power_bank_offset,10,1,73.0,4664.0,3125.2
9,max_power_bank_offset,11,1,73.0,4668.0,3127.6
9,max_power_bank_offset,12,1,73.0,4670.0,3131.6
9,max_power_bank_offset,13,1,73.0,4671.0,3136.8
9,max_power_bank_offset,14,1,73.0,4673.0,3140.8
9,max_power_bank_offset,15,1,73.0,4675.0,3140.4
9,max_power_bank_offset,16,1,73.0,4676.0,3144.8
9,max_power_bank_offset,17,1,73.0,4677.0,3144.8
9,max_power_bank_offset,18,1,73.0,4676.0,3149.2
9,max_power_bank_offset,19,1,73.0,4677.0,3148.4
9,max_power_bank_offset,20,1,73.0,4680.0,3151.2
9,max_power_bank_offset,21,1,73.0,4681.0,3152.0
9,max_power_bank_offset,22,1,73.0,4682.0,3150.8
9,max_power_bank_offset,23,1,73.0,4681.0,3151.2
9,max_power_bank_offset,24,1,73.0,4681.0,3156.0
9,max_power_bank_offset,25,1,73.0,4683.0,3155.6
9,max_power_bank_offset,26,1,73.0,4683.0,3155.2
9,max_power_bank_offset,27,1,73.0,4684.0,3154.0
9,max_power_bank_offset,28,1,73.0,4683.0,3159.2
9,max_power_bank_offset,29,1,73.0,4684.0,3158.0
9,max_power_bank_offset,30,1,73.0,4683.0,3158.0
9,max_power_bank_offset,31,1,73.0,4684.0,3157.2
9,max_power_bank_offset,32,1,73.0,4684.0,3157.2
9,max_power_bank_offset,33,1,73.0,4686.0,3157.6
9,max_power_bank_offset,34,1,73.0,4686.0,3157.6
9,max_power_bank_offset,35,1,73.0,4688.0,3160.4
9,max_power_bank_offset,36,1,73.0,4688.0,3160.8
9,max_power_bank_offset,37,1,73.0,4689.0,3160.4
9,max_power_bank_offset,38,1,73.0,4689.0,3162.0
9,max_power_bank_offset,39,1,73.0,4689.0,3162.4
9,max_power_bank_offset,40,1,73.0,4728.0,3166.4
9,max_power_bank_offset,41,1,73.0,4704.0,3171.2
9,max_power_bank_offset,42,1,73.0,4696.0,3179.2
9,max_power_bank_offset,43,1,73.0,4697.0,3177.2
9,max_power_bank_offset,44,1,73.0,4701.0,3171.6
9,max_power_bank_offset,45,1,73.0,4698.0,3176.4
9,max_power_bank_offset,46,1,73.0,4696.0,3178.4
9,max_power_bank_offset,47,1,73.0,4694.0,3179.2
9,max_power_bank_offset,48,1,73.0,4695.0,3179.2
9,max_power_bank_offset,49,1,73.0,4694.0,3178.4
9,max_power_bank_offset,50,1,73.0,4692.0,3180.0
9,max_power_bank_offset,51,1,73.0,4692.0,3179.2
9,max_power_bank_offset,52,1,73.0,4692.0,3178.8
9,max_power_bank_offset,53,1,73.0,4694.0,3174.8
9,max_power_bank_offset,54,1,73.0,4694.0,3174.8
9,max_power_bank_offset,55,1,73.0,4694.0,3175.6
9,max_power_bank_offset,56,1,73.0,4694.0,3175.2
9,max_power_bank_offset,57,1,73.0,4695.0,3174.4
9,max_power_bank_offset,58,1,73.0,4695.0,3174.0
9,max_power_bank_offset,59,1,73.0,4695.0,3172.4
9,max_power_bank_offset,60,1,73.0,4694.0,3173.6
9,max_power_bank_offset,61,1,73.0,4694.0,3174.8
9,max_power_bank_offset,62,1,73.0,4694.0,3175.2
9,max_power_bank_offset,63,1,73.0,4695.0,3172.8
9,max_power_bank_offset,64,1,73.0,4697.0,3176.4
9,max_power_bank_offset,65,1,73.0,4695.0,3176.4
9,max_power_bank_offset,66,1,73.0,4696.0,3177.6
9,max_power_bank_offset,67,1,73.0,4696.0,3177.6
9,max_power_bank_offset,68,1,73.0,4697.0,3176.8
9,max_power_bank_offset,69,1,73.0,4697.0,3176.8
9,max_power_bank_offset,70,1,73.0,4697.0,3176.8
9,max_power_bank_offset,71,1,73.0,4698.0,3175.6
9,max_power_bank_offset,72,1,73.0,4698.0,3176.4
9,max_power_bank_offset,73,1,73.0,4699.0,3175.6
9,max_power_bank_offset,74,1,73.0,4699.0,3175.2
9,max_power_bank_offset,75,1,73.0,4699.0,3176.8
9,max_power_bank_offset,76,1,73.0,4699.0,3176.8
9,max_power_bank_offset,77,1,73.0,4698.0,3176.8
9,max_power_bank_offset,78,1,73.0,4698.0,3180.4
9,max_power_bank_offset,79,1,73.0,4698.0,3180.8
9,max_power_bank_offset,80,1,73.0,4699.0,3207.2
9,max_power_bank_offset,81,1,73.0,4704.0,3206.4
9,max_power_bank_offset,82,1,73.0,4706.0,3206.0
9,max_power_bank_offset,83,1,73.0,4702.0,3210.0
9,max_power_bank_offset,84,1,73.0,4697.0,3210.8
9,max_power_bank_offset,85,1,73.0,4694.0,3212.4
9,max_power_bank_offset,86,1,73.0,4695.0,3212.8
9,max_power_bank_offset,87,1,73.0,4696.0,3214.0
9,max_power_bank_offset,88,1,74.0,4697.0,3215.2
9,max_power_bank_offset,89,1,73.0,4701.0,3217.6
9,max_power_bank_offset,90,1,73.0,4702.0,3216.8
9,max_power_bank_offset,0,2,65.0,1300.0,3110.4
9,max_power_bank_offset,1,2,72.0,4180.0,2774.4
9,max_power_bank_offset,2,2,73.0,4370.0,2966.0
9,max_power_bank_offset,3,2,73.0,4424.0,3039.2
9,max_power_bank_offset,4,2,73.0,4438.0,3080.4
9,max_power_bank_offset,5,2,73.0,4455.0,3101.2
9,max_power_bank_offset,6,2,73.0,4462.0,3124.8
9,max_power_bank_offset,7,2,73.0,4473.0,3132.0
9,max_power_bank_offset,8,2,73.0,4480.0,3137.6
9,max_power_bank_offset,9,2,73.0,4486.0,3143.2
9,max_power_bank_offset,10,2,73.0,4485.0,3150.4
9,max_power_bank_offset,11,2,73.0,4489.0,3152.0
9,max_power_bank_offset,12,2,73.0,4494.0,3155.6
9,max_power_bank_offset,13,2,73.0,4497.0,3156.0
9,max_power_bank_offset,14,2,73.0,4498.0,3159.2
9,max_power_bank_offset,15,2,73.0,4501.0,3162.8
9,max_power_bank_offset,16,2,73.0,4503.0,3162.8
9,max_power_bank_offset,17,2,73.0,4506.0,3166.8
9,max_power_bank_offset,18,2,73.0,4507.0,3166.4
9,max_power_bank_offset,19,2,73.0,4507.0,3170.0
9,max_power_bank_offset,20,2,73.0,4508.0,3169.6
9,max_power_bank_offset,21,2,73.0,4509.0,3169.2
9,max_power_bank_offset,22,2,73.0,4509.0,3173.6
9,max_power_bank_offset,23,2,73.0,4510.0,3172.8
9,max_power_bank_offset,24,2,73.0,4512.0,3172.4
9,max_power_bank_offset,25,2,73.0,4513.0,3170.0
9,max_power_bank_offset,26,2,73.0,4515.0,3168.0
9,max_power_bank_offset,27,2,73.0,4514.0,3174.0
9,max_power_bank_offset,28,2,73.0,4515.0,3173.2
9,max_power_bank_offset,29,2,73.0,4516.0,3172.4
9,max_power_bank_offset,30,2,73.0,4517.0,3171.2
9,max_power_bank_offset,31,2,73.0,4517.0,3172.0
9,max_power_bank_offset,32,2,73.0,4518.0,3170.4
9,max_power_bank_offset,33,2,73.0,4520.0,3173.6
9,max_power_bank_offset,34,2,73.0,4521.0,3172.8
9,max_power_bank_offset,35,2,73.0,4521.0,3172.8
9,max_power_bank_offset,36,2,73.0,4521.0,3172.8
9,max_power_bank_offset,37,2,73.0,4522.0,3171.6
9,max_power_bank_offset,38,2,73.0,4522.0,3171.6
9,max_power_bank_offset,39,2,73.0,4523.0,3170.4
9,max_power_bank_offset,40,2,73.0,4530.0,3180.0
9,max_power_bank_offset,41,2,73.0,4544.0,3176.0
9,max_power_bank_offset,42,2,73.0,4543.0,3175.2
9,max_power_bank_offset,43,2,73.0,4541.0,3173.2
9,max_power_bank_offset,44,2,73.0,4528.0,3175.2
9,max_power_bank_offset,45,2,73.0,4530.0,3173.6
9,max_power_bank_offset,46,2,73.0,4530.0,3177.2
9,max_power_bank_offset,47,2,73.0,4526.0,3183.2
9,max_power_bank_offset,48,2,73.0,4528.0,3184.0
9,max_power_bank_offset,49,2,73.0,4529.0,3183.2
9,max_power_bank_offset,50,2,73.0,4531.0,3184.0
9,max_power_bank_offset,51,2,73.0,4531.0,3182.4
9,max_power_bank_offset,52,2,73.0,4533.0,3184.8
9,max_power_bank_offset,53,2,73.0,4535.0,3182.8
9,max_power_bank_offset,54,2,73.0,4534.0,3184.4
9,max_power_bank_offset,55,2,73.0,4533.0,3184.8
9,max_power_bank_offset,56,2,73.0,4532.0,3182.8
9,max_power_bank_offset,57,2,73.0,4533.0,3182.0
9,max_power_bank_offset,58,2,73.0,4534.0,3180.8
9,max_power_bank_offset,59,2,73.0,4534.0,3181.6
9,max_power_bank_offset,60,2,73.0,4535.0,3182.0
9,max_power_bank_offset,61,2,73.0,4535.0,3182.4
9,max_power_bank_offset,62,2,73.0,4534.0,3182.4
9,max_power_bank_offset,63,2,73.0,4535.0,3180.4
9,max_power_bank_offset,64,2,73.0,4536.0,3179.2
9,max_power_bank_offset,65,2,73.0,4536.0,3178.8
9,max_power_bank_offset,66,2,73.0,4535.0,3178.4
9,max_power_bank_offset,67,2,73.0,4535.0,3178.0
9,max_power_bank_offset,68,2,73.0,4536.0,3176.8
9,max_power_bank_offset,69,2,73.0,4536.0,3176.4
9,max_power_bank_offset,70,2,73.0,4535.0,3176.4
9,max_power_bank_offset,71,2,73.0,4534.0,3176.8
9,max_power_bank_offset,72,2,73.0,4535.0,3176.0
9,max_power_bank_offset,73,2,73.0,4535.0,3176.0
9,max_power_bank_offset,74,2,73.0,4535.0,3175.2
9,max_power_bank_offset,75,2,73.0,4535.0,3176.4
9,max_power_bank_offset,76,2,73.0,4536.0,3176.4
9,max_power_bank_offset,77,2,73.0,4535.0,3176.4
9,max_power_bank_offset,78,2,73.0,4535.0,3176.4
9,max_power_bank_offset,79,2,73.0,4535.0,3177.2
9,max_power_bank_offset,80,2,73.0,4530.0,3166.0
9,max_power_bank_offset,81,2,73.0,4534.0,3169.2
9,max_power_bank_offset,82,2,73.0,4526.0,3176.4
9,max_power_bank_offset,83,2,73.0,4523.0,3177.6
9,max_power_bank_offset,84,2,73.0,4528.0,3177.6
9,max_power_bank_offset,85,2,73.0,4533.0,3178.4
9,max_power_bank_offset,86,2,73.0,4535.0,3176.0
9,max_power_bank_offset,87,2,73.0,4534.0,3177.2
9,max_power_bank_offset,88,2,73.0,4534.0,3176.0
9,max_power_bank_offset,89,2,73.0,4535.0,3174.4
9,max_power_bank_offset,90,2,73.0,4534.0,3174.0
9,max_power_bank_offset,0,3,65.0,1300.0,3099.2
9,max_power_bank_offset,1,3,73.0,4490.0,2640.0
9,max_power_bank_offset,2,3,73.0,4500.0,2906.0
9,max_power_bank_offset,3,3,73.0,4496.0,2999.2
9,max_power_bank_offset,4,3,73.0,4515.0,3044.4
9,max_power_bank_offset,5,3,73.0,4518.0,3074.0
9,max_power_bank_offset,6,3,73.0,4523.0,3092.8
9,max_power_bank_offset,7,3,73.0,4522.0,3103.2
9,max_power_bank_offset,8,3,73.0,4524.0,3114.0
9,max_power_bank_offset,9,3,73.0,4529.0,3118.4
9,max_power_bank_offset,10,3,73.0,4530.0,3125.2
9,max_power_bank_offset,11,3,73.0,4527.0,3130.4
9,max_power_bank_offset,12,3,73.0,4523.0,3137.2
9,max_power_bank_offset,13,3,73.0,4523.0,3141.2
9,max_power_bank_offset,14,3,73.0,4526.0,3138.8
9,max_power_bank_offset,15,3,73.0,4526.0,3143.2
9,max_power_bank_offset,16,3,73.0,4524.0,3142.0
9,max_power_bank_offset,17,3,73.0,4524.0,3146.8
9,max_power_bank_offset,18,3,73.0,4523.0,3146.0
9,max_power_bank_offset,19,3,73.0,4522.0,3150.4
9,max_power_bank_offset,20,3,73.0,4523.0,3151.6
9,max_power_bank_offset,21,3,73.0,4524.0,3152.0
9,max_power_bank_offset,22,3,73.0,4525.0,3156.4
9,max_power_bank_offset,23,3,73.0,4525.0,3156.8
9,max_power_bank_offset,24,3,73.0,4526.0,3155.2
9,max_power_bank_offset,25,3,73.0,4527.0,3155.2
9,max_power_bank_offset,26,3,73.0,4526.0,3160.4
9,max_power_bank_offset,27,3,73.0,4526.0,3160.4
9,max_power_bank_offset,28,3,73.0,4528.0,3159.6
9,max_power_bank_offset,29,3,73.0,4528.0,3159.6
9,max_power_bank_offset,30,3,73.0,4525.0,3161.6
9,max_power_bank_offset,31,3,73.0,4525.0,3162.8
9,max_power_bank_offset,32,3,73.0,4525.0,3162.4
9,max_power_bank_offset,33,3,73.0,4525.0,3167.2
9,max_power_bank_offset,34,3,73.0,4525.0,3167.6
9,max_power_bank_offset,35,3,73.0,4524.0,3168.4
9,max_power_bank_offset,36,3,73.0,4524.0,3168.0
9,max_power_bank_offset,37,3,73.0,4524.0,3167.6
9,max_power_bank_offset,38,3,73.0,4524.0,3167.6
9,max_power_bank_offset,39,3,73.0,4524.0,3167.6
9,max_power_bank_offset,40,3,73.0,4512.0,3172.8
9,max_power_bank_offset,41,3,73.0,4516.0,3177.2
9,max_power_bank_offset,42,3,73.0,4517.0,3172.0
9,max_power_bank_offset,43,3,73.0,4523.0,3168.8
9,max_power_bank_offset,44,3,73.0,4531.0,3160.8
9,max_power_bank_offset,45,3,73.0,4527.0,3166.4
9,max_power_bank_offset,46,3,73.0,4529.0,3168.8
9,max_power_bank_offset,47,3,73.0,4533.0,3168.4
9,max_power_bank_offset,48,3,73.0,4534.0,3169.6
9,max_power_bank_offset,49,3,73.0,4534.0,3168.8
9,max_power_bank_offset,50,3,73.0,4534.0,3169.6
9,max_power_bank_offset,51,3,73.0,4531.0,3171.6
9,max_power_bank_offset,52,3,73.0,4530.0,3171.6
9,max_power_bank_offset,53,3,73.0,4527.0,3173.6
9,max_power_bank_offset,54,3,73.0,4528.0,3173.2
9,max_power_bank_offset,55,3,73.0,4528.0,3170.8
9,max_power_bank_offset,56,3,73.0,4529.0,3173.2
9,max_power_bank_offset,57,3,73.0,4526.0,3174.4
9,max_power_bank_offset,58,3,73.0,4525.0,3174.8
9,max_power_bank_offset,59,3,74.0,4526.0,3173.2
9,max_power_bank_offset,60,3,73.0,4526.0,3172.8
9,max_power_bank_offset,61,3,73.0,4527.0,3171.6
9,max_power_bank_offset,62,3,73.0,4528.0,3171.6
9,max_power_bank_offset,63,3,73.0,4528.0,3172.0
9,max_power_bank_offset,64,3,73.0,4526.0,3172.8
9,max_power_bank_offset,65,3,73.0,4526.0,3173.6
9,max_power_bank_offset,66,3,73.0,4526.0,3173.6
9,max_power_bank_offset,67,3,73.0,4526.0,3173.6
9,max_power_bank_offset,68,3,73.0,4526.0,3174.0
9,max_power_bank_offset,69,3,73.0,4524.0,3175.6
9,max_power_bank_offset,70,3,73.0,4524.0,3175.2
9,max_power_bank_offset,71,3,73.0,4524.0,3176.0
9,max_power_bank_offset,72,3,73.0,4523.0,3176.4
9,max_power_bank_offset,73,3,73.0,4522.0,3177.2
9,max_power_bank_offset,74,3,73.0,4522.0,3178.0
9,max_power_bank_offset,75,3,73.0,4522.0,3178.8
9,max_power_bank_offset,76,3,73.0,4522.0,3178.0
9,max_power_bank_offset,77,3,73.0,4521.0,3177.2
9,max_power_bank_offset,78,3,73.0,4521.0,3177.6
9,max_power_bank_offset,79,3,73.0,4521.0,3178.0
9,max_power_bank_offset,80,3,73.0,4520.0,3162.8
9,max_power_bank_offset,81,3,73.0,4526.0,3173.6
9,max_power_bank_offset,82,3,73.0,4520.0,3177.6
9,max_power_bank_offset,83,3,73.0,4530.0,3172.4
9,max_power_bank_offset,84,3,73.0,4524.0,3170.8
9,max_power_bank_offset,85,3,73.0,4524.0,3171.2
9,max_power_bank_offset,86,3,73.0,4526.0,3169.6
9,max_power_bank_offset,87,3,73.0,4523.0,3170.4
9,max_power_bank_offset,88,3,73.0,4519.0,3172.4
9,max_power_bank_offset,89,3,73.0,4519.0,3173.2
9,max_power_bank_offset,90,3,73.0,4519.0,3175.2
10,max_power_bank_offset,0,0,64.0,1062.0,3198.8
10,max_power_bank_offset,1,0,71.0,4080.0,2858.0
10,max_power_bank_offset,2,0,71.0,4236.0,3074.0
10,max_power_bank_offset,3,0,71.0,4306.0,3159.2
10,max_power_bank_offset,4,0,71.0,4333.0,3197.6
10,max_power_bank_offset,5,0,71.0,4359.0,3220.4
10,max_power_bank_offset,6,0,71.0,4374.0,3235.2
10,max_power_bank_offset,7,0,72.0,4385.0,3248.0
10,max_power_bank_offset,8,0,71.0,4391.0,3254.0
10,max_power_bank_offset,9,0,71.0,4394.0,3261.6
10,max_power_bank_offset,10,0,71.0,4396.0,3269.2
10,max_power_bank_offset,11,0,72.0,4402.0,3270.4
10,max_power_bank_offset,12,0,71.0,4406.0,3271.6
10,max_power_bank_offset,13,0,72.0,4403.0,3277.6
10,max_power_bank_offset,14,0,71.0,4405.0,3280.4
10,max_power_bank_offset,15,0,72.0,4404.0,3284.8
10,max_power_bank_offset,16,0,72.0,4405.0,3283.6
10,max_power_bank_offset,17,0,72.0,4407.0,3286.4
10,max_power_bank_offset,18,0,72.0,4410.0,3285.6
10,max_power_bank_offset,19,0,72.0,4410.0,3290.4
10,max_power_bank_offset,20,0,72.0,4412.0,3288.8
10,max_power_bank_offset,21,0,72.0,4415.0,3290.8
10,max_power_bank_offset,22,0,72.0,4416.0,3290.4
10,max_power_bank_offset,23,0,72.0,4416.0,3290.0
10,max_power_bank_offset,24,0,72.0,4417.0,3289.6
10,max_power_bank_offset,25,0,72.0,4417.0,3293.2
10,max_power_bank_offset,26,0,72.0,4418.0,3293.2
10,max_power_bank_offset,27,0,72.0,4419.0,3292.0
10,max_power_bank_offset,28,0,72.0,4419.0,3292.4
10,max_power_bank_offset,29,0,72.0,4419.0,3291.2
10,max_power_bank_offset,30,0,72.0,4418.0,3296.4
10,max_power_bank_offset,31,0,72.0,4417.0,3297.2
10,max_power_bank_offset,32,0,72.0,4417.0,3296.8
10,max_power_bank_offset,33,0,72.0,4418.0,3296.4
10,max_power_bank_offset,34,0,72.0,4418.0,3296.0
10,max_power_bank_offset,35,0,72.0,4418.0,3296.0
10,max_power_bank_offset,36,0,72.0,4417.0,3296.4
10,max_power_bank_offset,37,0,72.0,4417.0,3300.4
10,max_power_bank_offset,38,0,72.0,4417.0,3299.6
10,max_power_bank_offset,39,0,72.0,4418.0,3299.6
10,max_power_bank_offset,40,0,72.0,4480.0,3235.2
10,max_power_bank_offset,41,0,72.0,4439.0,3278.4
10,max_power_bank_offset,42,0,72.0,4433.0,3293.6
10,max_power_bank_offset,43,0,72.0,4433.0,3302.0
10,max_power_bank_offset,44,0,72.0,4432.0,3308.4
10,max_power_bank_offset,45,0,72.0,4435.0,3314.8
10,max_power_bank_offset,46,0,72.0,4429.0,3318.4
10,max_power_bank_offset,47,0,72.0,4430.0,3322.4
10,max_power_bank_offset,48,0,72.0,4431.0,3322.0
10,max_power_bank_offset,49,0,72.0,4426.0,3324.8
10,max_power_bank_offset,50,0,72.0,4428.0,3320.8
10,max_power_bank_offset,51,0,72.0,4431.0,3326.4
10,max_power_bank_offset,52,0,72.0,4433.0,3325.6
10,max_power_bank_offset,53,0,72.0,4431.0,3328.8
10,max_power_bank_offset,54,0,72.0,4429.0,3329.2
10,max_power_bank_offset,55,0,72.0,4431.0,3328.4
10,max_power_bank_offset,56,0,72.0,4433.0,3327.2
10,max_power_bank_offset,57,0,72.0,4433.0,3327.6
10,max_power_bank_offset,58,0,72.0,4431.0,3329.6
10,max_power_bank_offset,59,0,72.0,4430.0,3330.8
10,max_power_bank_offset,60,0,72.0,4431.0,3330.4
10,max_power_bank_offset,61,0,72.0,4432.0,3329.2
10,max_power_bank_offset,62,0,72.0,4433.0,3328.8
10,max_power_bank_offset,63,0,72.0,4433.0,3332.8
10,max_power_bank_offset,64,0,72.0,4433.0,3333.2
10,max_power_bank_offset,65,0,72.0,4433.0,3332.8
10,max_power_bank_offset,66,0,72.0,4434.0,3332.0
10,max_power_bank_offset,67,0,72.0,4436.0,3330.8
10,max_power_bank_offset,68,0,72.0,4436.0,3329.6
10,max_power_bank_offset,69,0,72.0,4437.0,3328.8
10,max_power_bank_offset,70,0,72.0,4438.0,3328.4
10,max_power_bank_offset,71,0,72.0,4438.0,3328.4
10,max_power_bank_offset,72,0,72.0,4438.0,3327.6
10,max_power_bank_offset,73,0,72.0,4440.0,3326.0
10,max_power_bank_offset,74,0,72.0,4441.0,3326.0
10,max_power_bank_offset,75,0,72.0,4441.0,3325.6
10,max_power_bank_offset,76,0,72.0,4442.0,3324.4
10,max_power_bank_offset,77,0,72.0,4442.0,3324.0
10,max_power_bank_offset,78,0,72.0,4443.0,3323.2
10,max_power_bank_offset,79,0,72.0,4443.0,3322.4
10,max_power_bank_offset,80,0,72.0,4470.0,3312.8
10,max_power_bank_offset,81,0,72.0,4452.0,3336.0
10,max_power_bank_offset,82,0,72.0,4458.0,3320.4
10,max_power_bank_offset,83,0,72.0,4451.0,3322.8
10,max_power_bank_offset,84,0,72.0,4461.0,3318.8
10,max_power_bank_offset,85,0,72.0,4470.0,3311.2
10,max_power_bank_offset,86,0,72.0,4464.0,3316.0
10,max_power_bank_offset,87,0,72.0,4460.0,3316.8
10,max_power_bank_offset,88,0,72.0,4454.0,3316.4
10,max_power_bank_offset,89,0,72.0,4456.0,3316.0
10,max_power_bank_offset,90,0,72.0,4454.0,3318.4
10,max_power_bank_offset,0,1,64.0,1075.0,3190.8
10,max_power_bank_offset,1,1,72.0,4080.0,2921.2
10,max_power_bank_offset,2,1,72.0,4260.0,3116.0
10,max_power_bank_offset,3,1,72.0,4317.0,3170.8
10,max_power_bank_offset,4,1,72.0,4346.0,3206.0
10,max_power_bank_offset,5,1,72.0,4363.0,3231.2
10,max_power_bank_offset,6,1,72.0,4369.0,3250.8
10,max_power_bank_offset,7,1,72.0,4377.0,3259.6
10,max_power_bank_offset,8,1,72.0,4384.0,3262.0
10,max_power_bank_offset,9,1,72.0,4392.0,3268.8
10,max_power_bank_offset,10,1,72.0,4392.0,3271.6
10,max_power_bank_offset,11,1,72.0,4396.0,3275.2
10,max_power_bank_offset,12,1,72.0,4400.0,3278.0
10,max_power_bank_offset,13,1,72.0,4402.0,3282.8
10,max_power_bank_offset,14,1,72.0,4405.0,3285.6
10,max_power_bank_offset,15,1,72.0,4408.0,3287.6
10,max_power_bank_offset,16,1,72.0,4410.0,3286.4
10,max_power_bank_offset,17,1,72.0,4412.0,3288.4
10,max_power_bank_offset,18,1,72.0,4414.0,3287.2
10,max_power_bank_offset,19,1,73.0,4414.0,3292.0
10,max_power_bank_offset,20,1,73.0,4416.0,3290.4
10,max_power_bank_offset,21,1,73.0,4418.0,3289.2
10,max_power_bank_offset,22,1,72.0,4418.0,3288.8
10,max_power_bank_offset,23,1,73.0,4419.0,3294.0
10,max_power_bank_offset,24,1,72.0,4421.0,3292.4
10,max_power_bank_offset,25,1,73.0,4422.0,3291.6
10,max_power_bank_offset,26,1,73.0,4422.0,3292.0
10,max_power_bank_offset,27,1,73.0,4423.0,3296.8
10,max_power_bank_offset,28,1,73.0,4425.0,3295.6
10,max_power_bank_offset,29,1,73.0,4425.0,3295.2
10,max_power_bank_offset,30,1,73.0,4426.0,3294.4
10,max_power_bank_offset,31,1,73.0,4426.0,3294.8
10,max_power_bank_offset,32,1,73.0,4426.0,3294.8
10,max_power_bank_offset,33,1,72.0,4426.0,3294.8
10,max_power_bank_offset,34,1,73.0,4426.0,3299.6
10,max_power_bank_offset,35,1,73.0,4426.0,3299.6
10,max_power_bank_offset,36,1,73.0,4425.0,3299.2
10,max_power_bank_offset,37,1,73.0,4425.0,3298.8
10,max_power_bank_offset,38,1,73.0,4425.0,3298.0
10,max_power_bank_offset,39,1,73.0,4426.0,3297.6
10,max_power_bank_offset,40,1,73.0,4430.0,3292.4
10,max_power_bank_offset,41,1,72.0,4435.0,3310.4
10,max_power_bank_offset,42,1,73.0,4433.0,3311.2
10,max_power_bank_offset,43,1,72.0,4438.0,3306.4
10,max_power_bank_offset,44,1,73.0,4428.0,3306.4
10,max_power_bank_offset,45,1,73.0,4427.0,3307.6
10,max_power_bank_offset,46,1,73.0,4433.0,3301.2
10,max_power_bank_offset,47,1,73.0,4429.0,3303.6
10,max_power_bank_offset,48,1,73.0,4429.0,3305.2
10,max_power_bank_offset,49,1,73.0,4432.0,3298.0
10,max_power_bank_offset,50,1,73.0,4434.0,3295.6
10,max_power_bank_offset,51,1,73.0,4437.0,3295.2
10,max_power_bank_offset,52,1,73.0,4438.0,3295.2
10,max_power_bank_offset,53,1,73.0,4438.0,3296.8
10,max_power_bank_offset,54,1,73.0,4435.0,3304.4
10,max_power_bank_offset,55,1,73.0,4433.0,3306.0
10,max_power_bank_offset,56,1,73.0,4431.0,3306.4
10,max_power_bank_offset,57,1,73.0,4431.0,3310.8
10,max_power_bank_offset,58,1,73.0,4430.0,3310.4
10,max_power_bank_offset,59,1,73.0,4427.0,3313.2
10,max_power_bank_offset,60,1,73.0,4426.0,3314.0
10,max_power_bank_offset,61,1,73.0,4427.0,3313.6
10,max_power_bank_offset,62,1,73.0,4426.0,3318.4
10,max_power_bank_offset,63,1,73.0,4427.0,3318.0
10,max_power_bank_offset,64,1,73.0,4427.0,3318.0
10,max_power_bank_offset,65,1,73.0,4427.0,3318.0
10,max_power_bank_offset,66,1,73.0,4426.0,3319.2
10,max_power_bank_offset,67,1,73.0,4427.0,3318.8
10,max_power_bank_offset,68,1,73.0,4429.0,3317.6
10,max_power_bank_offset,69,1,73.0,4428.0,3323.2
10,max_power_bank_offset,70,1,73.0,4429.0,3322.8
10,max_power_bank_offset,71,1,73.0,4430.0,3322.0
10,max_power_bank_offset,72,1,73.0,4429.0,3323.2
10,max_power_bank_offset,73,1,73.0,4429.0,3322.8
10,max_power_bank_offset,74,1,73.0,4429.0,3322.4
10,max_power_bank_offset,75,1,73.0,4428.0,3323.2
10,max_power_bank_offset,76,1,73.0,4427.0,3324.0
10,max_power_bank_offset,77,1,73.0,4427.0,3324.0
10,max_power_bank_offset,78,1,73.0,4428.0,3323.2
10,max_power_bank_offset,79,1,73.0,4428.0,3322.4
10,max_power_bank_offset,80,1,73.0,4440.0,3289.6
10,max_power_bank_offset,81,1,73.0,4455.0,3296.0
10,max_power_bank_offset,82,1,73.0,4444.0,3308.0
10,max_power_bank_offset,83,1,73.0,4441.0,3309.6
10,max_power_bank_offset,84,1,73.0,4442.0,3308.8
10,max_power_bank_offset,85,1,73.0,4444.0,3309.2
10,max_power_bank_offset,86,1,73.0,4442.0,3311.6
10,max_power_bank_offset,87,1,73.0,4446.0,3314.4
10,max_power_bank_offset,88,1,73.0,4444.0,3314.0
10,max_power_bank_offset,89,1,73.0,4447.0,3311.2
10,max_power_bank_offset,90,1,73.0,4446.0,3312.4
10,max_power_bank_offset,0,2,65.0,1062.0,3215.6
10,max_power_bank_offset,1,2,72.0,4210.0,2656.8
10,max_power_bank_offset,2,2,73.0,4229.0,2976.4
10,max_power_bank_offset,3,2,73.0,4237.0,3088.4
10,max_power_bank_offset,4,2,73.0,4243.0,3151.2
10,max_power_bank_offset,5,2,73.0,4240.0,3192.8
10,max_power_bank_offset,6,2,73.0,4245.0,3212.8
10,max_power_bank_offset,7,2,73.0,4248.0,3223.6
10,max_power_bank_offset,8,2,73.0,4249.0,3236.0
10,max_power_bank_offset,9,2,73.0,4252.0,3252.4
10,max_power_bank_offset,10,2,73.0,4251.0,3260.8
10,max_power_bank_offset,11,2,73.0,4253.0,3265.2
10,max_power_bank_offset,12,2,73.0,4258.0,3267.6
10,max_power_bank_offset,13,2,73.0,4257.0,3272.8
10,max_power_bank_offset,14,2,73.0,4255.0,3277.2
10,max_power_bank_offset,15,2,73.0,4255.0,3280.8
10,max_power_bank_offset,16,2,73.0,4255.0,3282.0
10,max_power_bank_offset,17,2,73.0,4254.0,3285.6
10,max_power_bank_offset,18,2,73.0,4251.0,3292.8
10,max_power_bank_offset,19,2,73.0,4251.0,3293.2
10,max_power_bank_offset,20,2,73.0,4252.0,3294.0
10,max_power_bank_offset,21,2,73.0,4254.0,3297.2
10,max_power_bank_offset,22,2,73.0,4256.0,3294.8
10,max_power_bank_offset,23,2,73.0,4254.0,3300.4
10,max_power_bank_offset,24,2,73.0,4256.0,3298.4
10,max_power_bank_offset,25,2,73.0,4257.0,3297.6
10,max_power_bank_offset,26,2,73.0,4259.0,3296.4
10,max_power_bank_offset,27,2,73.0,4258.0,3301.6
10,max_power_bank_offset,28,2,73.0,4258.0,3301.2
10,max_power_bank_offset,29,2,73.0,4257.0,3302.0
10,max_power_bank_offset,30,2,73.0,4257.0,3300.8
10,max_power_bank_offset,31,2,73.0,4258.0,3300.0
10,max_power_bank_offset,32,2,73.0,4259.0,3299.6
10,max_power_bank_offset,33,2,73.0,4259.0,3304.8
10,max_power_bank_offset,34,2,73.0,4258.0,3305.2
10,max_power_bank_offset,35,2,73.0,4258.0,3304.8
10,max_power_bank_offset,36,2,73.0,4259.0,3304.0
10,max_power_bank_offset,37,2,73.0,4259.0,3303.2
10,max_power_bank_offset,38,2,73.0,4258.0,3303.6
10,max_power_bank_offset,39,2,73.0,4259.0,3303.2
10,max_power_bank_offset,40,2,73.0,4210.0,3329.2
10,max_power_bank_offset,41,2,73.0,4234.0,3328.0
10,max_power_bank_offset,42,2,73.0,4239.0,3332.8
10,max_power_bank_offset,43,2,73.0,4246.0,3336.4
10,max_power_bank_offset,44,2,73.0,4246.0,3337.6
10,max_power_bank_offset,45,2,73.0,4249.0,3334.8
10,max_power_bank_offset,46,2,73.0,4252.0,3331.2
10,max_power_bank_offset,47,2,73.0,4249.0,3331.6
10,max_power_bank_offset,48,2,73.0,4249.0,3329.2
10,max_power_bank_offset,49,2,73.0,4252.0,3326.0
10,max_power_bank_offset,50,2,73.0,4256.0,3322.4
10,max_power_bank_offset,51,2,73.0,4258.0,3320.4
10,max_power_bank_offset,52,2,73.0,4257.0,3319.6
10,max_power_bank_offset,53,2,73.0,4258.0,3320.4
10,max_power_bank_offset,54,2,73.0,4258.0,3320.8
10,max_power_bank_offset,55,2,73.0,4259.0,3318.8
10,max_power_bank_offset,56,2,73.0,4260.0,3319.2
10,max_power_bank_offset,57,2,73.0,4259.0,3320.0
10,max_power_bank_offset,58,2,73.0,4257.0,3321.2
10,max_power_bank_offset,59,2,73.0,4259.0,3319.2
10,max_power_bank_offset,60,2,73.0,4259.0,3319.6
10,max_power_bank_offset,61,2,73.0,4259.0,3320.4
10,max_power_bank_offset,62,2,73.0,4260.0,3319.2
10,max_power_bank_offset,63,2,73.0,4261.0,3318.4
10,max_power_bank_offset,64,2,73.0,4261.0,3318.8
10,max_power_bank_offset,65,2,73.0,4261.0,3317.6
10,max_power_bank_offset,66,2,73.0,4261.0,3317.6
10,max_power_bank_offset,67,2,73.0,4260.0,3318.0
10,max_power_bank_offset,68,2,73.0,4260.0,3318.0
10,max_power_bank_offset,69,2,73.0,4258.0,3319.6
10,max_power_bank_offset,70,2,73.0,4258.0,3320.4
10,max_power_bank_offset,71,2,73.0,4258.0,3320.4
10,max_power_bank_offset,72,2,73.0,4258.0,3319.2
10,max_power_bank_offset,73,2,73.0,4258.0,3318.8
10,max_power_bank_offset,74,2,73.0,4258.0,3318.0
10,max_power_bank_offset,75,2,73.0,4257.0,3318.8
10,max_power_bank_offset,76,2,73.0,4259.0,3318.0
10,max_power_bank_offset,77,2,73.0,4258.0,3318.8
10,max_power_bank_offset,78,2,73.0,4257.0,3319.2
10,max_power_bank_offset,79,2,73.0,4257.0,3318.4
10,max_power_bank_offset,80,2,73.0,4269.0,3284.0
10,max_power_bank_offset,81,2,73.0,4260.0,3299.2
10,max_power_bank_offset,82,2,73.0,4248.0,3308.0
10,max_power_bank_offset,83,2,73.0,4258.0,3308.8
10,max_power_bank_offset,84,2,73.0,4257.0,3306.4
10,max_power_bank_offset,85,2,73.0,4255.0,3304.0
10,max_power_bank_offset,86,2,73.0,4257.0,3300.0
10,max_power_bank_offset,87,2,73.0,4258.0,3302.0
10,max_power_bank_offset,88,2,73.0,4256.0,3304.0
10,max_power_bank_offset,89,2,73.0,4256.0,3305.2
10,max_power_bank_offset,90,2,73.0,4257.0,3304.8
10,max_power_bank_offset,0,3,65.0,1025.0,3267.2
10,max_power_bank_offset,1,3,73.0,3940.0,2934.4
10,max_power_bank_offset,2,3,73.0,4090.0,3124.4
10,max_power_bank_offset,3,3,73.0,4144.0,3181.2
10,max_power_bank_offset,4,3,73.0,4169.0,3211.6
10,max_power_bank_offset,5,3,73.0,4189.0,3228.8
10,max_power_bank_offset,6,3,73.0,4208.0,3241.2
10,max_power_bank_offset,7,3,73.0,4216.0,3244.0
10,max_power_bank_offset,8,3,73.0,4224.0,3254.8
10,max_power_bank_offset,9,3,73.0,4223.0,3258.8
10,max_power_bank_offset,10,3,73.0,4226.0,3264.8
10,max_power_bank_offset,11,3,73.0,4227.0,3267.6
10,max_power_bank_offset,12,3,73.0,4229.0,3274.0
10,max_power_bank_offset,13,3,73.0,4231.0,3277.2
10,max_power_bank_offset,14,3,73.0,4234.0,3275.6
10,max_power_bank_offset,15,3,73.0,4236.0,3280.4
10,max_power_bank_offset,16,3,73.0,4235.0,3284.8
10,max_power_bank_offset,17,3,73.0,4238.0,3281.6
10,max_power_bank_offset,18,3,73.0,4239.0,3280.8
10,max_power_bank_offset,19,3,73.0,4239.0,3286.8
10,max_power_bank_offset,20,3,73.0,4237.0,3288.4
10,max_power_bank_offset,21,3,73.0,4238.0,3286.0
10,max_power_bank_offset,22,3,73.0,4237.0,3290.0
10,max_power_bank_offset,23,3,73.0,4238.0,3288.8
10,max_power_bank_offset,24,3,73.0,4238.0,3288.4
10,max_power_bank_offset,25,3,73.0,4238.0,3288.4
10,max_power_bank_offset,26,3,73.0,4239.0,3292.0
10,max_power_bank_offset,27,3,73.0,4239.0,3292.4
10,max_power_bank_offset,28,3,73.0,4240.0,3290.4
10,max_power_bank_offset,29,3,74.0,4241.0,3290.8
10,max_power_bank_offset,30,3,73.0,4241.0,3290.8
10,max_power_bank_offset,31,3,73.0,4243.0,3288.8
10,max_power_bank_offset,32,3,73.0,4242.0,3293.2
10,max_power_bank_offset,33,3,73.0,4242.0,3293.2
10,max_power_bank_offset,34,3,73.0,4243.0,3293.2
10,max_power_bank_offset,35,3,73.0,4243.0,3293.6
10,max_power_bank_offset,36,3,73.0,4242.0,3293.2
10,max_power_bank_offset,37,3,73.0,4242.0,3292.8
10,max_power_bank_offset,38,3,73.0,4243.0,3291.6
10,max_power_bank_offset,39,3,73.0,4243.0,3291.2
10,max_power_bank_offset,40,3,73.0,4260.0,3288.8
10,max_power_bank_offset,41,3,74.0,4250.0,3300.0
10,max_power_bank_offset,42,3,74.0,4250.0,3294.4
10,max_power_bank_offset,43,3,73.0,4248.0,3296.8
10,max_power_bank_offset,44,3,73.0,4253.0,3294.8
10,max_power_bank_offset,45,3,73.0,4252.0,3294.4
10,max_power_bank_offset,46,3,73.0,4255.0,3292.8
10,max_power_bank_offset,47,3,74.0,4252.0,3295.6
10,max_power_bank_offset,48,3,74.0,4254.0,3300.0
10,max_power_bank_offset,49,3,73.0,4257.0,3304.0
10,max_power_bank_offset,50,3,73.0,4256.0,3302.8
10,max_power_bank_offset,51,3,73.0,4257.0,3305.6
10,max_power_bank_offset,52,3,73.0,4257.0,3304.4
10,max_power_bank_offset,53,3,74.0,4254.0,3305.2
10,max_power_bank_offset,54,3,73.0,4255.0,3308.4
10,max_power_bank_offset,55,3,74.0,4255.0,3308.0
10,max_power_bank_offset,56,3,74.0,4256.0,3307.6
10,max_power_bank_offset,57,3,73.0,4254.0,3308.8
10,max_power_bank_offset,58,3,74.0,4254.0,3314.0
10,max_power_bank_offset,59,3,74.0,4253.0,3314.8
10,max_power_bank_offset,60,3,73.0,4252.0,3315.2
10,max_power_bank_offset,61,3,74.0,4252.0,3315.2
10,max_power_bank_offset,62,3,74.0,4252.0,3315.2
10,max_power_bank_offset,63,3,74.0,4251.0,3316.8
10,max_power_bank_offset,64,3,73.0,4251.0,3320.4
10,max_power_bank_offset,65,3,73.0,4250.0,3320.4
10,max_power_bank_offset,66,3,74.0,4251.0,3319.6
10,max_power_bank_offset,67,3,74.0,4252.0,3319.6
10,max_power_bank_offset,68,3,73.0,4252.0,3319.6
10,max_power_bank_offset,69,3,74.0,4252.0,3320.0
10,max_power_bank_offset,70,3,74.0,4251.0,3320.4
10,max_power_bank_offset,71,3,74.0,4252.0,3319.6
10,max_power_bank_offset,72,3,74.0,4251.0,3319.6
10,max_power_bank_offset,73,3,74.0,4251.0,3320.0
10,max_power_bank_offset,74,3,74.0,4251.0,3320.8
10,max_power_bank_offset,75,3,74.0,4252.0,3320.0
10,max_power_bank_offset,76,3,74.0,4251.0,3320.4
10,max_power_bank_offset,77,3,74.0,4249.0,3326.0
10,max_power_bank_offset,78,3,74.0,4249.0,3327.2
10,max_power_bank_offset,79,3,74.0,4249.0,3327.2
10,max_power_bank_offset,80,3,74.0,4200.0,3360.8
10,max_power_bank_offset,81,3,74.0,4244.0,3340.0
10,max_power_bank_offset,82,3,74.0,4237.0,3340.4
10,max_power_bank_offset,83,3,74.0,4238.0,3345.2
10,max_power_bank_offset,84,3,74.0,4246.0,3334.4
10,max_power_bank_offset,85,3,74.0,4244.0,3334.4
10,max_power_bank_offset,86,3,74.0,4245.0,3332.8
10,max_power_bank_offset,87,3,74.0,4249.0,3328.4
10,max_power_bank_offset,88,3,74.0,4252.0,3325.6
10,max_power_bank_offset,89,3,74.0,4253.0,3323.2
10,max_power_bank_offset,90,3,74.0,4253.0,3323.2
11,max_power_bank_offset,0,0,67.0,1025.0,3234.8
11,max_power_bank_offset,1,0,75.0,4049.0,2912.8
11,max_power_bank_offset,2,0,75.0,4257.0,3092.4
11,max_power_bank_offset,3,0,75.0,4331.0,3168.8
11,max_power_bank_offset,4,0,75.0,4361.0,3213.2
11,max_power_bank_offset,5,0,75.0,4379.0,3234.0
11,max_power_bank_offset,6,0,75.0,4393.0,3244.0
11,max_power_bank_offset,7,0,75.0,4399.0,3252.4
11,max_power_bank_offset,8,0,75.0,4406.0,3260.4
11,max_power_bank_offset,9,0,75.0,4407.0,3270.0
11,max_power_bank_offset,10,0,75.0,4414.0,3272.0
11,max_power_bank_offset,11,0,75.0,4417.0,3273.2
11,max_power_bank_offset,12,0,75.0,4426.0,3273.2
11,max_power_bank_offset,13,0,75.0,4426.0,3276.4
11,max_power_bank_offset,14,0,75.0,4428.0,3278.0
11,max_power_bank_offset,15,0,75.0,4428.0,3284.8
11,max_power_bank_offset,16,0,75.0,4431.0,3281.6
11,max_power_bank_offset,17,0,75.0,4433.0,3284.0
11,max_power_bank_offset,18,0,75.0,4434.0,3283.6
11,max_power_bank_offset,19,0,75.0,4435.0,3283.2
11,max_power_bank_offset,20,0,75.0,4435.0,3287.6
11,max_power_bank_offset,21,0,75.0,4436.0,3286.8
11,max_power_bank_offset,22,0,75.0,4436.0,3287.6
11,max_power_bank_offset,23,0,75.0,4437.0,3291.2
11,max_power_bank_offset,24,0,75.0,4437.0,3291.2
11,max_power_bank_offset,25,0,75.0,4438.0,3290.8
11,max_power_bank_offset,26,0,75.0,4441.0,3288.4
11,max_power_bank_offset,27,0,75.0,4441.0,3293.6
11,max_power_bank_offset,28,0,75.0,4441.0,3294.4
11,max_power_bank_offset,29,0,75.0,4441.0,3295.6
11,max_power_bank_offset,30,0,75.0,4442.0,3296.8
11,max_power_bank_offset,31,0,75.0,4443.0,3296.8
11,max_power_bank_offset,32,0,75.0,4444.0,3295.6
11,max_power_bank_offset,33,0,75.0,4444.0,3296.0
11,max_power_bank_offset,34,0,75.0,4445.0,3300.0
11,max_power_bank_offset,35,0,75.0,4445.0,3300.0
11,max_power_bank_offset,36,0,75.0,4446.0,3298.8
11,max_power_bank_offset,37,0,75.0,4447.0,3298.8
11,max_power_bank_offset,38,0,75.0,4447.0,3299.6
11,max_power_bank_offset,39,0,75.0,4448.0,3298.4
11,max_power_bank_offset,40,0,75.0,4470.0,3315.6
11,max_power_bank_offset,41,0,75.0,4455.0,3310.0
11,max_power_bank_offset,42,0,75.0,4455.0,3320.8
11,max_power_bank_offset,43,0,75.0,4453.0,3326.0
11,max_power_bank_offset,44,0,75.0,4461.0,3320.0
11,max_power_bank_offset,45,0,75.0,4469.0,3320.8
11,max_power_bank_offset,46,0,75.0,4467.0,3323.6
11,max_power_bank_offset,47,0,75.0,4467.0,3323.2
11,max_power_bank_offset,48,0,75.0,4467.0,3324.8
11,max_power_bank_offset,49,0,75.0,4469.0,3326.0
11,max_power_bank_offset,50,0,75.0,4467.0,3332.0
11,max_power_bank_offset,51,0,75.0,4467.0,3332.0
11,max_power_bank_offset,52,0,75.0,4468.0,3329.2
11,max_power_bank_offset,53,0,75.0,4464.0,3332.4
11,max_power_bank_offset,54,0,75.0,4465.0,3329.2
11,max_power_bank_offset,55,0,75.0,4464.0,3330.4
11,max_power_bank_offset,56,0,75.0,4465.0,3329.2
11,max_power_bank_offset,57,0,75.0,4467.0,3328.0
11,max_power_bank_offset,58,0,75.0,4466.0,3328.4
11,max_power_bank_offset,59,0,75.0,4466.0,3328.4
11,max_power_bank_offset,60,0,75.0,4465.0,3334.4
11,max_power_bank_offset,61,0,75.0,4463.0,3334.8
11,max_power_bank_offset,62,0,75.0,4462.0,3337.6
11,max_power_bank_offset,63,0,75.0,4461.0,3337.2
11,max_power_bank_offset,64,0,75.0,4462.0,3335.6
11,max_power_bank_offset,65,0,75.0,4461.0,3336.4
11,max_power_bank_offset,66,0,75.0,4460.0,3336.0
11,max_power_bank_offset,67,0,75.0,4461.0,3334.4
11,max_power_bank_offset,68,0,75.0,4460.0,3335.2
11,max_power_bank_offset,69,0,75.0,4461.0,3334.4
11,max_power_bank_offset,70,0,75.0,4461.0,3333.2
11,max_power_bank_offset,71,0,75.0,4460.0,3333.2
11,max_power_bank_offset,72,0,75.0,4461.0,3333.2
11,max_power_bank_offset,73,0,75.0,4460.0,3333.2
11,max_power_bank_offset,74,0,75.0,4460.0,3333.2
11,max_power_bank_offset,75,0,75.0,4460.0,3332.8
11,max_power_bank_offset,76,0,75.0,4459.0,3333.2
11,max_power_bank_offset,77,0,75.0,4460.0,3332.8
11,max_power_bank_offset,78,0,75.0,4459.0,3332.8
11,max_power_bank_offset,79,0,75.0,4458.0,3332.8
11,max_power_bank_offset,80,0,75.0,4440.0,3322.0
11,max_power_bank_offset,81,0,75.0,4447.0,3330.0
11,max_power_bank_offset,82,0,75.0,4448.0,3336.8
11,max_power_bank_offset,83,0,75.0,4446.0,3339.6
11,max_power_bank_offset,84,0,75.0,4451.0,3336.4
11,max_power_bank_offset,85,0,75.0,4455.0,3333.2
11,max_power_bank_offset,86,0,75.0,4458.0,3333.2
11,max_power_bank_offset,87,0,75.0,4464.0,3331.2
11,max_power_bank_offset,88,0,75.0,4464.0,3331.2
11,max_power_bank_offset,89,0,75.0,4464.0,3333.2
11,max_power_bank_offset,90,0,75.0,4459.0,3335.2
11,max_power_bank_offset,0,1,68.0,1050.0,3234.4
11,max_power_bank_offset,1,1,75.0,4100.0,2889.6
11,max_power_bank_offset,2,1,75.0,4290.0,3104.0
11,max_power_bank_offset,3,1,75.0,4348.0,3172.0
11,max_power_bank_offset,4,1,75.0,4382.0,3207.2
11,max_power_bank_offset,5,1,75.0,4397.0,3232.0
11,max_power_bank_offset,6,1,75.0,4416.0,3243.2
11,max_power_bank_offset,7,1,75.0,4423.0,3251.6
11,max_power_bank_offset,8,1,75.0,4429.0,3263.6
11,max_power_bank_offset,9,1,75.0,4431.0,3274.4
11,max_power_bank_offset,10,1,75.0,4428.0,3282.0
11,max_power_bank_offset,11,1,76.0,4432.0,3284.4
11,max_power_bank_offset,12,1,75.0,4435.0,3291.2
11,max_power_bank_offset,13,1,75.0,4441.0,3292.4
11,max_power_bank_offset,14,1,75.0,4440.0,3293.2
11,max_power_bank_offset,15,1,76.0,4445.0,3294.8
11,max_power_bank_offset,16,1,75.0,4445.0,3299.2
11,max_power_bank_offset,17,1,75.0,4446.0,3298.4
11,max_power_bank_offset,18,1,75.0,4447.0,3303.6
11,max_power_bank_offset,19,1,75.0,4448.0,3303.2
11,max_power_bank_offset,20,1,76.0,4449.0,3302.8
11,max_power_bank_offset,21,1,76.0,4449.0,3308.8
11,max_power_bank_offset,22,1,75.0,4450.0,3307.2
11,max_power_bank_offset,23,1,75.0,4451.0,3306.8
11,max_power_bank_offset,24,1,75.0,4452.0,3312.4
11,max_power_bank_offset,25,1,75.0,4453.0,3312.0
11,max_power_bank_offset,26,1,75.0,4455.0,3311.2
11,max_power_bank_offset,27,1,75.0,4455.0,3312.0
11,max_power_bank_offset,28,1,75.0,4457.0,3310.4
11,max_power_bank_offset,29,1,76.0,4457.0,3315.2
11,max_power_bank_offset,30,1,75.0,4457.0,3315.6
11,max_power_bank_offset,31,1,76.0,4457.0,3316.0
11,max_power_bank_offset,32,1,75.0,4458.0,3315.6
11,max_power_bank_offset,33,1,75.0,4458.0,3315.2
11,max_power_bank_offset,34,1,75.0,4458.0,3314.8
11,max_power_bank_offset,35,1,75.0,4458.0,3314.4
11,max_power_bank_offset,36,1,76.0,4459.0,3319.2
11,max_power_bank_offset,37,1,75.0,4459.0,3318.8
11,max_power_bank_offset,38,1,75.0,4459.0,3318.4
11,max_power_bank_offset,39,1,75.0,4460.0,3318.0
11,max_power_bank_offset,40,1,75.0,4470.0,3319.2
11,max_power_bank_offset,41,1,75.0,4450.0,3317.2
11,max_power_bank_offset,42,1,75.0,4463.0,3317.2
11,max_power_bank_offset,43,1,76.0,4444.0,3324.4
11,max_power_bank_offset,44,1,76.0,4457.0,3318.0
11,max_power_bank_offset,45,1,75.0,4466.0,3316.8
11,max_power_bank_offset,46,1,76.0,4468.0,3317.2
11,max_power_bank_offset,47,1,75.0,4467.0,3314.8
11,max_power_bank_offset,48,1,76.0,4463.0,3318.4
11,max_power_bank_offset,49,1,75.0,4464.0,3318.4
11,max_power_bank_offset,50,1,75.0,4466.0,3317.2
11,max_power_bank_offset,51,1,76.0,4467.0,3316.8
11,max_power_bank_offset,52,1,76.0,4470.0,3316.0
11,max_power_bank_offset,53,1,75.0,4472.0,3315.2
11,max_power_bank_offset,54,1,75.0,4473.0,3313.6
11,max_power_bank_offset,55,1,75.0,4475.0,3314.4
11,max_power_bank_offset,56,1,75.0,4477.0,3314.0
11,max_power_bank_offset,57,1,76.0,4476.0,3314.4
11,max_power_bank_offset,58,1,76.0,4477.0,3313.2
11,max_power_bank_offset,59,1,76.0,4477.0,3313.6
11,max_power_bank_offset,60,1,75.0,4476.0,3314.8
11,max_power_bank_offset,61,1,76.0,4473.0,3315.6
11,max_power_bank_offset,62,1,76.0,4474.0,3314.8
11,max_power_bank_offset,63,1,76.0,4474.0,3314.8
11,max_power_bank_offset,64,1,75.0,4472.0,3316.4
11,max_power_bank_offset,65,1,76.0,4473.0,3315.6
11,max_power_bank_offset,66,1,76.0,4471.0,3316.8
11,max_power_bank_offset,67,1,76.0,4470.0,3318.0
11,max_power_bank_offset,68,1,76.0,4471.0,3317.2
11,max_power_bank_offset,69,1,76.0,4469.0,3318.4
11,max_power_bank_offset,70,1,75.0,4468.0,3318.4
11,max_power_bank_offset,71,1,76.0,4468.0,3318.4
11,max_power_bank_offset,72,1,75.0,4468.0,3319.2
11,max_power_bank_offset,73,1,75.0,4467.0,3320.0
11,max_power_bank_offset,74,1,75.0,4468.0,3319.6
11,max_power_bank_offset,75,1,76.0,4468.0,3319.6
11,max_power_bank_offset,76,1,76.0,4467.0,3320.4
11,max_power_bank_offset,77,1,76.0,4467.0,3320.4
11,max_power_bank_offset,78,1,76.0,4468.0,3320.0
11,max_power_bank_offset,79,1,76.0,4467.0,3320.4
11,max_power_bank_offset,80,1,75.0,4456.0,3335.2
11,max_power_bank_offset,81,1,76.0,4458.0,3328.0
11,max_power_bank_offset,82,1,76.0,4455.0,3323.6
11,max_power_bank_offset,83,1,76.0,4454.0,3323.6
11,max_power_bank_offset,84,1,75.0,4460.0,3323.6
11,max_power_bank_offset,85,1,76.0,4462.0,3323.2
11,max_power_bank_offset,86,1,76.0,4461.0,3325.2
11,max_power_bank_offset,87,1,76.0,4455.0,3328.4
11,max_power_bank_offset,88,1,75.0,4457.0,3325.2
11,max_power_bank_offset,89,1,76.0,4457.0,3325.2
11,max_power_bank_offset,90,1,76.0,4455.0,3326.8
11,max_power_bank_offset,0,2,68.0,1075.0,3218.0
11,max_power_bank_offset,1,2,75.0,3960.0,2910.4
11,max_power_bank_offset,2,2,75.0,4084.0,3118.4
11,max_power_bank_offset,3,2,75.0,4158.0,3186.0
11,max_power_bank_offset,4,2,76.0,4182.0,3234.4
11,max_power_bank_offset,5,2,75.0,4199.0,3252.8
11,max_power_bank_offset,6,2,75.0,4208.0,3266.0
11,max_power_bank_offset,7,2,75.0,4216.0,3277.6
11,max_power_bank_offset,8,2,75.0,4220.0,3289.2
11,max_power_bank_offset,9,2,75.0,4227.0,3294.4
11,max_power_bank_offset,10,2,76.0,4230.0,3294.0
11,max_power_bank_offset,11,2,75.0,4229.0,3298.0
11,max_power_bank_offset,12,2,75.0,4235.0,3298.0
11,max_power_bank_offset,13,2,76.0,4235.0,3303.2
11,max_power_bank_offset,14,2,75.0,4238.0,3304.8
11,max_power_bank_offset,15,2,76.0,4241.0,3308.4
11,max_power_bank_offset,16,2,75.0,4242.0,3307.6
11,max_power_bank_offset,17,2,75.0,4243.0,3311.6
11,max_power_bank_offset,18,2,75.0,4243.0,3311.2
11,max_power_bank_offset,19,2,75.0,4243.0,3310.4
11,max_power_bank_offset,20,2,75.0,4245.0,3313.2
11,max_power_bank_offset,21,2,75.0,4246.0,3312.4
11,max_power_bank_offset,22,2,75.0,4248.0,3310.8
11,max_power_bank_offset,23,2,75.0,4249.0,3314.0
11,max_power_bank_offset,24,2,75.0,4250.0,3313.6
11,max_power_bank_offset,25,2,75.0,4250.0,3313.6
11,max_power_bank_offset,26,2,75.0,4250.0,3314.0
11,max_power_bank_offset,27,2,75.0,4251.0,3318.0
11,max_power_bank_offset,28,2,76.0,4252.0,3316.8
11,max_power_bank_offset,29,2,76.0,4252.0,3317.2
11,max_power_bank_offset,30,2,76.0,4253.0,3317.2
11,max_power_bank_offset,31,2,76.0,4254.0,3316.8
11,max_power_bank_offset,32,2,75.0,4255.0,3315.6
11,max_power_bank_offset,33,2,76.0,4256.0,3315.2
11,max_power_bank_offset,34,2,76.0,4256.0,3320.4
11,max_power_bank_offset,35,2,75.0,4257.0,3319.6
11,max_power_bank_offset,36,2,76.0,4257.0,3319.6
11,max_power_bank_offset,37,2,76.0,4257.0,3319.2
11,max_power_bank_offset,38,2,75.0,4258.0,3318.4
11,max_power_bank_offset,39,2,76.0,4259.0,3317.6
11,max_power_bank_offset,40,2,76.0,4249.0,3346.8
11,max_power_bank_offset,41,2,76.0,4255.0,3344.0
11,max_power_bank_offset,42,2,76.0,4246.0,3344.0
11,max_power_bank_offset,43,2,76.0,4248.0,3342.8
11,max_power_bank_offset,44,2,76.0,4242.0,3352.8
11,max_power_bank_offset,45,2,76.0,4242.0,3355.6
11,max_power_bank_offset,46,2,75.0,4243.0,3354.0
11,max_power_bank_offset,47,2,76.0,4253.0,3348.8
11,max_power_bank_offset,48,2,76.0,4257.0,3346.4
11,max_power_bank_offset,49,2,76.0,4256.0,3346.4
11,max_power_bank_offset,50,2,76.0,4259.0,3346.4
11,max_power_bank_offset,51,2,75.0,4258.0,3346.4
11,max_power_bank_offset,52,2,76.0,4254.0,3348.4
11,max_power_bank_offset,53,2,76.0,4257.0,3346.0
11,max_power_bank_offset,54,2,75.0,4260.0,3345.6
11,max_power_bank_offset,55,2,76.0,4263.0,3343.6
11,max_power_bank_offset,56,2,76.0,4263.0,3343.2
11,max_power_bank_offset,57,2,76.0,4263.0,3342.8
11,max_power_bank_offset,58,2,76.0,4265.0,3342.0
11,max_power_bank_offset,59,2,76.0,4267.0,3340.0
11,max_power_bank_offset,60,2,75.0,4270.0,3338.8
11,max_power_bank_offset,61,2,76.0,4267.0,3340.0
11,max_power_bank_offset,62,2,76.0,4266.0,3340.8
11,max_power_bank_offset,63,2,76.0,4266.0,3340.0
11,max_power_bank_offset,64,2,76.0,4266.0,3340.8
11,max_power_bank_offset,65,2,76.0,4267.0,3341.2
11,max_power_bank_offset,66,2,76.0,4268.0,3340.4
11,max_power_bank_offset,67,2,76.0,4268.0,3341.2
11,max_power_bank_offset,68,2,76.0,4268.0,3341.2
11,max_power_bank_offset,69,2,76.0,4267.0,3341.6
11,max_power_bank_offset,70,2,76.0,4266.0,3342.4
11,max_power_bank_offset,71,2,75.0,4265.0,3342.8
11,max_power_bank_offset,72,2,75.0,4266.0,3340.8
11,max_power_bank_offset,73,2,76.0,4265.0,3340.8
11,max_power_bank_offset,74,2,76.0,4266.0,3338.0
11,max_power_bank_offset,75,2,76.0,4266.0,3338.0
11,max_power_bank_offset,76,2,76.0,4265.0,3338.4
11,max_power_bank_offset,77,2,76.0,4266.0,3338.0
11,max_power_bank_offset,78,2,76.0,4266.0,3337.6
11,max_power_bank_offset,79,2,76.0,4266.0,3338.4
11,max_power_bank_offset,80,2,76.0,4250.0,3338.8
11,max_power_bank_offset,81,2,76.0,4270.0,3324.0
11,max_power_bank_offset,82,2,76.0,4270.0,3337.6
11,max_power_bank_offset,83,2,76.0,4261.0,3340.4
11,max_power_bank_offset,84,2,76.0,4271.0,3332.8
11,max_power_bank_offset,85,2,76.0,4272.0,3333.6
11,max_power_bank_offset,86,2,76.0,4276.0,3325.2
11,max_power_bank_offset,87,2,76.0,4275.0,3324.0
11,max_power_bank_offset,88,2,76.0,4274.0,3324.0
11,max_power_bank_offset,89,2,76.0,4272.0,3324.4
11,max_power_bank_offset,90,2,76.0,4273.0,3326.0
11,max_power_bank_offset,0,3,68.0,1050.0,3257.6
11,max_power_bank_offset,1,3,75.0,3980.0,2899.2
11,max_power_bank_offset,2,3,76.0,4126.0,3102.0
11,max_power_bank_offset,3,3,75.0,4179.0,3178.8
11,max_power_bank_offset,4,3,76.0,4205.0,3211.2
11,max_power_bank_offset,5,3,76.0,4218.0,3234.8
11,max_power_bank_offset,6,3,76.0,4229.0,3245.6
11,max_power_bank_offset,7,3,75.0,4236.0,3257.2
11,max_power_bank_offset,8,3,76.0,4247.0,3256.8
11,max_power_bank_offset,9,3,76.0,4252.0,3266.4
11,max_power_bank_offset,10,3,76.0,4259.0,3267.2
11,max_power_bank_offset,11,3,76.0,4260.0,3274.8
11,max_power_bank_offset,12,3,76.0,4263.0,3276.0
11,max_power_bank_offset,13,3,76.0,4263.0,3282.0
11,max_power_bank_offset,14,3,76.0,4265.0,3280.4
11,max_power_bank_offset,15,3,76.0,4265.0,3284.4
11,max_power_bank_offset,16,3,76.0,4267.0,3283.6
11,max_power_bank_offset,17,3,76.0,4270.0,3286.8
11,max_power_bank_offset,18,3,76.0,4269.0,3286.0
11,max_power_bank_offset,19,3,76.0,4269.0,3291.2
11,max_power_bank_offset,20,3,76.0,4268.0,3291.2
11,max_power_bank_offset,21,3,76.0,4268.0,3291.2
11,max_power_bank_offset,22,3,76.0,4268.0,3296.4
11,max_power_bank_offset,23,3,76.0,4270.0,3295.2
11,max_power_bank_offset,24,3,76.0,4269.0,3295.2
11,max_power_bank_offset,25,3,76.0,4269.0,3295.6
11,max_power_bank_offset,26,3,76.0,4269.0,3295.2
11,max_power_bank_offset,27,3,76.0,4268.0,3300.4
11,max_power_bank_offset,28,3,76.0,4268.0,3300.4
11,max_power_bank_offset,29,3,75.0,4270.0,3300.4
11,max_power_bank_offset,30,3,76.0,4271.0,3299.6
11,max_power_bank_offset,31,3,76.0,4271.0,3300.0
11,max_power_bank_offset,32,3,76.0,4269.0,3300.4
11,max_power_bank_offset,33,3,76.0,4269.0,3305.2
11,max_power_bank_offset,34,3,76.0,4268.0,3305.2
11,max_power_bank_offset,35,3,76.0,4268.0,3305.2
11,max_power_bank_offset,36,3,76.0,4266.0,3305.6
11,max_power_bank_offset,37,3,76.0,4265.0,3306.0
11,max_power_bank_offset,38,3,76.0,4265.0,3306.0
11,max_power_bank_offset,39,3,76.0,4265.0,3306.0
11,max_power_bank_offset,40,3,76.0,4260.0,3313.6
11,max_power_bank_offset,41,3,76.0,4239.0,3322.4
11,max_power_bank_offset,42,3,76.0,4239.0,3330.8
11,max_power_bank_offset,43,3,76.0,4241.0,3328.0
11,max_power_bank_offset,44,3,76.0,4246.0,3327.6
11,max_power_bank_offset,45,3,76.0,4247.0,3324.8
11,max_power_bank_offset,46,3,76.0,4243.0,3326.8
11,max_power_bank_offset,47,3,76.0,4243.0,3328.4
11,max_power_bank_offset,48,3,76.0,4246.0,3328.4
11,max_power_bank_offset,49,3,75.0,4244.0,3330.0
11,max_power_bank_offset,50,3,76.0,4248.0,3329.2
11,max_power_bank_offset,51,3,76.0,4249.0,3328.8
11,max_power_bank_offset,52,3,76.0,4244.0,3334.8
11,max_power_bank_offset,53,3,76.0,4246.0,3335.2
11,max_power_bank_offset,54,3,76.0,4249.0,3333.2
11,max_power_bank_offset,55,3,76.0,4253.0,3331.6
11,max_power_bank_offset,56,3,76.0,4252.0,3332.0
11,max_power_bank_offset,57,3,76.0,4253.0,3332.8
11,max_power_bank_offset,58,3,76.0,4252.0,3332.0
11,max_power_bank_offset,59,3,76.0,4253.0,3332.4
11,max_power_bank_offset,60,3,76.0,4254.0,3332.4
11,max_power_bank_offset,61,3,76.0,4253.0,3332.8
11,max_power_bank_offset,62,3,76.0,4254.0,3332.4
11,max_power_bank_offset,63,3,76.0,4255.0,3331.6
11,max_power_bank_offset,64,3,76.0,4257.0,3331.2
11,max_power_bank_offset,65,3,76.0,4257.0,3332.0
11,max_power_bank_offset,66,3,76.0,4256.0,3332.0
11,max_power_bank_offset,67,3,76.0,4256.0,3332.0
11,max_power_bank_offset,68,3,76.0,4256.0,3332.8
11,max_power_bank_offset,69,3,76.0,4257.0,3332.0
11,max_power_bank_offset,70,3,76.0,4257.0,3332.0
11,max_power_bank_offset,71,3,76.0,4257.0,3332.0
11,max_power_bank_offset,72,3,76.0,4259.0,3331.2
11,max_power_bank_offset,73,3,76.0,4260.0,3331.2
11,max_power_bank_offset,74,3,76.0,4259.0,3332.4
11,max_power_bank_offset,75,3,76.0,4260.0,3331.2
11,max_power_bank_offset,76,3,76.0,4260.0,3331.2
11,max_power_bank_offset,77,3,76.0,4260.0,3331.2
11,max_power_bank_offset,78,3,76.0,4260.0,3331.2
11,max_power_bank_offset,79,3,76.0,4259.0,3332.4
11,max_power_bank_offset,80,3,76.0,4255.0,3342.4
11,max_power_bank_offset,81,3,76.0,4252.0,3341.6
11,max_power_bank_offset,82,3,76.0,4265.0,3329.2
11,max_power_bank_offset,83,3,76.0,4273.0,3326.4
11,max_power_bank_offset,84,3,76.0,4272.0,3325.2
11,max_power_bank_offset,85,3,76.0,4267.0,3327.6
11,max_power_bank_offset,86,3,76.0,4263.0,3330.4
11,max_power_bank_offset,87,3,76.0,4261.0,3331.6
11,max_power_bank_offset,88,3,75.0,4257.0,3334.8
11,max_power_bank_offset,89,3,75.0,4256.0,3334.0
11,max_power_bank_offset,90,3,76.0,4255.0,3334.8
12,max_power_bank_offset,0,0,63.0,1437.0,3001.6
12,max_power_bank_offset,1,0,70.0,4810.0,2417.2
12,max_power_bank_offset,2,0,70.0,4835.0,2756.0
12,max_power_bank_offset,3,0,70.0,4851.0,2855.2
12,max_power_bank_offset,4,0,70.0,4858.0,2909.6
12,max_power_bank_offset,5,0,70.0,4861.0,2940.8
12,max_power_bank_offset,6,0,71.0,4866.0,2962.0
12,max_power_bank_offset,7,0,70.0,4867.0,2973.2
12,max_power_bank_offset,8,0,71.0,4873.0,2985.2
12,max_power_bank_offset,9,0,70.0,4872.0,2994.0
12,max_power_bank_offset,10,0,70.0,4872.0,3004.4
12,max_power_bank_offset,11,0,71.0,4870.0,3007.2
12,max_power_bank_offset,12,0,71.0,4870.0,3011.2
12,max_power_bank_offset,13,0,71.0,4871.0,3016.4
12,max_power_bank_offset,14,0,71.0,4867.0,3024.8
12,max_power_bank_offset,15,0,71.0,4867.0,3028.8
12,max_power_bank_offset,16,0,71.0,4865.0,3031.2
12,max_power_bank_offset,17,0,71.0,4865.0,3035.6
12,max_power_bank_offset,18,0,71.0,4864.0,3034.4
12,max_power_bank_offset,19,0,70.0,4865.0,3038.8
12,max_power_bank_offset,20,0,71.0,4865.0,3038.4
12,max_power_bank_offset,21,0,70.0,4866.0,3038.0
12,max_power_bank_offset,22,0,71.0,4866.0,3042.4
12,max_power_bank_offset,23,0,70.0,4868.0,3041.2
12,max_power_bank_offset,24,0,71.0,4866.0,3042.0
12,max_power_bank_offset,25,0,71.0,4866.0,3046.4
12,max_power_bank_offset,26,0,71.0,4865.0,3046.0
12,max_power_bank_offset,27,0,71.0,4866.0,3044.8
12,max_power_bank_offset,28,0,71.0,4866.0,3044.0
12,max_power_bank_offset,29,0,71.0,4866.0,3043.2
12,max_power_bank_offset,30,0,71.0,4867.0,3047.2
12,max_power_bank_offset,31,0,71.0,4868.0,3046.4
12,max_power_bank_offset,32,0,71.0,4868.0,3045.6
12,max_power_bank_offset,33,0,71.0,4868.0,3045.6
12,max_power_bank_offset,34,0,71.0,4868.0,3044.8
12,max_power_bank_offset,35,0,71.0,4869.0,3048.4
12,max_power_bank_offset,36,0,71.0,4869.0,3048.0
12,max_power_bank_offset,37,0,71.0,4869.0,3048.0
12,max_power_bank_offset,38,0,70.0,4869.0,3048.0
12,max_power_bank_offset,39,0,71.0,4869.0,3048.0
12,max_power_bank_offset,40,0,71.0,4890.0,3069.2
12,max_power_bank_offset,41,0,71.0,4869.0,3086.0
12,max_power_bank_offset,42,0,71.0,4890.0,3078.0
12,max_power_bank_offset,43,0,71.0,4887.0,3082.8
12,max_power_bank_offset,44,0,71.0,4879.0,3085.6
12,max_power_bank_offset,45,0,71.0,4877.0,3084.4
12,max_power_bank_offset,46,0,71.0,4873.0,3085.6
12,max_power_bank_offset,47,0,71.0,4879.0,3085.2
12,max_power_bank_offset,48,0,71.0,4878.0,3085.2
12,max_power_bank_offset,49,0,71.0,4875.0,3088.0
12,max_power_bank_offset,50,0,71.0,4875.0,3089.2
12,max_power_bank_offset,51,0,71.0,4876.0,3086.8
12,max_power_bank_offset,52,0,71.0,4873.0,3086.8
12,max_power_bank_offset,53,0,71.0,4872.0,3089.2
12,max_power_bank_offset,54,0,71.0,4870.0,3091.2
12,max_power_bank_offset,55,0,71.0,4869.0,3091.6
12,max_power_bank_offset,56,0,71.0,4868.0,3092.4
12,max_power_bank_offset,57,0,71.0,4869.0,3091.6
12,max_power_bank_offset,58,0,71.0,4868.0,3092.8
12,max_power_bank_offset,59,0,71.0,4867.0,3093.6
12,max_power_bank_offset,60,0,71.0,4866.0,3092.8
12,max_power_bank_offset,61,0,71.0,4865.0,3093.2
12,max_power_bank_offset,62,0,71.0,4864.0,3093.6
12,max_power_bank_offset,63,0,71.0,4863.0,3094.0
12,max_power_bank_offset,64,0,71.0,4862.0,3093.6
12,max_power_bank_offset,65,0,71.0,4861.0,3094.4
12,max_power_bank_offset,66,0,71.0,4862.0,3093.2
12,max_power_bank_offset,67,0,71.0,4863.0,3090.8
12,max_power_bank_offset,68,0,71.0,4863.0,3088.8
12,max_power_bank_offset,69,0,71.0,4863.0,3090.4
12,max_power_bank_offset,70,0,71.0,4863.0,3090.4
12,max_power_bank_offset,71,0,71.0,4863.0,3089.6
12,max_power_bank_offset,72,0,71.0,4863.0,3089.2
12,max_power_bank_offset,73,0,71.0,4864.0,3088.0
12,max_power_bank_offset,74,0,71.0,4863.0,3088.0
12,max_power_bank_offset,75,0,71.0,4862.0,3088.0
12,max_power_bank_offset,76,0,71.0,4862.0,3088.0
12,max_power_bank_offset,77,0,71.0,4862.0,3086.4
12,max_power_bank_offset,78,0,71.0,4862.0,3086.8
12,max_power_bank_offset,79,0,71.0,4864.0,3085.6
12,max_power_bank_offset,80,0,71.0,4880.0,3091.6
12,max_power_bank_offset,81,0,71.0,4885.0,3070.4
12,max_power_bank_offset,82,0,71.0,4882.0,3068.8
12,max_power_bank_offset,83,0,71.0,4889.0,3058.4
12,max_power_bank_offset,84,0,71.0,4885.0,3059.2
12,max_power_bank_offset,85,0,71.0,4877.0,3060.8
12,max_power_bank_offset,86,0,71.0,4873.0,3064.8
12,max_power_bank_offset,87,0,71.0,4878.0,3064.4
12,max_power_bank_offset,88,0,71.0,4880.0,3063.6
12,max_power_bank_offset,89,0,71.0,4881.0,3061.6
12,max_power_bank_offset,90,0,71.0,4881.0,3064.0
12,max_power_bank_offset,0,1,64.0,1412.0,3055.2
12,max_power_bank_offset,1,1,71.0,4510.0,2737.2
12,max_power_bank_offset,2,1,71.0,4705.0,2907.2
12,max_power_bank_offset,3,1,71.0,4758.0,2956.0
12,max_power_bank_offset,4,1,71.0,4782.0,2986.4
12,max_power_bank_offset,5,1,71.0,4791.0,3006.8
12,max_power_bank_offset,6,1,71.0,4808.0,3014.0
12,max_power_bank_offset,7,1,71.0,4814.0,3023.6
12,max_power_bank_offset,8,1,71.0,4824.0,3026.8
12,max_power_bank_offset,9,1,71.0,4825.0,3035.6
12,max_power_bank_offset,10,1,71.0,4826.0,3040.0
12,max_power_bank_offset,11,1,71.0,4828.0,3043.2
12,max_power_bank_offset,12,1,72.0,4831.0,3045.6
12,max_power_bank_offset,13,1,72.0,4836.0,3047.2
12,max_power_bank_offset,14,1,72.0,4837.0,3051.2
12,max_power_bank_offset,15,1,71.0,4840.0,3046.8
12,max_power_bank_offset,16,1,71.0,4841.0,3051.2
12,max_power_bank_offset,17,1,71.0,4843.0,3048.8
12,max_power_bank_offset,18,1,71.0,4845.0,3052.8
12,max_power_bank_offset,19,1,72.0,4848.0,3049.2
12,max_power_bank_offset,20,1,71.0,4848.0,3047.6
12,max_power_bank_offset,21,1,72.0,4849.0,3050.8
12,max_power_bank_offset,22,1,71.0,4850.0,3050.8
12,max_power_bank_offset,23,1,72.0,4850.0,3050.0
12,max_power_bank_offset,24,1,71.0,4849.0,3049.6
12,max_power_bank_offset,25,1,72.0,4850.0,3053.2
12,max_power_bank_offset,26,1,71.0,4850.0,3052.4
12,max_power_bank_offset,27,1,72.0,4850.0,3051.6
12,max_power_bank_offset,28,1,72.0,4849.0,3052.0
12,max_power_bank_offset,29,1,71.0,4848.0,3057.6
12,max_power_bank_offset,30,1,71.0,4848.0,3057.2
12,max_power_bank_offset,31,1,71.0,4848.0,3057.2
12,max_power_bank_offset,32,1,72.0,4848.0,3056.8
12,max_power_bank_offset,33,1,71.0,4849.0,3061.6
12,max_power_bank_offset,34,1,71.0,4849.0,3060.8
12,max_power_bank_offset,35,1,72.0,4849.0,3060.8
12,max_power_bank_offset,36,1,72.0,4850.0,3060.8
12,max_power_bank_offset,37,1,72.0,4850.0,3066.4
12,max_power_bank_offset,38,1,72.0,4851.0,3065.6
12,max_power_bank_offset,39,1,72.0,4853.0,3064.0
12,max_power_bank_offset,40,1,71.0,4859.0,3092.0
12,max_power_bank_offset,41,1,71.0,4845.0,3102.8
12,max_power_bank_offset,42,1,71.0,4860.0,3095.6
12,max_power_bank_offset,43,1,72.0,4861.0,3090.8
12,max_power_bank_offset,44,1,72.0,4867.0,3089.2
12,max_power_bank_offset,45,1,72.0,4871.0,3090.0
12,max_power_bank_offset,46,1,71.0,4869.0,3094.0
12,max_power_bank_offset,47,1,72.0,4868.0,3096.4
12,max_power_bank_offset,48,1,72.0,4867.0,3096.4
12,max_power_bank_offset,49,1,71.0,4864.0,3097.2
12,max_power_bank_offset,50,1,71.0,4867.0,3094.0
12,max_power_bank_offset,51,1,72.0,4866.0,3096.0
12,max_power_bank_offset,52,1,72.0,4867.0,3094.8
12,max_power_bank_offset,53,1,72.0,4868.0,3093.6
12,max_power_bank_offset,54,1,72.0,4868.0,3092.8
12,max_power_bank_offset,55,1,71.0,4870.0,3092.4
12,max_power_bank_offset,56,1,71.0,4868.0,3092.8
12,max_power_bank_offset,57,1,72.0,4871.0,3091.2
12,max_power_bank_offset,58,1,72.0,4871.0,3091.2
12,max_power_bank_offset,59,1,72.0,4871.0,3090.8
12,max_power_bank_offset,60,1,72.0,4870.0,3090.8
12,max_power_bank_offset,61,1,72.0,4870.0,3090.8
12,max_power_bank_offset,62,1,72.0,4869.0,3092.0
12,max_power_bank_offset,63,1,72.0,4870.0,3090.8
12,max_power_bank_offset,64,1,72.0,4869.0,3090.8
12,max_power_bank_offset,65,1,72.0,4868.0,3090.8
12,max_power_bank_offset,66,1,72.0,4867.0,3091.2
12,max_power_bank_offset,67,1,71.0,4866.0,3091.6
12,max_power_bank_offset,68,1,71.0,4866.0,3091.2
12,max_power_bank_offset,69,1,72.0,4865.0,3092.0
12,max_power_bank_offset,70,1,72.0,4864.0,3092.4
12,max_power_bank_offset,71,1,72.0,4864.0,3092.8
12,max_power_bank_offset,72,1,72.0,4864.0,3092.4
12,max_power_bank_offset,73,1,72.0,4865.0,3092.0
12,max_power_bank_offset,74,1,72.0,4865.0,3091.6
12,max_power_bank_offset,75,1,72.0,4865.0,3092.0
12,max_power_bank_offset,76,1,72.0,4865.0,3091.6
12,max_power_bank_offset,77,1,72.0,4866.0,3090.4
12,max_power_bank_offset,78,1,72.0,4866.0,3090.0
12,max_power_bank_offset,79,1,72.0,4866.0,3089.6
12,max_power_bank_offset,80,1,72.0,4866.0,3060.8
12,max_power_bank_offset,81,1,72.0,4868.0,3055.2
12,max_power_bank_offset,82,1,72.0,4872.0,3059.6
12,max_power_bank_offset,83,1,72.0,4869.0,3062.4
12,max_power_bank_offset,84,1,72.0,4864.0,3066.0
12,max_power_bank_offset,85,1,72.0,4867.0,3065.2
12,max_power_bank_offset,86,1,71.0,4876.0,3061.6
12,max_power_bank_offset,87,1,71.0,4874.0,3064.0
12,max_power_bank_offset,88,1,72.0,4871.0,3067.2
12,max_power_bank_offset,89,1,72.0,4867.0,3068.8
12,max_power_bank_offset,90,1,72.0,4864.0,3068.0
12,max_power_bank_offset,0,2,64.0,1400.0,3032.8
12,max_power_bank_offset,1,2,71.0,4330.0,2626.8
12,max_power_bank_offset,2,2,71.0,4505.0,2846.4
12,max_power_bank_offset,3,2,72.0,4572.0,2914.4
12,max_power_bank_offset,4,2,71.0,4587.0,2964.8
12,max_power_bank_offset,5,2,72.0,4604.0,2994.0
12,max_power_bank_offset,6,2,72.0,4622.0,3012.4
12,max_power_bank_offset,7,2,72.0,4629.0,3025.6
12,max_power_bank_offset,8,2,72.0,4635.0,3026.8
12,max_power_bank_offset,9,2,72.0,4640.0,3034.0
12,max_power_bank_offset,10,2,71.0,4642.0,3045.2
12,max_power_bank_offset,11,2,72.0,4644.0,3048.0
12,max_power_bank_offset,12,2,72.0,4647.0,3050.0
12,max_power_bank_offset,13,2,71.0,4650.0,3051.2
12,max_power_bank_offset,14,2,72.0,4651.0,3055.2
12,max_power_bank_offset,15,2,72.0,4652.0,3060.0
12,max_power_bank_offset,16,2,72.0,4652.0,3062.0
12,max_power_bank_offset,17,2,71.0,4655.0,3064.4
12,max_power_bank_offset,18,2,71.0,4657.0,3062.0
12,max_power_bank_offset,19,2,72.0,4657.0,3066.4
12,max_power_bank_offset,20,2,72.0,4656.0,3066.8
12,max_power_bank_offset,21,2,72.0,4658.0,3070.0
12,max_power_bank_offset,22,2,72.0,4659.0,3068.8
12,max_power_bank_offset,23,2,72.0,4660.0,3068.0
12,max_power_bank_offset,24,2,72.0,4660.0,3067.2
12,max_power_bank_offset,25,2,72.0,4661.0,3071.6
12,max_power_bank_offset,26,2,72.0,4662.0,3070.4
12,max_power_bank_offset,27,2,72.0,4664.0,3069.2
12,max_power_bank_offset,28,2,72.0,4665.0,3068.4
12,max_power_bank_offset,29,2,72.0,4665.0,3073.2
12,max_power_bank_offset,30,2,72.0,4666.0,3072.4
12,max_power_bank_offset,31,2,72.0,4667.0,3071.6
12,max_power_bank_offset,32,2,72.0,4668.0,3071.2
12,max_power_bank_offset,33,2,72.0,4668.0,3070.8
12,max_power_bank_offset,34,2,72.0,4669.0,3069.6
12,max_power_bank_offset,35,2,72.0,4670.0,3068.4
12,max_power_bank_offset,36,2,72.0,4671.0,3068.0
12,max_power_bank_offset,37,2,72.0,4672.0,3072.4
12,max_power_bank_offset,38,2,72.0,4673.0,3071.6
12,max_power_bank_offset,39,2,72.0,4672.0,3072.0
12,max_power_bank_offset,40,2,72.0,4717.0,3062.0
12,max_power_bank_offset,41,2,72.0,4688.0,3067.2
12,max_power_bank_offset,42,2,72.0,4699.0,3067.6
12,max_power_bank_offset,43,2,72.0,4701.0,3063.6
12,max_power_bank_offset,44,2,72.0,4701.0,3066.0
12,max_power_bank_offset,45,2,71.0,4704.0,3064.0
12,max_power_bank_offset,46,2,72.0,4703.0,3064.8
12,max_power_bank_offset,47,2,72.0,4707.0,3064.8
12,max_power_bank_offset,48,2,72.0,4707.0,3065.2
12,max_power_bank_offset,49,2,72.0,4708.0,3066.4
12,max_power_bank_offset,50,2,72.0,4704.0,3067.6
12,max_power_bank_offset,51,2,72.0,4704.0,3068.8
12,max_power_bank_offset,52,2,72.0,4704.0,3066.4
12,max_power_bank_offset,53,2,72.0,4705.0,3066.8
12,max_power_bank_offset,54,2,72.0,4701.0,3068.8
12,max_power_bank_offset,55,2,72.0,4701.0,3068.4
12,max_power_bank_offset,56,2,72.0,4701.0,3068.4
12,max_power_bank_offset,57,2,72.0,4700.0,3068.8
12,max_power_bank_offset,58,2,72.0,4699.0,3070.4
12,max_power_bank_offset,59,2,72.0,4699.0,3070.4
12,max_power_bank_offset,60,2,72.0,4700.0,3070.0
12,max_power_bank_offset,61,2,72.0,4698.0,3071.2
12,max_power_bank_offset,62,2,72.0,4698.0,3071.2
12,max_power_bank_offset,63,2,72.0,4698.0,3070.8
12,max_power_bank_offset,64,2,72.0,4697.0,3070.8
12,max_power_bank_offset,65,2,72.0,4695.0,3071.2
12,max_power_bank_offset,66,2,72.0,4693.0,3071.6
12,max_power_bank_offset,67,2,72.0,4692.0,3071.6
12,max_power_bank_offset,68,2,72.0,4692.0,3072.0
12,max_power_bank_offset,69,2,72.0,4692.0,3071.6
12,max_power_bank_offset,70,2,72.0,4691.0,3072.4
12,max_power_bank_offset,71,2,72.0,4690.0,3072.4
12,max_power_bank_offset,72,2,72.0,4690.0,3072.0
12,max_power_bank_offset,73,2,72.0,4689.0,3072.8
12,max_power_bank_offset,74,2,72.0,4688.0,3073.6
12,max_power_bank_offset,75,2,72.0,4687.0,3073.6
12,max_power_bank_offset,76,2,72.0,4687.0,3073.2
12,max_power_bank_offset,77,2,72.0,4686.0,3072.8
12,max_power_bank_offset,78,2,72.0,4687.0,3072.4
12,max_power_bank_offset,79,2,72.0,4686.0,3072.8
12,max_power_bank_offset,80,2,72.0,4670.0,3070.0
12,max_power_bank_offset,81,2,72.0,4685.0,3059.6
12,max_power_bank_offset,82,2,72.0,4679.0,3067.2
12,max_power_bank_offset,83,2,72.0,4676.0,3068.8
12,max_power_bank_offset,84,2,72.0,4679.0,3066.8
12,max_power_bank_offset,85,2,72.0,4683.0,3066.4
12,max_power_bank_offset,86,2,72.0,4679.0,3068.8
12,max_power_bank_offset,87,2,72.0,4679.0,3069.6
12,max_power_bank_offset,88,2,72.0,4679.0,3070.4
12,max_power_bank_offset,89,2,72.0,4685.0,3065.6
12,max_power_bank_offset,90,2,72.0,4685.0,3064.4
12,max_power_bank_offset,0,3,65.0,1437.0,3018.4
12,max_power_bank_offset,1,3,72.0,4330.0,2664.0
12,max_power_bank_offset,2,3,72.0,4490.0,2874.0
12,max_power_bank_offset,3,3,72.0,4534.0,2936.8
12,max_power_bank_offset,4,3,72.0,4558.0,2978.8
12,max_power_bank_offset,5,3,72.0,4583.0,2994.4
12,max_power_bank_offset,6,3,72.0,4600.0,3004.0
12,max_power_bank_offset,7,3,72.0,4607.0,3016.0
12,max_power_bank_offset,8,3,72.0,4614.0,3026.0
12,max_power_bank_offset,9,3,72.0,4618.0,3032.8
12,max_power_bank_offset,10,3,72.0,4623.0,3035.2
12,max_power_bank_offset,11,3,72.0,4627.0,3037.6
12,max_power_bank_offset,12,3,72.0,4632.0,3038.8
12,max_power_bank_offset,13,3,72.0,4634.0,3042.8
12,max_power_bank_offset,14,3,72.0,4638.0,3046.0
12,max_power_bank_offset,15,3,72.0,4640.0,3049.2
12,max_power_bank_offset,16,3,72.0,4642.0,3048.4
12,max_power_bank_offset,17,3,72.0,4641.0,3054.8
12,max_power_bank_offset,18,3,72.0,4642.0,3053.2
12,max_power_bank_offset,19,3,72.0,4641.0,3053.2
12,max_power_bank_offset,20,3,72.0,4643.0,3057.6
12,max_power_bank_offset,21,3,72.0,4644.0,3057.6
12,max_power_bank_offset,22,3,72.0,4646.0,3056.0
12,max_power_bank_offset,23,3,72.0,4648.0,3060.4
12,max_power_bank_offset,24,3,72.0,4648.0,3059.2
12,max_power_bank_offset,25,3,72.0,4648.0,3058.4
12,max_power_bank_offset,26,3,72.0,4649.0,3062.8
12,max_power_bank_offset,27,3,72.0,4650.0,3062.0
12,max_power_bank_offset,28,3,72.0,4650.0,3062.0
12,max_power_bank_offset,29,3,72.0,4652.0,3060.4
12,max_power_bank_offset,30,3,72.0,4651.0,3064.0
12,max_power_bank_offset,31,3,72.0,4651.0,3064.0
12,max_power_bank_offset,32,3,72.0,4652.0,3063.6
12,max_power_bank_offset,33,3,72.0,4652.0,3068.0
12,max_power_bank_offset,34,3,72.0,4652.0,3067.6
12,max_power_bank_offset,35,3,72.0,4653.0,3067.6
12,max_power_bank_offset,36,3,72.0,4654.0,3066.8
12,max_power_bank_offset,37,3,72.0,4654.0,3072.8
12,max_power_bank_offset,38,3,72.0,4655.0,3072.0
12,max_power_bank_offset,39,3,72.0,4656.0,3071.6
12,max_power_bank_offset,40,3,72.0,4650.0,3113.6
12,max_power_bank_offset,41,3,72.0,4657.0,3100.8
12,max_power_bank_offset,42,3,72.0,4648.0,3105.6
12,max_power_bank_offset,43,3,72.0,4653.0,3102.4
12,max_power_bank_offset,44,3,72.0,4655.0,3101.6
12,max_power_bank_offset,45,3,72.0,4655.0,3101.2
12,max_power_bank_offset,46,3,72.0,4658.0,3101.6
12,max_power_bank_offset,47,3,72.0,4662.0,3097.2
12,max_power_bank_offset,48,3,72.0,4668.0,3095.6
12,max_power_bank_offset,49,3,72.0,4668.0,3094.8
12,max_power_bank_offset,50,3,72.0,4669.0,3094.0
12,max_power_bank_offset,51,3,72.0,4665.0,3096.8
12,max_power_bank_offset,52,3,72.0,4664.0,3097.2
12,max_power_bank_offset,53,3,72.0,4663.0,3097.6
12,max_power_bank_offset,54,3,72.0,4663.0,3096.4
12,max_power_bank_offset,55,3,72.0,4662.0,3096.4
12,max_power_bank_offset,56,3,72.0,4662.0,3096.4
12,max_power_bank_offset,57,3,72.0,4663.0,3095.6
12,max_power_bank_offset,58,3,72.0,4662.0,3097.2
12,max_power_bank_offset,59,3,72.0,4663.0,3096.8
12,max_power_bank_offset,60,3,72.0,4661.0,3097.6
12,max_power_bank_offset,61,3,72.0,4662.0,3096.8
12,max_power_bank_offset,62,3,72.0,4661.0,3097.6
12,max_power_bank_offset,63,3,72.0,4661.0,3098.4
12,max_power_bank_offset,64,3,72.0,4660.0,3099.2
12,max_power_bank_offset,65,3,72.0,4660.0,3100.0
12,max_power_bank_offset,66,3,72.0,4660.0,3099.6
12,max_power_bank_offset,67,3,72.0,4661.0,3100.0
12,max_power_bank_offset,68,3,72.0,4661.0,3099.2
12,max_power_bank_offset,69,3,72.0,4661.0,3098.8
12,max_power_bank_offset,70,3,72.0,4662.0,3098.8
12,max_power_bank_offset,71,3,72.0,4662.0,3099.2
12,max_power_bank_offset,72,3,72.0,4662.0,3099.2
12,max_power_bank_offset,73,3,72.0,4663.0,3098.0
12,max_power_bank_offset,74,3,72.0,4663.0,3098.4
12,max_power_bank_offset,75,3,72.0,4662.0,3099.2
12,max_power_bank_offset,76,3,72.0,4661.0,3098.8
12,max_power_bank_offset,77,3,72.0,4661.0,3098.8
12,max_power_bank_offset,78,3,72.0,4661.0,3098.8
12,max_power_bank_offset,79,3,72.0,4661.0,3098.8
12,max_power_bank_offset,80,3,72.0,4660.0,3106.4
12,max_power_bank_offset,81,3,72.0,4644.0,3114.4
12,max_power_bank_offset,82,3,72.0,4662.0,3106.4
12,max_power_bank_offset,83,3,72.0,4651.0,3106.8
12,max_power_bank_offset,84,3,72.0,4646.0,3109.2
12,max_power_bank_offset,85,3,72.0,4649.0,3109.6
12,max_power_bank_offset,86,3,72.0,4647.0,3110.8
12,max_power_bank_offset,87,3,72.0,4649.0,3107.6
12,max_power_bank_offset,88,3,72.0,4653.0,3104.0
12,max_power_bank_offset,89,3,72.0,4653.0,3104.8
12,max_power_bank_offset,90,3,72.0,4656.0,3101.6
13,max_power_bank_offset,0,0,66.0,1387.0,3080.0
13,max_power_bank_offset,1,0,73.0,4869.0,2474.8
13,max_power_bank_offset,2,0,74.0,4865.0,2785.2
13,max_power_bank_offset,3,0,74.0,4872.0,2873.2
13,max_power_bank_offset,4,0,74.0,4874.0,2925.2
13,max_power_bank_offset,5,0,74.0,4875.0,2952.8
13,max_power_bank_offset,6,0,74.0,4872.0,2970.4
13,max_power_bank_offset,7,0,74.0,4872.0,2986.0
13,max_power_bank_offset,8,0,74.0,4869.0,2996.8
13,max_power_bank_offset,9,0,74.0,4871.0,3007.2
13,max_power_bank_offset,10,0,74.0,4872.0,3014.8
13,max_power_bank_offset,11,0,74.0,4872.0,3018.8
13,max_power_bank_offset,12,0,74.0,4873.0,3022.4
13,max_power_bank_offset,13,0,74.0,4874.0,3024.8
13,max_power_bank_offset,14,0,74.0,4872.0,3029.2
13,max_power_bank_offset,15,0,74.0,4870.0,3026.8
13,max_power_bank_offset,16,0,74.0,4872.0,3030.0
13,max_power_bank_offset,17,0,74.0,4874.0,3035.2
13,max_power_bank_offset,18,0,74.0,4875.0,3039.2
13,max_power_bank_offset,19,0,74.0,4873.0,3040.4
13,max_power_bank_offset,20,0,74.0,4873.0,3045.6
13,max_power_bank_offset,21,0,74.0,4873.0,3044.4
13,max_power_bank_offset,22,0,74.0,4872.0,3049.6
13,max_power_bank_offset,23,0,74.0,4873.0,3048.8
13,max_power_bank_offset,24,0,74.0,4872.0,3054.8
13,max_power_bank_offset,25,0,74.0,4872.0,3054.8
13,max_power_bank_offset,26,0,74.0,4872.0,3060.4
13,max_power_bank_offset,27,0,74.0,4872.0,3059.2
13,max_power_bank_offset,28,0,74.0,4872.0,3063.6
13,max_power_bank_offset,29,0,74.0,4871.0,3063.6
13,max_power_bank_offset,30,0,74.0,4870.0,3064.4
13,max_power_bank_offset,31,0,74.0,4870.0,3069.2
13,max_power_bank_offset,32,0,74.0,4869.0,3069.2
13,max_power_bank_offset,33,0,74.0,4869.0,3068.8
13,max_power_bank_offset,34,0,74.0,4870.0,3068.4
13,max_power_bank_offset,35,0,74.0,4871.0,3072.0
13,max_power_bank_offset,36,0,74.0,4872.0,3071.6
13,max_power_bank_offset,37,0,74.0,4871.0,3072.4
13,max_power_bank_offset,38,0,74.0,4871.0,3071.2
13,max_power_bank_offset,39,0,74.0,4872.0,3070.4
13,max_power_bank_offset,40,0,74.0,4830.0,3105.6
13,max_power_bank_offset,41,0,74.0,4845.0,3112.0
13,max_power_bank_offset,42,0,74.0,4850.0,3112.0
13,max_power_bank_offset,43,0,74.0,4847.0,3106.4
13,max_power_bank_offset,44,0,74.0,4857.0,3103.6
13,max_power_bank_offset,45,0,74.0,4854.0,3106.0
13,max_power_bank_offset,46,0,74.0,4859.0,3102.4
13,max_power_bank_offset,47,0,74.0,4861.0,3099.6
13,max_power_bank_offset,48,0,74.0,4863.0,3099.6
13,max_power_bank_offset,49,0,74.0,4865.0,3099.6
13,max_power_bank_offset,50,0,74.0,4867.0,3100.4
13,max_power_bank_offset,51,0,74.0,4868.0,3099.6
13,max_power_bank_offset,52,0,74.0,4867.0,3100.4
13,max_power_bank_offset,53,0,74.0,4867.0,3103.6
13,max_power_bank_offset,54,0,74.0,4868.0,3102.8
13,max_power_bank_offset,55,0,74.0,4871.0,3101.2
13,max_power_bank_offset,56,0,74.0,4869.0,3102.4
13,max_power_bank_offset,57,0,74.0,4871.0,3101.2
13,max_power_bank_offset,58,0,74.0,4872.0,3100.0
13,max_power_bank_offset,59,0,74.0,4870.0,3101.2
13,max_power_bank_offset,60,0,74.0,4871.0,3100.4
13,max_power_bank_offset,61,0,74.0,4872.0,3099.6
13,max_power_bank_offset,62,0,74.0,4874.0,3098.4
13,max_power_bank_offset,63,0,74.0,4871.0,3100.0
13,max_power_bank_offset,64,0,74.0,4871.0,3099.6
13,max_power_bank_offset,65,0,74.0,4871.0,3098.8
13,max_power_bank_offset,66,0,74.0,4872.0,3098.8
13,max_power_bank_offset,67,0,74.0,4871.0,3098.8
13,max_power_bank_offset,68,0,74.0,4873.0,3098.0
13,max_power_bank_offset,69,0,75.0,4873.0,3098.0
13,max_power_bank_offset,70,0,74.0,4874.0,3099.2
13,max_power_bank_offset,71,0,74.0,4874.0,3099.6
13,max_power_bank_offset,72,0,74.0,4874.0,3099.6
13,max_power_bank_offset,73,0,74.0,4875.0,3100.0
13,max_power_bank_offset,74,0,74.0,4874.0,3100.0
13,max_power_bank_offset,75,0,74.0,4874.0,3100.0
13,max_power_bank_offset,76,0,74.0,4874.0,3100.0
13,max_power_bank_offset,77,0,74.0,4875.0,3099.2
13,max_power_bank_offset,78,0,75.0,4874.0,3099.2
13,max_power_bank_offset,79,0,74.0,4874.0,3099.2
13,max_power_bank_offset,80,0,74.0,4880.0,3108.8
13,max_power_bank_offset,81,0,74.0,4885.0,3088.4
13,max_power_bank_offset,82,0,74.0,4883.0,3090.0
13,max_power_bank_offset,83,0,74.0,4887.0,3087.6
13,max_power_bank_offset,84,0,74.0,4895.0,3086.0
13,max_power_bank_offset,85,0,74.0,4899.0,3086.0
13,max_power_bank_offset,86,0,74.0,4897.0,3082.4
13,max_power_bank_offset,87,0,74.0,4893.0,3085.6
13,max_power_bank_offset,88,0,74.0,4893.0,3086.0
13,max_power_bank_offset,89,0,74.0,4891.0,3087.2
13,max_power_bank_offset,90,0,74.0,4890.0,3088.0
13,max_power_bank_offset,0,1,66.0,1387.0,3043.2
13,max_power_bank_offset,1,1,74.0,4520.0,2705.2
13,max_power_bank_offset,2,1,74.0,4684.0,2892.0
13,max_power_bank_offset,3,1,74.0,4744.0,2964.8
13,max_power_bank_offset,4,1,74.0,4771.0,3004.8
13,max_power_bank_offset,5,1,74.0,4789.0,3025.6
13,max_power_bank_offset,6,1,74.0,4803.0,3034.8
13,max_power_bank_offset,7,1,74.0,4811.0,3046.8
13,max_power_bank_offset,8,1,74.0,4823.0,3049.6
13,max_power_bank_offset,9,1,74.0,4828.0,3055.6
13,max_power_bank_offset,10,1,74.0,4835.0,3057.6
13,max_power_bank_offset,11,1,74.0,4840.0,3059.6
13,max_power_bank_offset,12,1,74.0,4843.0,3062.4
13,max_power_bank_offset,13,1,74.0,4844.0,3066.0
13,max_power_bank_offset,14,1,74.0,4845.0,3069.2
13,max_power_bank_offset,15,1,75.0,4845.0,3069.6
13,max_power_bank_offset,16,1,74.0,4847.0,3073.6
13,max_power_bank_offset,17,1,74.0,4848.0,3072.4
13,max_power_bank_offset,18,1,75.0,4849.0,3075.2
13,max_power_bank_offset,19,1,74.0,4850.0,3074.8
13,max_power_bank_offset,20,1,74.0,4852.0,3074.0
13,max_power_bank_offset,21,1,74.0,4854.0,3078.0
13,max_power_bank_offset,22,1,75.0,4857.0,3076.4
13,max_power_bank_offset,23,1,74.0,4858.0,3077.2
13,max_power_bank_offset,24,1,74.0,4858.0,3077.2
13,max_power_bank_offset,25,1,74.0,4859.0,3081.2
13,max_power_bank_offset,26,1,74.0,4861.0,3080.0
13,max_power_bank_offset,27,1,74.0,4862.0,3078.8
13,max_power_bank_offset,28,1,74.0,4861.0,3078.4
13,max_power_bank_offset,29,1,75.0,4861.0,3078.0
13,max_power_bank_offset,30,1,75.0,4861.0,3078.0
13,max_power_bank_offset,31,1,74.0,4860.0,3083.2
13,max_power_bank_offset,32,1,74.0,4861.0,3083.2
13,max_power_bank_offset,33,1,75.0,4861.0,3083.2
13,max_power_bank_offset,34,1,74.0,4862.0,3082.4
13,max_power_bank_offset,35,1,75.0,4862.0,3082.4
13,max_power_bank_offset,36,1,74.0,4862.0,3081.6
13,max_power_bank_offset,37,1,74.0,4863.0,3081.2
13,max_power_bank_offset,38,1,74.0,4864.0,3080.4
13,max_power_bank_offset,39,1,75.0,4864.0,3080.0
13,max_power_bank_offset,40,1,74.0,4870.0,3098.4
13,max_power_bank_offset,41,1,75.0,4880.0,3096.8
13,max_power_bank_offset,42,1,74.0,4873.0,3096.4
13,max_power_bank_offset,43,1,74.0,4874.0,3095.2
13,max_power_bank_offset,44,1,74.0,4865.0,3099.6
13,max_power_bank_offset,45,1,74.0,4866.0,3097.6
13,max_power_bank_offset,46,1,74.0,4866.0,3097.2
13,max_power_bank_offset,47,1,74.0,4866.0,3098.4
13,max_power_bank_offset,48,1,74.0,4867.0,3096.0
13,max_power_bank_offset,49,1,74.0,4870.0,3091.2
13,max_power_bank_offset,50,1,75.0,4875.0,3089.6
13,max_power_bank_offset,51,1,75.0,4876.0,3088.0
13,max_power_bank_offset,52,1,74.0,4874.0,3089.2
13,max_power_bank_offset,53,1,74.0,4873.0,3089.6
13,max_power_bank_offset,54,1,75.0,4872.0,3090.8
13,max_power_bank_offset,55,1,75.0,4874.0,3088.8
13,max_power_bank_offset,56,1,74.0,4875.0,3087.2
13,max_power_bank_offset,57,1,74.0,4875.0,3086.8
13,max_power_bank_offset,58,1,74.0,4875.0,3091.6
13,max_power_bank_offset,59,1,74.0,4877.0,3090.4
13,max_power_bank_offset,60,1,75.0,4876.0,3090.8
13,max_power_bank_offset,61,1,74.0,4874.0,3092.4
13,max_power_bank_offset,62,1,74.0,4874.0,3092.4
13,max_power_bank_offset,63,1,75.0,4873.0,3093.6
13,max_power_bank_offset,64,1,75.0,4874.0,3098.0
13,max_power_bank_offset,65,1,75.0,4875.0,3097.6
13,max_power_bank_offset,66,1,75.0,4875.0,3096.8
13,max_power_bank_offset,67,1,74.0,4875.0,3096.4
13,max_power_bank_offset,68,1,75.0,4875.0,3096.0
13,max_power_bank_offset,69,1,75.0,4875.0,3096.8
13,max_power_bank_offset,70,1,75.0,4873.0,3097.2
13,max_power_bank_offset,71,1,75.0,4873.0,3097.2
13,max_power_bank_offset,72,1,75.0,4873.0,3102.0
13,max_power_bank_offset,73,1,75.0,4874.0,3101.2
13,max_power_bank_offset,74,1,75.0,4873.0,3101.2
13,max_power_bank_offset,75,1,75.0,4875.0,3100.4
13,max_power_bank_offset,76,1,75.0,4875.0,3100.4
13,max_power_bank_offset,77,1,75.0,4874.0,3100.4
13,max_power_bank_offset,78,1,75.0,4875.0,3100.0
13,max_power_bank_offset,79,1,74.0,4874.0,3100.8
13,max_power_bank_offset,80,1,75.0,4860.0,3131.6
13,max_power_bank_offset,81,1,75.0,4870.0,3123.2
13,max_power_bank_offset,82,1,74.0,4876.0,3115.2
13,max_power_bank_offset,83,1,75.0,4861.0,3122.4
13,max_power_bank_offset,84,1,75.0,4871.0,3113.6
13,max_power_bank_offset,85,1,75.0,4862.0,3116.0
13,max_power_bank_offset,86,1,75.0,4869.0,3109.2
13,max_power_bank_offset,87,1,75.0,4870.0,3109.2
13,max_power_bank_offset,88,1,75.0,4872.0,3109.2
13,max_power_bank_offset,89,1,75.0,4879.0,3106.8
13,max_power_bank_offset,90,1,75.0,4884.0,3102.4
13,max_power_bank_offset,0,2,66.0,1437.0,3034.4
13,max_power_bank_offset,1,2,74.0,4669.0,2485.6
13,max_power_bank_offset,2,2,74.0,4665.0,2789.6
13,max_power_bank_offset,3,2,74.0,4672.0,2886.4
13,max_power_bank_offset,4,2,74.0,4671.0,2939.2
13,max_power_bank_offset,5,2,74.0,4669.0,2975.2
13,max_power_bank_offset,6,2,74.0,4674.0,2998.0
13,max_power_bank_offset,7,2,74.0,4677.0,3009.6
13,max_power_bank_offset,8,2,74.0,4676.0,3020.0
13,max_power_bank_offset,9,2,75.0,4677.0,3028.0
13,max_power_bank_offset,10,2,75.0,4678.0,3037.6
13,max_power_bank_offset,11,2,74.0,4680.0,3040.0
13,max_power_bank_offset,12,2,75.0,4683.0,3042.0
13,max_power_bank_offset,13,2,75.0,4683.0,3046.0
13,max_power_bank_offset,14,2,75.0,4681.0,3052.0
13,max_power_bank_offset,15,2,75.0,4684.0,3050.8
13,max_power_bank_offset,16,2,75.0,4686.0,3053.2
13,max_power_bank_offset,17,2,74.0,4687.0,3053.2
13,max_power_bank_offset,18,2,74.0,4686.0,3057.6
13,max_power_bank_offset,19,2,74.0,4688.0,3056.4
13,max_power_bank_offset,20,2,74.0,4687.0,3062.4
13,max_power_bank_offset,21,2,75.0,4688.0,3061.2
13,max_power_bank_offset,22,2,74.0,4686.0,3062.0
13,max_power_bank_offset,23,2,74.0,4687.0,3066.0
13,max_power_bank_offset,24,2,75.0,4688.0,3065.2
13,max_power_bank_offset,25,2,74.0,4688.0,3065.6
13,max_power_bank_offset,26,2,75.0,4689.0,3065.2
13,max_power_bank_offset,27,2,74.0,4690.0,3064.4
13,max_power_bank_offset,28,2,75.0,4689.0,3069.6
13,max_power_bank_offset,29,2,75.0,4689.0,3069.6
13,max_power_bank_offset,30,2,74.0,4690.0,3068.8
13,max_power_bank_offset,31,2,75.0,4689.0,3068.8
13,max_power_bank_offset,32,2,74.0,4688.0,3068.8
13,max_power_bank_offset,33,2,75.0,4688.0,3068.4
13,max_power_bank_offset,34,2,75.0,4688.0,3074.0
13,max_power_bank_offset,35,2,75.0,4689.0,3073.2
13,max_power_bank_offset,36,2,75.0,4689.0,3072.4
13,max_power_bank_offset,37,2,75.0,4690.0,3071.6
13,max_power_bank_offset,38,2,75.0,4691.0,3070.8
13,max_power_bank_offset,39,2,75.0,4691.0,3070.4
13,max_power_bank_offset,40,2,74.0,4690.0,3093.6
13,max_power_bank_offset,41,2,75.0,4663.0,3092.4
13,max_power_bank_offset,42,2,75.0,4682.0,3088.8
13,max_power_bank_offset,43,2,75.0,4684.0,3092.4
13,max_power_bank_offset,44,2,74.0,4685.0,3092.4
13,max_power_bank_offset,45,2,75.0,4689.0,3090.0
13,max_power_bank_offset,46,2,75.0,4691.0,3083.6
13,max_power_bank_offset,47,2,74.0,4694.0,3082.8
13,max_power_bank_offset,48,2,75.0,4696.0,3083.2
13,max_power_bank_offset,49,2,75.0,4696.0,3083.2
13,max_power_bank_offset,50,2,75.0,4698.0,3082.4
13,max_power_bank_offset,51,2,75.0,4695.0,3082.4
13,max_power_bank_offset,52,2,75.0,4692.0,3083.2
13,max_power_bank_offset,53,2,75.0,4691.0,3082.8
13,max_power_bank_offset,54,2,75.0,4689.0,3084.4
13,max_power_bank_offset,55,2,74.0,4688.0,3090.0
13,max_power_bank_offset,56,2,75.0,4688.0,3090.0
13,max_power_bank_offset,57,2,75.0,4689.0,3089.6
13,max_power_bank_offset,58,2,75.0,4690.0,3088.0
13,max_power_bank_offset,59,2,75.0,4690.0,3087.2
13,max_power_bank_offset,60,2,75.0,4691.0,3086.8
13,max_power_bank_offset,61,2,74.0,4692.0,3086.8
13,max_power_bank_offset,62,2,75.0,4692.0,3086.4
13,max_power_bank_offset,63,2,75.0,4691.0,3084.8
13,max_power_bank_offset,64,2,75.0,4691.0,3084.8
13,max_power_bank_offset,65,2,75.0,4691.0,3085.2
13,max_power_bank_offset,66,2,75.0,4690.0,3085.6
13,max_power_bank_offset,67,2,75.0,4690.0,3086.4
13,max_power_bank_offset,68,2,74.0,4691.0,3085.6
13,max_power_bank_offset,69,2,74.0,4691.0,3086.4
13,max_power_bank_offset,70,2,75.0,4691.0,3087.2
13,max_power_bank_offset,71,2,75.0,4691.0,3086.8
13,max_power_bank_offset,72,2,75.0,4692.0,3086.8
13,max_power_bank_offset,73,2,75.0,4692.0,3086.8
13,max_power_bank_offset,74,2,75.0,4693.0,3086.0
13,max_power_bank_offset,75,2,75.0,4693.0,3084.8
13,max_power_bank_offset,76,2,75.0,4693.0,3084.4
13,max_power_bank_offset,77,2,74.0,4693.0,3084.8
13,max_power_bank_offset,78,2,75.0,4693.0,3084.4
13,max_power_bank_offset,79,2,75.0,4693.0,3082.8
13,max_power_bank_offset,80,2,75.0,4690.0,3087.2
13,max_power_bank_offset,81,2,75.0,4694.0,3090.8
13,max_power_bank_offset,82,2,75.0,4706.0,3079.6
13,max_power_bank_offset,83,2,75.0,4707.0,3083.2
13,max_power_bank_offset,84,2,75.0,4708.0,3092.4
13,max_power_bank_offset,85,2,74.0,4705.0,3090.4
13,max_power_bank_offset,86,2,75.0,4702.0,3090.0
13,max_power_bank_offset,87,2,75.0,4698.0,3092.8
13,max_power_bank_offset,88,2,75.0,4699.0,3096.0
13,max_power_bank_offset,89,2,74.0,4698.0,3098.4
13,max_power_bank_offset,90,2,75.0,4697.0,3099.2
13,max_power_bank_offset,0,3,67.0,1412.0,3063.2
13,max_power_bank_offset,1,3,74.0,4370.0,2720.0
13,max_power_bank_offset,2,3,74.0,4505.0,2898.0
13,max_power_bank_offset,3,3,74.0,4568.0,2958.0
13,max_power_bank_offset,4,3,75.0,4584.0,2994.0
13,max_power_bank_offset,5,3,75.0,4597.0,3014.4
13,max_power_bank_offset,6,3,74.0,4612.0,3026.4
13,max_power_bank_offset,7,3,75.0,4622.0,3034.0
13,max_power_bank_offset,8,3,75.0,4635.0,3036.0
13,max_power_bank_offset,9,3,74.0,4645.0,3041.2
13,max_power_bank_offset,10,3,75.0,4651.0,3040.4
13,max_power_bank_offset,11,3,75.0,4654.0,3045.6
13,max_power_bank_offset,12,3,74.0,4654.0,3050.0
13,max_power_bank_offset,13,3,75.0,4655.0,3054.0
13,max_power_bank_offset,14,3,75.0,4655.0,3058.8
13,max_power_bank_offset,15,3,75.0,4654.0,3060.4
13,max_power_bank_offset,16,3,74.0,4657.0,3062.8
13,max_power_bank_offset,17,3,75.0,4659.0,3062.0
13,max_power_bank_offset,18,3,75.0,4661.0,3064.4
13,max_power_bank_offset,19,3,74.0,4662.0,3062.8
13,max_power_bank_offset,20,3,75.0,4663.0,3063.6
13,max_power_bank_offset,21,3,75.0,4664.0,3067.6
13,max_power_bank_offset,22,3,74.0,4665.0,3068.0
13,max_power_bank_offset,23,3,75.0,4665.0,3070.0
13,max_power_bank_offset,24,3,75.0,4665.0,3069.6
13,max_power_bank_offset,25,3,74.0,4664.0,3074.8
13,max_power_bank_offset,26,3,75.0,4664.0,3075.6
13,max_power_bank_offset,27,3,75.0,4665.0,3075.6
13,max_power_bank_offset,28,3,74.0,4665.0,3074.4
13,max_power_bank_offset,29,3,75.0,4665.0,3074.4
13,max_power_bank_offset,30,3,74.0,4665.0,3074.0
13,max_power_bank_offset,31,3,75.0,4665.0,3078.4
13,max_power_bank_offset,32,3,74.0,4666.0,3078.0
13,max_power_bank_offset,33,3,75.0,4666.0,3078.4
13,max_power_bank_offset,34,3,75.0,4666.0,3079.2
13,max_power_bank_offset,35,3,75.0,4666.0,3078.4
13,max_power_bank_offset,36,3,75.0,4666.0,3078.8
13,max_power_bank_offset,37,3,75.0,4666.0,3078.0
13,max_power_bank_offset,38,3,75.0,4666.0,3077.2
13,max_power_bank_offset,39,3,75.0,4666.0,3076.8
13,max_power_bank_offset,40,3,75.0,4670.0,3083.2
13,max_power_bank_offset,41,3,75.0,4655.0,3094.0
13,max_power_bank_offset,42,3,74.0,4663.0,3096.0
13,max_power_bank_offset,43,3,75.0,4666.0,3099.2
13,max_power_bank_offset,44,3,75.0,4661.0,3100.4
13,max_power_bank_offset,45,3,75.0,4667.0,3096.4
13,max_power_bank_offset,46,3,74.0,4675.0,3091.6
13,max_power_bank_offset,47,3,75.0,4676.0,3091.2
13,max_power_bank_offset,48,3,75.0,4677.0,3088.4
13,max_power_bank_offset,49,3,75.0,4677.0,3086.8
13,max_power_bank_offset,50,3,75.0,4676.0,3086.8
13,max_power_bank_offset,51,3,75.0,4679.0,3082.8
13,max_power_bank_offset,52,3,75.0,4678.0,3082.4
13,max_power_bank_offset,53,3,75.0,4677.0,3080.8
13,max_power_bank_offset,54,3,75.0,4675.0,3082.8
13,max_power_bank_offset,55,3,75.0,4675.0,3083.6
13,max_power_bank_offset,56,3,75.0,4677.0,3083.2
13,max_power_bank_offset,57,3,75.0,4677.0,3082.8
13,max_power_bank_offset,58,3,75.0,4677.0,3082.0
13,max_power_bank_offset,59,3,75.0,4678.0,3081.6
13,max_power_bank_offset,60,3,75.0,4678.0,3082.4
13,max_power_bank_offset,61,3,75.0,4679.0,3082.8
13,max_power_bank_offset,62,3,75.0,4679.0,3082.4
13,max_power_bank_offset,63,3,75.0,4679.0,3082.8
13,max_power_bank_offset,64,3,75.0,4678.0,3084.0
13,max_power_bank_offset,65,3,75.0,4677.0,3084.4
13,max_power_bank_offset,66,3,74.0,4677.0,3084.0
13,max_power_bank_offset,67,3,75.0,4677.0,3083.6
13,max_power_bank_offset,68,3,75.0,4676.0,3084.0
13,max_power_bank_offset,69,3,75.0,4675.0,3084.0
13,max_power_bank_offset,70,3,74.0,4675.0,3084.0
13,max_power_bank_offset,71,3,75.0,4674.0,3086.0
13,max_power_bank_offset,72,3,75.0,4675.0,3085.2
13,max_power_bank_offset,73,3,75.0,4674.0,3085.6
13,max_power_bank_offset,74,3,74.0,4674.0,3085.2
13,max_power_bank_offset,75,3,75.0,4674.0,3086.0
13,max_power_bank_offset,76,3,75.0,4674.0,3086.0
13,max_power_bank_offset,77,3,75.0,4674.0,3086.0
13,max_power_bank_offset,78,3,75.0,4673.0,3086.4
13,max_power_bank_offset,79,3,75.0,4674.0,3086.0
13,max_power_bank_offset,80,3,75.0,4660.0,3093.2
13,max_power_bank_offset,81,3,74.0,4680.0,3086.0
13,max_power_bank_offset,82,3,75.0,4670.0,3092.4
13,max_power_bank_offset,83,3,75.0,4667.0,3083.6
13,max_power_bank_offset,84,3,75.0,4667.0,3082.4
13,max_power_bank_offset,85,3,74.0,4666.0,3080.0
13,max_power_bank_offset,86,3,74.0,4665.0,3078.8
13,max_power_bank_offset,87,3,75.0,4668.0,3077.2
13,max_power_bank_offset,88,3,74.0,4669.0,3075.6
13,max_power_bank_offset,89,3,75.0,4667.0,3079.6
13,max_power_bank_offset,90,3,75.0,4671.0,3080.8
14,max_power_bank_offset,0,0,61.0,1100.0,3099.2
14,max_power_bank_offset,1,0,69.0,4190.0,2760.0
14,max_power_bank_offset,2,0,70.0,4373.0,2946.4
14,max_power_bank_offset,3,0,70.0,4455.0,3009.6
14,max_power_bank_offset,4,0,70.0,4489.0,3046.4
14,max_power_bank_offset,5,0,70.0,4504.0,3066.4
14,max_power_bank_offset,6,0,70.0,4513.0,3078.0
14,max_power_bank_offset,7,0,70.0,4516.0,3092.4
14,max_power_bank_offset,8,0,70.0,4523.0,3095.6
14,max_power_bank_offset,9,0,70.0,4529.0,3100.8
14,max_power_bank_offset,10,0,70.0,4532.0,3109.2
14,max_power_bank_offset,11,0,70.0,4534.0,3112.4
14,max_power_bank_offset,12,0,70.0,4536.0,3112.8
14,max_power_bank_offset,13,0,70.0,4539.0,3116.8
14,max_power_bank_offset,14,0,70.0,4541.0,3118.8
14,max_power_bank_offset,15,0,70.0,4544.0,3117.6
14,max_power_bank_offset,16,0,70.0,4546.0,3122.4
14,max_power_bank_offset,17,0,70.0,4548.0,3121.2
14,max_power_bank_offset,18,0,70.0,4550.0,3123.2
14,max_power_bank_offset,19,0,70.0,4551.0,3122.8
14,max_power_bank_offset,20,0,70.0,4550.0,3125.6
14,max_power_bank_offset,21,0,70.0,4550.0,3126.4
14,max_power_bank_offset,22,0,70.0,4551.0,3126.4
14,max_power_bank_offset,23,0,70.0,4554.0,3129.2
14,max_power_bank_offset,24,0,70.0,4554.0,3129.2
14,max_power_bank_offset,25,0,70.0,4556.0,3133.2
14,max_power_bank_offset,26,0,70.0,4556.0,3133.2
14,max_power_bank_offset,27,0,70.0,4556.0,3132.4
14,max_power_bank_offset,28,0,70.0,4555.0,3136.8
14,max_power_bank_offset,29,0,70.0,4556.0,3136.0
14,max_power_bank_offset,30,0,70.0,4558.0,3134.8
14,max_power_bank_offset,31,0,70.0,4558.0,3138.8
14,max_power_bank_offset,32,0,70.0,4558.0,3138.8
14,max_power_bank_offset,33,0,70.0,4558.0,3138.4
14,max_power_bank_offset,34,0,70.0,4559.0,3138.8
14,max_power_bank_offset,35,0,70.0,4559.0,3143.6
14,max_power_bank_offset,36,0,70.0,4558.0,3143.6
14,max_power_bank_offset,37,0,70.0,4559.0,3142.8
14,max_power_bank_offset,38,0,70.0,4561.0,3141.6
14,max_power_bank_offset,39,0,70.0,4561.0,3146.4
14,max_power_bank_offset,40,0,70.0,4560.0,3164.8
14,max_power_bank_offset,41,0,70.0,4565.0,3177.6
14,max_power_bank_offset,42,0,70.0,4573.0,3172.0
14,max_power_bank_offset,43,0,70.0,4576.0,3171.2
14,max_power_bank_offset,44,0,70.0,4571.0,3170.0
14,max_power_bank_offset,45,0,70.0,4571.0,3169.2
14,max_power_bank_offset,46,0,70.0,4569.0,3168.4
14,max_power_bank_offset,47,0,70.0,4565.0,3170.8
14,max_power_bank_offset,48,0,70.0,4562.0,3172.8
14,max_power_bank_offset,49,0,70.0,4565.0,3172.8
14,max_power_bank_offset,50,0,70.0,4566.0,3171.6
14,max_power_bank_offset,51,0,70.0,4566.0,3172.4
14,max_power_bank_offset,52,0,70.0,4569.0,3168.4
14,max_power_bank_offset,53,0,70.0,4572.0,3166.0
14,max_power_bank_offset,54,0,70.0,4572.0,3166.4
14,max_power_bank_offset,55,0,70.0,4573.0,3167.2
14,max_power_bank_offset,56,0,70.0,4571.0,3168.0
14,max_power_bank_offset,57,0,70.0,4569.0,3168.0
14,max_power_bank_offset,58,0,70.0,4569.0,3168.0
14,max_power_bank_offset,59,0,70.0,4569.0,3166.0
14,max_power_bank_offset,60,0,70.0,4567.0,3168.0
14,max_power_bank_offset,61,0,70.0,4568.0,3167.6
14,max_power_bank_offset,62,0,70.0,4570.0,3166.0
14,max_power_bank_offset,63,0,70.0,4570.0,3165.2
14,max_power_bank_offset,64,0,70.0,4570.0,3165.2
14,max_power_bank_offset,65,0,71.0,4570.0,3165.2
14,max_power_bank_offset,66,0,71.0,4570.0,3164.4
14,max_power_bank_offset,67,0,70.0,4571.0,3164.0
14,max_power_bank_offset,68,0,70.0,4572.0,3163.2
14,max_power_bank_offset,69,0,70.0,4572.0,3162.8
14,max_power_bank_offset,70,0,70.0,4572.0,3162.8
14,max_power_bank_offset,71,0,71.0,4572.0,3162.8
14,max_power_bank_offset,72,0,70.0,4573.0,3162.0
14,max_power_bank_offset,73,0,70.0,4571.0,3162.8
14,max_power_bank_offset,74,0,70.0,4572.0,3161.6
14,max_power_bank_offset,75,0,70.0,4572.0,3162.0
14,max_power_bank_offset,76,0,70.0,4572.0,3161.2
14,max_power_bank_offset,77,0,70.0,4571.0,3162.4
14,max_power_bank_offset,78,0,70.0,4571.0,3162.0
14,max_power_bank_offset,79,0,71.0,4571.0,3161.6
14,max_power_bank_offset,80,0,71.0,4577.0,3137.6
14,max_power_bank_offset,81,0,71.0,4573.0,3148.0
14,max_power_bank_offset,82,0,70.0,4572.0,3156.0
14,max_power_bank_offset,83,0,71.0,4564.0,3166.0
14,max_power_bank_offset,84,0,70.0,4568.0,3164.8
14,max_power_bank_offset,85,0,70.0,4569.0,3164.0
14,max_power_bank_offset,86,0,71.0,4569.0,3162.0
14,max_power_bank_offset,87,0,70.0,4567.0,3160.4
14,max_power_bank_offset,88,0,71.0,4571.0,3158.4
14,max_power_bank_offset,89,0,70.0,4567.0,3160.8
14,max_power_bank_offset,90,0,71.0,4569.0,3159.2
14,max_power_bank_offset,0,1,62.0,1000.0,3128.0
14,max_power_bank_offset,1,1,70.0,4190.0,2769.6
14,max_power_bank_offset,2,1,70.0,4347.0,2962.8
14,max_power_bank_offset,3,1,70.0,4420.0,3029.2
14,max_power_bank_offset,4,1,70.0,4443.0,3074.0
14,max_power_bank_offset,5,1,71.0,4465.0,3086.4
14,max_power_bank_offset,6,1,70.0,4475.0,3106.4
14,max_power_bank_offset,7,1,71.0,4488.0,3113.2
14,max_power_bank_offset,8,1,71.0,4497.0,3120.4
14,max_power_bank_offset,9,1,71.0,4505.0,3117.6
14,max_power_bank_offset,10,1,71.0,4506.0,3124.4
14,max_power_bank_offset,11,1,71.0,4508.0,3128.8
14,max_power_bank_offset,12,1,71.0,4510.0,3134.4
14,max_power_bank_offset,13,1,70.0,4514.0,3138.8
14,max_power_bank_offset,14,1,70.0,4516.0,3141.2
14,max_power_bank_offset,15,1,71.0,4518.0,3139.6
14,max_power_bank_offset,16,1,71.0,4521.0,3142.8
14,max_power_bank_offset,17,1,71.0,4523.0,3147.2
14,max_power_bank_offset,18,1,71.0,4525.0,3146.0
14,max_power_bank_offset,19,1,71.0,4525.0,3145.6
14,max_power_bank_offset,20,1,71.0,4525.0,3149.2
14,max_power_bank_offset,21,1,71.0,4526.0,3148.8
14,max_power_bank_offset,22,1,71.0,4526.0,3148.4
14,max_power_bank_offset,23,1,71.0,4527.0,3150.8
14,max_power_bank_offset,24,1,71.0,4529.0,3148.8
14,max_power_bank_offset,25,1,71.0,4528.0,3148.4
14,max_power_bank_offset,26,1,71.0,4530.0,3146.8
14,max_power_bank_offset,27,1,71.0,4530.0,3147.2
14,max_power_bank_offset,28,1,71.0,4534.0,3149.6
14,max_power_bank_offset,29,1,71.0,4534.0,3148.8
14,max_power_bank_offset,30,1,71.0,4535.0,3148.0
14,max_power_bank_offset,31,1,71.0,4537.0,3146.4
14,max_power_bank_offset,32,1,71.0,4538.0,3146.0
14,max_power_bank_offset,33,1,71.0,4539.0,3146.4
14,max_power_bank_offset,34,1,71.0,4542.0,3149.2
14,max_power_bank_offset,35,1,71.0,4542.0,3148.8
14,max_power_bank_offset,36,1,71.0,4542.0,3148.4
14,max_power_bank_offset,37,1,71.0,4542.0,3148.4
14,max_power_bank_offset,38,1,71.0,4543.0,3147.6
14,max_power_bank_offset,39,1,71.0,4543.0,3146.8
14,max_power_bank_offset,40,1,71.0,4610.0,3122.4
14,max_power_bank_offset,41,1,71.0,4585.0,3154.8
14,max_power_bank_offset,42,1,71.0,4566.0,3173.2
14,max_power_bank_offset,43,1,71.0,4574.0,3164.8
14,max_power_bank_offset,44,1,71.0,4575.0,3159.6
14,max_power_bank_offset,45,1,71.0,4572.0,3164.8
14,max_power_bank_offset,46,1,71.0,4571.0,3164.4
14,max_power_bank_offset,47,1,71.0,4565.0,3173.2
14,max_power_bank_offset,48,1,71.0,4561.0,3175.6
14,max_power_bank_offset,49,1,71.0,4567.0,3171.6
14,max_power_bank_offset,50,1,71.0,4570.0,3170.0
14,max_power_bank_offset,51,1,71.0,4568.0,3170.4
14,max_power_bank_offset,52,1,71.0,4565.0,3171.2
14,max_power_bank_offset,53,1,71.0,4563.0,3172.8
14,max_power_bank_offset,54,1,71.0,4564.0,3173.6
14,max_power_bank_offset,55,1,71.0,4564.0,3177.2
14,max_power_bank_offset,56,1,71.0,4563.0,3178.0
14,max_power_bank_offset,57,1,71.0,4562.0,3177.2
14,max_power_bank_offset,58,1,71.0,4559.0,3178.8
14,max_power_bank_offset,59,1,71.0,4557.0,3180.0
14,max_power_bank_offset,60,1,71.0,4559.0,3179.6
14,max_power_bank_offset,61,1,71.0,4558.0,3179.6
14,max_power_bank_offset,62,1,71.0,4557.0,3179.2
14,max_power_bank_offset,63,1,71.0,4557.0,3178.8
14,max_power_bank_offset,64,1,71.0,4558.0,3178.0
14,max_power_bank_offset,65,1,71.0,4558.0,3178.4
14,max_power_bank_offset,66,1,71.0,4558.0,3177.6
14,max_power_bank_offset,67,1,71.0,4559.0,3176.0
14,max_power_bank_offset,68,1,71.0,4559.0,3176.4
14,max_power_bank_offset,69,1,71.0,4558.0,3177.2
14,max_power_bank_offset,70,1,71.0,4559.0,3176.4
14,max_power_bank_offset,71,1,71.0,4558.0,3177.2
14,max_power_bank_offset,72,1,71.0,4559.0,3176.8
14,max_power_bank_offset,73,1,71.0,4559.0,3176.4
14,max_power_bank_offset,74,1,71.0,4560.0,3176.0
14,max_power_bank_offset,75,1,71.0,4560.0,3175.6
14,max_power_bank_offset,76,1,71.0,4561.0,3174.8
14,max_power_bank_offset,77,1,71.0,4561.0,3174.4
14,max_power_bank_offset,78,1,71.0,4560.0,3175.2
14,max_power_bank_offset,79,1,71.0,4561.0,3174.0
14,max_power_bank_offset,80,1,71.0,4549.0,3154.8
14,max_power_bank_offset,81,1,71.0,4565.0,3164.0
14,max_power_bank_offset,82,1,71.0,4560.0,3172.4
14,max_power_bank_offset,83,1,71.0,4561.0,3168.8
14,max_power_bank_offset,84,1,71.0,4565.0,3165.2
14,max_power_bank_offset,85,1,71.0,4569.0,3166.4
14,max_power_bank_offset,86,1,71.0,4571.0,3163.6
14,max_power_bank_offset,87,1,71.0,4566.0,3167.2
14,max_power_bank_offset,88,1,71.0,4563.0,3165.2
14,max_power_bank_offset,89,1,71.0,4562.0,3163.2
14,max_power_bank_offset,90,1,71.0,4564.0,3164.8
14,max_power_bank_offset,0,2,63.0,1112.0,3134.4
14,max_power_bank_offset,1,2,70.0,4070.0,2713.2
14,max_power_bank_offset,2,2,71.0,4249.0,2932.8
14,max_power_bank_offset,3,2,71.0,4289.0,3002.4
14,max_power_bank_offset,4,2,71.0,4328.0,3042.4
14,max_power_bank_offset,5,2,71.0,4344.0,3067.6
14,max_power_bank_offset,6,2,71.0,4355.0,3084.0
14,max_power_bank_offset,7,2,71.0,4358.0,3093.2
14,max_power_bank_offset,8,2,71.0,4364.0,3102.0
14,max_power_bank_offset,9,2,71.0,4363.0,3112.4
14,max_power_bank_offset,10,2,71.0,4363.0,3120.8
14,max_power_bank_offset,11,2,71.0,4363.0,3123.6
14,max_power_bank_offset,12,2,71.0,4366.0,3127.2
14,max_power_bank_offset,13,2,71.0,4367.0,3132.8
14,max_power_bank_offset,14,2,71.0,4371.0,3135.6
14,max_power_bank_offset,15,2,71.0,4373.0,3140.4
14,max_power_bank_offset,16,2,71.0,4372.0,3140.4
14,max_power_bank_offset,17,2,71.0,4374.0,3143.6
14,max_power_bank_offset,18,2,71.0,4376.0,3141.6
14,max_power_bank_offset,19,2,71.0,4375.0,3147.6
14,max_power_bank_offset,20,2,71.0,4374.0,3148.0
14,max_power_bank_offset,21,2,71.0,4376.0,3152.4
14,max_power_bank_offset,22,2,71.0,4378.0,3151.2
14,max_power_bank_offset,23,2,71.0,4376.0,3151.6
14,max_power_bank_offset,24,2,71.0,4377.0,3151.2
14,max_power_bank_offset,25,2,71.0,4377.0,3156.4
14,max_power_bank_offset,26,2,71.0,4375.0,3157.2
14,max_power_bank_offset,27,2,71.0,4377.0,3155.6
14,max_power_bank_offset,28,2,71.0,4379.0,3154.0
14,max_power_bank_offset,29,2,71.0,4379.0,3154.0
14,max_power_bank_offset,30,2,71.0,4379.0,3158.8
14,max_power_bank_offset,31,2,71.0,4379.0,3158.4
14,max_power_bank_offset,32,2,71.0,4379.0,3158.0
14,max_power_bank_offset,33,2,71.0,4380.0,3159.2
14,max_power_bank_offset,34,2,71.0,4380.0,3158.8
14,max_power_bank_offset,35,2,71.0,4380.0,3158.4
14,max_power_bank_offset,36,2,71.0,4379.0,3158.4
14,max_power_bank_offset,37,2,71.0,4380.0,3162.4
14,max_power_bank_offset,38,2,71.0,4381.0,3162.8
14,max_power_bank_offset,39,2,71.0,4383.0,3161.2
14,max_power_bank_offset,40,2,71.0,4410.0,3124.8
14,max_power_bank_offset,41,2,71.0,4389.0,3159.2
14,max_power_bank_offset,42,2,71.0,4393.0,3160.4
14,max_power_bank_offset,43,2,71.0,4390.0,3158.8
14,max_power_bank_offset,44,2,71.0,4381.0,3169.6
14,max_power_bank_offset,45,2,71.0,4386.0,3167.2
14,max_power_bank_offset,46,2,71.0,4386.0,3162.8
14,max_power_bank_offset,47,2,71.0,4389.0,3162.4
14,max_power_bank_offset,48,2,71.0,4388.0,3162.8
14,max_power_bank_offset,49,2,71.0,4388.0,3164.0
14,max_power_bank_offset,50,2,71.0,4387.0,3162.8
14,max_power_bank_offset,51,2,71.0,4382.0,3166.0
14,max_power_bank_offset,52,2,71.0,4382.0,3166.8
14,max_power_bank_offset,53,2,71.0,4383.0,3165.6
14,max_power_bank_offset,54,2,71.0,4385.0,3166.8
14,max_power_bank_offset,55,2,71.0,4387.0,3166.8
14,max_power_bank_offset,56,2,71.0,4389.0,3166.0
14,max_power_bank_offset,57,2,71.0,4388.0,3166.4
14,max_power_bank_offset,58,2,71.0,4389.0,3165.6
14,max_power_bank_offset,59,2,71.0,4390.0,3165.2
14,max_power_bank_offset,60,2,71.0,4391.0,3164.0
14,max_power_bank_offset,61,2,71.0,4390.0,3164.8
14,max_power_bank_offset,62,2,71.0,4389.0,3165.6
14,max_power_bank_offset,63,2,71.0,4390.0,3165.6
14,max_power_bank_offset,64,2,71.0,4389.0,3166.8
14,max_power_bank_offset,65,2,71.0,4391.0,3166.0
14,max_power_bank_offset,66,2,71.0,4391.0,3166.0
14,max_power_bank_offset,67,2,71.0,4390.0,3166.4
14,max_power_bank_offset,68,2,71.0,4391.0,3165.6
14,max_power_bank_offset,69,2,71.0,4391.0,3165.2
14,max_power_bank_offset,70,2,71.0,4390.0,3166.0
14,max_power_bank_offset,71,2,71.0,4391.0,3165.6
14,max_power_bank_offset,72,2,71.0,4391.0,3165.6
14,max_power_bank_offset,73,2,71.0,4390.0,3166.0
14,max_power_bank_offset,74,2,71.0,4390.0,3166.0
14,max_power_bank_offset,75,2,71.0,4390.0,3165.6
14,max_power_bank_offset,76,2,71.0,4390.0,3164.8
14,max_power_bank_offset,77,2,71.0,4391.0,3164.4
14,max_power_bank_offset,78,2,71.0,4390.0,3164.4
14,max_power_bank_offset,79,2,71.0,4392.0,3164.0
14,max_power_bank_offset,80,2,71.0,4408.0,3141.2
14,max_power_bank_offset,81,2,71.0,4419.0,3135.2
14,max_power_bank_offset,82,2,71.0,4406.0,3136.8
14,max_power_bank_offset,83,2,71.0,4394.0,3151.6
14,max_power_bank_offset,84,2,71.0,4393.0,3155.2
14,max_power_bank_offset,85,2,71.0,4389.0,3158.4
14,max_power_bank_offset,86,2,71.0,4388.0,3159.6
14,max_power_bank_offset,87,2,71.0,4391.0,3158.0
14,max_power_bank_offset,88,2,71.0,4393.0,3158.4
14,max_power_bank_offset,89,2,71.0,4394.0,3157.2
14,max_power_bank_offset,90,2,71.0,4398.0,3154.8
14,max_power_bank_offset,0,3,63.0,1000.0,3078.8
14,max_power_bank_offset,1,3,71.0,4060.0,2731.6
14,max_power_bank_offset,2,3,71.0,4215.0,2931.6
14,max_power_bank_offset,3,3,71.0,4265.0,3014.4
14,max_power_bank_offset,4,3,71.0,4284.0,3062.0
14,max_power_bank_offset,5,3,71.0,4302.0,3084.4
14,max_power_bank_offset,6,3,71.0,4315.0,3095.6
14,max_power_bank_offset,7,3,71.0,4319.0,3106.4
14,max_power_bank_offset,8,3,71.0,4321.0,3120.8
14,max_power_bank_offset,9,3,71.0,4325.0,3128.0
14,max_power_bank_offset,10,3,72.0,4326.0,3130.4
14,max_power_bank_offset,11,3,71.0,4334.0,3129.6
14,max_power_bank_offset,12,3,71.0,4336.0,3131.6
14,max_power_bank_offset,13,3,71.0,4341.0,3133.2
14,max_power_bank_offset,14,3,71.0,4341.0,3137.6
14,max_power_bank_offset,15,3,71.0,4345.0,3135.6
14,max_power_bank_offset,16,3,72.0,4348.0,3139.6
14,max_power_bank_offset,17,3,71.0,4350.0,3143.2
14,max_power_bank_offset,18,3,71.0,4350.0,3142.0
14,max_power_bank_offset,19,3,71.0,4351.0,3139.6
14,max_power_bank_offset,20,3,72.0,4351.0,3144.8
14,max_power_bank_offset,21,3,71.0,4353.0,3144.0
14,max_power_bank_offset,22,3,71.0,4353.0,3144.4
14,max_power_bank_offset,23,3,71.0,4354.0,3148.0
14,max_power_bank_offset,24,3,71.0,4354.0,3148.4
14,max_power_bank_offset,25,3,71.0,4355.0,3146.8
14,max_power_bank_offset,26,3,71.0,4354.0,3148.4
14,max_power_bank_offset,27,3,71.0,4355.0,3148.8
14,max_power_bank_offset,28,3,71.0,4357.0,3152.0
14,max_power_bank_offset,29,3,71.0,4358.0,3151.6
14,max_power_bank_offset,30,3,71.0,4358.0,3151.2
14,max_power_bank_offset,31,3,72.0,4358.0,3151.2
14,max_power_bank_offset,32,3,71.0,4360.0,3150.8
14,max_power_bank_offset,33,3,71.0,4360.0,3150.8
14,max_power_bank_offset,34,3,72.0,4362.0,3154.4
14,max_power_bank_offset,35,3,71.0,4361.0,3154.8
14,max_power_bank_offset,36,3,71.0,4361.0,3154.4
14,max_power_bank_offset,37,3,72.0,4362.0,3153.6
14,max_power_bank_offset,38,3,71.0,4363.0,3153.6
14,max_power_bank_offset,39,3,72.0,4364.0,3152.8
14,max_power_bank_offset,40,3,71.0,4380.0,3133.2
14,max_power_bank_offset,41,3,72.0,4385.0,3136.0
14,max_power_bank_offset,42,3,71.0,4386.0,3144.0
14,max_power_bank_offset,43,3,72.0,4394.0,3141.6
14,max_power_bank_offset,44,3,72.0,4383.0,3143.2
14,max_power_bank_offset,45,3,71.0,4379.0,3146.8
14,max_power_bank_offset,46,3,71.0,4378.0,3150.0
14,max_power_bank_offset,47,3,72.0,4375.0,3150.4
14,max_power_bank_offset,48,3,72.0,4375.0,3153.2
14,max_power_bank_offset,49,3,72.0,4372.0,3153.6
14,max_power_bank_offset,50,3,71.0,4373.0,3156.0
14,max_power_bank_offset,51,3,71.0,4370.0,3162.4
14,max_power_bank_offset,52,3,72.0,4366.0,3162.0
14,max_power_bank_offset,53,3,71.0,4363.0,3164.8
14,max_power_bank_offset,54,3,72.0,4365.0,3167.6
14,max_power_bank_offset,55,3,71.0,4366.0,3166.4
14,max_power_bank_offset,56,3,71.0,4366.0,3165.2
14,max_power_bank_offset,57,3,72.0,4365.0,3166.8
14,max_power_bank_offset,58,3,71.0,4365.0,3171.2
14,max_power_bank_offset,59,3,71.0,4364.0,3171.2
14,max_power_bank_offset,60,3,71.0,4365.0,3170.0
14,max_power_bank_offset,61,3,72.0,4366.0,3169.6
14,max_power_bank_offset,62,3,72.0,4366.0,3169.2
14,max_power_bank_offset,63,3,72.0,4366.0,3170.0
14,max_power_bank_offset,64,3,71.0,4366.0,3169.2
14,max_power_bank_offset,65,3,71.0,4366.0,3175.2
14,max_power_bank_offset,66,3,72.0,4367.0,3174.8
14,max_power_bank_offset,67,3,72.0,4367.0,3172.8
14,max_power_bank_offset,68,3,71.0,4368.0,3172.0
14,max_power_bank_offset,69,3,72.0,4367.0,3172.4
14,max_power_bank_offset,70,3,72.0,4367.0,3172.4
14,max_power_bank_offset,71,3,72.0,4368.0,3172.8
14,max_power_bank_offset,72,3,71.0,4369.0,3172.0
14,max_power_bank_offset,73,3,72.0,4369.0,3176.4
14,max_power_bank_offset,74,3,72.0,4369.0,3176.4
14,max_power_bank_offset,75,3,72.0,4369.0,3176.4
14,max_power_bank_offset,76,3,72.0,4370.0,3176.8
14,max_power_bank_offset,77,3,72.0,4371.0,3176.4
14,max_power_bank_offset,78,3,72.0,4370.0,3176.4
14,max_power_bank_offset,79,3,72.0,4370.0,3176.0
14,max_power_bank_offset,80,3,72.0,4370.0,3172.4
14,max_power_bank_offset,81,3,72.0,4373.0,3169.6
14,max_power_bank_offset,82,3,72.0,4382.0,3168.0
14,max_power_bank_offset,83,3,72.0,4394.0,3162.8
14,max_power_bank_offset,84,3,72.0,4399.0,3163.2
14,max_power_bank_offset,85,3,72.0,4392.0,3163.6
14,max_power_bank_offset,86,3,72.0,4390.0,3167.6
14,max_power_bank_offset,87,3,72.0,4388.0,3166.8
14,max_power_bank_offset,88,3,72.0,4385.0,3165.6
14,max_power_bank_offset,89,3,72.0,4384.0,3166.0
14,max_power_bank_offset,90,3,71.0,4380.0,3167.2
15,max_power_bank_offset,0,0,64.0,1100.0,3132.4
15,max_power_bank_offset,1,0,72.0,4200.0,2722.8
15,max_power_bank_offset,2,0,72.0,4355.0,2947.2
15,max_power_bank_offset,3,0,72.0,4417.0,3020.0
15,max_power_bank_offset,4,0,72.0,4458.0,3057.6
15,max_power_bank_offset,5,0,72.0,4485.0,3082.8
15,max_power_bank_offset,6,0,72.0,4491.0,3098.4
15,max_power_bank_offset,7,0,72.0,4498.0,3106.0
15,max_power_bank_offset,8,0,73.0,4505.0,3119.2
15,max_power_bank_offset,9,0,72.0,4511.0,3122.4
15,max_power_bank_offset,10,0,72.0,4511.0,3129.6
15,max_power_bank_offset,11,0,72.0,4514.0,3135.2
15,max_power_bank_offset,12,0,73.0,4518.0,3143.2
15,max_power_bank_offset,13,0,72.0,4522.0,3146.8
15,max_power_bank_offset,14,0,72.0,4526.0,3145.2
15,max_power_bank_offset,15,0,72.0,4527.0,3148.0
15,max_power_bank_offset,16,0,72.0,4530.0,3150.4
15,max_power_bank_offset,17,0,72.0,4530.0,3150.0
15,max_power_bank_offset,18,0,72.0,4533.0,3154.0
15,max_power_bank_offset,19,0,72.0,4535.0,3152.0
15,max_power_bank_offset,20,0,73.0,4536.0,3155.6
15,max_power_bank_offset,21,0,72.0,4538.0,3154.4
15,max_power_bank_offset,22,0,73.0,4539.0,3152.8
15,max_power_bank_offset,23,0,72.0,4539.0,3157.2
15,max_power_bank_offset,24,0,72.0,4540.0,3156.0
15,max_power_bank_offset,25,0,72.0,4542.0,3155.2
15,max_power_bank_offset,26,0,72.0,4542.0,3160.0
15,max_power_bank_offset,27,0,72.0,4542.0,3160.0
15,max_power_bank_offset,28,0,72.0,4543.0,3159.2
15,max_power_bank_offset,29,0,72.0,4545.0,3158.4
15,max_power_bank_offset,30,0,72.0,4544.0,3159.2
15,max_power_bank_offset,31,0,72.0,4545.0,3159.2
15,max_power_bank_offset,32,0,72.0,4544.0,3163.6
15,max_power_bank_offset,33,0,72.0,4544.0,3164.4
15,max_power_bank_offset,34,0,73.0,4545.0,3164.0
15,max_power_bank_offset,35,0,72.0,4545.0,3164.4
15,max_power_bank_offset,36,0,72.0,4545.0,3164.0
15,max_power_bank_offset,37,0,72.0,4545.0,3164.4
15,max_power_bank_offset,38,0,72.0,4545.0,3164.0
15,max_power_bank_offset,39,0,73.0,4545.0,3168.4
15,max_power_bank_offset,40,0,72.0,4524.0,3182.8
15,max_power_bank_offset,41,0,72.0,4537.0,3183.2
15,max_power_bank_offset,42,0,73.0,4544.0,3177.6
15,max_power_bank_offset,43,0,72.0,4551.0,3177.2
15,max_power_bank_offset,44,0,73.0,4545.0,3181.6
15,max_power_bank_offset,45,0,72.0,4548.0,3178.8
15,max_power_bank_offset,46,0,73.0,4552.0,3176.0
15,max_power_bank_offset,47,0,73.0,4551.0,3178.4
15,max_power_bank_offset,48,0,73.0,4555.0,3176.4
15,max_power_bank_offset,49,0,73.0,4560.0,3171.2
15,max_power_bank_offset,50,0,73.0,4560.0,3172.8
15,max_power_bank_offset,51,0,73.0,4558.0,3174.0
15,max_power_bank_offset,52,0,73.0,4557.0,3174.8
15,max_power_bank_offset,53,0,73.0,4558.0,3174.0
15,max_power_bank_offset,54,0,72.0,4559.0,3175.2
15,max_power_bank_offset,55,0,72.0,4556.0,3175.6
15,max_power_bank_offset,56,0,73.0,4552.0,3176.8
15,max_power_bank_offset,57,0,73.0,4551.0,3177.2
15,max_power_bank_offset,58,0,73.0,4552.0,3176.0
15,max_power_bank_offset,59,0,72.0,4555.0,3173.2
15,max_power_bank_offset,60,0,73.0,4554.0,3173.2
15,max_power_bank_offset,61,0,73.0,4555.0,3172.8
15,max_power_bank_offset,62,0,73.0,4556.0,3171.6
15,max_power_bank_offset,63,0,73.0,4554.0,3172.4
15,max_power_bank_offset,64,0,72.0,4555.0,3170.8
15,max_power_bank_offset,65,0,73.0,4555.0,3170.8
15,max_power_bank_offset,66,0,73.0,4556.0,3170.0
15,max_power_bank_offset,67,0,73.0,4556.0,3169.2
15,max_power_bank_offset,68,0,73.0,4555.0,3169.6
15,max_power_bank_offset,69,0,73.0,4555.0,3169.2
15,max_power_bank_offset,70,0,73.0,4555.0,3169.2
15,max_power_bank_offset,71,0,73.0,4554.0,3169.6
15,max_power_bank_offset,72,0,73.0,4553.0,3169.6
15,max_power_bank_offset,73,0,73.0,4553.0,3170.0
15,max_power_bank_offset,74,0,73.0,4552.0,3170.4
15,max_power_bank_offset,75,0,73.0,4552.0,3170.4
15,max_power_bank_offset,76,0,73.0,4552.0,3170.4
15,max_power_bank_offset,77,0,73.0,4553.0,3170.0
15,max_power_bank_offset,78,0,73.0,4553.0,3170.0
15,max_power_bank_offset,79,0,73.0,4553.0,3170.4
15,max_power_bank_offset,80,0,73.0,4520.0,3167.2
15,max_power_bank_offset,81,0,73.0,4536.0,3170.4
15,max_power_bank_offset,82,0,73.0,4562.0,3162.8
15,max_power_bank_offset,83,0,73.0,4551.0,3165.6
15,max_power_bank_offset,84,0,73.0,4559.0,3163.2
15,max_power_bank_offset,85,0,73.0,4558.0,3164.8
15,max_power_bank_offset,86,0,73.0,4560.0,3164.4
15,max_power_bank_offset,87,0,73.0,4557.0,3158.0
15,max_power_bank_offset,88,0,73.0,4555.0,3158.0
15,max_power_bank_offset,89,0,73.0,4553.0,3160.4
15,max_power_bank_offset,90,0,73.0,4553.0,3163.2
15,max_power_bank_offset,0,1,64.0,1100.0,3124.4
15,max_power_bank_offset,1,1,72.0,4500.0,2498.0
15,max_power_bank_offset,2,1,72.0,4529.0,2832.8
15,max_power_bank_offset,3,1,73.0,4541.0,2931.2
15,max_power_bank_offset,4,1,73.0,4551.0,2990.8
15,max_power_bank_offset,5,1,73.0,4551.0,3022.4
15,max_power_bank_offset,6,1,73.0,4557.0,3043.6
15,max_power_bank_offset,7,1,73.0,4555.0,3061.6
15,max_power_bank_offset,8,1,73.0,4558.0,3074.0
15,max_power_bank_offset,9,1,73.0,4560.0,3082.4
15,max_power_bank_offset,10,1,73.0,4562.0,3086.8
15,max_power_bank_offset,11,1,73.0,4561.0,3097.2
15,max_power_bank_offset,12,1,73.0,4562.0,3102.4
15,max_power_bank_offset,13,1,73.0,4562.0,3107.2
15,max_power_bank_offset,14,1,73.0,4562.0,3110.4
15,max_power_bank_offset,15,1,73.0,4563.0,3110.0
15,max_power_bank_offset,16,1,73.0,4562.0,3115.2
15,max_power_bank_offset,17,1,73.0,4561.0,3120.0
15,max_power_bank_offset,18,1,73.0,4561.0,3120.0
15,max_power_bank_offset,19,1,73.0,4562.0,3118.0
15,max_power_bank_offset,20,1,73.0,4563.0,3122.8
15,max_power_bank_offset,21,1,73.0,4563.0,3122.8
15,max_power_bank_offset,22,1,73.0,4562.0,3128.0
15,max_power_bank_offset,23,1,73.0,4562.0,3128.4
15,max_power_bank_offset,24,1,73.0,4560.0,3128.8
15,max_power_bank_offset,25,1,73.0,4559.0,3128.8
15,max_power_bank_offset,26,1,73.0,4557.0,3133.2
15,max_power_bank_offset,27,1,73.0,4557.0,3133.2
15,max_power_bank_offset,28,1,73.0,4557.0,3132.8
15,max_power_bank_offset,29,1,73.0,4557.0,3132.8
15,max_power_bank_offset,30,1,73.0,4558.0,3132.8
15,max_power_bank_offset,31,1,73.0,4557.0,3137.2
15,max_power_bank_offset,32,1,73.0,4557.0,3137.2
15,max_power_bank_offset,33,1,73.0,4557.0,3137.6
15,max_power_bank_offset,34,1,73.0,4557.0,3137.6
15,max_power_bank_offset,35,1,73.0,4557.0,3138.0
15,max_power_bank_offset,36,1,73.0,4556.0,3138.4
15,max_power_bank_offset,37,1,73.0,4556.0,3138.0
15,max_power_bank_offset,38,1,73.0,4555.0,3142.8
15,max_power_bank_offset,39,1,73.0,4555.0,3143.2
15,max_power_bank_offset,40,1,73.0,4565.0,3164.4
15,max_power_bank_offset,41,1,73.0,4557.0,3165.6
15,max_power_bank_offset,42,1,73.0,4538.0,3172.0
15,max_power_bank_offset,43,1,73.0,4536.0,3172.0
15,max_power_bank_offset,44,1,73.0,4545.0,3170.0
15,max_power_bank_offset,45,1,73.0,4545.0,3170.4
15,max_power_bank_offset,46,1,73.0,4545.0,3167.6
15,max_power_bank_offset,47,1,73.0,4548.0,3164.8
15,max_power_bank_offset,48,1,73.0,4546.0,3164.8
15,max_power_bank_offset,49,1,73.0,4549.0,3162.0
15,max_power_bank_offset,50,1,73.0,4547.0,3165.2
15,max_power_bank_offset,51,1,73.0,4546.0,3166.4
15,max_power_bank_offset,52,1,73.0,4546.0,3164.4
15,max_power_bank_offset,53,1,73.0,4546.0,3166.0
15,max_power_bank_offset,54,1,73.0,4544.0,3166.8
15,max_power_bank_offset,55,1,73.0,4543.0,3164.8
15,max_power_bank_offset,56,1,73.0,4544.0,3165.2
15,max_power_bank_offset,57,1,73.0,4543.0,3164.8
15,max_power_bank_offset,58,1,73.0,4542.0,3164.0
15,max_power_bank_offset,59,1,73.0,4544.0,3164.0
15,max_power_bank_offset,60,1,73.0,4545.0,3163.2
15,max_power_bank_offset,61,1,73.0,4545.0,3162.8
15,max_power_bank_offset,62,1,73.0,4546.0,3162.8
15,max_power_bank_offset,63,1,73.0,4544.0,3162.8
15,max_power_bank_offset,64,1,73.0,4543.0,3163.6
15,max_power_bank_offset,65,1,73.0,4542.0,3164.0
15,max_power_bank_offset,66,1,73.0,4543.0,3163.2
15,max_power_bank_offset,67,1,73.0,4543.0,3162.8
15,max_power_bank_offset,68,1,73.0,4544.0,3162.0
15,max_power_bank_offset,69,1,73.0,4544.0,3162.0
15,max_power_bank_offset,70,1,73.0,4545.0,3160.8
15,max_power_bank_offset,71,1,73.0,4545.0,3160.0
15,max_power_bank_offset,72,1,73.0,4545.0,3160.4
15,max_power_bank_offset,73,1,73.0,4545.0,3160.0
15,max_power_bank_offset,74,1,73.0,4545.0,3158.8
15,max_power_bank_offset,75,1,73.0,4546.0,3158.0
15,max_power_bank_offset,76,1,73.0,4546.0,3158.0
15,max_power_bank_offset,77,1,73.0,4546.0,3158.0
15,max_power_bank_offset,78,1,73.0,4546.0,3157.6
15,max_power_bank_offset,79,1,73.0,4546.0,3157.6
15,max_power_bank_offset,80,1,73.0,4540.0,3151.2
15,max_power_bank_offset,81,1,73.0,4544.0,3142.0
15,max_power_bank_offset,82,1,73.0,4537.0,3144.8
15,max_power_bank_offset,83,1,73.0,4541.0,3151.6
15,max_power_bank_offset,84,1,73.0,4544.0,3148.4
15,max_power_bank_offset,85,1,73.0,4546.0,3149.6
15,max_power_bank_offset,86,1,73.0,4552.0,3148.0
15,max_power_bank_offset,87,1,73.0,4553.0,3150.4
15,max_power_bank_offset,88,1,73.0,4556.0,3148.8
15,max_power_bank_offset,89,1,73.0,4554.0,3149.2
15,max_power_bank_offset,90,1,73.0,4553.0,3150.4
15,max_power_bank_offset,0,2,64.0,1100.0,3110.0
15,max_power_bank_offset,1,2,72.0,4040.0,2766.8
15,max_power_bank_offset,2,2,73.0,4184.0,2950.4
15,max_power_bank_offset,3,2,73.0,4248.0,3029.2
15,max_power_bank_offset,4,2,73.0,4271.0,3061.6
15,max_power_bank_offset,5,2,73.0,4295.0,3076.4
15,max_power_bank_offset,6,2,73.0,4301.0,3092.8
15,max_power_bank_offset,7,2,73.0,4307.0,3104.0
15,max_power_bank_offset,8,2,73.0,4310.0,3111.2
15,max_power_bank_offset,9,2,73.0,4318.0,3116.4
15,max_power_bank_offset,10,2,73.0,4326.0,3117.2
15,max_power_bank_offset,11,2,73.0,4328.0,3124.0
15,max_power_bank_offset,12,2,73.0,4333.0,3127.2
15,max_power_bank_offset,13,2,73.0,4333.0,3127.6
15,max_power_bank_offset,14,2,73.0,4331.0,3132.8
15,max_power_bank_offset,15,2,73.0,4336.0,3134.8
15,max_power_bank_offset,16,2,73.0,4338.0,3134.0
15,max_power_bank_offset,17,2,73.0,4340.0,3138.4
15,max_power_bank_offset,18,2,73.0,4345.0,3135.2
15,max_power_bank_offset,19,2,73.0,4348.0,3138.4
15,max_power_bank_offset,20,2,73.0,4351.0,3137.6
15,max_power_bank_offset,21,2,73.0,4352.0,3136.4
15,max_power_bank_offset,22,2,73.0,4353.0,3139.6
15,max_power_bank_offset,23,2,73.0,4355.0,3138.4
15,max_power_bank_offset,24,2,73.0,4356.0,3138.0
15,max_power_bank_offset,25,2,73.0,4358.0,3136.4
15,max_power_bank_offset,26,2,73.0,4357.0,3136.4
15,max_power_bank_offset,27,2,73.0,4357.0,3141.2
15,max_power_bank_offset,28,2,73.0,4357.0,3141.6
15,max_power_bank_offset,29,2,73.0,4357.0,3140.8
15,max_power_bank_offset,30,2,73.0,4356.0,3141.2
15,max_power_bank_offset,31,2,73.0,4356.0,3141.6
15,max_power_bank_offset,32,2,73.0,4356.0,3141.6
15,max_power_bank_offset,33,2,73.0,4356.0,3146.8
15,max_power_bank_offset,34,2,73.0,4356.0,3146.4
15,max_power_bank_offset,35,2,73.0,4356.0,3146.0
15,max_power_bank_offset,36,2,73.0,4356.0,3146.8
15,max_power_bank_offset,37,2,73.0,4355.0,3146.0
15,max_power_bank_offset,38,2,73.0,4355.0,3146.4
15,max_power_bank_offset,39,2,73.0,4356.0,3145.2
15,max_power_bank_offset,40,2,73.0,4390.0,3163.2
15,max_power_bank_offset,41,2,73.0,4360.0,3170.4
15,max_power_bank_offset,42,2,73.0,4370.0,3166.0
15,max_power_bank_offset,43,2,73.0,4366.0,3169.6
15,max_power_bank_offset,44,2,73.0,4365.0,3171.2
15,max_power_bank_offset,45,2,73.0,4369.0,3166.8
15,max_power_bank_offset,46,2,73.0,4375.0,3160.4
15,max_power_bank_offset,47,2,73.0,4376.0,3158.8
15,max_power_bank_offset,48,2,73.0,4377.0,3156.0
15,max_power_bank_offset,49,2,73.0,4373.0,3156.4
15,max_power_bank_offset,50,2,73.0,4371.0,3158.4
15,max_power_bank_offset,51,2,73.0,4369.0,3159.6
15,max_power_bank_offset,52,2,73.0,4368.0,3160.0
15,max_power_bank_offset,53,2,73.0,4368.0,3160.0
15,max_power_bank_offset,54,2,73.0,4368.0,3160.8
15,max_power_bank_offset,55,2,73.0,4368.0,3160.0
15,max_power_bank_offset,56,2,73.0,4369.0,3158.0
15,max_power_bank_offset,57,2,73.0,4371.0,3156.4
15,max_power_bank_offset,58,2,73.0,4370.0,3156.8
15,max_power_bank_offset,59,2,73.0,4370.0,3157.2
15,max_power_bank_offset,60,2,73.0,4371.0,3158.8
15,max_power_bank_offset,61,2,73.0,4371.0,3158.4
15,max_power_bank_offset,62,2,73.0,4371.0,3158.4
15,max_power_bank_offset,63,2,73.0,4371.0,3159.2
15,max_power_bank_offset,64,2,73.0,4371.0,3158.4
15,max_power_bank_offset,65,2,73.0,4372.0,3157.6
15,max_power_bank_offset,66,2,73.0,4371.0,3157.6
15,max_power_bank_offset,67,2,73.0,4371.0,3156.8
15,max_power_bank_offset,68,2,73.0,4371.0,3157.2
15,max_power_bank_offset,69,2,73.0,4371.0,3157.2
15,max_power_bank_offset,70,2,73.0,4371.0,3157.2
15,max_power_bank_offset,71,2,73.0,4372.0,3157.2
15,max_power_bank_offset,72,2,73.0,4372.0,3157.6
15,max_power_bank_offset,73,2,73.0,4372.0,3156.4
15,max_power_bank_offset,74,2,73.0,4372.0,3156.4
15,max_power_bank_offset,75,2,73.0,4373.0,3155.2
15,max_power_bank_offset,76,2,73.0,4373.0,3155.6
15,max_power_bank_offset,77,2,73.0,4374.0,3155.2
15,max_power_bank_offset,78,2,73.0,4374.0,3154.4
15,max_power_bank_offset,79,2,73.0,4374.0,3154.8
15,max_power_bank_offset,80,2,73.0,4350.0,3180.4
15,max_power_bank_offset,81,2,73.0,4373.0,3164.8
15,max_power_bank_offset,82,2,73.0,4393.0,3146.8
15,max_power_bank_offset,83,2,73.0,4382.0,3152.4
15,max_power_bank_offset,84,2,73.0,4377.0,3154.8
15,max_power_bank_offset,85,2,73.0,4375.0,3154.8
15,max_power_bank_offset,86,2,73.0,4374.0,3154.0
15,max_power_bank_offset,87,2,73.0,4371.0,3157.6
15,max_power_bank_offset,88,2,73.0,4371.0,3157.2
15,max_power_bank_offset,89,2,73.0,4368.0,3160.0
15,max_power_bank_offset,90,2,73.0,4367.0,3160.4
15,max_power_bank_offset,0,3,64.0,1000.0,3084.0
15,max_power_bank_offset,1,3,72.0,4030.0,2772.4
15,max_power_bank_offset,2,3,73.0,4194.0,2949.6
15,max_power_bank_offset,3,3,73.0,4262.0,3021.2
15,max_power_bank_offset,4,3,73.0,4276.0,3065.2
15,max_power_bank_offset,5,3,73.0,4287.0,3087.6
15,max_power_bank_offset,6,3,73.0,4298.0,3102.0
15,max_power_bank_offset,7,3,73.0,4304.0,3112.8
15,max_power_bank_offset,8,3,73.0,4308.0,3124.4
15,max_power_bank_offset,9,3,73.0,4314.0,3120.0
15,max_power_bank_offset,10,3,73.0,4314.0,3127.6
15,max_power_bank_offset,11,3,73.0,4316.0,3132.4
15,max_power_bank_offset,12,3,73.0,4317.0,3136.8
15,max_power_bank_offset,13,3,73.0,4320.0,3139.6
15,max_power_bank_offset,14,3,73.0,4322.0,3138.0
15,max_power_bank_offset,15,3,73.0,4327.0,3139.2
15,max_power_bank_offset,16,3,73.0,4329.0,3142.4
15,max_power_bank_offset,17,3,73.0,4329.0,3142.0
15,max_power_bank_offset,18,3,73.0,4330.0,3140.8
15,max_power_bank_offset,19,3,73.0,4332.0,3144.8
15,max_power_bank_offset,20,3,73.0,4332.0,3144.0
15,max_power_bank_offset,21,3,73.0,4332.0,3144.0
15,max_power_bank_offset,22,3,73.0,4331.0,3149.2
15,max_power_bank_offset,23,3,73.0,4332.0,3149.2
15,max_power_bank_offset,24,3,73.0,4332.0,3148.8
15,max_power_bank_offset,25,3,73.0,4335.0,3147.2
15,max_power_bank_offset,26,3,73.0,4335.0,3150.4
15,max_power_bank_offset,27,3,73.0,4335.0,3150.4
15,max_power_bank_offset,28,3,73.0,4338.0,3148.8
15,max_power_bank_offset,29,3,73.0,4337.0,3149.2
15,max_power_bank_offset,30,3,73.0,4337.0,3149.6
15,max_power_bank_offset,31,3,73.0,4338.0,3148.4
15,max_power_bank_offset,32,3,73.0,4337.0,3153.2
15,max_power_bank_offset,33,3,73.0,4339.0,3152.0
15,max_power_bank_offset,34,3,73.0,4340.0,3152.0
15,max_power_bank_offset,35,3,73.0,4340.0,3151.6
15,max_power_bank_offset,36,3,73.0,4341.0,3151.6
15,max_power_bank_offset,37,3,73.0,4342.0,3150.4
15,max_power_bank_offset,38,3,73.0,4341.0,3150.8
15,max_power_bank_offset,39,3,73.0,4342.0,3150.0
15,max_power_bank_offset,40,3,73.0,4320.0,3190.0
15,max_power_bank_offset,41,3,73.0,4355.0,3166.4
15,max_power_bank_offset,42,3,73.0,4360.0,3160.8
15,max_power_bank_offset,43,3,73.0,4364.0,3158.0
15,max_power_bank_offset,44,3,73.0,4355.0,3159.6
15,max_power_bank_offset,45,3,73.0,4350.0,3164.4
15,max_power_bank_offset,46,3,73.0,4347.0,3162.8
15,max_power_bank_offset,47,3,73.0,4351.0,3162.4
15,max_power_bank_offset,48,3,73.0,4349.0,3164.8
15,max_power_bank_offset,49,3,73.0,4351.0,3162.4
15,max_power_bank_offset,50,3,73.0,4351.0,3160.4
15,max_power_bank_offset,51,3,73.0,4351.0,3159.6
15,max_power_bank_offset,52,3,73.0,4350.0,3159.2
15,max_power_bank_offset,53,3,73.0,4350.0,3158.8
15,max_power_bank_offset,54,3,73.0,4349.0,3159.6
15,max_power_bank_offset,55,3,73.0,4347.0,3160.8
15,max_power_bank_offset,56,3,73.0,4346.0,3163.2
15,max_power_bank_offset,57,3,73.0,4349.0,3162.0
15,max_power_bank_offset,58,3,73.0,4350.0,3161.6
15,max_power_bank_offset,59,3,73.0,4352.0,3160.4
15,max_power_bank_offset,60,3,73.0,4353.0,3160.4
15,max_power_bank_offset,61,3,73.0,4354.0,3159.6
15,max_power_bank_offset,62,3,73.0,4354.0,3159.2
15,max_power_bank_offset,63,3,73.0,4355.0,3158.4
15,max_power_bank_offset,64,3,73.0,4357.0,3158.0
15,max_power_bank_offset,65,3,73.0,4358.0,3158.0
15,max_power_bank_offset,66,3,73.0,4358.0,3158.0
15,max_power_bank_offset,67,3,73.0,4359.0,3156.8
15,max_power_bank_offset,68,3,73.0,4359.0,3156.4
15,max_power_bank_offset,69,3,73.0,4359.0,3156.4
15,max_power_bank_offset,70,3,73.0,4358.0,3156.4
15,max_power_bank_offset,71,3,73.0,4359.0,3156.4
15,max_power_bank_offset,72,3,73.0,4359.0,3156.4
15,max_power_bank_offset,73,3,73.0,4358.0,3157.6
15,max_power_bank_offset,74,3,73.0,4359.0,3157.2
15,max_power_bank_offset,75,3,73.0,4359.0,3156.0
15,max_power_bank_offset,76,3,73.0,4360.0,3155.2
15,max_power_bank_offset,77,3,73.0,4359.0,3155.6
15,max_power_bank_offset,78,3,73.0,4358.0,3156.0
15,max_power_bank_offset,79,3,73.0,4358.0,3156.8
15,max_power_bank_offset,80,3,73.0,4370.0,3147.2
15,max_power_bank_offset,81,3,73.0,4380.0,3151.6
15,max_power_bank_offset,82,3,73.0,4372.0,3156.0
15,max_power_bank_offset,83,3,73.0,4376.0,3148.0
15,max_power_bank_offset,84,3,73.0,4377.0,3147.2
15,max_power_bank_offset,85,3,73.0,4379.0,3146.4
15,max_power_bank_offset,86,3,73.0,4382.0,3144.8
15,max_power_bank_offset,87,3,73.0,4378.0,3147.2
15,max_power_bank_offset,88,3,73.0,4375.0,3149.2
15,max_power_bank_offset,89,3,73.0,4376.0,3148.8
15,max_power_bank_offset,90,3,73.0,4373.0,3149.2
16,max_power_bank_offset,0,0,58.0,1225.0,3195.2
16,max_power_bank_offset,1,0,66.0,4640.0,2581.6
16,max_power_bank_offset,2,0,66.0,4650.0,2915.6
16,max_power_bank_offset,3,0,66.0,4644.0,3028.0
16,max_power_bank_offset,4,0,66.0,4648.0,3076.8
16,max_power_bank_offset,5,0,67.0,4648.0,3117.2
16,max_power_bank_offset,6,0,66.0,4659.0,3135.2
16,max_power_bank_offset,7,0,67.0,4658.0,3147.2
16,max_power_bank_offset,8,0,67.0,4657.0,3163.6
16,max_power_bank_offset,9,0,67.0,4654.0,3172.8
16,max_power_bank_offset,10,0,67.0,4648.0,3184.4
16,max_power_bank_offset,11,0,67.0,4648.0,3185.6
16,max_power_bank_offset,12,0,67.0,4647.0,3191.2
16,max_power_bank_offset,13,0,67.0,4645.0,3196.0
16,max_power_bank_offset,14,0,67.0,4645.0,3200.8
16,max_power_bank_offset,15,0,67.0,4644.0,3200.8
16,max_power_bank_offset,16,0,67.0,4642.0,3206.8
16,max_power_bank_offset,17,0,67.0,4643.0,3212.4
16,max_power_bank_offset,18,0,67.0,4643.0,3212.8
16,max_power_bank_offset,19,0,67.0,4643.0,3218.0
16,max_power_bank_offset,20,0,67.0,4642.0,3217.2
16,max_power_bank_offset,21,0,67.0,4641.0,3216.8
16,max_power_bank_offset,22,0,67.0,4640.0,3221.6
16,max_power_bank_offset,23,0,67.0,4641.0,3220.8
16,max_power_bank_offset,24,0,67.0,4641.0,3220.4
16,max_power_bank_offset,25,0,67.0,4640.0,3225.6
16,max_power_bank_offset,26,0,67.0,4640.0,3223.6
16,max_power_bank_offset,27,0,67.0,4641.0,3222.8
16,max_power_bank_offset,28,0,67.0,4641.0,3223.2
16,max_power_bank_offset,29,0,67.0,4640.0,3222.8
16,max_power_bank_offset,30,0,67.0,4639.0,3228.4
16,max_power_bank_offset,31,0,67.0,4638.0,3228.4
16,max_power_bank_offset,32,0,67.0,4637.0,3229.2
16,max_power_bank_offset,33,0,67.0,4637.0,3228.8
16,max_power_bank_offset,34,0,67.0,4637.0,3228.8
16,max_power_bank_offset,35,0,67.0,4638.0,3228.4
16,max_power_bank_offset,36,0,67.0,4640.0,3227.6
16,max_power_bank_offset,37,0,67.0,4641.0,3226.8
16,max_power_bank_offset,38,0,67.0,4641.0,3230.8
16,max_power_bank_offset,39,0,67.0,4641.0,3229.6
16,max_power_bank_offset,40,0,67.0,4658.0,3230.4
16,max_power_bank_offset,41,0,67.0,4662.0,3227.2
16,max_power_bank_offset,42,0,67.0,4664.0,3223.2
16,max_power_bank_offset,43,0,67.0,4666.0,3225.2
16,max_power_bank_offset,44,0,67.0,4668.0,3228.8
16,max_power_bank_offset,45,0,67.0,4668.0,3228.4
16,max_power_bank_offset,46,0,67.0,4670.0,3227.6
16,max_power_bank_offset,47,0,67.0,4668.0,3227.6
16,max_power_bank_offset,48,0,67.0,4671.0,3222.4
16,max_power_bank_offset,49,0,67.0,4665.0,3228.0
16,max_power_bank_offset,50,0,67.0,4669.0,3228.0
16,max_power_bank_offset,51,0,67.0,4668.0,3227.6
16,max_power_bank_offset,52,0,67.0,4668.0,3226.4
16,max_power_bank_offset,53,0,67.0,4665.0,3228.0
16,max_power_bank_offset,54,0,67.0,4666.0,3228.8
16,max_power_bank_offset,55,0,67.0,4667.0,3228.0
16,max_power_bank_offset,56,0,67.0,4665.0,3227.2
16,max_power_bank_offset,57,0,67.0,4662.0,3227.6
16,max_power_bank_offset,58,0,67.0,4662.0,3233.2
16,max_power_bank_offset,59,0,67.0,4663.0,3232.4
16,max_power_bank_offset,60,0,67.0,4663.0,3230.8
16,max_power_bank_offset,61,0,67.0,4663.0,3230.4
16,max_power_bank_offset,62,0,67.0,4661.0,3231.6
16,max_power_bank_offset,63,0,67.0,4661.0,3231.6
16,max_power_bank_offset,64,0,67.0,4661.0,3231.6
16,max_power_bank_offset,65,0,67.0,4660.0,3232.4
16,max_power_bank_offset,66,0,67.0,4659.0,3233.2
16,max_power_bank_offset,67,0,67.0,4658.0,3237.6
16,max_power_bank_offset,68,0,67.0,4657.0,3237.6
16,max_power_bank_offset,69,0,67.0,4658.0,3238.4
16,max_power_bank_offset,70,0,67.0,4657.0,3238.8
16,max_power_bank_offset,71,0,67.0,4657.0,3238.4
16,max_power_bank_offset,72,0,67.0,4656.0,3244.0
16,max_power_bank_offset,73,0,67.0,4657.0,3244.0
16,max_power_bank_offset,74,0,67.0,4656.0,3244.0
16,max_power_bank_offset,75,0,67.0,4657.0,3242.8
16,max_power_bank_offset,76,0,67.0,4656.0,3243.6
16,max_power_bank_offset,77,0,67.0,4656.0,3244.0
16,max_power_bank_offset,78,0,67.0,4655.0,3248.4
16,max_power_bank_offset,79,0,67.0,4655.0,3248.0
16,max_power_bank_offset,80,0,67.0,4620.0,3266.0
16,max_power_bank_offset,81,0,67.0,4634.0,3270.8
16,max_power_bank_offset,82,0,67.0,4636.0,3267.6
16,max_power_bank_offset,83,0,67.0,4633.0,3275.6
16,max_power_bank_offset,84,0,67.0,4636.0,3273.2
16,max_power_bank_offset,85,0,68.0,4637.0,3270.8
16,max_power_bank_offset,86,0,67.0,4639.0,3268.0
16,max_power_bank_offset,87,0,67.0,4639.0,3266.8
16,max_power_bank_offset,88,0,67.0,4651.0,3257.6
16,max_power_bank_offset,89,0,67.0,4652.0,3258.4
16,max_power_bank_offset,90,0,67.0,4653.0,3258.4
16,max_power_bank_offset,0,1,59.0,1262.0,3170.4
16,max_power_bank_offset,1,1,67.0,4280.0,2899.2
16,max_power_bank_offset,2,1,67.0,4465.0,3079.2
16,max_power_bank_offset,3,1,67.0,4513.0,3148.0
16,max_power_bank_offset,4,1,67.0,4541.0,3180.0
16,max_power_bank_offset,5,1,67.0,4559.0,3197.2
16,max_power_bank_offset,6,1,67.0,4569.0,3217.2
16,max_power_bank_offset,7,1,67.0,4577.0,3225.2
16,max_power_bank_offset,8,1,67.0,4584.0,3234.0
16,max_power_bank_offset,9,1,67.0,4592.0,3237.2
16,max_power_bank_offset,10,1,67.0,4599.0,3235.2
16,max_power_bank_offset,11,1,67.0,4602.0,3236.8
16,max_power_bank_offset,12,1,67.0,4605.0,3242.4
16,max_power_bank_offset,13,1,67.0,4607.0,3241.2
16,max_power_bank_offset,14,1,67.0,4609.0,3243.2
16,max_power_bank_offset,15,1,67.0,4608.0,3246.0
16,max_power_bank_offset,16,1,67.0,4610.0,3247.6
16,max_power_bank_offset,17,1,67.0,4615.0,3244.4
16,max_power_bank_offset,18,1,67.0,4617.0,3247.6
16,max_power_bank_offset,19,1,67.0,4618.0,3246.4
16,max_power_bank_offset,20,1,67.0,4619.0,3246.4
16,max_power_bank_offset,21,1,67.0,4621.0,3250.4
16,max_power_bank_offset,22,1,67.0,4621.0,3250.4
16,max_power_bank_offset,23,1,67.0,4622.0,3249.6
16,max_power_bank_offset,24,1,67.0,4622.0,3252.8
16,max_power_bank_offset,25,1,67.0,4622.0,3251.6
16,max_power_bank_offset,26,1,68.0,4623.0,3250.8
16,max_power_bank_offset,27,1,67.0,4625.0,3248.8
16,max_power_bank_offset,28,1,67.0,4627.0,3246.4
16,max_power_bank_offset,29,1,67.0,4627.0,3251.2
16,max_power_bank_offset,30,1,67.0,4627.0,3251.2
16,max_power_bank_offset,31,1,67.0,4629.0,3249.6
16,max_power_bank_offset,32,1,67.0,4630.0,3249.2
16,max_power_bank_offset,33,1,67.0,4631.0,3248.0
16,max_power_bank_offset,34,1,67.0,4632.0,3248.4
16,max_power_bank_offset,35,1,67.0,4634.0,3246.8
16,max_power_bank_offset,36,1,67.0,4634.0,3250.8
16,max_power_bank_offset,37,1,68.0,4635.0,3248.8
16,max_power_bank_offset,38,1,67.0,4635.0,3249.6
16,max_power_bank_offset,39,1,68.0,4636.0,3248.8
16,max_power_bank_offset,40,1,67.0,4640.0,3248.8
16,max_power_bank_offset,41,1,67.0,4650.0,3260.4
16,max_power_bank_offset,42,1,68.0,4656.0,3252.8
16,max_power_bank_offset,43,1,68.0,4658.0,3248.8
16,max_power_bank_offset,44,1,68.0,4651.0,3251.6
16,max_power_bank_offset,45,1,67.0,4655.0,3249.6
16,max_power_bank_offset,46,1,67.0,4653.0,3246.8
16,max_power_bank_offset,47,1,68.0,4652.0,3246.4
16,max_power_bank_offset,48,1,68.0,4648.0,3247.6
16,max_power_bank_offset,49,1,68.0,4647.0,3247.2
16,max_power_bank_offset,50,1,67.0,4647.0,3247.2
16,max_power_bank_offset,51,1,68.0,4647.0,3248.4
16,max_power_bank_offset,52,1,68.0,4650.0,3246.0
16,max_power_bank_offset,53,1,68.0,4646.0,3245.2
16,max_power_bank_offset,54,1,68.0,4646.0,3244.8
16,max_power_bank_offset,55,1,67.0,4648.0,3244.4
16,max_power_bank_offset,56,1,67.0,4646.0,3245.6
16,max_power_bank_offset,57,1,68.0,4648.0,3244.0
16,max_power_bank_offset,58,1,68.0,4648.0,3242.8
16,max_power_bank_offset,59,1,68.0,4648.0,3243.2
16,max_power_bank_offset,60,1,68.0,4647.0,3244.0
16,max_power_bank_offset,61,1,68.0,4649.0,3242.4
16,max_power_bank_offset,62,1,68.0,4648.0,3242.4
16,max_power_bank_offset,63,1,68.0,4648.0,3241.6
16,max_power_bank_offset,64,1,68.0,4648.0,3242.0
16,max_power_bank_offset,65,1,68.0,4647.0,3242.0
16,max_power_bank_offset,66,1,68.0,4647.0,3241.6
16,max_power_bank_offset,67,1,68.0,4647.0,3242.4
16,max_power_bank_offset,68,1,68.0,4648.0,3242.8
16,max_power_bank_offset,69,1,68.0,4649.0,3242.4
16,max_power_bank_offset,70,1,68.0,4650.0,3241.6
16,max_power_bank_offset,71,1,68.0,4650.0,3242.4
16,max_power_bank_offset,72,1,68.0,4650.0,3241.6
16,max_power_bank_offset,73,1,68.0,4650.0,3241.2
16,max_power_bank_offset,74,1,68.0,4650.0,3241.2
16,max_power_bank_offset,75,1,68.0,4650.0,3241.6
16,max_power_bank_offset,76,1,68.0,4649.0,3242.4
16,max_power_bank_offset,77,1,68.0,4648.0,3242.8
16,max_power_bank_offset,78,1,68.0,4648.0,3242.4
16,max_power_bank_offset,79,1,68.0,4647.0,3242.8
16,max_power_bank_offset,80,1,68.0,4654.0,3234.0
16,max_power_bank_offset,81,1,68.0,4647.0,3234.0
16,max_power_bank_offset,82,1,68.0,4658.0,3234.0
16,max_power_bank_offset,83,1,68.0,4653.0,3235.6
16,max_power_bank_offset,84,1,68.0,4651.0,3239.2
16,max_power_bank_offset,85,1,68.0,4658.0,3238.4
16,max_power_bank_offset,86,1,68.0,4658.0,3236.4
16,max_power_bank_offset,87,1,68.0,4656.0,3238.8
16,max_power_bank_offset,88,1,68.0,4657.0,3240.8
16,max_power_bank_offset,89,1,68.0,4657.0,3239.2
16,max_power_bank_offset,90,1,68.0,4659.0,3240.0
16,max_power_bank_offset,0,2,59.0,1225.0,3213.6
16,max_power_bank_offset,1,2,67.0,4130.0,2821.6
16,max_power_bank_offset,2,2,68.0,4300.0,3025.6
16,max_power_bank_offset,3,2,68.0,4351.0,3092.4
16,max_power_bank_offset,4,2,68.0,4397.0,3127.2
16,max_power_bank_offset,5,2,68.0,4420.0,3146.4
16,max_power_bank_offset,6,2,68.0,4436.0,3154.8
16,max_power_bank_offset,7,2,68.0,4439.0,3163.6
16,max_power_bank_offset,8,2,68.0,4442.0,3178.8
16,max_power_bank_offset,9,2,68.0,4446.0,3182.8
16,max_power_bank_offset,10,2,68.0,4447.0,3190.4
16,max_power_bank_offset,11,2,68.0,4451.0,3192.8
16,max_power_bank_offset,12,2,68.0,4452.0,3196.4
16,max_power_bank_offset,13,2,68.0,4454.0,3200.0
16,max_power_bank_offset,14,2,68.0,4455.0,3205.2
16,max_power_bank_offset,15,2,68.0,4454.0,3206.8
16,max_power_bank_offset,16,2,68.0,4457.0,3210.4
16,max_power_bank_offset,17,2,68.0,4457.0,3209.6
16,max_power_bank_offset,18,2,68.0,4459.0,3213.2
16,max_power_bank_offset,19,2,68.0,4459.0,3212.4
16,max_power_bank_offset,20,2,68.0,4461.0,3214.8
16,max_power_bank_offset,21,2,68.0,4459.0,3216.8
16,max_power_bank_offset,22,2,68.0,4459.0,3216.8
16,max_power_bank_offset,23,2,68.0,4460.0,3216.8
16,max_power_bank_offset,24,2,68.0,4460.0,3222.0
16,max_power_bank_offset,25,2,68.0,4461.0,3220.8
16,max_power_bank_offset,26,2,68.0,4462.0,3220.8
16,max_power_bank_offset,27,2,68.0,4464.0,3219.2
16,max_power_bank_offset,28,2,68.0,4464.0,3223.6
16,max_power_bank_offset,29,2,68.0,4464.0,3224.8
16,max_power_bank_offset,30,2,68.0,4465.0,3224.4
16,max_power_bank_offset,31,2,68.0,4466.0,3223.6
16,max_power_bank_offset,32,2,68.0,4468.0,3222.4
16,max_power_bank_offset,33,2,68.0,4468.0,3222.8
16,max_power_bank_offset,34,2,68.0,4469.0,3222.0
16,max_power_bank_offset,35,2,68.0,4470.0,3226.4
16,max_power_bank_offset,36,2,68.0,4470.0,3226.4
16,max_power_bank_offset,37,2,68.0,4471.0,3225.6
16,max_power_bank_offset,38,2,68.0,4471.0,3224.8
16,max_power_bank_offset,39,2,68.0,4472.0,3226.4
16,max_power_bank_offset,40,2,68.0,4510.0,3228.8
16,max_power_bank_offset,41,2,68.0,4470.0,3237.6
16,max_power_bank_offset,42,2,68.0,4473.0,3242.0
16,max_power_bank_offset,43,2,68.0,4470.0,3241.6
16,max_power_bank_offset,44,2,68.0,4475.0,3238.8
16,max_power_bank_offset,45,2,68.0,4479.0,3239.2
16,max_power_bank_offset,46,2,68.0,4476.0,3238.8
16,max_power_bank_offset,47,2,68.0,4474.0,3238.8
16,max_power_bank_offset,48,2,68.0,4476.0,3236.8
16,max_power_bank_offset,49,2,68.0,4476.0,3236.4
16,max_power_bank_offset,50,2,68.0,4472.0,3240.0
16,max_power_bank_offset,51,2,68.0,4471.0,3239.6
16,max_power_bank_offset,52,2,68.0,4471.0,3238.8
16,max_power_bank_offset,53,2,68.0,4475.0,3238.8
16,max_power_bank_offset,54,2,68.0,4476.0,3236.8
16,max_power_bank_offset,55,2,68.0,4476.0,3237.2
16,max_power_bank_offset,56,2,68.0,4478.0,3234.8
16,max_power_bank_offset,57,2,68.0,4477.0,3236.0
16,max_power_bank_offset,58,2,68.0,4478.0,3236.4
16,max_power_bank_offset,59,2,68.0,4478.0,3236.4
16,max_power_bank_offset,60,2,68.0,4478.0,3236.4
16,max_power_bank_offset,61,2,68.0,4478.0,3236.8
16,max_power_bank_offset,62,2,68.0,4478.0,3236.4
16,max_power_bank_offset,63,2,68.0,4480.0,3234.4
16,max_power_bank_offset,64,2,68.0,4481.0,3234.4
16,max_power_bank_offset,65,2,68.0,4481.0,3234.4
16,max_power_bank_offset,66,2,68.0,4481.0,3234.4
16,max_power_bank_offset,67,2,68.0,4482.0,3234.4
16,max_power_bank_offset,68,2,68.0,4482.0,3233.6
16,max_power_bank_offset,69,2,68.0,4480.0,3235.6
16,max_power_bank_offset,70,2,68.0,4481.0,3234.8
16,max_power_bank_offset,71,2,68.0,4482.0,3234.4
16,max_power_bank_offset,72,2,68.0,4482.0,3234.4
16,max_power_bank_offset,73,2,68.0,4482.0,3234.4
16,max_power_bank_offset,74,2,68.0,4481.0,3234.8
16,max_power_bank_offset,75,2,68.0,4481.0,3234.0
16,max_power_bank_offset,76,2,68.0,4480.0,3234.4
16,max_power_bank_offset,77,2,68.0,4480.0,3233.6
16,max_power_bank_offset,78,2,68.0,4480.0,3233.2
16,max_power_bank_offset,79,2,68.0,4480.0,3231.6
16,max_power_bank_offset,80,2,68.0,4508.0,3206.4
16,max_power_bank_offset,81,2,68.0,4524.0,3189.2
16,max_power_bank_offset,82,2,68.0,4502.0,3205.2
16,max_power_bank_offset,83,2,68.0,4499.0,3211.2
16,max_power_bank_offset,84,2,68.0,4503.0,3209.2
16,max_power_bank_offset,85,2,68.0,4499.0,3216.4
16,max_power_bank_offset,86,2,68.0,4495.0,3216.8
16,max_power_bank_offset,87,2,68.0,4495.0,3218.8
16,max_power_bank_offset,88,2,68.0,4492.0,3220.8
16,max_power_bank_offset,89,2,68.0,4492.0,3220.4
16,max_power_bank_offset,90,2,68.0,4489.0,3226.4
16,max_power_bank_offset,0,3,60.0,1300.0,3214.0
16,max_power_bank_offset,1,3,68.0,4160.0,2845.2
16,max_power_bank_offset,2,3,68.0,4321.0,3029.6
16,max_power_bank_offset,3,3,68.0,4375.0,3099.6
16,max_power_bank_offset,4,3,68.0,4397.0,3134.8
16,max_power_bank_offset,5,3,68.0,4410.0,3158.8
16,max_power_bank_offset,6,3,68.0,4418.0,3171.2
16,max_power_bank_offset,7,3,68.0,4427.0,3177.6
16,max_power_bank_offset,8,3,68.0,4434.0,3182.4
16,max_power_bank_offset,9,3,68.0,4440.0,3186.8
16,max_power_bank_offset,10,3,68.0,4442.0,3195.6
16,max_power_bank_offset,11,3,68.0,4445.0,3199.6
16,max_power_bank_offset,12,3,68.0,4445.0,3200.8
16,max_power_bank_offset,13,3,68.0,4448.0,3202.0
16,max_power_bank_offset,14,3,68.0,4452.0,3198.4
16,max_power_bank_offset,15,3,68.0,4453.0,3202.4
16,max_power_bank_offset,16,3,68.0,4454.0,3200.8
16,max_power_bank_offset,17,3,68.0,4456.0,3205.2
16,max_power_bank_offset,18,3,68.0,4456.0,3203.2
16,max_power_bank_offset,19,3,68.0,4457.0,3206.4
16,max_power_bank_offset,20,3,68.0,4457.0,3206.8
16,max_power_bank_offset,21,3,68.0,4458.0,3206.8
16,max_power_bank_offset,22,3,68.0,4459.0,3210.8
16,max_power_bank_offset,23,3,68.0,4460.0,3210.0
16,max_power_bank_offset,24,3,68.0,4460.0,3210.4
16,max_power_bank_offset,25,3,68.0,4460.0,3210.0
16,max_power_bank_offset,26,3,68.0,4459.0,3214.8
16,max_power_bank_offset,27,3,68.0,4460.0,3214.8
16,max_power_bank_offset,28,3,68.0,4460.0,3214.8
16,max_power_bank_offset,29,3,68.0,4461.0,3214.4
16,max_power_bank_offset,30,3,68.0,4460.0,3214.4
16,max_power_bank_offset,31,3,68.0,4461.0,3218.8
16,max_power_bank_offset,32,3,68.0,4462.0,3218.0
16,max_power_bank_offset,33,3,68.0,4461.0,3218.0
16,max_power_bank_offset,34,3,68.0,4460.0,3217.6
16,max_power_bank_offset,35,3,68.0,4461.0,3216.4
16,max_power_bank_offset,36,3,68.0,4462.0,3215.6
16,max_power_bank_offset,37,3,68.0,4462.0,3215.6
16,max_power_bank_offset,38,3,68.0,4462.0,3220.0
16,max_power_bank_offset,39,3,68.0,4463.0,3219.6
16,max_power_bank_offset,40,3,68.0,4460.0,3237.2
16,max_power_bank_offset,41,3,68.0,4465.0,3244.4
16,max_power_bank_offset,42,3,68.0,4460.0,3252.4
16,max_power_bank_offset,43,3,68.0,4464.0,3243.6
16,max_power_bank_offset,44,3,68.0,4469.0,3241.2
16,max_power_bank_offset,45,3,68.0,4466.0,3246.8
16,max_power_bank_offset,46,3,68.0,4463.0,3252.4
16,max_power_bank_offset,47,3,68.0,4465.0,3252.0
16,max_power_bank_offset,48,3,68.0,4467.0,3251.6
16,max_power_bank_offset,49,3,68.0,4466.0,3256.8
16,max_power_bank_offset,50,3,68.0,4468.0,3252.8
16,max_power_bank_offset,51,3,68.0,4468.0,3257.2
16,max_power_bank_offset,52,3,68.0,4466.0,3257.2
16,max_power_bank_offset,53,3,68.0,4467.0,3256.8
16,max_power_bank_offset,54,3,68.0,4467.0,3255.6
16,max_power_bank_offset,55,3,68.0,4471.0,3253.2
16,max_power_bank_offset,56,3,68.0,4471.0,3254.0
16,max_power_bank_offset,57,3,68.0,4470.0,3254.4
16,max_power_bank_offset,58,3,68.0,4470.0,3255.2
16,max_power_bank_offset,59,3,68.0,4470.0,3254.4
16,max_power_bank_offset,60,3,68.0,4469.0,3254.0
16,max_power_bank_offset,61,3,68.0,4469.0,3252.4
16,max_power_bank_offset,62,3,68.0,4467.0,3257.6
16,max_power_bank_offset,63,3,68.0,4468.0,3256.8
16,max_power_bank_offset,64,3,68.0,4469.0,3256.0
16,max_power_bank_offset,65,3,68.0,4468.0,3256.4
16,max_power_bank_offset,66,3,68.0,4468.0,3255.6
16,max_power_bank_offset,67,3,68.0,4468.0,3255.6
16,max_power_bank_offset,68,3,68.0,4468.0,3256.0
16,max_power_bank_offset,69,3,68.0,4467.0,3255.6
16,max_power_bank_offset,70,3,68.0,4466.0,3256.8
16,max_power_bank_offset,71,3,68.0,4464.0,3257.6
16,max_power_bank_offset,72,3,68.0,4463.0,3258.4
16,max_power_bank_offset,73,3,68.0,4463.0,3257.6
16,max_power_bank_offset,74,3,68.0,4463.0,3258.0
16,max_power_bank_offset,75,3,68.0,4464.0,3258.0
16,max_power_bank_offset,76,3,68.0,4465.0,3257.2
16,max_power_bank_offset,77,3,68.0,4465.0,3257.2
16,max_power_bank_offset,78,3,68.0,4466.0,3256.0
16,max_power_bank_offset,79,3,68.0,4467.0,3256.8
16,max_power_bank_offset,80,3,68.0,4460.0,3266.4
16,max_power_bank_offset,81,3,68.0,4465.0,3264.4
16,max_power_bank_offset,82,3,68.0,4468.0,3261.6
16,max_power_bank_offset,83,3,68.0,4458.0,3263.2
16,max_power_bank_offset,84,3,68.0,4465.0,3257.2
16,max_power_bank_offset,85,3,68.0,4466.0,3258.0
16,max_power_bank_offset,86,3,68.0,4470.0,3259.6
16,max_power_bank_offset,87,3,68.0,4471.0,3257.6
16,max_power_bank_offset,88,3,68.0,4473.0,3259.2
16,max_power_bank_offset,89,3,68.0,4474.0,3259.2
16,max_power_bank_offset,90,3,68.0,4477.0,3255.6
17,max_power_bank_offset,0,0,60.0,1262.0,3171.6
17,max_power_bank_offset,1,0,66.0,4300.0,2888.4
17,max_power_bank_offset,2,0,66.0,4463.0,3069.6
17,max_power_bank_offset,3,0,67.0,4520.0,3136.0
17,max_power_bank_offset,4,0,67.0,4551.0,3176.4
17,max_power_bank_offset,5,0,67.0,4573.0,3193.6
17,max_power_bank_offset,6,0,67.0,4582.0,3204.8
17,max_power_bank_offset,7,0,67.0,4588.0,3216.4
17,max_power_bank_offset,8,0,67.0,4591.0,3224.8
17,max_power_bank_offset,9,0,67.0,4594.0,3231.2
17,max_power_bank_offset,10,0,67.0,4598.0,3232.0
17,max_power_bank_offset,11,0,67.0,4600.0,3234.4
17,max_power_bank_offset,12,0,67.0,4605.0,3241.2
17,max_power_bank_offset,13,0,67.0,4607.0,3241.2
17,max_power_bank_offset,14,0,67.0,4608.0,3247.2
17,max_power_bank_offset,15,0,67.0,4611.0,3248.4
17,max_power_bank_offset,16,0,67.0,4611.0,3247.6
17,max_power_bank_offset,17,0,67.0,4612.0,3252.0
17,max_power_bank_offset,18,0,67.0,4614.0,3249.2
17,max_power_bank_offset,19,0,67.0,4614.0,3254.4
17,max_power_bank_offset,20,0,67.0,4616.0,3253.6
17,max_power_bank_offset,21,0,67.0,4619.0,3250.8
17,max_power_bank_offset,22,0,67.0,4620.0,3254.8
17,max_power_bank_offset,23,0,67.0,4620.0,3256.4
17,max_power_bank_offset,24,0,67.0,4620.0,3256.8
17,max_power_bank_offset,25,0,67.0,4622.0,3256.0
17,max_power_bank_offset,26,0,67.0,4622.0,3255.6
17,max_power_bank_offset,27,0,67.0,4623.0,3260.4
17,max_power_bank_offset,28,0,67.0,4624.0,3259.2
17,max_power_bank_offset,29,0,67.0,4625.0,3258.0
17,max_power_bank_offset,30,0,67.0,4625.0,3258.0
17,max_power_bank_offset,31,0,67.0,4624.0,3258.0
17,max_power_bank_offset,32,0,67.0,4624.0,3257.2
17,max_power_bank_offset,33,0,67.0,4625.0,3262.4
17,max_power_bank_offset,34,0,67.0,4625.0,3262.4
17,max_power_bank_offset,35,0,67.0,4626.0,3260.8
17,max_power_bank_offset,36,0,67.0,4625.0,3260.8
17,max_power_bank_offset,37,0,67.0,4627.0,3259.6
17,max_power_bank_offset,38,0,67.0,4627.0,3259.6
17,max_power_bank_offset,39,0,67.0,4627.0,3258.8
17,max_power_bank_offset,40,0,67.0,4630.0,3278.0
17,max_power_bank_offset,41,0,67.0,4644.0,3266.8
17,max_power_bank_offset,42,0,67.0,4633.0,3285.2
17,max_power_bank_offset,43,0,67.0,4644.0,3280.8
17,max_power_bank_offset,44,0,67.0,4636.0,3284.8
17,max_power_bank_offset,45,0,67.0,4640.0,3277.6
17,max_power_bank_offset,46,0,67.0,4634.0,3281.6
17,max_power_bank_offset,47,0,67.0,4634.0,3278.8
17,max_power_bank_offset,48,0,67.0,4636.0,3280.4
17,max_power_bank_offset,49,0,67.0,4636.0,3277.6
17,max_power_bank_offset,50,0,67.0,4638.0,3276.4
17,max_power_bank_offset,51,0,67.0,4640.0,3275.6
17,max_power_bank_offset,52,0,67.0,4639.0,3275.6
17,max_power_bank_offset,53,0,67.0,4639.0,3275.2
17,max_power_bank_offset,54,0,67.0,4639.0,3278.4
17,max_power_bank_offset,55,0,67.0,4638.0,3276.8
17,max_power_bank_offset,56,0,67.0,4639.0,3276.8
17,max_power_bank_offset,57,0,67.0,4639.0,3277.6
17,max_power_bank_offset,58,0,67.0,4639.0,3277.2
17,max_power_bank_offset,59,0,67.0,4639.0,3276.0
17,max_power_bank_offset,60,0,67.0,4641.0,3274.0
17,max_power_bank_offset,61,0,67.0,4641.0,3273.2
17,max_power_bank_offset,62,0,67.0,4639.0,3274.0
17,max_power_bank_offset,63,0,67.0,4638.0,3273.6
17,max_power_bank_offset,64,0,67.0,4639.0,3272.8
17,max_power_bank_offset,65,0,67.0,4637.0,3274.0
17,max_power_bank_offset,66,0,67.0,4637.0,3273.2
17,max_power_bank_offset,67,0,67.0,4637.0,3272.8
17,max_power_bank_offset,68,0,67.0,4638.0,3272.0
17,max_power_bank_offset,69,0,67.0,4639.0,3270.8
17,max_power_bank_offset,70,0,67.0,4639.0,3270.0
17,max_power_bank_offset,71,0,67.0,4639.0,3270.8
17,max_power_bank_offset,72,0,67.0,4639.0,3271.2
17,max_power_bank_offset,73,0,67.0,4639.0,3271.2
17,max_power_bank_offset,74,0,67.0,4641.0,3269.6
17,max_power_bank_offset,75,0,67.0,4640.0,3270.0
17,max_power_bank_offset,76,0,67.0,4640.0,3269.2
17,max_power_bank_offset,77,0,67.0,4640.0,3269.2
17,max_power_bank_offset,78,0,67.0,4640.0,3269.2
17,max_power_bank_offset,79,0,67.0,4641.0,3268.4
17,max_power_bank_offset,80,0,67.0,4620.0,3252.4
17,max_power_bank_offset,81,0,67.0,4635.0,3247.6
17,max_power_bank_offset,82,0,67.0,4631.0,3253.2
17,max_power_bank_offset,83,0,67.0,4633.0,3254.4
17,max_power_bank_offset,84,0,67.0,4630.0,3262.4
17,max_power_bank_offset,85,0,67.0,4632.0,3258.4
17,max_power_bank_offset,86,0,67.0,4630.0,3262.4
17,max_power_bank_offset,87,0,67.0,4633.0,3259.2
17,max_power_bank_offset,88,0,67.0,4634.0,3262.0
17,max_power_bank_offset,89,0,67.0,4636.0,3261.2
17,max_power_bank_offset,90,0,67.0,4639.0,3259.2
17,max_power_bank_offset,0,1,61.0,1262.0,3242.0
17,max_power_bank_offset,1,1,66.0,4280.0,2878.0
17,max_power_bank_offset,2,1,67.0,4445.0,3076.0
17,max_power_bank_offset,3,1,67.0,4503.0,3136.0
17,max_power_bank_offset,4,1,67.0,4543.0,3168.4
17,max_power_bank_offset,5,1,67.0,4563.0,3190.8
17,max_power_bank_offset,6,1,67.0,4577.0,3202.0
17,max_power_bank_offset,7,1,67.0,4591.0,3210.8
17,max_power_bank_offset,8,1,67.0,4599.0,3218.0
17,max_power_bank_offset,9,1,67.0,4605.0,3224.0
17,max_power_bank_offset,10,1,67.0,4606.0,3233.2
17,max_power_bank_offset,11,1,67.0,4610.0,3232.0
17,max_power_bank_offset,12,1,67.0,4611.0,3235.2
17,max_power_bank_offset,13,1,67.0,4611.0,3236.8
17,max_power_bank_offset,14,1,67.0,4612.0,3236.0
17,max_power_bank_offset,15,1,67.0,4614.0,3240.4
17,max_power_bank_offset,16,1,67.0,4617.0,3237.2
17,max_power_bank_offset,17,1,67.0,4617.0,3242.4
17,max_power_bank_offset,18,1,67.0,4619.0,3240.8
17,max_power_bank_offset,19,1,67.0,4621.0,3245.2
17,max_power_bank_offset,20,1,67.0,4621.0,3244.8
17,max_power_bank_offset,21,1,67.0,4621.0,3243.2
17,max_power_bank_offset,22,1,67.0,4623.0,3245.6
17,max_power_bank_offset,23,1,67.0,4624.0,3245.6
17,max_power_bank_offset,24,1,67.0,4625.0,3245.2
17,max_power_bank_offset,25,1,67.0,4625.0,3245.6
17,max_power_bank_offset,26,1,67.0,4625.0,3250.4
17,max_power_bank_offset,27,1,67.0,4626.0,3249.6
17,max_power_bank_offset,28,1,67.0,4626.0,3248.8
17,max_power_bank_offset,29,1,67.0,4627.0,3247.2
17,max_power_bank_offset,30,1,67.0,4627.0,3247.6
17,max_power_bank_offset,31,1,67.0,4629.0,3244.8
17,max_power_bank_offset,32,1,67.0,4630.0,3244.0
17,max_power_bank_offset,33,1,67.0,4630.0,3248.0
17,max_power_bank_offset,34,1,67.0,4631.0,3247.2
17,max_power_bank_offset,35,1,67.0,4632.0,3246.4
17,max_power_bank_offset,36,1,67.0,4632.0,3246.4
17,max_power_bank_offset,37,1,67.0,4631.0,3246.8
17,max_power_bank_offset,38,1,67.0,4631.0,3246.4
17,max_power_bank_offset,39,1,67.0,4632.0,3245.6
17,max_power_bank_offset,40,1,67.0,4643.0,3266.8
17,max_power_bank_offset,41,1,67.0,4646.0,3260.0
17,max_power_bank_offset,42,1,67.0,4634.0,3260.0
17,max_power_bank_offset,43,1,67.0,4640.0,3259.6
17,max_power_bank_offset,44,1,67.0,4637.0,3262.0
17,max_power_bank_offset,45,1,67.0,4639.0,3258.4
17,max_power_bank_offset,46,1,67.0,4636.0,3259.2
17,max_power_bank_offset,47,1,67.0,4642.0,3262.8
17,max_power_bank_offset,48,1,67.0,4641.0,3262.8
17,max_power_bank_offset,49,1,67.0,4645.0,3263.6
17,max_power_bank_offset,50,1,67.0,4644.0,3264.4
17,max_power_bank_offset,51,1,67.0,4643.0,3265.6
17,max_power_bank_offset,52,1,67.0,4641.0,3266.8
17,max_power_bank_offset,53,1,67.0,4639.0,3266.4
17,max_power_bank_offset,54,1,67.0,4638.0,3267.6
17,max_power_bank_offset,55,1,67.0,4637.0,3268.8
17,max_power_bank_offset,56,1,67.0,4638.0,3272.0
17,max_power_bank_offset,57,1,67.0,4639.0,3270.8
17,max_power_bank_offset,58,1,67.0,4641.0,3269.6
17,max_power_bank_offset,59,1,67.0,4640.0,3270.0
17,max_power_bank_offset,60,1,67.0,4641.0,3268.4
17,max_power_bank_offset,61,1,67.0,4643.0,3269.2
17,max_power_bank_offset,62,1,67.0,4644.0,3268.0
17,max_power_bank_offset,63,1,67.0,4644.0,3268.0
17,max_power_bank_offset,64,1,67.0,4643.0,3272.0
17,max_power_bank_offset,65,1,67.0,4644.0,3270.8
17,max_power_bank_offset,66,1,67.0,4644.0,3271.2
17,max_power_bank_offset,67,1,67.0,4644.0,3271.2
17,max_power_bank_offset,68,1,67.0,4645.0,3270.0
17,max_power_bank_offset,69,1,67.0,4646.0,3269.2
17,max_power_bank_offset,70,1,67.0,4646.0,3268.4
17,max_power_bank_offset,71,1,67.0,4645.0,3268.8
17,max_power_bank_offset,72,1,67.0,4646.0,3267.2
17,max_power_bank_offset,73,1,67.0,4646.0,3267.2
17,max_power_bank_offset,74,1,67.0,4646.0,3267.6
17,max_power_bank_offset,75,1,67.0,4646.0,3268.4
17,max_power_bank_offset,76,1,67.0,4646.0,3267.2
17,max_power_bank_offset,77,1,67.0,4646.0,3267.2
17,max_power_bank_offset,78,1,67.0,4647.0,3266.8
17,max_power_bank_offset,79,1,67.0,4646.0,3268.0
17,max_power_bank_offset,80,1,67.0,4640.0,3278.8
17,max_power_bank_offset,81,1,67.0,4631.0,3280.4
17,max_power_bank_offset,82,1,67.0,4637.0,3273.6
17,max_power_bank_offset,83,1,67.0,4638.0,3273.2
17,max_power_bank_offset,84,1,67.0,4640.0,3270.8
17,max_power_bank_offset,85,1,67.0,4637.0,3273.2
17,max_power_bank_offset,86,1,67.0,4635.0,3278.0
17,max_power_bank_offset,87,1,67.0,4638.0,3278.8
17,max_power_bank_offset,88,1,67.0,4642.0,3277.6
17,max_power_bank_offset,89,1,67.0,4640.0,3277.2
17,max_power_bank_offset,90,1,67.0,4642.0,3273.6
17,max_power_bank_offset,0,2,61.0,1200.0,3126.0
17,max_power_bank_offset,1,2,67.0,4200.0,2810.4
17,max_power_bank_offset,2,2,67.0,4320.0,3042.8
17,max_power_bank_offset,3,2,67.0,4389.0,3099.2
17,max_power_bank_offset,4,2,67.0,4425.0,3135.2
17,max_power_bank_offset,5,2,67.0,4436.0,3155.2
17,max_power_bank_offset,6,2,67.0,4440.0,3170.8
17,max_power_bank_offset,7,2,67.0,4441.0,3182.0
17,max_power_bank_offset,8,2,67.0,4447.0,3194.8
17,max_power_bank_offset,9,2,67.0,4452.0,3200.0
17,max_power_bank_offset,10,2,67.0,4447.0,3205.6
17,max_power_bank_offset,11,2,67.0,4448.0,3211.6
17,max_power_bank_offset,12,2,67.0,4451.0,3214.8
17,max_power_bank_offset,13,2,67.0,4454.0,3216.8
17,max_power_bank_offset,14,2,67.0,4454.0,3220.0
17,max_power_bank_offset,15,2,67.0,4456.0,3224.0
17,max_power_bank_offset,16,2,67.0,4459.0,3223.2
17,max_power_bank_offset,17,2,67.0,4462.0,3225.2
17,max_power_bank_offset,18,2,67.0,4463.0,3224.8
17,max_power_bank_offset,19,2,67.0,4463.0,3229.6
17,max_power_bank_offset,20,2,67.0,4464.0,3229.6
17,max_power_bank_offset,21,2,67.0,4465.0,3226.8
17,max_power_bank_offset,22,2,67.0,4466.0,3226.8
17,max_power_bank_offset,23,2,67.0,4467.0,3230.4
17,max_power_bank_offset,24,2,67.0,4467.0,3231.2
17,max_power_bank_offset,25,2,67.0,4470.0,3230.8
17,max_power_bank_offset,26,2,67.0,4470.0,3230.4
17,max_power_bank_offset,27,2,67.0,4469.0,3236.4
17,max_power_bank_offset,28,2,67.0,4468.0,3236.0
17,max_power_bank_offset,29,2,67.0,4468.0,3236.4
17,max_power_bank_offset,30,2,67.0,4469.0,3234.8
17,max_power_bank_offset,31,2,67.0,4468.0,3235.6
17,max_power_bank_offset,32,2,67.0,4469.0,3234.8
17,max_power_bank_offset,33,2,67.0,4470.0,3233.2
17,max_power_bank_offset,34,2,67.0,4470.0,3239.2
17,max_power_bank_offset,35,2,67.0,4469.0,3239.6
17,max_power_bank_offset,36,2,67.0,4469.0,3238.4
17,max_power_bank_offset,37,2,67.0,4470.0,3238.0
17,max_power_bank_offset,38,2,67.0,4469.0,3238.4
17,max_power_bank_offset,39,2,67.0,4469.0,3238.4
17,max_power_bank_offset,40,2,67.0,4506.0,3231.2
17,max_power_bank_offset,41,2,67.0,4478.0,3242.8
17,max_power_bank_offset,42,2,67.0,4492.0,3237.2
17,max_power_bank_offset,43,2,67.0,4486.0,3240.8
17,max_power_bank_offset,44,2,67.0,4478.0,3242.8
17,max_power_bank_offset,45,2,67.0,4475.0,3245.6
17,max_power_bank_offset,46,2,67.0,4469.0,3246.4
17,max_power_bank_offset,47,2,67.0,4465.0,3250.4
17,max_power_bank_offset,48,2,67.0,4465.0,3256.0
17,max_power_bank_offset,49,2,67.0,4467.0,3254.4
17,max_power_bank_offset,50,2,67.0,4469.0,3253.6
17,max_power_bank_offset,51,2,67.0,4470.0,3253.6
17,max_power_bank_offset,52,2,67.0,4470.0,3252.8
17,max_power_bank_offset,53,2,67.0,4473.0,3250.8
17,max_power_bank_offset,54,2,67.0,4472.0,3251.6
17,max_power_bank_offset,55,2,67.0,4473.0,3249.6
17,max_power_bank_offset,56,2,67.0,4473.0,3251.2
17,max_power_bank_offset,57,2,67.0,4470.0,3252.8
17,max_power_bank_offset,58,2,67.0,4472.0,3253.2
17,max_power_bank_offset,59,2,67.0,4473.0,3252.4
17,max_power_bank_offset,60,2,67.0,4472.0,3252.4
17,max_power_bank_offset,61,2,67.0,4472.0,3250.8
17,max_power_bank_offset,62,2,67.0,4472.0,3250.4
17,max_power_bank_offset,63,2,67.0,4473.0,3250.4
17,max_power_bank_offset,64,2,67.0,4473.0,3250.0
17,max_power_bank_offset,65,2,67.0,4473.0,3250.4
17,max_power_bank_offset,66,2,68.0,4472.0,3250.4
17,max_power_bank_offset,67,2,67.0,4472.0,3250.4
17,max_power_bank_offset,68,2,67.0,4472.0,3250.4
17,max_power_bank_offset,69,2,67.0,4473.0,3250.0
17,max_power_bank_offset,70,2,67.0,4474.0,3249.2
17,max_power_bank_offset,71,2,67.0,4474.0,3249.2
17,max_power_bank_offset,72,2,67.0,4473.0,3249.6
17,max_power_bank_offset,73,2,67.0,4474.0,3250.0
17,max_power_bank_offset,74,2,67.0,4475.0,3248.0
17,max_power_bank_offset,75,2,67.0,4474.0,3248.4
17,max_power_bank_offset,76,2,67.0,4474.0,3249.2
17,max_power_bank_offset,77,2,67.0,4474.0,3250.4
17,max_power_bank_offset,78,2,67.0,4474.0,3249.6
17,max_power_bank_offset,79,2,67.0,4473.0,3250.0
17,max_power_bank_offset,80,2,67.0,4488.0,3218.0
17,max_power_bank_offset,81,2,67.0,4468.0,3242.0
17,max_power_bank_offset,82,2,67.0,4459.0,3260.0
17,max_power_bank_offset,83,2,67.0,4454.0,3258.0
17,max_power_bank_offset,84,2,67.0,4453.0,3255.2
17,max_power_bank_offset,85,2,67.0,4452.0,3256.0
17,max_power_bank_offset,86,2,67.0,4450.0,3256.8
17,max_power_bank_offset,87,2,67.0,4455.0,3256.0
17,max_power_bank_offset,88,2,67.0,4458.0,3254.4
17,max_power_bank_offset,89,2,67.0,4454.0,3261.6
17,max_power_bank_offset,90,2,67.0,4456.0,3258.0
17,max_power_bank_offset,0,3,61.0,1200.0,3192.0
17,max_power_bank_offset,1,3,67.0,4120.0,2882.8
17,max_power_bank_offset,2,3,67.0,4284.0,3055.2
17,max_power_bank_offset,3,3,67.0,4344.0,3119.2
17,max_power_bank_offset,4,3,67.0,4369.0,3159.6
17,max_power_bank_offset,5,3,67.0,4383.0,3187.2
17,max_power_bank_offset,6,3,67.0,4399.0,3192.8
17,max_power_bank_offset,7,3,67.0,4407.0,3201.6
17,max_power_bank_offset,8,3,67.0,4412.0,3206.8
17,max_power_bank_offset,9,3,67.0,4418.0,3213.6
17,max_power_bank_offset,10,3,67.0,4421.0,3215.6
17,max_power_bank_offset,11,3,67.0,4424.0,3219.2
17,max_power_bank_offset,12,3,67.0,4428.0,3221.2
17,max_power_bank_offset,13,3,67.0,4429.0,3226.0
17,max_power_bank_offset,14,3,67.0,4434.0,3229.6
17,max_power_bank_offset,15,3,67.0,4434.0,3229.6
17,max_power_bank_offset,16,3,67.0,4436.0,3234.4
17,max_power_bank_offset,17,3,67.0,4437.0,3232.0
17,max_power_bank_offset,18,3,67.0,4437.0,3236.0
17,max_power_bank_offset,19,3,67.0,4438.0,3237.2
17,max_power_bank_offset,20,3,67.0,4438.0,3238.0
17,max_power_bank_offset,21,3,67.0,4441.0,3240.8
17,max_power_bank_offset,22,3,67.0,4443.0,3239.6
17,max_power_bank_offset,23,3,67.0,4442.0,3240.4
17,max_power_bank_offset,24,3,67.0,4444.0,3238.8
17,max_power_bank_offset,25,3,67.0,4446.0,3238.4
17,max_power_bank_offset,26,3,67.0,4447.0,3242.0
17,max_power_bank_offset,27,3,67.0,4447.0,3241.6
17,max_power_bank_offset,28,3,67.0,4447.0,3241.2
17,max_power_bank_offset,29,3,67.0,4447.0,3240.4
17,max_power_bank_offset,30,3,67.0,4448.0,3241.2
17,max_power_bank_offset,31,3,67.0,4448.0,3241.2
17,max_power_bank_offset,32,3,68.0,4448.0,3246.0
17,max_power_bank_offset,33,3,67.0,4448.0,3246.0
17,max_power_bank_offset,34,3,67.0,4448.0,3246.0
17,max_power_bank_offset,35,3,67.0,4448.0,3246.4
17,max_power_bank_offset,36,3,67.0,4449.0,3246.4
17,max_power_bank_offset,37,3,67.0,4450.0,3244.8
17,max_power_bank_offset,38,3,67.0,4450.0,3244.0
17,max_power_bank_offset,39,3,68.0,4451.0,3243.2
17,max_power_bank_offset,40,3,67.0,4495.0,3243.6
17,max_power_bank_offset,41,3,67.0,4482.0,3236.8
17,max_power_bank_offset,42,3,67.0,4465.0,3249.6
17,max_power_bank_offset,43,3,67.0,4471.0,3245.2
17,max_power_bank_offset,44,3,67.0,4468.0,3244.8
17,max_power_bank_offset,45,3,67.0,4463.0,3245.2
17,max_power_bank_offset,46,3,67.0,4461.0,3246.4
17,max_power_bank_offset,47,3,67.0,4460.0,3249.2
17,max_power_bank_offset,48,3,67.0,4464.0,3249.2
17,max_power_bank_offset,49,3,67.0,4465.0,3248.0
17,max_power_bank_offset,50,3,67.0,4467.0,3249.6
17,max_power_bank_offset,51,3,67.0,4468.0,3248.4
17,max_power_bank_offset,52,3,67.0,4472.0,3247.6
17,max_power_bank_offset,53,3,67.0,4473.0,3247.6
17,max_power_bank_offset,54,3,67.0,4471.0,3248.8
17,max_power_bank_offset,55,3,67.0,4469.0,3250.8
17,max_power_bank_offset,56,3,67.0,4468.0,3251.2
17,max_power_bank_offset,57,3,67.0,4467.0,3252.4
17,max_power_bank_offset,58,3,67.0,4469.0,3250.8
17,max_power_bank_offset,59,3,67.0,4469.0,3251.2
17,max_power_bank_offset,60,3,67.0,4469.0,3250.8
17,max_power_bank_offset,61,3,67.0,4471.0,3250.4
17,max_power_bank_offset,62,3,67.0,4470.0,3249.2
17,max_power_bank_offset,63,3,67.0,4470.0,3250.0
17,max_power_bank_offset,64,3,67.0,4470.0,3249.6
17,max_power_bank_offset,65,3,67.0,4471.0,3250.0
17,max_power_bank_offset,66,3,68.0,4471.0,3250.0
17,max_power_bank_offset,67,3,67.0,4469.0,3251.2
17,max_power_bank_offset,68,3,67.0,4469.0,3250.0
17,max_power_bank_offset,69,3,67.0,4468.0,3250.8
17,max_power_bank_offset,70,3,67.0,4468.0,3250.4
17,max_power_bank_offset,71,3,67.0,4467.0,3250.0
17,max_power_bank_offset,72,3,67.0,4467.0,3249.2
17,max_power_bank_offset,73,3,67.0,4467.0,3249.2
17,max_power_bank_offset,74,3,67.0,4466.0,3250.4
17,max_power_bank_offset,75,3,67.0,4466.0,3250.4
17,max_power_bank_offset,76,3,67.0,4465.0,3251.2
17,max_power_bank_offset,77,3,67.0,4465.0,3250.0
17,max_power_bank_offset,78,3,67.0,4464.0,3250.0
17,max_power_bank_offset,79,3,67.0,4465.0,3249.6
17,max_power_bank_offset,80,3,67.0,4478.0,3242.8
17,max_power_bank_offset,81,3,67.0,4468.0,3252.0
17,max_power_bank_offset,82,3,67.0,4465.0,3255.2
17,max_power_bank_offset,83,3,67.0,4464.0,3252.4
17,max_power_bank_offset,84,3,67.0,4463.0,3252.4
17,max_power_bank_offset,85,3,67.0,4462.0,3252.0
17,max_power_bank_offset,86,3,67.0,4461.0,3252.0
17,max_power_bank_offset,87,3,67.0,4460.0,3252.4
17,max_power_bank_offset,88,3,67.0,4462.0,3251.6
17,max_power_bank_offset,89,3,67.0,4456.0,3252.8
17,max_power_bank_offset,90,3,67.0,4460.0,3250.0
18,max_power_bank_offset,0,0,60.0,1400.0,3088.0
18,max_power_bank_offset,1,0,67.0,4540.0,2653.6
18,max_power_bank_offset,2,0,67.0,4700.0,2896.8
18,max_power_bank_offset,3,0,67.0,4758.0,2979.6
18,max_power_bank_offset,4,0,67.0,4792.0,3011.6
18,max_power_bank_offset,5,0,67.0,4812.0,3037.2
18,max_power_bank_offset,6,0,67.0,4827.0,3051.6
18,max_power_bank_offset,7,0,67.0,4841.0,3058.8
18,max_power_bank_offset,8,0,67.0,4844.0,3071.6
18,max_power_bank_offset,9,0,68.0,4855.0,3074.8
18,max_power_bank_offset,10,0,68.0,4861.0,3080.0
18,max_power_bank_offset,11,0,67.0,4863.0,3082.0
18,max_power_bank_offset,12,0,68.0,4868.0,3084.8
18,max_power_bank_offset,13,0,68.0,4869.0,3089.6
18,max_power_bank_offset,14,0,68.0,4872.0,3092.4
18,max_power_bank_offset,15,0,68.0,4873.0,3096.0
18,max_power_bank_offset,16,0,68.0,4874.0,3096.0
18,max_power_bank_offset,17,0,67.0,4872.0,3101.6
18,max_power_bank_offset,18,0,68.0,4871.0,3100.8
18,max_power_bank_offset,19,0,68.0,4870.0,3106.0
18,max_power_bank_offset,20,0,68.0,4871.0,3105.2
18,max_power_bank_offset,21,0,68.0,4872.0,3104.4
18,max_power_bank_offset,22,0,68.0,4873.0,3108.8
18,max_power_bank_offset,23,0,68.0,4876.0,3107.2
18,max_power_bank_offset,24,0,68.0,4877.0,3106.0
18,max_power_bank_offset,25,0,68.0,4877.0,3109.6
18,max_power_bank_offset,26,0,68.0,4879.0,3108.4
18,max_power_bank_offset,27,0,67.0,4878.0,3109.2
18,max_power_bank_offset,28,0,67.0,4878.0,3108.4
18,max_power_bank_offset,29,0,68.0,4878.0,3107.6
18,max_power_bank_offset,30,0,68.0,4877.0,3113.2
18,max_power_bank_offset,31,0,68.0,4877.0,3112.4
18,max_power_bank_offset,32,0,68.0,4877.0,3111.2
18,max_power_bank_offset,33,0,68.0,4878.0,3110.8
18,max_power_bank_offset,34,0,68.0,4879.0,3114.4
18,max_power_bank_offset,35,0,68.0,4880.0,3110.4
18,max_power_bank_offset,36,0,68.0,4880.0,3115.2
18,max_power_bank_offset,37,0,68.0,4880.0,3114.8
18,max_power_bank_offset,38,0,68.0,4881.0,3114.0
18,max_power_bank_offset,39,0,68.0,4881.0,3114.0
18,max_power_bank_offset,40,0,68.0,4888.0,3146.4
18,max_power_bank_offset,41,0,68.0,4889.0,3150.4
18,max_power_bank_offset,42,0,68.0,4886.0,3143.6
18,max_power_bank_offset,43,0,68.0,4889.0,3141.6
18,max_power_bank_offset,44,0,68.0,4873.0,3151.6
18,max_power_bank_offset,45,0,68.0,4870.0,3152.8
18,max_power_bank_offset,46,0,68.0,4872.0,3152.0
18,max_power_bank_offset,47,0,68.0,4874.0,3150.0
18,max_power_bank_offset,48,0,68.0,4878.0,3150.4
18,max_power_bank_offset,49,0,68.0,4877.0,3149.6
18,max_power_bank_offset,50,0,68.0,4876.0,3149.2
18,max_power_bank_offset,51,0,68.0,4875.0,3148.8
18,max_power_bank_offset,52,0,68.0,4874.0,3148.0
18,max_power_bank_offset,53,0,68.0,4875.0,3148.8
18,max_power_bank_offset,54,0,68.0,4876.0,3149.6
18,max_power_bank_offset,55,0,68.0,4878.0,3148.0
18,max_power_bank_offset,56,0,68.0,4880.0,3146.8
18,max_power_bank_offset,57,0,68.0,4880.0,3146.4
18,max_power_bank_offset,58,0,68.0,4880.0,3145.2
18,max_power_bank_offset,59,0,68.0,4884.0,3143.6
18,max_power_bank_offset,60,0,68.0,4885.0,3142.4
18,max_power_bank_offset,61,0,68.0,4886.0,3141.6
18,max_power_bank_offset,62,0,68.0,4887.0,3140.8
18,max_power_bank_offset,63,0,68.0,4885.0,3141.6
18,max_power_bank_offset,64,0,68.0,4886.0,3140.4
18,max_power_bank_offset,65,0,68.0,4887.0,3139.2
18,max_power_bank_offset,66,0,68.0,4888.0,3139.2
18,max_power_bank_offset,67,0,68.0,4889.0,3138.4
18,max_power_bank_offset,68,0,68.0,4888.0,3139.6
18,max_power_bank_offset,69,0,68.0,4889.0,3138.8
18,max_power_bank_offset,70,0,68.0,4888.0,3139.2
18,max_power_bank_offset,71,0,68.0,4889.0,3140.0
18,max_power_bank_offset,72,0,68.0,4888.0,3140.0
18,max_power_bank_offset,73,0,68.0,4888.0,3140.4
18,max_power_bank_offset,74,0,68.0,4888.0,3140.4
18,max_power_bank_offset,75,0,68.0,4888.0,3140.4
18,max_power_bank_offset,76,0,68.0,4888.0,3140.8
18,max_power_bank_offset,77,0,68.0,4888.0,3140.8
18,max_power_bank_offset,78,0,68.0,4889.0,3140.0
18,max_power_bank_offset,79,0,68.0,4890.0,3139.6
18,max_power_bank_offset,80,0,68.0,4920.0,3129.6
18,max_power_bank_offset,81,0,68.0,4920.0,3122.0
18,max_power_bank_offset,82,0,68.0,4906.0,3126.4
18,max_power_bank_offset,83,0,68.0,4900.0,3126.8
18,max_power_bank_offset,84,0,68.0,4893.0,3131.6
18,max_power_bank_offset,85,0,68.0,4888.0,3134.8
18,max_power_bank_offset,86,0,68.0,4892.0,3132.8
18,max_power_bank_offset,87,0,68.0,4893.0,3134.4
18,max_power_bank_offset,88,0,68.0,4897.0,3133.6
18,max_power_bank_offset,89,0,68.0,4897.0,3130.8
18,max_power_bank_offset,90,0,68.0,4897.0,3130.4
18,max_power_bank_offset,0,1,61.0,1350.0,3125.6
18,max_power_bank_offset,1,1,68.0,4490.0,2736.4
18,max_power_bank_offset,2,1,68.0,4673.0,2925.6
18,max_power_bank_offset,3,1,68.0,4744.0,2993.2
18,max_power_bank_offset,4,1,68.0,4787.0,3027.6
18,max_power_bank_offset,5,1,68.0,4804.0,3046.0
18,max_power_bank_offset,6,1,68.0,4820.0,3060.0
18,max_power_bank_offset,7,1,68.0,4827.0,3075.2
18,max_power_bank_offset,8,1,68.0,4837.0,3082.8
18,max_power_bank_offset,9,1,68.0,4845.0,3091.6
18,max_power_bank_offset,10,1,68.0,4844.0,3096.0
18,max_power_bank_offset,11,1,68.0,4848.0,3096.4
18,max_power_bank_offset,12,1,68.0,4852.0,3100.0
18,max_power_bank_offset,13,1,68.0,4853.0,3102.4
18,max_power_bank_offset,14,1,68.0,4855.0,3106.0
18,max_power_bank_offset,15,1,68.0,4858.0,3110.0
18,max_power_bank_offset,16,1,68.0,4858.0,3110.0
18,max_power_bank_offset,17,1,68.0,4863.0,3112.4
18,max_power_bank_offset,18,1,68.0,4864.0,3114.4
18,max_power_bank_offset,19,1,68.0,4866.0,3115.2
18,max_power_bank_offset,20,1,68.0,4866.0,3119.2
18,max_power_bank_offset,21,1,68.0,4867.0,3118.0
18,max_power_bank_offset,22,1,68.0,4868.0,3118.0
18,max_power_bank_offset,23,1,68.0,4871.0,3121.6
18,max_power_bank_offset,24,1,68.0,4870.0,3120.4
18,max_power_bank_offset,25,1,68.0,4870.0,3119.6
18,max_power_bank_offset,26,1,68.0,4870.0,3119.6
18,max_power_bank_offset,27,1,68.0,4871.0,3122.8
18,max_power_bank_offset,28,1,68.0,4871.0,3123.2
18,max_power_bank_offset,29,1,68.0,4870.0,3124.0
18,max_power_bank_offset,30,1,68.0,4870.0,3124.0
18,max_power_bank_offset,31,1,68.0,4871.0,3124.0
18,max_power_bank_offset,32,1,68.0,4872.0,3123.2
18,max_power_bank_offset,33,1,68.0,4874.0,3126.4
18,max_power_bank_offset,34,1,68.0,4874.0,3126.8
18,max_power_bank_offset,35,1,68.0,4875.0,3126.0
18,max_power_bank_offset,36,1,68.0,4873.0,3126.8
18,max_power_bank_offset,37,1,69.0,4873.0,3126.0
18,max_power_bank_offset,38,1,69.0,4872.0,3126.8
18,max_power_bank_offset,39,1,69.0,4873.0,3125.6
18,max_power_bank_offset,40,1,68.0,4920.0,3101.2
18,max_power_bank_offset,41,1,69.0,4905.0,3122.8
18,max_power_bank_offset,42,1,69.0,4896.0,3136.4
18,max_power_bank_offset,43,1,69.0,4894.0,3145.6
18,max_power_bank_offset,44,1,68.0,4889.0,3148.8
18,max_power_bank_offset,45,1,69.0,4888.0,3147.2
18,max_power_bank_offset,46,1,68.0,4892.0,3143.6
18,max_power_bank_offset,47,1,69.0,4889.0,3144.8
18,max_power_bank_offset,48,1,69.0,4893.0,3143.2
18,max_power_bank_offset,49,1,69.0,4895.0,3146.8
18,max_power_bank_offset,50,1,69.0,4894.0,3148.4
18,max_power_bank_offset,51,1,69.0,4894.0,3150.0
18,max_power_bank_offset,52,1,69.0,4894.0,3150.8
18,max_power_bank_offset,53,1,69.0,4896.0,3150.0
18,max_power_bank_offset,54,1,69.0,4893.0,3151.2
18,max_power_bank_offset,55,1,69.0,4891.0,3151.6
18,max_power_bank_offset,56,1,69.0,4890.0,3152.8
18,max_power_bank_offset,57,1,69.0,4892.0,3150.0
18,max_power_bank_offset,58,1,69.0,4891.0,3150.4
18,max_power_bank_offset,59,1,69.0,4893.0,3150.0
18,max_power_bank_offset,60,1,69.0,4894.0,3149.2
18,max_power_bank_offset,61,1,69.0,4895.0,3148.4
18,max_power_bank_offset,62,1,69.0,4894.0,3148.8
18,max_power_bank_offset,63,1,69.0,4892.0,3148.0
18,max_power_bank_offset,64,1,69.0,4890.0,3149.2
18,max_power_bank_offset,65,1,69.0,4890.0,3148.4
18,max_power_bank_offset,66,1,69.0,4889.0,3149.2
18,max_power_bank_offset,67,1,69.0,4890.0,3148.4
18,max_power_bank_offset,68,1,69.0,4891.0,3147.6
18,max_power_bank_offset,69,1,69.0,4891.0,3147.6
18,max_power_bank_offset,70,1,69.0,4891.0,3147.2
18,max_power_bank_offset,71,1,69.0,4891.0,3146.0
18,max_power_bank_offset,72,1,69.0,4892.0,3146.4
18,max_power_bank_offset,73,1,69.0,4892.0,3146.4
18,max_power_bank_offset,74,1,69.0,4892.0,3146.0
18,max_power_bank_offset,75,1,69.0,4893.0,3144.8
18,max_power_bank_offset,76,1,69.0,4893.0,3144.0
18,max_power_bank_offset,77,1,69.0,4894.0,3143.6
18,max_power_bank_offset,78,1,69.0,4893.0,3144.4
18,max_power_bank_offset,79,1,69.0,4894.0,3144.0
18,max_power_bank_offset,80,1,69.0,4890.0,3128.4
18,max_power_bank_offset,81,1,69.0,4914.0,3118.4
18,max_power_bank_offset,82,1,69.0,4899.0,3130.0
18,max_power_bank_offset,83,1,69.0,4902.0,3129.2
18,max_power_bank_offset,84,1,69.0,4904.0,3132.0
18,max_power_bank_offset,85,1,69.0,4903.0,3136.8
18,max_power_bank_offset,86,1,69.0,4902.0,3135.6
18,max_power_bank_offset,87,1,69.0,4903.0,3136.4
18,max_power_bank_offset,88,1,69.0,4905.0,3134.8
18,max_power_bank_offset,89,1,69.0,4905.0,3135.6
18,max_power_bank_offset,90,1,69.0,4902.0,3136.0
18,max_power_bank_offset,0,2,61.0,1325.0,3116.4
18,max_power_bank_offset,1,2,68.0,4340.0,2756.4
18,max_power_bank_offset,2,2,69.0,4494.0,2945.6
18,max_power_bank_offset,3,2,68.0,4562.0,3018.0
18,max_power_bank_offset,4,2,69.0,4600.0,3055.6
18,max_power_bank_offset,5,2,69.0,4618.0,3080.0
18,max_power_bank_offset,6,2,69.0,4627.0,3092.8
18,max_power_bank_offset,7,2,69.0,4632.0,3103.2
18,max_power_bank_offset,8,2,69.0,4644.0,3113.6
18,max_power_bank_offset,9,2,69.0,4654.0,3117.6
18,max_power_bank_offset,10,2,69.0,4656.0,3119.6
18,max_power_bank_offset,11,2,69.0,4661.0,3121.2
18,max_power_bank_offset,12,2,69.0,4666.0,3122.0
18,max_power_bank_offset,13,2,69.0,4668.0,3124.8
18,max_power_bank_offset,14,2,69.0,4667.0,3129.2
18,max_power_bank_offset,15,2,69.0,4669.0,3126.8
18,max_power_bank_offset,16,2,69.0,4670.0,3132.4
18,max_power_bank_offset,17,2,69.0,4672.0,3136.0
18,max_power_bank_offset,18,2,69.0,4673.0,3136.0
18,max_power_bank_offset,19,2,69.0,4673.0,3135.2
18,max_power_bank_offset,20,2,69.0,4675.0,3138.8
18,max_power_bank_offset,21,2,69.0,4676.0,3138.8
18,max_power_bank_offset,22,2,69.0,4678.0,3137.2
18,max_power_bank_offset,23,2,69.0,4679.0,3140.4
18,max_power_bank_offset,24,2,69.0,4679.0,3140.4
18,max_power_bank_offset,25,2,69.0,4682.0,3138.4
18,max_power_bank_offset,26,2,69.0,4683.0,3136.4
18,max_power_bank_offset,27,2,69.0,4684.0,3136.0
18,max_power_bank_offset,28,2,69.0,4684.0,3140.0
18,max_power_bank_offset,29,2,69.0,4685.0,3139.6
18,max_power_bank_offset,30,2,69.0,4686.0,3139.2
18,max_power_bank_offset,31,2,69.0,4685.0,3139.6
18,max_power_bank_offset,32,2,69.0,4686.0,3138.8
18,max_power_bank_offset,33,2,69.0,4687.0,3137.6
18,max_power_bank_offset,34,2,69.0,4689.0,3140.8
18,max_power_bank_offset,35,2,69.0,4689.0,3140.4
18,max_power_bank_offset,36,2,69.0,4689.0,3140.0
18,max_power_bank_offset,37,2,69.0,4689.0,3140.0
18,max_power_bank_offset,38,2,69.0,4690.0,3139.2
18,max_power_bank_offset,39,2,69.0,4690.0,3138.8
18,max_power_bank_offset,40,2,69.0,4649.0,3168.0
18,max_power_bank_offset,41,2,69.0,4679.0,3162.4
18,max_power_bank_offset,42,2,69.0,4686.0,3159.6
18,max_power_bank_offset,43,2,69.0,4687.0,3157.2
18,max_power_bank_offset,44,2,69.0,4695.0,3150.0
18,max_power_bank_offset,45,2,69.0,4699.0,3147.6
18,max_power_bank_offset,46,2,69.0,4707.0,3144.4
18,max_power_bank_offset,47,2,69.0,4707.0,3148.8
18,max_power_bank_offset,48,2,69.0,4710.0,3148.0
18,max_power_bank_offset,49,2,69.0,4708.0,3148.0
18,max_power_bank_offset,50,2,69.0,4707.0,3149.2
18,max_power_bank_offset,51,2,69.0,4706.0,3148.4
18,max_power_bank_offset,52,2,69.0,4704.0,3148.0
18,max_power_bank_offset,53,2,69.0,4702.0,3147.6
18,max_power_bank_offset,54,2,69.0,4699.0,3148.4
18,max_power_bank_offset,55,2,69.0,4698.0,3148.8
18,max_power_bank_offset,56,2,69.0,4698.0,3148.8
18,max_power_bank_offset,57,2,69.0,4700.0,3147.6
18,max_power_bank_offset,58,2,69.0,4699.0,3146.4
18,max_power_bank_offset,59,2,69.0,4699.0,3144.8
18,max_power_bank_offset,60,2,69.0,4699.0,3145.2
18,max_power_bank_offset,61,2,69.0,4698.0,3144.8
18,max_power_bank_offset,62,2,69.0,4698.0,3144.0
18,max_power_bank_offset,63,2,69.0,4698.0,3143.2
18,max_power_bank_offset,64,2,69.0,4697.0,3142.4
18,max_power_bank_offset,65,2,69.0,4697.0,3142.8
18,max_power_bank_offset,66,2,69.0,4697.0,3142.8
18,max_power_bank_offset,67,2,69.0,4698.0,3142.0
18,max_power_bank_offset,68,2,69.0,4698.0,3140.8
18,max_power_bank_offset,69,2,69.0,4699.0,3140.8
18,max_power_bank_offset,70,2,69.0,4699.0,3140.4
18,max_power_bank_offset,71,2,69.0,4699.0,3139.6
18,max_power_bank_offset,72,2,69.0,4699.0,3139.2
18,max_power_bank_offset,73,2,69.0,4699.0,3140.4
18,max_power_bank_offset,74,2,69.0,4699.0,3140.0
18,max_power_bank_offset,75,2,69.0,4700.0,3139.2
18,max_power_bank_offset,76,2,69.0,4699.0,3140.0
18,max_power_bank_offset,77,2,69.0,4699.0,3139.6
18,max_power_bank_offset,78,2,69.0,4700.0,3139.2
18,max_power_bank_offset,79,2,69.0,4699.0,3139.6
18,max_power_bank_offset,80,2,69.0,4679.0,3134.4
18,max_power_bank_offset,81,2,69.0,4699.0,3137.2
18,max_power_bank_offset,82,2,69.0,4699.0,3137.6
18,max_power_bank_offset,83,2,69.0,4704.0,3131.2
18,max_power_bank_offset,84,2,69.0,4699.0,3133.2
18,max_power_bank_offset,85,2,69.0,4703.0,3129.2
18,max_power_bank_offset,86,2,69.0,4705.0,3127.6
18,max_power_bank_offset,87,2,69.0,4706.0,3132.4
18,max_power_bank_offset,88,2,69.0,4705.0,3133.2
18,max_power_bank_offset,89,2,69.0,4707.0,3130.8
18,max_power_bank_offset,90,2,69.0,4704.0,3132.4
18,max_power_bank_offset,0,3,62.0,1300.0,3158.4
18,max_power_bank_offset,1,3,68.0,4370.0,2782.4
18,max_power_bank_offset,2,3,69.0,4534.0,2961.6
18,max_power_bank_offset,3,3,69.0,4582.0,3014.4
18,max_power_bank_offset,4,3,69.0,4620.0,3043.2
18,max_power_bank_offset,5,3,69.0,4630.0,3068.0
18,max_power_bank_offset,6,3,69.0,4637.0,3084.8
18,max_power_bank_offset,7,3,69.0,4641.0,3093.6
18,max_power_bank_offset,8,3,69.0,4646.0,3099.2
18,max_power_bank_offset,9,3,69.0,4645.0,3107.2
18,max_power_bank_offset,10,3,69.0,4648.0,3111.6
18,max_power_bank_offset,11,3,69.0,4651.0,3114.0
18,max_power_bank_offset,12,3,69.0,4652.0,3115.2
18,max_power_bank_offset,13,3,69.0,4656.0,3115.2
18,max_power_bank_offset,14,3,69.0,4658.0,3116.8
18,max_power_bank_offset,15,3,69.0,4656.0,3118.0
18,max_power_bank_offset,16,3,69.0,4658.0,3120.0
18,max_power_bank_offset,17,3,69.0,4661.0,3116.8
18,max_power_bank_offset,18,3,69.0,4663.0,3121.2
18,max_power_bank_offset,19,3,69.0,4663.0,3120.4
18,max_power_bank_offset,20,3,69.0,4664.0,3119.6
18,max_power_bank_offset,21,3,69.0,4664.0,3124.8
18,max_power_bank_offset,22,3,69.0,4666.0,3123.2
18,max_power_bank_offset,23,3,69.0,4668.0,3122.4
18,max_power_bank_offset,24,3,69.0,4669.0,3123.6
18,max_power_bank_offset,25,3,69.0,4670.0,3127.6
18,max_power_bank_offset,26,3,69.0,4670.0,3126.8
18,max_power_bank_offset,27,3,69.0,4671.0,3126.8
18,max_power_bank_offset,28,3,69.0,4671.0,3126.8
18,max_power_bank_offset,29,3,69.0,4673.0,3126.0
18,max_power_bank_offset,30,3,69.0,4674.0,3130.8
18,max_power_bank_offset,31,3,69.0,4675.0,3130.0
18,max_power_bank_offset,32,3,69.0,4675.0,3130.4
18,max_power_bank_offset,33,3,69.0,4674.0,3131.6
18,max_power_bank_offset,34,3,69.0,4674.0,3131.2
18,max_power_bank_offset,35,3,69.0,4673.0,3131.6
18,max_power_bank_offset,36,3,69.0,4674.0,3130.8
18,max_power_bank_offset,37,3,69.0,4674.0,3130.8
18,max_power_bank_offset,38,3,69.0,4673.0,3131.2
18,max_power_bank_offset,39,3,69.0,4673.0,3130.4
18,max_power_bank_offset,40,3,69.0,4661.0,3148.0
18,max_power_bank_offset,41,3,69.0,4653.0,3159.6
18,max_power_bank_offset,42,3,69.0,4665.0,3162.8
18,max_power_bank_offset,43,3,69.0,4671.0,3155.6
18,max_power_bank_offset,44,3,69.0,4671.0,3156.0
18,max_power_bank_offset,45,3,69.0,4677.0,3152.8
18,max_power_bank_offset,46,3,69.0,4676.0,3150.0
18,max_power_bank_offset,47,3,69.0,4674.0,3150.8
18,max_power_bank_offset,48,3,69.0,4677.0,3146.8
18,max_power_bank_offset,49,3,69.0,4676.0,3146.8
18,max_power_bank_offset,50,3,69.0,4676.0,3154.4
18,max_power_bank_offset,51,3,69.0,4679.0,3158.0
18,max_power_bank_offset,52,3,69.0,4680.0,3154.0
18,max_power_bank_offset,53,3,69.0,4680.0,3154.4
18,max_power_bank_offset,54,3,69.0,4678.0,3160.0
18,max_power_bank_offset,55,3,69.0,4680.0,3159.6
18,max_power_bank_offset,56,3,69.0,4681.0,3159.6
18,max_power_bank_offset,57,3,69.0,4681.0,3159.6
18,max_power_bank_offset,58,3,69.0,4680.0,3159.6
18,max_power_bank_offset,59,3,69.0,4681.0,3159.2
18,max_power_bank_offset,60,3,69.0,4679.0,3163.2
18,max_power_bank_offset,61,3,69.0,4679.0,3163.2
18,max_power_bank_offset,62,3,69.0,4678.0,3165.6
18,max_power_bank_offset,63,3,69.0,4679.0,3165.2
18,max_power_bank_offset,64,3,69.0,4679.0,3164.4
18,max_power_bank_offset,65,3,69.0,4680.0,3163.2
18,max_power_bank_offset,66,3,69.0,4681.0,3162.4
18,max_power_bank_offset,67,3,69.0,4682.0,3161.6
18,max_power_bank_offset,68,3,70.0,4684.0,3159.6
18,max_power_bank_offset,69,3,69.0,4684.0,3159.6
18,max_power_bank_offset,70,3,69.0,4684.0,3163.6
18,max_power_bank_offset,71,3,69.0,4683.0,3164.4
18,max_power_bank_offset,72,3,70.0,4684.0,3163.6
18,max_power_bank_offset,73,3,70.0,4684.0,3163.6
18,max_power_bank_offset,74,3,69.0,4684.0,3162.0
18,max_power_bank_offset,75,3,69.0,4685.0,3162.8
18,max_power_bank_offset,76,3,69.0,4685.0,3162.8
18,max_power_bank_offset,77,3,69.0,4685.0,3162.4
18,max_power_bank_offset,78,3,69.0,4686.0,3162.0
18,max_power_bank_offset,79,3,69.0,4687.0,3161.6
18,max_power_bank_offset,80,3,69.0,4630.0,3184.8
18,max_power_bank_offset,81,3,70.0,4655.0,3180.8
18,max_power_bank_offset,82,3,69.0,4666.0,3183.2
18,max_power_bank_offset,83,3,70.0,4674.0,3177.2
18,max_power_bank_offset,84,3,69.0,4673.0,3178.0
18,max_power_bank_offset,85,3,70.0,4674.0,3174.8
18,max_power_bank_offset,86,3,69.0,4673.0,3176.0
18,max_power_bank_offset,87,3,70.0,4674.0,3178.4
18,max_power_bank_offset,88,3,69.0,4671.0,3180.4
18,max_power_bank_offset,89,3,69.0,4671.0,3182.0
18,max_power_bank_offset,90,3,69.0,4675.0,3181.6
19,max_power_bank_offset,0,0,63.0,1350.0,3118.4
19,max_power_bank_offset,1,0,71.0,4560.0,2706.4
19,max_power_bank_offset,2,0,71.0,4720.0,2929.2
19,max_power_bank_offset,3,0,72.0,4786.0,2988.0
19,max_power_bank_offset,4,0,72.0,4817.0,3027.2
19,max_power_bank_offset,5,0,72.0,4838.0,3053.6
19,max_power_bank_offset,6,0,72.0,4844.0,3072.0
19,max_power_bank_offset,7,0,72.0,4851.0,3081.6
19,max_power_bank_offset,8,0,72.0,4861.0,3085.2
19,max_power_bank_offset,9,0,72.0,4863.0,3092.4
19,max_power_bank_offset,10,0,72.0,4868.0,3098.0
19,max_power_bank_offset,11,0,72.0,4872.0,3102.0
19,max_power_bank_offset,12,0,72.0,4874.0,3103.6
19,max_power_bank_offset,13,0,72.0,4876.0,3104.4
19,max_power_bank_offset,14,0,72.0,4876.0,3109.6
19,max_power_bank_offset,15,0,72.0,4879.0,3112.4
19,max_power_bank_offset,16,0,72.0,4882.0,3116.0
19,max_power_bank_offset,17,0,72.0,4887.0,3118.8
19,max_power_bank_offset,18,0,72.0,4890.0,3115.2
19,max_power_bank_offset,19,0,72.0,4891.0,3120.0
19,max_power_bank_offset,20,0,72.0,4893.0,3117.6
19,max_power_bank_offset,21,0,72.0,4895.0,3120.4
19,max_power_bank_offset,22,0,72.0,4897.0,3117.6
19,max_power_bank_offset,23,0,72.0,4898.0,3122.8
19,max_power_bank_offset,24,0,72.0,4900.0,3121.2
19,max_power_bank_offset,25,0,72.0,4901.0,3124.4
19,max_power_bank_offset,26,0,72.0,4901.0,3124.0
19,max_power_bank_offset,27,0,72.0,4901.0,3124.0
19,max_power_bank_offset,28,0,72.0,4900.0,3128.8
19,max_power_bank_offset,29,0,72.0,4901.0,3128.0
19,max_power_bank_offset,30,0,72.0,4902.0,3127.2
19,max_power_bank_offset,31,0,72.0,4902.0,3131.6
19,max_power_bank_offset,32,0,72.0,4902.0,3130.8
19,max_power_bank_offset,33,0,72.0,4902.0,3131.2
19,max_power_bank_offset,34,0,72.0,4903.0,3134.8
19,max_power_bank_offset,35,0,72.0,4903.0,3133.6
19,max_power_bank_offset,36,0,72.0,4904.0,3133.2
19,max_power_bank_offset,37,0,72.0,4903.0,3134.8
19,max_power_bank_offset,38,0,72.0,4902.0,3134.8
19,max_power_bank_offset,39,0,72.0,4902.0,3139.6
19,max_power_bank_offset,40,0,72.0,4880.0,3188.8
19,max_power_bank_offset,41,0,72.0,4900.0,3174.8
19,max_power_bank_offset,42,0,72.0,4903.0,3168.8
19,max_power_bank_offset,43,0,72.0,4910.0,3164.8
19,max_power_bank_offset,44,0,72.0,4908.0,3161.6
19,max_power_bank_offset,45,0,72.0,4908.0,3162.8
19,max_power_bank_offset,46,0,72.0,4904.0,3164.4
19,max_power_bank_offset,47,0,72.0,4906.0,3164.8
19,max_power_bank_offset,48,0,72.0,4901.0,3166.8
19,max_power_bank_offset,49,0,72.0,4908.0,3163.6
19,max_power_bank_offset,50,0,72.0,4908.0,3162.4
19,max_power_bank_offset,51,0,72.0,4909.0,3161.2
19,max_power_bank_offset,52,0,72.0,4909.0,3159.2
19,max_power_bank_offset,53,0,72.0,4908.0,3160.0
19,max_power_bank_offset,54,0,72.0,4909.0,3158.4
19,max_power_bank_offset,55,0,72.0,4910.0,3156.8
19,max_power_bank_offset,56,0,72.0,4913.0,3155.6
19,max_power_bank_offset,57,0,72.0,4912.0,3155.6
19,max_power_bank_offset,58,0,72.0,4913.0,3154.8
19,max_power_bank_offset,59,0,72.0,4913.0,3154.8
19,max_power_bank_offset,60,0,72.0,4913.0,3156.4
19,max_power_bank_offset,61,0,72.0,4911.0,3158.8
19,max_power_bank_offset,62,0,72.0,4910.0,3160.4
19,max_power_bank_offset,63,0,72.0,4912.0,3158.8
19,max_power_bank_offset,64,0,72.0,4913.0,3159.2
19,max_power_bank_offset,65,0,72.0,4911.0,3160.4
19,max_power_bank_offset,66,0,72.0,4910.0,3160.4
19,max_power_bank_offset,67,0,72.0,4910.0,3160.0
19,max_power_bank_offset,68,0,72.0,4910.0,3158.4
19,max_power_bank_offset,69,0,72.0,4910.0,3158.4
19,max_power_bank_offset,70,0,72.0,4910.0,3159.6
19,max_power_bank_offset,71,0,72.0,4910.0,3160.8
19,max_power_bank_offset,72,0,72.0,4911.0,3160.0
19,max_power_bank_offset,73,0,72.0,4910.0,3160.0
19,max_power_bank_offset,74,0,72.0,4911.0,3159.6
19,max_power_bank_offset,75,0,72.0,4911.0,3158.8
19,max_power_bank_offset,76,0,72.0,4910.0,3159.6
19,max_power_bank_offset,77,0,72.0,4911.0,3158.8
19,max_power_bank_offset,78,0,72.0,4912.0,3158.8
19,max_power_bank_offset,79,0,72.0,4911.0,3158.8
19,max_power_bank_offset,80,0,72.0,4940.0,3146.4
19,max_power_bank_offset,81,0,72.0,4919.0,3148.4
19,max_power_bank_offset,82,0,72.0,4913.0,3146.0
19,max_power_bank_offset,83,0,72.0,4915.0,3148.8
19,max_power_bank_offset,84,0,72.0,4914.0,3150.4
19,max_power_bank_offset,85,0,72.0,4913.0,3151.6
19,max_power_bank_offset,86,0,72.0,4914.0,3154.8
19,max_power_bank_offset,87,0,72.0,4924.0,3149.6
19,max_power_bank_offset,88,0,72.0,4925.0,3148.8
19,max_power_bank_offset,89,0,72.0,4926.0,3146.0
19,max_power_bank_offset,90,0,72.0,4928.0,3143.2
19,max_power_bank_offset,0,1,63.0,1387.0,3128.8
19,max_power_bank_offset,1,1,72.0,4560.0,2722.0
19,max_power_bank_offset,2,1,72.0,4726.0,2926.4
19,max_power_bank_offset,3,1,72.0,4793.0,3003.2
19,max_power_bank_offset,4,1,72.0,4838.0,3033.2
19,max_power_bank_offset,5,1,72.0,4851.0,3062.0
19,max_power_bank_offset,6,1,72.0,4865.0,3072.4
19,max_power_bank_offset,7,1,72.0,4867.0,3084.4
19,max_power_bank_offset,8,1,72.0,4870.0,3095.2
19,max_power_bank_offset,9,1,72.0,4876.0,3103.2
19,max_power_bank_offset,10,1,72.0,4878.0,3104.4
19,max_power_bank_offset,11,1,72.0,4882.0,3110.4
19,max_power_bank_offset,12,1,72.0,4883.0,3114.4
19,max_power_bank_offset,13,1,72.0,4886.0,3116.8
19,max_power_bank_offset,14,1,72.0,4887.0,3120.4
19,max_power_bank_offset,15,1,72.0,4888.0,3119.2
19,max_power_bank_offset,16,1,72.0,4887.0,3124.0
19,max_power_bank_offset,17,1,72.0,4889.0,3124.4
19,max_power_bank_offset,18,1,72.0,4890.0,3128.4
19,max_power_bank_offset,19,1,72.0,4892.0,3126.4
19,max_power_bank_offset,20,1,72.0,4894.0,3125.6
19,max_power_bank_offset,21,1,72.0,4896.0,3129.2
19,max_power_bank_offset,22,1,72.0,4898.0,3128.4
19,max_power_bank_offset,23,1,72.0,4898.0,3127.2
19,max_power_bank_offset,24,1,72.0,4897.0,3132.0
19,max_power_bank_offset,25,1,72.0,4897.0,3132.0
19,max_power_bank_offset,26,1,72.0,4897.0,3131.6
19,max_power_bank_offset,27,1,72.0,4898.0,3131.2
19,max_power_bank_offset,28,1,72.0,4899.0,3130.4
19,max_power_bank_offset,29,1,72.0,4900.0,3135.2
19,max_power_bank_offset,30,1,72.0,4900.0,3134.4
19,max_power_bank_offset,31,1,72.0,4900.0,3133.6
19,max_power_bank_offset,32,1,72.0,4900.0,3133.2
19,max_power_bank_offset,33,1,72.0,4900.0,3132.8
19,max_power_bank_offset,34,1,72.0,4902.0,3131.6
19,max_power_bank_offset,35,1,72.0,4902.0,3132.0
19,max_power_bank_offset,36,1,72.0,4903.0,3136.4
19,max_power_bank_offset,37,1,72.0,4903.0,3136.4
19,max_power_bank_offset,38,1,72.0,4903.0,3136.8
19,max_power_bank_offset,39,1,72.0,4902.0,3137.6
19,max_power_bank_offset,40,1,72.0,4900.0,3154.0
19,max_power_bank_offset,41,1,72.0,4895.0,3158.0
19,max_power_bank_offset,42,1,73.0,4890.0,3160.4
19,max_power_bank_offset,43,1,72.0,4907.0,3151.2
19,max_power_bank_offset,44,1,72.0,4902.0,3157.6
19,max_power_bank_offset,45,1,72.0,4905.0,3157.2
19,max_power_bank_offset,46,1,72.0,4902.0,3154.8
19,max_power_bank_offset,47,1,72.0,4907.0,3152.0
19,max_power_bank_offset,48,1,72.0,4909.0,3152.8
19,max_power_bank_offset,49,1,72.0,4912.0,3149.6
19,max_power_bank_offset,50,1,72.0,4910.0,3149.6
19,max_power_bank_offset,51,1,72.0,4912.0,3147.2
19,max_power_bank_offset,52,1,73.0,4912.0,3147.6
19,max_power_bank_offset,53,1,72.0,4913.0,3146.4
19,max_power_bank_offset,54,1,72.0,4916.0,3144.0
19,max_power_bank_offset,55,1,72.0,4918.0,3144.0
19,max_power_bank_offset,56,1,72.0,4919.0,3144.0
19,max_power_bank_offset,57,1,72.0,4919.0,3143.6
19,max_power_bank_offset,58,1,72.0,4917.0,3145.2
19,max_power_bank_offset,59,1,73.0,4915.0,3145.2
19,max_power_bank_offset,60,1,72.0,4916.0,3146.0
19,max_power_bank_offset,61,1,72.0,4915.0,3146.0
19,max_power_bank_offset,62,1,72.0,4915.0,3145.6
19,max_power_bank_offset,63,1,72.0,4917.0,3144.4
19,max_power_bank_offset,64,1,72.0,4918.0,3143.2
19,max_power_bank_offset,65,1,73.0,4917.0,3143.6
19,max_power_bank_offset,66,1,72.0,4917.0,3142.8
19,max_power_bank_offset,67,1,73.0,4917.0,3142.8
19,max_power_bank_offset,68,1,72.0,4916.0,3143.6
19,max_power_bank_offset,69,1,72.0,4916.0,3143.2
19,max_power_bank_offset,70,1,72.0,4915.0,3143.2
19,max_power_bank_offset,71,1,72.0,4915.0,3142.8
19,max_power_bank_offset,72,1,73.0,4914.0,3143.6
19,max_power_bank_offset,73,1,73.0,4914.0,3143.6
19,max_power_bank_offset,74,1,73.0,4916.0,3142.0
19,max_power_bank_offset,75,1,72.0,4916.0,3141.6
19,max_power_bank_offset,76,1,72.0,4917.0,3140.4
19,max_power_bank_offset,77,1,72.0,4918.0,3139.6
19,max_power_bank_offset,78,1,72.0,4919.0,3139.2
19,max_power_bank_offset,79,1,72.0,4918.0,3139.6
19,max_power_bank_offset,80,1,73.0,4920.0,3134.0
19,max_power_bank_offset,81,1,73.0,4915.0,3138.8
19,max_power_bank_offset,82,1,73.0,4906.0,3141.6
19,max_power_bank_offset,83,1,73.0,4905.0,3142.4
19,max_power_bank_offset,84,1,73.0,4902.0,3145.6
19,max_power_bank_offset,85,1,73.0,4899.0,3146.0
19,max_power_bank_offset,86,1,73.0,4898.0,3145.6
19,max_power_bank_offset,87,1,73.0,4898.0,3144.4
19,max_power_bank_offset,88,1,72.0,4898.0,3143.6
19,max_power_bank_offset,89,1,73.0,4902.0,3141.2
19,max_power_bank_offset,90,1,73.0,4903.0,3138.4
19,max_power_bank_offset,0,2,64.0,1400.0,3107.6
19,max_power_bank_offset,1,2,72.0,4410.0,2776.4
19,max_power_bank_offset,2,2,72.0,4560.0,2965.6
19,max_power_bank_offset,3,2,72.0,4606.0,3028.0
19,max_power_bank_offset,4,2,72.0,4641.0,3056.0
19,max_power_bank_offset,5,2,72.0,4653.0,3075.2
19,max_power_bank_offset,6,2,72.0,4664.0,3087.6
19,max_power_bank_offset,7,2,72.0,4676.0,3091.6
19,max_power_bank_offset,8,2,72.0,4687.0,3093.2
19,max_power_bank_offset,9,2,72.0,4689.0,3099.6
19,max_power_bank_offset,10,2,72.0,4695.0,3101.2
19,max_power_bank_offset,11,2,72.0,4699.0,3104.8
19,max_power_bank_offset,12,2,72.0,4700.0,3108.4
19,max_power_bank_offset,13,2,72.0,4703.0,3111.6
19,max_power_bank_offset,14,2,72.0,4705.0,3114.4
19,max_power_bank_offset,15,2,72.0,4708.0,3113.6
19,max_power_bank_offset,16,2,72.0,4707.0,3117.2
19,max_power_bank_offset,17,2,72.0,4709.0,3115.6
19,max_power_bank_offset,18,2,72.0,4707.0,3120.8
19,max_power_bank_offset,19,2,72.0,4706.0,3121.6
19,max_power_bank_offset,20,2,72.0,4707.0,3120.8
19,max_power_bank_offset,21,2,72.0,4708.0,3125.2
19,max_power_bank_offset,22,2,72.0,4709.0,3125.2
19,max_power_bank_offset,23,2,72.0,4711.0,3124.4
19,max_power_bank_offset,24,2,72.0,4712.0,3124.0
19,max_power_bank_offset,25,2,72.0,4711.0,3130.0
19,max_power_bank_offset,26,2,72.0,4712.0,3129.6
19,max_power_bank_offset,27,2,72.0,4712.0,3130.0
19,max_power_bank_offset,28,2,72.0,4712.0,3130.4
19,max_power_bank_offset,29,2,72.0,4713.0,3129.2
19,max_power_bank_offset,30,2,72.0,4713.0,3129.2
19,max_power_bank_offset,31,2,72.0,4712.0,3134.4
19,max_power_bank_offset,32,2,72.0,4713.0,3134.0
19,max_power_bank_offset,33,2,72.0,4714.0,3133.2
19,max_power_bank_offset,34,2,73.0,4715.0,3132.8
19,max_power_bank_offset,35,2,72.0,4715.0,3132.8
19,max_power_bank_offset,36,2,72.0,4715.0,3132.8
19,max_power_bank_offset,37,2,72.0,4716.0,3132.0
19,max_power_bank_offset,38,2,72.0,4717.0,3130.8
19,max_power_bank_offset,39,2,72.0,4716.0,3131.6
19,max_power_bank_offset,40,2,72.0,4750.0,3123.6
19,max_power_bank_offset,41,2,72.0,4736.0,3137.2
19,max_power_bank_offset,42,2,72.0,4748.0,3127.2
19,max_power_bank_offset,43,2,72.0,4756.0,3126.4
19,max_power_bank_offset,44,2,72.0,4759.0,3127.2
19,max_power_bank_offset,45,2,72.0,4755.0,3130.4
19,max_power_bank_offset,46,2,72.0,4758.0,3128.0
19,max_power_bank_offset,47,2,72.0,4753.0,3133.6
19,max_power_bank_offset,48,2,72.0,4748.0,3134.8
19,max_power_bank_offset,49,2,72.0,4745.0,3136.8
19,max_power_bank_offset,50,2,72.0,4747.0,3137.6
19,max_power_bank_offset,51,2,72.0,4746.0,3137.2
19,max_power_bank_offset,52,2,72.0,4745.0,3136.4
19,max_power_bank_offset,53,2,72.0,4743.0,3138.0
19,max_power_bank_offset,54,2,72.0,4742.0,3138.4
19,max_power_bank_offset,55,2,72.0,4744.0,3138.0
19,max_power_bank_offset,56,2,72.0,4741.0,3140.0
19,max_power_bank_offset,57,2,72.0,4742.0,3139.2
19,max_power_bank_offset,58,2,72.0,4740.0,3140.8
19,max_power_bank_offset,59,2,72.0,4740.0,3141.2
19,max_power_bank_offset,60,2,72.0,4740.0,3141.2
19,max_power_bank_offset,61,2,73.0,4739.0,3141.2
19,max_power_bank_offset,62,2,72.0,4740.0,3141.2
19,max_power_bank_offset,63,2,72.0,4741.0,3141.6
19,max_power_bank_offset,64,2,72.0,4740.0,3142.4
19,max_power_bank_offset,65,2,72.0,4740.0,3142.0
19,max_power_bank_offset,66,2,72.0,4740.0,3142.4
19,max_power_bank_offset,67,2,72.0,4739.0,3142.4
19,max_power_bank_offset,68,2,72.0,4738.0,3142.8
19,max_power_bank_offset,69,2,72.0,4739.0,3143.2
19,max_power_bank_offset,70,2,72.0,4739.0,3143.2
19,max_power_bank_offset,71,2,72.0,4738.0,3143.2
19,max_power_bank_offset,72,2,72.0,4737.0,3143.2
19,max_power_bank_offset,73,2,72.0,4736.0,3143.2
19,max_power_bank_offset,74,2,72.0,4736.0,3142.4
19,max_power_bank_offset,75,2,72.0,4736.0,3142.0
19,max_power_bank_offset,76,2,73.0,4736.0,3141.6
19,max_power_bank_offset,77,2,72.0,4736.0,3141.6
19,max_power_bank_offset,78,2,73.0,4736.0,3142.0
19,max_power_bank_offset,79,2,72.0,4735.0,3142.0
19,max_power_bank_offset,80,2,72.0,4700.0,3141.2
19,max_power_bank_offset,81,2,72.0,4710.0,3140.4
19,max_power_bank_offset,82,2,72.0,4710.0,3140.0
19,max_power_bank_offset,83,2,72.0,4720.0,3139.2
19,max_power_bank_offset,84,2,72.0,4728.0,3137.6
19,max_power_bank_offset,85,2,72.0,4732.0,3138.4
19,max_power_bank_offset,86,2,72.0,4732.0,3137.2
19,max_power_bank_offset,87,2,73.0,4734.0,3138.0
19,max_power_bank_offset,88,2,72.0,4732.0,3139.2
19,max_power_bank_offset,89,2,72.0,4731.0,3138.0
19,max_power_bank_offset,90,2,72.0,4736.0,3136.4
19,max_power_bank_offset,0,3,64.0,1350.0,3144.0
19,max_power_bank_offset,1,3,72.0,4669.0,2590.8
19,max_power_bank_offset,2,3,72.0,4699.0,2863.6
19,max_power_bank_offset,3,3,72.0,4710.0,2945.2
19,max_power_bank_offset,4,3,72.0,4717.0,2996.0
19,max_power_bank_offset,5,3,72.0,4724.0,3022.4
19,max_power_bank_offset,6,3,72.0,4728.0,3040.0
19,max_power_bank_offset,7,3,72.0,4732.0,3050.4
19,max_power_bank_offset,8,3,72.0,4729.0,3061.6
19,max_power_bank_offset,9,3,72.0,4726.0,3072.4
19,max_power_bank_offset,10,3,72.0,4723.0,3085.2
19,max_power_bank_offset,11,3,72.0,4720.0,3090.4
19,max_power_bank_offset,12,3,72.0,4723.0,3093.6
19,max_power_bank_offset,13,3,72.0,4720.0,3099.6
19,max_power_bank_offset,14,3,73.0,4720.0,3098.4
19,max_power_bank_offset,15,3,73.0,4721.0,3102.8
19,max_power_bank_offset,16,3,72.0,4721.0,3102.8
19,max_power_bank_offset,17,3,72.0,4722.0,3107.2
19,max_power_bank_offset,18,3,72.0,4723.0,3106.8
19,max_power_bank_offset,19,3,72.0,4721.0,3112.8
19,max_power_bank_offset,20,3,72.0,4721.0,3114.0
19,max_power_bank_offset,21,3,72.0,4720.0,3115.6
19,max_power_bank_offset,22,3,72.0,4721.0,3119.6
19,max_power_bank_offset,23,3,72.0,4720.0,3120.4
19,max_power_bank_offset,24,3,72.0,4720.0,3119.6
19,max_power_bank_offset,25,3,73.0,4720.0,3119.6
19,max_power_bank_offset,26,3,72.0,4720.0,3123.6
19,max_power_bank_offset,27,3,72.0,4719.0,3123.6
19,max_power_bank_offset,28,3,72.0,4719.0,3124.0
19,max_power_bank_offset,29,3,72.0,4719.0,3123.6
19,max_power_bank_offset,30,3,72.0,4720.0,3123.6
19,max_power_bank_offset,31,3,72.0,4720.0,3122.8
19,max_power_bank_offset,32,3,73.0,4720.0,3123.2
19,max_power_bank_offset,33,3,72.0,4720.0,3127.2
19,max_power_bank_offset,34,3,72.0,4720.0,3127.2
19,max_power_bank_offset,35,3,72.0,4720.0,3127.2
19,max_power_bank_offset,36,3,73.0,4720.0,3126.4
19,max_power_bank_offset,37,3,72.0,4721.0,3126.4
19,max_power_bank_offset,38,3,72.0,4720.0,3126.4
19,max_power_bank_offset,39,3,73.0,4719.0,3126.4
19,max_power_bank_offset,40,3,73.0,4710.0,3142.8
19,max_power_bank_offset,41,3,73.0,4714.0,3146.4
19,max_power_bank_offset,42,3,73.0,4717.0,3146.4
19,max_power_bank_offset,43,3,73.0,4712.0,3143.2
19,max_power_bank_offset,44,3,73.0,4708.0,3148.4
19,max_power_bank_offset,45,3,73.0,4711.0,3146.4
19,max_power_bank_offset,46,3,73.0,4716.0,3144.0
19,max_power_bank_offset,47,3,73.0,4716.0,3146.0
19,max_power_bank_offset,48,3,73.0,4715.0,3146.0
19,max_power_bank_offset,49,3,73.0,4716.0,3144.0
19,max_power_bank_offset,50,3,73.0,4714.0,3144.0
19,max_power_bank_offset,51,3,73.0,4712.0,3144.8
19,max_power_bank_offset,52,3,73.0,4712.0,3146.0
19,max_power_bank_offset,53,3,73.0,4713.0,3144.4
19,max_power_bank_offset,54,3,73.0,4713.0,3144.0
19,max_power_bank_offset,55,3,72.0,4710.0,3145.2
19,max_power_bank_offset,56,3,72.0,4710.0,3144.8
19,max_power_bank_offset,57,3,72.0,4707.0,3145.6
19,max_power_bank_offset,58,3,73.0,4707.0,3146.0
19,max_power_bank_offset,59,3,72.0,4707.0,3145.6
19,max_power_bank_offset,60,3,73.0,4708.0,3146.0
19,max_power_bank_offset,61,3,73.0,4708.0,3146.4
19,max_power_bank_offset,62,3,72.0,4709.0,3146.0
19,max_power_bank_offset,63,3,73.0,4709.0,3146.0
19,max_power_bank_offset,64,3,73.0,4710.0,3145.2
19,max_power_bank_offset,65,3,72.0,4709.0,3145.2
19,max_power_bank_offset,66,3,72.0,4709.0,3145.2
19,max_power_bank_offset,67,3,73.0,4708.0,3145.2
19,max_power_bank_offset,68,3,72.0,4708.0,3145.6
19,max_power_bank_offset,69,3,72.0,4707.0,3145.6
19,max_power_bank_offset,70,3,73.0,4707.0,3145.6
19,max_power_bank_offset,71,3,73.0,4707.0,3146.0
19,max_power_bank_offset,72,3,73.0,4707.0,3145.6
19,max_power_bank_offset,73,3,73.0,4706.0,3146.0
19,max_power_bank_offset,74,3,73.0,4707.0,3146.0
19,max_power_bank_offset,75,3,72.0,4708.0,3145.2
19,max_power_bank_offset,76,3,72.0,4708.0,3145.6
19,max_power_bank_offset,77,3,72.0,4708.0,3145.6
19,max_power_bank_offset,78,3,73.0,4709.0,3145.2
19,max_power_bank_offset,79,3,73.0,4709.0,3145.2
19,max_power_bank_offset,80,3,72.0,4720.0,3133.6
19,max_power_bank_offset,81,3,72.0,4720.0,3131.6
19,max_power_bank_offset,82,3,73.0,4720.0,3138.0
19,max_power_bank_offset,83,3,73.0,4715.0,3139.2
19,max_power_bank_offset,84,3,73.0,4708.0,3139.2
19,max_power_bank_offset,85,3,72.0,4705.0,3142.0
19,max_power_bank_offset,86,3,72.0,4710.0,3134.8
19,max_power_bank_offset,87,3,73.0,4707.0,3137.2
19,max_power_bank_offset,88,3,73.0,4709.0,3138.4
19,max_power_bank_offset,89,3,73.0,4710.0,3140.0
19,max_power_bank_offset,90,3,73.0,4712.0,3139.2
20,max_power_bank_offset,0,0,58.0,1012.0,3120.4
20,max_power_bank_offset,1,0,64.0,4100.0,2699.2
20,max_power_bank_offset,2,0,64.0,4285.0,2923.2
20,max_power_bank_offset,3,0,65.0,4334.0,2998.4
20,max_power_bank_offset,4,0,65.0,4356.0,3043.2
20,max_power_bank_offset,5,0,65.0,4365.0,3067.6
20,max_power_bank_offset,6,0,65.0,4372.0,3087.2
20,max_power_bank_offset,7,0,65.0,4379.0,3100.8
20,max_power_bank_offset,8,0,64.0,4389.0,3113.6
20,max_power_bank_offset,9,0,65.0,4393.0,3120.4
20,max_power_bank_offset,10,0,65.0,4395.0,3124.8
20,max_power_bank_offset,11,0,65.0,4400.0,3129.6
20,max_power_bank_offset,12,0,65.0,4400.0,3135.6
20,max_power_bank_offset,13,0,65.0,4402.0,3134.0
20,max_power_bank_offset,14,0,65.0,4404.0,3138.4
20,max_power_bank_offset,15,0,65.0,4410.0,3140.0
20,max_power_bank_offset,16,0,65.0,4416.0,3142.4
20,max_power_bank_offset,17,0,65.0,4416.0,3140.0
20,max_power_bank_offset,18,0,65.0,4417.0,3143.6
20,max_power_bank_offset,19,0,65.0,4418.0,3142.8
20,max_power_bank_offset,20,0,65.0,4419.0,3140.8
20,max_power_bank_offset,21,0,65.0,4419.0,3146.4
20,max_power_bank_offset,22,0,65.0,4422.0,3144.0
20,max_power_bank_offset,23,0,65.0,4423.0,3143.2
20,max_power_bank_offset,24,0,65.0,4425.0,3146.8
20,max_power_bank_offset,25,0,65.0,4426.0,3145.6
20,max_power_bank_offset,26,0,65.0,4425.0,3146.4
20,max_power_bank_offset,27,0,65.0,4428.0,3145.6
20,max_power_bank_offset,28,0,65.0,4428.0,3150.0
20,max_power_bank_offset,29,0,65.0,4429.0,3148.4
20,max_power_bank_offset,30,0,65.0,4430.0,3147.6
20,max_power_bank_offset,31,0,65.0,4430.0,3152.4
20,max_power_bank_offset,32,0,65.0,4430.0,3152.4
20,max_power_bank_offset,33,0,65.0,4430.0,3152.8
20,max_power_bank_offset,34,0,65.0,4430.0,3152.8
20,max_power_bank_offset,35,0,65.0,4432.0,3155.6
20,max_power_bank_offset,36,0,65.0,4432.0,3155.6
20,max_power_bank_offset,37,0,65.0,4434.0,3154.0
20,max_power_bank_offset,38,0,65.0,4433.0,3154.4
20,max_power_bank_offset,39,0,65.0,4433.0,3159.2
20,max_power_bank_offset,40,0,65.0,4460.0,3182.0
20,max_power_bank_offset,41,0,65.0,4460.0,3190.8
20,max_power_bank_offset,42,0,65.0,4463.0,3180.8
20,max_power_bank_offset,43,0,65.0,4453.0,3192.8
20,max_power_bank_offset,44,0,65.0,4444.0,3191.6
20,max_power_bank_offset,45,0,65.0,4444.0,3188.0
20,max_power_bank_offset,46,0,65.0,4444.0,3188.0
20,max_power_bank_offset,47,0,65.0,4444.0,3185.6
20,max_power_bank_offset,48,0,65.0,4443.0,3186.4
20,max_power_bank_offset,49,0,65.0,4443.0,3186.8
20,max_power_bank_offset,50,0,65.0,4442.0,3186.0
20,max_power_bank_offset,51,0,65.0,4442.0,3187.6
20,max_power_bank_offset,52,0,65.0,4444.0,3185.6
20,max_power_bank_offset,53,0,65.0,4443.0,3186.4
20,max_power_bank_offset,54,0,65.0,4444.0,3186.0
20,max_power_bank_offset,55,0,65.0,4442.0,3186.0
20,max_power_bank_offset,56,0,65.0,4440.0,3188.0
20,max_power_bank_offset,57,0,65.0,4439.0,3186.8
20,max_power_bank_offset,58,0,65.0,4438.0,3187.6
20,max_power_bank_offset,59,0,65.0,4438.0,3188.0
20,max_power_bank_offset,60,0,65.0,4441.0,3186.0
20,max_power_bank_offset,61,0,65.0,4443.0,3184.4
20,max_power_bank_offset,62,0,65.0,4442.0,3184.4
20,max_power_bank_offset,63,0,65.0,4441.0,3184.8
20,max_power_bank_offset,64,0,65.0,4442.0,3185.2
20,max_power_bank_offset,65,0,65.0,4444.0,3183.2
20,max_power_bank_offset,66,0,65.0,4442.0,3184.4
20,max_power_bank_offset,67,0,65.0,4442.0,3183.2
20,max_power_bank_offset,68,0,65.0,4442.0,3184.0
20,max_power_bank_offset,69,0,65.0,4442.0,3183.6
20,max_power_bank_offset,70,0,65.0,4443.0,3183.6
20,max_power_bank_offset,71,0,65.0,4442.0,3182.8
20,max_power_bank_offset,72,0,65.0,4443.0,3182.0
20,max_power_bank_offset,73,0,65.0,4444.0,3181.6
20,max_power_bank_offset,74,0,65.0,4445.0,3180.4
20,max_power_bank_offset,75,0,65.0,4446.0,3179.6
20,max_power_bank_offset,76,0,65.0,4447.0,3178.8
20,max_power_bank_offset,77,0,65.0,4447.0,3178.8
20,max_power_bank_offset,78,0,65.0,4448.0,3178.4
20,max_power_bank_offset,79,0,65.0,4449.0,3177.6
20,max_power_bank_offset,80,0,65.0,4450.0,3170.0
20,max_power_bank_offset,81,0,65.0,4435.0,3176.8
20,max_power_bank_offset,82,0,65.0,4436.0,3185.2
20,max_power_bank_offset,83,0,65.0,4448.0,3179.6
20,max_power_bank_offset,84,0,65.0,4444.0,3182.0
20,max_power_bank_offset,85,0,65.0,4450.0,3178.8
20,max_power_bank_offset,86,0,65.0,4449.0,3177.6
20,max_power_bank_offset,87,0,65.0,4446.0,3180.8
20,max_power_bank_offset,88,0,65.0,4443.0,3180.8
20,max_power_bank_offset,89,0,65.0,4438.0,3180.8
20,max_power_bank_offset,90,0,65.0,4443.0,3179.2
20,max_power_bank_offset,0,1,59.0,975.0,3146.0
20,max_power_bank_offset,1,1,65.0,4080.0,2729.2
20,max_power_bank_offset,2,1,65.0,4265.0,2945.2
20,max_power_bank_offset,3,1,65.0,4306.0,3029.6
20,max_power_bank_offset,4,1,65.0,4338.0,3066.4
20,max_power_bank_offset,5,1,65.0,4361.0,3080.8
20,max_power_bank_offset,6,1,65.0,4376.0,3093.6
20,max_power_bank_offset,7,1,65.0,4391.0,3096.8
20,max_power_bank_offset,8,1,65.0,4399.0,3108.0
20,max_power_bank_offset,9,1,65.0,4409.0,3116.0
20,max_power_bank_offset,10,1,66.0,4414.0,3123.2
20,max_power_bank_offset,11,1,65.0,4413.0,3127.2
20,max_power_bank_offset,12,1,65.0,4414.0,3131.2
20,max_power_bank_offset,13,1,65.0,4418.0,3132.4
20,max_power_bank_offset,14,1,65.0,4418.0,3138.8
20,max_power_bank_offset,15,1,65.0,4419.0,3137.2
20,max_power_bank_offset,16,1,65.0,4421.0,3140.0
20,max_power_bank_offset,17,1,65.0,4421.0,3141.6
20,max_power_bank_offset,18,1,65.0,4421.0,3144.8
20,max_power_bank_offset,19,1,65.0,4422.0,3145.2
20,max_power_bank_offset,20,1,65.0,4422.0,3149.6
20,max_power_bank_offset,21,1,65.0,4422.0,3149.6
20,max_power_bank_offset,22,1,66.0,4424.0,3147.6
20,max_power_bank_offset,23,1,65.0,4423.0,3146.8
20,max_power_bank_offset,24,1,65.0,4423.0,3152.0
20,max_power_bank_offset,25,1,66.0,4424.0,3151.2
20,max_power_bank_offset,26,1,66.0,4425.0,3150.0
20,max_power_bank_offset,27,1,65.0,4424.0,3150.0
20,max_power_bank_offset,28,1,65.0,4423.0,3155.2
20,max_power_bank_offset,29,1,65.0,4424.0,3153.2
20,max_power_bank_offset,30,1,66.0,4421.0,3155.2
20,max_power_bank_offset,31,1,65.0,4422.0,3153.6
20,max_power_bank_offset,32,1,65.0,4422.0,3153.6
20,max_power_bank_offset,33,1,65.0,4423.0,3153.2
20,max_power_bank_offset,34,1,65.0,4423.0,3152.8
20,max_power_bank_offset,35,1,65.0,4423.0,3157.6
20,max_power_bank_offset,36,1,66.0,4424.0,3156.4
20,max_power_bank_offset,37,1,65.0,4425.0,3156.4
20,max_power_bank_offset,38,1,66.0,4426.0,3155.6
20,max_power_bank_offset,39,1,66.0,4425.0,3155.2
20,max_power_bank_offset,40,1,65.0,4450.0,3143.6
20,max_power_bank_offset,41,1,65.0,4455.0,3141.6
20,max_power_bank_offset,42,1,66.0,4446.0,3154.8
20,max_power_bank_offset,43,1,66.0,4441.0,3165.6
20,max_power_bank_offset,44,1,65.0,4440.0,3163.2
20,max_power_bank_offset,45,1,65.0,4435.0,3166.0
20,max_power_bank_offset,46,1,66.0,4437.0,3167.6
20,max_power_bank_offset,47,1,66.0,4438.0,3168.0
20,max_power_bank_offset,48,1,66.0,4438.0,3170.0
20,max_power_bank_offset,49,1,66.0,4436.0,3168.4
20,max_power_bank_offset,50,1,66.0,4434.0,3172.4
20,max_power_bank_offset,51,1,66.0,4433.0,3174.0
20,max_power_bank_offset,52,1,66.0,4433.0,3176.0
20,max_power_bank_offset,53,1,66.0,4434.0,3182.0
20,max_power_bank_offset,54,1,66.0,4431.0,3182.8
20,max_power_bank_offset,55,1,66.0,4433.0,3182.4
20,max_power_bank_offset,56,1,66.0,4432.0,3183.6
20,max_power_bank_offset,57,1,66.0,4432.0,3189.2
20,max_power_bank_offset,58,1,66.0,4430.0,3190.0
20,max_power_bank_offset,59,1,65.0,4432.0,3188.8
20,max_power_bank_offset,60,1,66.0,4431.0,3189.6
20,max_power_bank_offset,61,1,66.0,4429.0,3190.4
20,max_power_bank_offset,62,1,66.0,4428.0,3191.2
20,max_power_bank_offset,63,1,66.0,4428.0,3190.4
20,max_power_bank_offset,64,1,66.0,4429.0,3194.4
20,max_power_bank_offset,65,1,66.0,4430.0,3193.2
20,max_power_bank_offset,66,1,66.0,4430.0,3193.2
20,max_power_bank_offset,67,1,66.0,4431.0,3192.8
20,max_power_bank_offset,68,1,66.0,4431.0,3193.2
20,max_power_bank_offset,69,1,66.0,4431.0,3193.2
20,max_power_bank_offset,70,1,66.0,4430.0,3194.4
20,max_power_bank_offset,71,1,66.0,4431.0,3194.4
20,max_power_bank_offset,72,1,66.0,4430.0,3193.6
20,max_power_bank_offset,73,1,66.0,4431.0,3192.4
20,max_power_bank_offset,74,1,66.0,4431.0,3192.8
20,max_power_bank_offset,75,1,66.0,4432.0,3192.8
20,max_power_bank_offset,76,1,66.0,4431.0,3197.6
20,max_power_bank_offset,77,1,66.0,4431.0,3198.0
20,max_power_bank_offset,78,1,66.0,4430.0,3198.4
20,max_power_bank_offset,79,1,66.0,4430.0,3199.2
20,max_power_bank_offset,80,1,66.0,4420.0,3236.0
20,max_power_bank_offset,81,1,66.0,4425.0,3216.4
20,max_power_bank_offset,82,1,66.0,4424.0,3206.8
20,max_power_bank_offset,83,1,66.0,4415.0,3205.2
20,max_power_bank_offset,84,1,66.0,4420.0,3209.6
20,max_power_bank_offset,85,1,66.0,4425.0,3207.6
20,max_power_bank_offset,86,1,66.0,4426.0,3203.6
20,max_power_bank_offset,87,1,66.0,4425.0,3204.4
20,max_power_bank_offset,88,1,66.0,4428.0,3204.0
20,max_power_bank_offset,89,1,66.0,4426.0,3204.0
20,max_power_bank_offset,90,1,66.0,4425.0,3206.4
20,max_power_bank_offset,0,2,60.0,1000.0,3117.6
20,max_power_bank_offset,1,2,65.0,3920.0,2768.8
20,max_power_bank_offset,2,2,65.0,4057.0,2970.0
20,max_power_bank_offset,3,2,66.0,4124.0,3050.0
20,max_power_bank_offset,4,2,65.0,4174.0,3071.2
20,max_power_bank_offset,5,2,65.0,4193.0,3093.2
20,max_power_bank_offset,6,2,66.0,4203.0,3106.8
20,max_power_bank_offset,7,2,66.0,4204.0,3120.4
20,max_power_bank_offset,8,2,66.0,4214.0,3129.6
20,max_power_bank_offset,9,2,66.0,4215.0,3140.0
20,max_power_bank_offset,10,2,66.0,4220.0,3149.6
20,max_power_bank_offset,11,2,66.0,4217.0,3163.6
20,max_power_bank_offset,12,2,66.0,4223.0,3164.8
20,max_power_bank_offset,13,2,66.0,4227.0,3166.4
20,max_power_bank_offset,14,2,66.0,4228.0,3168.8
20,max_power_bank_offset,15,2,66.0,4230.0,3173.2
20,max_power_bank_offset,16,2,66.0,4233.0,3175.6
20,max_power_bank_offset,17,2,66.0,4236.0,3173.2
20,max_power_bank_offset,18,2,66.0,4238.0,3177.2
20,max_power_bank_offset,19,2,66.0,4241.0,3175.2
20,max_power_bank_offset,20,2,66.0,4243.0,3173.6
20,max_power_bank_offset,21,2,66.0,4241.0,3178.8
20,max_power_bank_offset,22,2,66.0,4241.0,3179.2
20,max_power_bank_offset,23,2,66.0,4240.0,3184.0
20,max_power_bank_offset,24,2,66.0,4240.0,3184.4
20,max_power_bank_offset,25,2,66.0,4238.0,3183.6
20,max_power_bank_offset,26,2,66.0,4239.0,3187.2
20,max_power_bank_offset,27,2,66.0,4238.0,3186.8
20,max_power_bank_offset,28,2,66.0,4238.0,3187.2
20,max_power_bank_offset,29,2,66.0,4239.0,3187.2
20,max_power_bank_offset,30,2,66.0,4240.0,3186.8
20,max_power_bank_offset,31,2,66.0,4240.0,3192.0
20,max_power_bank_offset,32,2,66.0,4241.0,3191.2
20,max_power_bank_offset,33,2,66.0,4241.0,3190.0
20,max_power_bank_offset,34,2,66.0,4242.0,3190.0
20,max_power_bank_offset,35,2,66.0,4242.0,3189.6
20,max_power_bank_offset,36,2,66.0,4243.0,3188.8
20,max_power_bank_offset,37,2,66.0,4244.0,3194.0
20,max_power_bank_offset,38,2,66.0,4243.0,3194.8
20,max_power_bank_offset,39,2,66.0,4243.0,3194.8
20,max_power_bank_offset,40,2,66.0,4259.0,3209.2
20,max_power_bank_offset,41,2,66.0,4278.0,3200.4
20,max_power_bank_offset,42,2,66.0,4265.0,3205.6
20,max_power_bank_offset,43,2,66.0,4279.0,3195.6
20,max_power_bank_offset,44,2,66.0,4269.0,3201.6
20,max_power_bank_offset,45,2,66.0,4267.0,3201.6
20,max_power_bank_offset,46,2,66.0,4263.0,3200.0
20,max_power_bank_offset,47,2,66.0,4262.0,3199.6
20,max_power_bank_offset,48,2,66.0,4256.0,3204.4
20,max_power_bank_offset,49,2,66.0,4254.0,3206.0
20,max_power_bank_offset,50,2,66.0,4255.0,3203.6
20,max_power_bank_offset,51,2,66.0,4254.0,3204.8
20,max_power_bank_offset,52,2,66.0,4256.0,3204.0
20,max_power_bank_offset,53,2,66.0,4255.0,3206.0
20,max_power_bank_offset,54,2,66.0,4254.0,3207.2
20,max_power_bank_offset,55,2,66.0,4253.0,3208.0
20,max_power_bank_offset,56,2,66.0,4253.0,3208.8
20,max_power_bank_offset,57,2,66.0,4250.0,3210.4
20,max_power_bank_offset,58,2,66.0,4248.0,3210.8
20,max_power_bank_offset,59,2,66.0,4249.0,3210.0
20,max_power_bank_offset,60,2,66.0,4246.0,3211.2
20,max_power_bank_offset,61,2,66.0,4247.0,3211.2
20,max_power_bank_offset,62,2,66.0,4248.0,3209.2
20,max_power_bank_offset,63,2,66.0,4250.0,3208.4
20,max_power_bank_offset,64,2,66.0,4249.0,3209.6
20,max_power_bank_offset,65,2,66.0,4250.0,3208.4
20,max_power_bank_offset,66,2,66.0,4249.0,3209.2
20,max_power_bank_offset,67,2,66.0,4249.0,3208.8
20,max_power_bank_offset,68,2,66.0,4250.0,3207.6
20,max_power_bank_offset,69,2,66.0,4250.0,3208.0
20,max_power_bank_offset,70,2,66.0,4250.0,3206.8
20,max_power_bank_offset,71,2,66.0,4250.0,3206.4
20,max_power_bank_offset,72,2,66.0,4251.0,3206.4
20,max_power_bank_offset,73,2,66.0,4253.0,3205.2
20,max_power_bank_offset,74,2,66.0,4254.0,3204.0
20,max_power_bank_offset,75,2,66.0,4254.0,3204.4
20,max_power_bank_offset,76,2,66.0,4255.0,3203.6
20,max_power_bank_offset,77,2,66.0,4255.0,3204.0
20,max_power_bank_offset,78,2,66.0,4256.0,3203.6
20,max_power_bank_offset,79,2,66.0,4256.0,3203.2
20,max_power_bank_offset,80,2,66.0,4230.0,3208.0
20,max_power_bank_offset,81,2,66.0,4242.0,3201.2
20,max_power_bank_offset,82,2,66.0,4248.0,3196.0
20,max_power_bank_offset,83,2,66.0,4253.0,3201.6
20,max_power_bank_offset,84,2,66.0,4253.0,3202.0
20,max_power_bank_offset,85,2,66.0,4252.0,3203.2
20,max_power_bank_offset,86,2,66.0,4255.0,3203.6
20,max_power_bank_offset,87,2,66.0,4252.0,3205.2
20,max_power_bank_offset,88,2,66.0,4251.0,3202.8
20,max_power_bank_offset,89,2,66.0,4248.0,3201.6
20,max_power_bank_offset,90,2,66.0,4247.0,3202.0
20,max_power_bank_offset,0,3,60.0,975.0,3141.6
20,max_power_bank_offset,1,3,65.0,3920.0,2813.6
20,max_power_bank_offset,2,3,66.0,4065.0,3016.4
20,max_power_bank_offset,3,3,66.0,4096.0,3084.4
20,max_power_bank_offset,4,3,66.0,4133.0,3115.2
20,max_power_bank_offset,5,3,66.0,4157.0,3130.8
20,max_power_bank_offset,6,3,66.0,4179.0,3138.8
20,max_power_bank_offset,7,3,66.0,4186.0,3150.0
20,max_power_bank_offset,8,3,66.0,4193.0,3161.6
20,max_power_bank_offset,9,3,66.0,4195.0,3165.6
20,max_power_bank_offset,10,3,66.0,4199.0,3171.2
20,max_power_bank_offset,11,3,66.0,4202.0,3172.8
20,max_power_bank_offset,12,3,66.0,4205.0,3174.0
20,max_power_bank_offset,13,3,66.0,4207.0,3176.8
20,max_power_bank_offset,14,3,66.0,4208.0,3177.2
20,max_power_bank_offset,15,3,66.0,4211.0,3178.8
20,max_power_bank_offset,16,3,66.0,4212.0,3184.8
20,max_power_bank_offset,17,3,66.0,4216.0,3182.8
20,max_power_bank_offset,18,3,66.0,4218.0,3182.0
20,max_power_bank_offset,19,3,66.0,4217.0,3188.0
20,max_power_bank_offset,20,3,66.0,4218.0,3187.6
20,max_power_bank_offset,21,3,66.0,4219.0,3186.8
20,max_power_bank_offset,22,3,66.0,4220.0,3190.4
20,max_power_bank_offset,23,3,66.0,4220.0,3190.4
20,max_power_bank_offset,24,3,66.0,4221.0,3190.4
20,max_power_bank_offset,25,3,66.0,4221.0,3190.0
20,max_power_bank_offset,26,3,66.0,4222.0,3194.0
20,max_power_bank_offset,27,3,66.0,4222.0,3193.2
20,max_power_bank_offset,28,3,66.0,4222.0,3193.2
20,max_power_bank_offset,29,3,66.0,4222.0,3192.8
20,max_power_bank_offset,30,3,66.0,4221.0,3192.4
20,max_power_bank_offset,31,3,66.0,4222.0,3190.8
20,max_power_bank_offset,32,3,66.0,4222.0,3196.0
20,max_power_bank_offset,33,3,66.0,4222.0,3196.0
20,max_power_bank_offset,34,3,66.0,4223.0,3195.6
20,max_power_bank_offset,35,3,66.0,4222.0,3196.0
20,max_power_bank_offset,36,3,66.0,4223.0,3196.0
20,max_power_bank_offset,37,3,66.0,4224.0,3195.6
20,max_power_bank_offset,38,3,66.0,4225.0,3194.8
20,max_power_bank_offset,39,3,66.0,4224.0,3195.2
20,max_power_bank_offset,40,3,66.0,4220.0,3195.6
20,max_power_bank_offset,41,3,66.0,4209.0,3214.8
20,max_power_bank_offset,42,3,66.0,4213.0,3213.6
20,max_power_bank_offset,43,3,66.0,4215.0,3216.0
20,max_power_bank_offset,44,3,66.0,4214.0,3215.6
20,max_power_bank_offset,45,3,66.0,4220.0,3213.2
20,max_power_bank_offset,46,3,66.0,4220.0,3214.0
20,max_power_bank_offset,47,3,66.0,4220.0,3212.0
20,max_power_bank_offset,48,3,66.0,4226.0,3210.8
20,max_power_bank_offset,49,3,66.0,4225.0,3211.2
20,max_power_bank_offset,50,3,66.0,4225.0,3208.8
20,max_power_bank_offset,51,3,66.0,4224.0,3212.0
20,max_power_bank_offset,52,3,66.0,4222.0,3212.8
20,max_power_bank_offset,53,3,66.0,4224.0,3212.4
20,max_power_bank_offset,54,3,66.0,4224.0,3212.4
20,max_power_bank_offset,55,3,66.0,4225.0,3212.0
20,max_power_bank_offset,56,3,66.0,4228.0,3210.4
20,max_power_bank_offset,57,3,66.0,4230.0,3208.4
20,max_power_bank_offset,58,3,66.0,4229.0,3208.4
20,max_power_bank_offset,59,3,66.0,4228.0,3209.6
20,max_power_bank_offset,60,3,66.0,4228.0,3209.2
20,max_power_bank_offset,61,3,66.0,4228.0,3208.4
20,max_power_bank_offset,62,3,66.0,4229.0,3207.2
20,max_power_bank_offset,63,3,66.0,4228.0,3206.4
20,max_power_bank_offset,64,3,66.0,4229.0,3205.2
20,max_power_bank_offset,65,3,66.0,4229.0,3205.6
20,max_power_bank_offset,66,3,66.0,4229.0,3205.6
20,max_power_bank_offset,67,3,66.0,4230.0,3204.8
20,max_power_bank_offset,68,3,66.0,4230.0,3204.0
20,max_power_bank_offset,69,3,66.0,4231.0,3203.2
20,max_power_bank_offset,70,3,66.0,4231.0,3204.4
20,max_power_bank_offset,71,3,66.0,4231.0,3204.0
20,max_power_bank_offset,72,3,66.0,4231.0,3204.0
20,max_power_bank_offset,73,3,66.0,4232.0,3204.4
20,max_power_bank_offset,74,3,66.0,4233.0,3203.6
20,max_power_bank_offset,75,3,66.0,4234.0,3202.8
20,max_power_bank_offset,76,3,66.0,4234.0,3202.8
20,max_power_bank_offset,77,3,66.0,4233.0,3203.2
20,max_power_bank_offset,78,3,66.0,4232.0,3203.6
20,max_power_bank_offset,79,3,66.0,4232.0,3204.0
20,max_power_bank_offset,80,3,66.0,4210.0,3205.6
20,max_power_bank_offset,81,3,66.0,4205.0,3210.0
20,max_power_bank_offset,82,3,66.0,4216.0,3206.4
20,max_power_bank_offset,83,3,66.0,4217.0,3204.4
20,max_power_bank_offset,84,3,66.0,4232.0,3197.2
20,max_power_bank_offset,85,3,66.0,4233.0,3195.2
20,max_power_bank_offset,86,3,66.0,4231.0,3197.6
20,max_power_bank_offset,87,3,66.0,4234.0,3193.6
20,max_power_bank_offset,88,3,66.0,4236.0,3193.6
20,max_power_bank_offset,89,3,66.0,4235.0,3192.0
20,max_power_bank_offset,90,3,66.0,4233.0,3194.0
21,max_power_bank_offset,0,0,61.0,1037.0,3175.6
21,max_power_bank_offset,1,0,68.0,4130.0,2740.4
21,max_power_bank_offset,2,0,69.0,4305.0,2958.4
21,max_power_bank_offset,3,0,69.0,4355.0,3026.8
21,max_power_bank_offset,4,0,69.0,4384.0,3065.6
21,max_power_bank_offset,5,0,69.0,4402.0,3087.6
21,max_power_bank_offset,6,0,69.0,4413.0,3106.4
21,max_power_bank_offset,7,0,69.0,4417.0,3114.0
21,max_power_bank_offset,8,0,69.0,4423.0,3119.2
21,max_power_bank_offset,9,0,69.0,4422.0,3128.0
21,max_power_bank_offset,10,0,69.0,4420.0,3138.0
21,max_power_bank_offset,11,0,69.0,4423.0,3140.8
21,max_power_bank_offset,12,0,69.0,4429.0,3143.6
21,max_power_bank_offset,13,0,69.0,4431.0,3146.0
21,max_power_bank_offset,14,0,69.0,4430.0,3154.4
21,max_power_bank_offset,15,0,69.0,4434.0,3153.2
21,max_power_bank_offset,16,0,69.0,4435.0,3156.8
21,max_power_bank_offset,17,0,69.0,4437.0,3154.8
21,max_power_bank_offset,18,0,69.0,4438.0,3158.8
21,max_power_bank_offset,19,0,69.0,4439.0,3157.6
21,max_power_bank_offset,20,0,69.0,4439.0,3161.6
21,max_power_bank_offset,21,0,69.0,4439.0,3162.4
21,max_power_bank_offset,22,0,69.0,4440.0,3161.6
21,max_power_bank_offset,23,0,69.0,4441.0,3160.8
21,max_power_bank_offset,24,0,69.0,4441.0,3164.0
21,max_power_bank_offset,25,0,69.0,4440.0,3164.8
21,max_power_bank_offset,26,0,69.0,4439.0,3165.6
21,max_power_bank_offset,27,0,69.0,4438.0,3166.0
21,max_power_bank_offset,28,0,69.0,4440.0,3169.6
21,max_power_bank_offset,29,0,69.0,4440.0,3169.6
21,max_power_bank_offset,30,0,69.0,4441.0,3169.6
21,max_power_bank_offset,31,0,69.0,4442.0,3169.6
21,max_power_bank_offset,32,0,69.0,4443.0,3169.2
21,max_power_bank_offset,33,0,69.0,4443.0,3169.6
21,max_power_bank_offset,34,0,69.0,4443.0,3169.6
21,max_power_bank_offset,35,0,69.0,4444.0,3173.6
21,max_power_bank_offset,36,0,69.0,4444.0,3173.6
21,max_power_bank_offset,37,0,69.0,4444.0,3172.8
21,max_power_bank_offset,38,0,69.0,4445.0,3172.4
21,max_power_bank_offset,39,0,69.0,4445.0,3172.0
21,max_power_bank_offset,40,0,69.0,4410.0,3185.6
21,max_power_bank_offset,41,0,69.0,4435.0,3202.8
21,max_power_bank_offset,42,0,69.0,4451.0,3185.2
21,max_power_bank_offset,43,0,69.0,4448.0,3192.0
21,max_power_bank_offset,44,0,69.0,4459.0,3184.0
21,max_power_bank_offset,45,0,69.0,4466.0,3176.4
21,max_power_bank_offset,46,0,69.0,4466.0,3177.2
21,max_power_bank_offset,47,0,69.0,4464.0,3176.0
21,max_power_bank_offset,48,0,69.0,4462.0,3176.8
21,max_power_bank_offset,49,0,69.0,4457.0,3181.2
21,max_power_bank_offset,50,0,69.0,4457.0,3180.4
21,max_power_bank_offset,51,0,69.0,4460.0,3178.8
21,max_power_bank_offset,52,0,69.0,4460.0,3181.6
21,max_power_bank_offset,53,0,69.0,4459.0,3181.6
21,max_power_bank_offset,54,0,69.0,4458.0,3181.2
21,max_power_bank_offset,55,0,69.0,4458.0,3180.0
21,max_power_bank_offset,56,0,69.0,4460.0,3180.4
21,max_power_bank_offset,57,0,69.0,4458.0,3183.6
21,max_power_bank_offset,58,0,69.0,4460.0,3181.2
21,max_power_bank_offset,59,0,69.0,4461.0,3179.6
21,max_power_bank_offset,60,0,69.0,4462.0,3179.2
21,max_power_bank_offset,61,0,69.0,4464.0,3176.0
21,max_power_bank_offset,62,0,69.0,4466.0,3176.0
21,max_power_bank_offset,63,0,69.0,4466.0,3176.0
21,max_power_bank_offset,64,0,69.0,4468.0,3179.2
21,max_power_bank_offset,65,0,69.0,4469.0,3178.4
21,max_power_bank_offset,66,0,69.0,4469.0,3178.4
21,max_power_bank_offset,67,0,69.0,4471.0,3178.4
21,max_power_bank_offset,68,0,69.0,4471.0,3177.6
21,max_power_bank_offset,69,0,69.0,4473.0,3175.6
21,max_power_bank_offset,70,0,69.0,4473.0,3180.4
21,max_power_bank_offset,71,0,69.0,4473.0,3180.4
21,max_power_bank_offset,72,0,69.0,4473.0,3181.6
21,max_power_bank_offset,73,0,69.0,4474.0,3181.2
21,max_power_bank_offset,74,0,69.0,4473.0,3182.0
21,max_power_bank_offset,75,0,69.0,4474.0,3181.2
21,max_power_bank_offset,76,0,69.0,4474.0,3181.2
21,max_power_bank_offset,77,0,69.0,4473.0,3182.4
21,max_power_bank_offset,78,0,69.0,4474.0,3186.4
21,max_power_bank_offset,79,0,69.0,4474.0,3186.0
21,max_power_bank_offset,80,0,69.0,4477.0,3189.2
21,max_power_bank_offset,81,0,69.0,4453.0,3196.0
21,max_power_bank_offset,82,0,69.0,4462.0,3195.2
21,max_power_bank_offset,83,0,69.0,4464.0,3195.6
21,max_power_bank_offset,84,0,70.0,4473.0,3191.2
21,max_power_bank_offset,85,0,69.0,4482.0,3188.0
21,max_power_bank_offset,86,0,69.0,4480.0,3187.2
21,max_power_bank_offset,87,0,70.0,4484.0,3186.8
21,max_power_bank_offset,88,0,69.0,4481.0,3190.0
21,max_power_bank_offset,89,0,70.0,4482.0,3192.0
21,max_power_bank_offset,90,0,69.0,4483.0,3189.6
21,max_power_bank_offset,0,1,61.0,1025.0,3132.4
21,max_power_bank_offset,1,1,69.0,4180.0,2781.2
21,max_power_bank_offset,2,1,69.0,4314.0,2980.8
21,max_power_bank_offset,3,1,69.0,4358.0,3050.0
21,max_power_bank_offset,4,1,69.0,4382.0,3086.8
21,max_power_bank_offset,5,1,69.0,4406.0,3109.6
21,max_power_bank_offset,6,1,69.0,4428.0,3120.8
21,max_power_bank_offset,7,1,69.0,4432.0,3134.4
21,max_power_bank_offset,8,1,69.0,4435.0,3142.4
21,max_power_bank_offset,9,1,69.0,4444.0,3147.2
21,max_power_bank_offset,10,1,69.0,4445.0,3155.6
21,max_power_bank_offset,11,1,70.0,4452.0,3156.4
21,max_power_bank_offset,12,1,69.0,4452.0,3158.8
21,max_power_bank_offset,13,1,69.0,4453.0,3158.0
21,max_power_bank_offset,14,1,69.0,4456.0,3159.2
21,max_power_bank_offset,15,1,69.0,4458.0,3162.4
21,max_power_bank_offset,16,1,69.0,4462.0,3159.2
21,max_power_bank_offset,17,1,69.0,4462.0,3163.6
21,max_power_bank_offset,18,1,69.0,4464.0,3161.6
21,max_power_bank_offset,19,1,70.0,4466.0,3166.8
21,max_power_bank_offset,20,1,70.0,4469.0,3166.0
21,max_power_bank_offset,21,1,70.0,4469.0,3166.0
21,max_power_bank_offset,22,1,70.0,4468.0,3171.2
21,max_power_bank_offset,23,1,69.0,4468.0,3171.2
21,max_power_bank_offset,24,1,69.0,4467.0,3171.6
21,max_power_bank_offset,25,1,70.0,4467.0,3171.6
21,max_power_bank_offset,26,1,69.0,4467.0,3172.0
21,max_power_bank_offset,27,1,69.0,4469.0,3174.8
21,max_power_bank_offset,28,1,70.0,4469.0,3174.0
21,max_power_bank_offset,29,1,69.0,4469.0,3174.0
21,max_power_bank_offset,30,1,69.0,4470.0,3174.0
21,max_power_bank_offset,31,1,70.0,4471.0,3173.6
21,max_power_bank_offset,32,1,70.0,4470.0,3174.0
21,max_power_bank_offset,33,1,70.0,4471.0,3178.0
21,max_power_bank_offset,34,1,69.0,4472.0,3177.6
21,max_power_bank_offset,35,1,70.0,4473.0,3177.2
21,max_power_bank_offset,36,1,70.0,4473.0,3177.2
21,max_power_bank_offset,37,1,69.0,4473.0,3176.8
21,max_power_bank_offset,38,1,70.0,4473.0,3176.4
21,max_power_bank_offset,39,1,69.0,4473.0,3176.4
21,max_power_bank_offset,40,1,69.0,4470.0,3183.6
21,max_power_bank_offset,41,1,69.0,4473.0,3186.0
21,max_power_bank_offset,42,1,69.0,4479.0,3190.4
21,max_power_bank_offset,43,1,69.0,4479.0,3192.8
21,max_power_bank_offset,44,1,69.0,4489.0,3184.4
21,max_power_bank_offset,45,1,70.0,4487.0,3185.6
21,max_power_bank_offset,46,1,69.0,4482.0,3187.6
21,max_power_bank_offset,47,1,70.0,4487.0,3188.4
21,max_power_bank_offset,48,1,69.0,4486.0,3191.6
21,max_power_bank_offset,49,1,70.0,4485.0,3192.4
21,max_power_bank_offset,50,1,70.0,4481.0,3192.8
21,max_power_bank_offset,51,1,70.0,4483.0,3190.8
21,max_power_bank_offset,52,1,69.0,4481.0,3191.6
21,max_power_bank_offset,53,1,70.0,4479.0,3191.2
21,max_power_bank_offset,54,1,70.0,4476.0,3193.2
21,max_power_bank_offset,55,1,70.0,4475.0,3193.6
21,max_power_bank_offset,56,1,69.0,4474.0,3193.2
21,max_power_bank_offset,57,1,69.0,4476.0,3193.2
21,max_power_bank_offset,58,1,70.0,4474.0,3194.0
21,max_power_bank_offset,59,1,70.0,4476.0,3193.2
21,max_power_bank_offset,60,1,69.0,4476.0,3193.2
21,max_power_bank_offset,61,1,69.0,4475.0,3194.0
21,max_power_bank_offset,62,1,70.0,4475.0,3194.4
21,max_power_bank_offset,63,1,70.0,4475.0,3195.2
21,max_power_bank_offset,64,1,69.0,4475.0,3194.4
21,max_power_bank_offset,65,1,70.0,4474.0,3195.2
21,max_power_bank_offset,66,1,69.0,4474.0,3196.0
21,max_power_bank_offset,67,1,70.0,4472.0,3197.2
21,max_power_bank_offset,68,1,70.0,4471.0,3196.8
21,max_power_bank_offset,69,1,70.0,4472.0,3196.4
21,max_power_bank_offset,70,1,70.0,4472.0,3195.6
21,max_power_bank_offset,71,1,69.0,4472.0,3196.0
21,max_power_bank_offset,72,1,69.0,4472.0,3195.6
21,max_power_bank_offset,73,1,70.0,4473.0,3194.8
21,max_power_bank_offset,74,1,70.0,4473.0,3196.0
21,max_power_bank_offset,75,1,70.0,4472.0,3195.2
21,max_power_bank_offset,76,1,69.0,4473.0,3194.8
21,max_power_bank_offset,77,1,70.0,4474.0,3194.8
21,max_power_bank_offset,78,1,69.0,4473.0,3194.8
21,max_power_bank_offset,79,1,69.0,4474.0,3194.0
21,max_power_bank_offset,80,1,70.0,4480.0,3178.8
21,max_power_bank_offset,81,1,70.0,4495.0,3178.0
21,max_power_bank_offset,82,1,70.0,4496.0,3177.2
21,max_power_bank_offset,83,1,70.0,4494.0,3173.6
21,max_power_bank_offset,84,1,70.0,4489.0,3178.4
21,max_power_bank_offset,85,1,70.0,4491.0,3175.6
21,max_power_bank_offset,86,1,70.0,4485.0,3177.2
21,max_power_bank_offset,87,1,70.0,4484.0,3178.4
21,max_power_bank_offset,88,1,70.0,4484.0,3177.2
21,max_power_bank_offset,89,1,70.0,4484.0,3178.0
21,max_power_bank_offset,90,1,70.0,4489.0,3176.0
21,max_power_bank_offset,0,2,61.0,1100.0,3125.6
21,max_power_bank_offset,1,2,69.0,3910.0,2796.8
21,max_power_bank_offset,2,2,69.0,4100.0,2992.4
21,max_power_bank_offset,3,2,69.0,4162.0,3060.8
21,max_power_bank_offset,4,2,69.0,4200.0,3090.4
21,max_power_bank_offset,5,2,69.0,4222.0,3108.0
21,max_power_bank_offset,6,2,69.0,4240.0,3121.6
21,max_power_bank_offset,7,2,69.0,4246.0,3131.2
21,max_power_bank_offset,8,2,69.0,4253.0,3137.2
21,max_power_bank_offset,9,2,69.0,4257.0,3142.8
21,max_power_bank_offset,10,2,69.0,4264.0,3150.0
21,max_power_bank_offset,11,2,69.0,4271.0,3150.0
21,max_power_bank_offset,12,2,70.0,4277.0,3152.0
21,max_power_bank_offset,13,2,70.0,4280.0,3154.8
21,max_power_bank_offset,14,2,70.0,4283.0,3159.6
21,max_power_bank_offset,15,2,70.0,4281.0,3161.2
21,max_power_bank_offset,16,2,70.0,4282.0,3163.6
21,max_power_bank_offset,17,2,70.0,4284.0,3162.8
21,max_power_bank_offset,18,2,69.0,4284.0,3168.4
21,max_power_bank_offset,19,2,69.0,4284.0,3168.4
21,max_power_bank_offset,20,2,70.0,4287.0,3171.2
21,max_power_bank_offset,21,2,69.0,4287.0,3171.2
21,max_power_bank_offset,22,2,69.0,4288.0,3170.4
21,max_power_bank_offset,23,2,70.0,4288.0,3174.8
21,max_power_bank_offset,24,2,69.0,4288.0,3175.2
21,max_power_bank_offset,25,2,70.0,4288.0,3174.4
21,max_power_bank_offset,26,2,70.0,4289.0,3174.0
21,max_power_bank_offset,27,2,69.0,4289.0,3174.0
21,max_power_bank_offset,28,2,70.0,4291.0,3178.8
21,max_power_bank_offset,29,2,70.0,4292.0,3177.2
21,max_power_bank_offset,30,2,69.0,4292.0,3176.4
21,max_power_bank_offset,31,2,69.0,4293.0,3176.4
21,max_power_bank_offset,32,2,70.0,4293.0,3176.0
21,max_power_bank_offset,33,2,69.0,4295.0,3176.0
21,max_power_bank_offset,34,2,70.0,4295.0,3180.8
21,max_power_bank_offset,35,2,70.0,4296.0,3180.4
21,max_power_bank_offset,36,2,69.0,4296.0,3180.4
21,max_power_bank_offset,37,2,70.0,4295.0,3181.2
21,max_power_bank_offset,38,2,70.0,4294.0,3181.2
21,max_power_bank_offset,39,2,69.0,4295.0,3181.2
21,max_power_bank_offset,40,2,69.0,4320.0,3162.8
21,max_power_bank_offset,41,2,70.0,4295.0,3184.8
21,max_power_bank_offset,42,2,69.0,4303.0,3185.6
21,max_power_bank_offset,43,2,70.0,4305.0,3187.2
21,max_power_bank_offset,44,2,70.0,4297.0,3189.6
21,max_power_bank_offset,45,2,69.0,4291.0,3192.4
21,max_power_bank_offset,46,2,70.0,4291.0,3192.4
21,max_power_bank_offset,47,2,70.0,4296.0,3192.0
21,max_power_bank_offset,48,2,70.0,4294.0,3192.8
21,max_power_bank_offset,49,2,70.0,4299.0,3191.2
21,max_power_bank_offset,50,2,69.0,4298.0,3191.6
21,max_power_bank_offset,51,2,69.0,4296.0,3192.4
21,max_power_bank_offset,52,2,70.0,4297.0,3192.4
21,max_power_bank_offset,53,2,70.0,4298.0,3191.6
21,max_power_bank_offset,54,2,70.0,4299.0,3190.4
21,max_power_bank_offset,55,2,69.0,4299.0,3191.2
21,max_power_bank_offset,56,2,70.0,4299.0,3190.8
21,max_power_bank_offset,57,2,69.0,4298.0,3191.6
21,max_power_bank_offset,58,2,70.0,4296.0,3193.6
21,max_power_bank_offset,59,2,69.0,4295.0,3194.4
21,max_power_bank_offset,60,2,69.0,4296.0,3194.4
21,max_power_bank_offset,61,2,69.0,4297.0,3195.2
21,max_power_bank_offset,62,2,70.0,4297.0,3194.4
21,max_power_bank_offset,63,2,69.0,4298.0,3193.2
21,max_power_bank_offset,64,2,70.0,4299.0,3192.8
21,max_power_bank_offset,65,2,70.0,4298.0,3192.8
21,max_power_bank_offset,66,2,69.0,4299.0,3192.4
21,max_power_bank_offset,67,2,69.0,4298.0,3193.6
21,max_power_bank_offset,68,2,70.0,4299.0,3192.8
21,max_power_bank_offset,69,2,70.0,4300.0,3192.4
21,max_power_bank_offset,70,2,69.0,4299.0,3193.2
21,max_power_bank_offset,71,2,70.0,4299.0,3192.8
21,max_power_bank_offset,72,2,70.0,4299.0,3193.2
21,max_power_bank_offset,73,2,70.0,4299.0,3193.2
21,max_power_bank_offset,74,2,70.0,4300.0,3192.8
21,max_power_bank_offset,75,2,70.0,4299.0,3193.2
21,max_power_bank_offset,76,2,69.0,4298.0,3194.0
21,max_power_bank_offset,77,2,70.0,4297.0,3194.8
21,max_power_bank_offset,78,2,69.0,4297.0,3194.8
21,max_power_bank_offset,79,2,70.0,4297.0,3194.4
21,max_power_bank_offset,80,2,70.0,4310.0,3178.0
21,max_power_bank_offset,81,2,69.0,4305.0,3168.4
21,max_power_bank_offset,82,2,70.0,4299.0,3174.4
21,max_power_bank_offset,83,2,69.0,4292.0,3178.8
21,max_power_bank_offset,84,2,69.0,4295.0,3182.0
21,max_power_bank_offset,85,2,70.0,4301.0,3178.4
21,max_power_bank_offset,86,2,70.0,4304.0,3180.4
21,max_power_bank_offset,87,2,69.0,4308.0,3178.0
21,max_power_bank_offset,88,2,70.0,4310.0,3177.6
21,max_power_bank_offset,89,2,70.0,4309.0,3180.8
21,max_power_bank_offset,90,2,70.0,4309.0,3180.0
21,max_power_bank_offset,0,3,61.0,1062.0,3130.0
21,max_power_bank_offset,1,3,69.0,3940.0,2834.8
21,max_power_bank_offset,2,3,69.0,4115.0,3010.4
21,max_power_bank_offset,3,3,69.0,4158.0,3072.0
21,max_power_bank_offset,4,3,69.0,4197.0,3096.8
21,max_power_bank_offset,5,3,69.0,4206.0,3122.8
21,max_power_bank_offset,6,3,70.0,4225.0,3132.0
21,max_power_bank_offset,7,3,70.0,4227.0,3147.2
21,max_power_bank_offset,8,3,70.0,4238.0,3152.4
21,max_power_bank_offset,9,3,70.0,4245.0,3156.0
21,max_power_bank_offset,10,3,69.0,4250.0,3156.0
21,max_power_bank_offset,11,3,70.0,4251.0,3159.6
21,max_power_bank_offset,12,3,70.0,4253.0,3163.6
21,max_power_bank_offset,13,3,69.0,4257.0,3166.4
21,max_power_bank_offset,14,3,69.0,4260.0,3168.4
21,max_power_bank_offset,15,3,69.0,4261.0,3167.6
21,max_power_bank_offset,16,3,69.0,4261.0,3171.2
21,max_power_bank_offset,17,3,70.0,4262.0,3170.8
21,max_power_bank_offset,18,3,70.0,4263.0,3174.4
21,max_power_bank_offset,19,3,69.0,4265.0,3174.4
21,max_power_bank_offset,20,3,69.0,4266.0,3173.2
21,max_power_bank_offset,21,3,69.0,4269.0,3177.2
21,max_power_bank_offset,22,3,69.0,4270.0,3177.2
21,max_power_bank_offset,23,3,70.0,4272.0,3175.6
21,max_power_bank_offset,24,3,70.0,4273.0,3175.2
21,max_power_bank_offset,25,3,70.0,4273.0,3181.2
21,max_power_bank_offset,26,3,70.0,4274.0,3180.0
21,max_power_bank_offset,27,3,70.0,4275.0,3178.8
21,max_power_bank_offset,28,3,70.0,4275.0,3178.4
21,max_power_bank_offset,29,3,70.0,4276.0,3178.0
21,max_power_bank_offset,30,3,70.0,4276.0,3178.4
21,max_power_bank_offset,31,3,69.0,4276.0,3183.2
21,max_power_bank_offset,32,3,70.0,4276.0,3182.8
21,max_power_bank_offset,33,3,70.0,4278.0,3182.0
21,max_power_bank_offset,34,3,70.0,4279.0,3182.4
21,max_power_bank_offset,35,3,70.0,4278.0,3182.4
21,max_power_bank_offset,36,3,70.0,4279.0,3182.0
21,max_power_bank_offset,37,3,70.0,4279.0,3181.6
21,max_power_bank_offset,38,3,69.0,4278.0,3181.2
21,max_power_bank_offset,39,3,69.0,4278.0,3181.6
21,max_power_bank_offset,40,3,70.0,4290.0,3200.8
21,max_power_bank_offset,41,3,70.0,4280.0,3202.0
21,max_power_bank_offset,42,3,70.0,4283.0,3203.6
21,max_power_bank_offset,43,3,70.0,4276.0,3208.0
21,max_power_bank_offset,44,3,70.0,4275.0,3209.2
21,max_power_bank_offset,45,3,70.0,4284.0,3208.0
21,max_power_bank_offset,46,3,70.0,4286.0,3205.6
21,max_power_bank_offset,47,3,70.0,4284.0,3208.8
21,max_power_bank_offset,48,3,70.0,4281.0,3210.0
21,max_power_bank_offset,49,3,69.0,4287.0,3204.4
21,max_power_bank_offset,50,3,70.0,4292.0,3200.4
21,max_power_bank_offset,51,3,70.0,4291.0,3198.0
21,max_power_bank_offset,52,3,70.0,4291.0,3196.8
21,max_power_bank_offset,53,3,70.0,4294.0,3195.6
21,max_power_bank_offset,54,3,70.0,4296.0,3196.0
21,max_power_bank_offset,55,3,70.0,4296.0,3196.4
21,max_power_bank_offset,56,3,70.0,4297.0,3196.0
21,max_power_bank_offset,57,3,70.0,4295.0,3197.2
21,max_power_bank_offset,58,3,70.0,4296.0,3197.6
21,max_power_bank_offset,59,3,70.0,4295.0,3196.8
21,max_power_bank_offset,60,3,70.0,4296.0,3195.2
21,max_power_bank_offset,61,3,70.0,4295.0,3195.6
21,max_power_bank_offset,62,3,70.0,4294.0,3195.6
21,max_power_bank_offset,63,3,70.0,4293.0,3194.4
21,max_power_bank_offset,64,3,70.0,4293.0,3193.6
21,max_power_bank_offset,65,3,70.0,4291.0,3194.0
21,max_power_bank_offset,66,3,70.0,4289.0,3195.2
21,max_power_bank_offset,67,3,70.0,4290.0,3194.8
21,max_power_bank_offset,68,3,70.0,4290.0,3195.2
21,max_power_bank_offset,69,3,70.0,4289.0,3195.2
21,max_power_bank_offset,70,3,70.0,4288.0,3194.8
21,max_power_bank_offset,71,3,70.0,4287.0,3195.2
21,max_power_bank_offset,72,3,70.0,4286.0,3196.0
21,max_power_bank_offset,73,3,69.0,4285.0,3196.4
21,max_power_bank_offset,74,3,70.0,4284.0,3196.4
21,max_power_bank_offset,75,3,70.0,4283.0,3197.6
21,max_power_bank_offset,76,3,70.0,4283.0,3196.8
21,max_power_bank_offset,77,3,69.0,4282.0,3197.6
21,max_power_bank_offset,78,3,70.0,4283.0,3196.8
21,max_power_bank_offset,79,3,70.0,4283.0,3196.8
21,max_power_bank_offset,80,3,70.0,4260.0,3204.8
21,max_power_bank_offset,81,3,70.0,4274.0,3202.0
21,max_power_bank_offset,82,3,69.0,4276.0,3195.2
21,max_power_bank_offset,83,3,70.0,4279.0,3195.2
21,max_power_bank_offset,84,3,70.0,4281.0,3194.0
21,max_power_bank_offset,85,3,70.0,4288.0,3194.0
21,max_power_bank_offset,86,3,70.0,4288.0,3194.4
21,max_power_bank_offset,87,3,70.0,4298.0,3191.2
21,max_power_bank_offset,88,3,70.0,4294.0,3196.0
21,max_power_bank_offset,89,3,69.0,4290.0,3198.0
21,max_power_bank_offset,90,3,70.0,4289.0,3198.0
22,max_power_bank_offset,0,0,61.0,937.0,3367.6
22,max_power_bank_offset,1,0,66.0,4060.0,2996.8
22,max_power_bank_offset,2,0,66.0,4225.0,3197.6
22,max_power_bank_offset,3,0,66.0,4282.0,3254.8
22,max_power_bank_offset,4,0,67.0,4310.0,3289.6
22,max_power_bank_offset,5,0,66.0,4328.0,3312.4
22,max_power_bank_offset,6,0,67.0,4344.0,3327.6
22,max_power_bank_offset,7,0,66.0,4351.0,3336.4
22,max_power_bank_offset,8,0,66.0,4358.0,3342.0
22,max_power_bank_offset,9,0,66.0,4373.0,3342.0
22,max_power_bank_offset,10,0,67.0,4377.0,3348.8
22,max_power_bank_offset,11,0,67.0,4386.0,3354.0
22,max_power_bank_offset,12,0,67.0,4388.0,3358.0
22,max_power_bank_offset,13,0,67.0,4391.0,3360.0
22,max_power_bank_offset,14,0,67.0,4390.0,3365.6
22,max_power_bank_offset,15,0,67.0,4389.0,3371.6
22,max_power_bank_offset,16,0,67.0,4387.0,3376.8
22,max_power_bank_offset,17,0,67.0,4389.0,3380.0
22,max_power_bank_offset,18,0,67.0,4391.0,3379.6
22,max_power_bank_offset,19,0,67.0,4392.0,3384.0
22,max_power_bank_offset,20,0,67.0,4393.0,3382.0
22,max_power_bank_offset,21,0,67.0,4396.0,3386.0
22,max_power_bank_offset,22,0,67.0,4397.0,3385.2
22,max_power_bank_offset,23,0,67.0,4398.0,3384.0
22,max_power_bank_offset,24,0,67.0,4400.0,3387.6
22,max_power_bank_offset,25,0,67.0,4400.0,3386.4
22,max_power_bank_offset,26,0,67.0,4401.0,3386.0
22,max_power_bank_offset,27,0,67.0,4402.0,3390.0
22,max_power_bank_offset,28,0,67.0,4401.0,3389.6
22,max_power_bank_offset,29,0,67.0,4402.0,3389.6
22,max_power_bank_offset,30,0,67.0,4403.0,3389.2
22,max_power_bank_offset,31,0,67.0,4404.0,3393.2
22,max_power_bank_offset,32,0,67.0,4406.0,3391.2
22,max_power_bank_offset,33,0,67.0,4407.0,3390.8
22,max_power_bank_offset,34,0,67.0,4407.0,3390.8
22,max_power_bank_offset,35,0,67.0,4408.0,3390.0
22,max_power_bank_offset,36,0,67.0,4408.0,3390.0
22,max_power_bank_offset,37,0,67.0,4408.0,3394.4
22,max_power_bank_offset,38,0,67.0,4408.0,3394.8
22,max_power_bank_offset,39,0,67.0,4408.0,3394.8
22,max_power_bank_offset,40,0,67.0,4380.0,3424.0
22,max_power_bank_offset,41,0,67.0,4380.0,3416.4
22,max_power_bank_offset,42,0,67.0,4393.0,3408.0
22,max_power_bank_offset,43,0,67.0,4405.0,3402.4
22,max_power_bank_offset,44,0,67.0,4398.0,3405.2
22,max_power_bank_offset,45,0,67.0,4400.0,3404.8
22,max_power_bank_offset,46,0,67.0,4405.0,3404.4
22,max_power_bank_offset,47,0,67.0,4407.0,3401.6
22,max_power_bank_offset,48,0,67.0,4411.0,3399.2
22,max_power_bank_offset,49,0,67.0,4414.0,3397.2
22,max_power_bank_offset,50,0,67.0,4415.0,3394.8
22,max_power_bank_offset,51,0,67.0,4417.0,3393.2
22,max_power_bank_offset,52,0,67.0,4418.0,3392.4
22,max_power_bank_offset,53,0,67.0,4421.0,3391.6
22,max_power_bank_offset,54,0,67.0,4421.0,3390.8
22,max_power_bank_offset,55,0,67.0,4422.0,3389.6
22,max_power_bank_offset,56,0,67.0,4423.0,3389.6
22,max_power_bank_offset,57,0,67.0,4423.0,3388.0
22,max_power_bank_offset,58,0,67.0,4424.0,3387.6
22,max_power_bank_offset,59,0,67.0,4424.0,3388.4
22,max_power_bank_offset,60,0,67.0,4423.0,3388.8
22,max_power_bank_offset,61,0,67.0,4422.0,3390.0
22,max_power_bank_offset,62,0,67.0,4421.0,3390.4
22,max_power_bank_offset,63,0,67.0,4421.0,3389.2
22,max_power_bank_offset,64,0,67.0,4419.0,3390.8
22,max_power_bank_offset,65,0,67.0,4419.0,3390.4
22,max_power_bank_offset,66,0,67.0,4419.0,3390.0
22,max_power_bank_offset,67,0,67.0,4418.0,3390.0
22,max_power_bank_offset,68,0,67.0,4419.0,3389.2
22,max_power_bank_offset,69,0,67.0,4419.0,3389.2
22,max_power_bank_offset,70,0,67.0,4417.0,3390.0
22,max_power_bank_offset,71,0,67.0,4417.0,3390.0
22,max_power_bank_offset,72,0,67.0,4416.0,3390.0
22,max_power_bank_offset,73,0,67.0,4417.0,3389.6
22,max_power_bank_offset,74,0,67.0,4418.0,3388.0
22,max_power_bank_offset,75,0,67.0,4417.0,3388.4
22,max_power_bank_offset,76,0,67.0,4418.0,3392.0
22,max_power_bank_offset,77,0,67.0,4418.0,3392.0
22,max_power_bank_offset,78,0,67.0,4418.0,3392.4
22,max_power_bank_offset,79,0,67.0,4417.0,3392.8
22,max_power_bank_offset,80,0,67.0,4450.0,3392.0
22,max_power_bank_offset,81,0,67.0,4436.0,3405.2
22,max_power_bank_offset,82,0,67.0,4431.0,3398.8
22,max_power_bank_offset,83,0,67.0,4428.0,3406.0
22,max_power_bank_offset,84,0,67.0,4428.0,3400.4
22,max_power_bank_offset,85,0,67.0,4429.0,3400.8
22,max_power_bank_offset,86,0,67.0,4424.0,3401.2
22,max_power_bank_offset,87,0,67.0,4421.0,3406.0
22,max_power_bank_offset,88,0,67.0,4420.0,3404.8
22,max_power_bank_offset,89,0,67.0,4421.0,3403.6
22,max_power_bank_offset,90,0,67.0,4418.0,3404.4
22,max_power_bank_offset,0,1,62.0,975.0,3335.2
22,max_power_bank_offset,1,1,67.0,4020.0,2930.4
22,max_power_bank_offset,2,1,67.0,4225.0,3152.0
22,max_power_bank_offset,3,1,67.0,4272.0,3230.8
22,max_power_bank_offset,4,1,67.0,4317.0,3266.0
22,max_power_bank_offset,5,1,67.0,4330.0,3289.6
22,max_power_bank_offset,6,1,67.0,4342.0,3306.4
22,max_power_bank_offset,7,1,67.0,4354.0,3319.2
22,max_power_bank_offset,8,1,68.0,4365.0,3327.2
22,max_power_bank_offset,9,1,67.0,4376.0,3330.0
22,max_power_bank_offset,10,1,67.0,4380.0,3335.6
22,max_power_bank_offset,11,1,67.0,4387.0,3341.6
22,max_power_bank_offset,12,1,67.0,4390.0,3344.8
22,max_power_bank_offset,13,1,67.0,4388.0,3348.4
22,max_power_bank_offset,14,1,67.0,4390.0,3352.0
22,max_power_bank_offset,15,1,67.0,4392.0,3354.0
22,max_power_bank_offset,16,1,67.0,4394.0,3356.0
22,max_power_bank_offset,17,1,67.0,4395.0,3360.0
22,max_power_bank_offset,18,1,67.0,4397.0,3363.6
22,max_power_bank_offset,19,1,67.0,4397.0,3364.4
22,max_power_bank_offset,20,1,67.0,4400.0,3366.8
22,max_power_bank_offset,21,1,68.0,4399.0,3367.6
22,max_power_bank_offset,22,1,67.0,4400.0,3370.8
22,max_power_bank_offset,23,1,67.0,4400.0,3370.8
22,max_power_bank_offset,24,1,67.0,4399.0,3376.0
22,max_power_bank_offset,25,1,67.0,4399.0,3376.0
22,max_power_bank_offset,26,1,67.0,4397.0,3377.6
22,max_power_bank_offset,27,1,68.0,4397.0,3382.4
22,max_power_bank_offset,28,1,67.0,4398.0,3382.0
22,max_power_bank_offset,29,1,68.0,4398.0,3381.2
22,max_power_bank_offset,30,1,68.0,4401.0,3384.0
22,max_power_bank_offset,31,1,67.0,4401.0,3383.6
22,max_power_bank_offset,32,1,67.0,4401.0,3383.2
22,max_power_bank_offset,33,1,68.0,4402.0,3381.6
22,max_power_bank_offset,34,1,68.0,4403.0,3386.0
22,max_power_bank_offset,35,1,67.0,4404.0,3385.2
22,max_power_bank_offset,36,1,67.0,4404.0,3385.2
22,max_power_bank_offset,37,1,68.0,4403.0,3385.6
22,max_power_bank_offset,38,1,67.0,4404.0,3384.4
22,max_power_bank_offset,39,1,68.0,4404.0,3384.4
22,max_power_bank_offset,40,1,68.0,4400.0,3423.2
22,max_power_bank_offset,41,1,67.0,4409.0,3412.0
22,max_power_bank_offset,42,1,68.0,4413.0,3403.6
22,max_power_bank_offset,43,1,68.0,4422.0,3401.6
22,max_power_bank_offset,44,1,68.0,4420.0,3404.0
22,max_power_bank_offset,45,1,68.0,4420.0,3404.8
22,max_power_bank_offset,46,1,67.0,4421.0,3400.0
22,max_power_bank_offset,47,1,68.0,4426.0,3397.2
22,max_power_bank_offset,48,1,68.0,4426.0,3395.6
22,max_power_bank_offset,49,1,68.0,4423.0,3398.4
22,max_power_bank_offset,50,1,68.0,4422.0,3396.8
22,max_power_bank_offset,51,1,68.0,4421.0,3398.0
22,max_power_bank_offset,52,1,68.0,4421.0,3396.8
22,max_power_bank_offset,53,1,68.0,4422.0,3394.8
22,max_power_bank_offset,54,1,68.0,4423.0,3394.4
22,max_power_bank_offset,55,1,68.0,4423.0,3394.4
22,max_power_bank_offset,56,1,68.0,4421.0,3397.6
22,max_power_bank_offset,57,1,68.0,4422.0,3397.6
22,max_power_bank_offset,58,1,68.0,4423.0,3396.4
22,max_power_bank_offset,59,1,68.0,4422.0,3396.0
22,max_power_bank_offset,60,1,67.0,4422.0,3397.6
22,max_power_bank_offset,61,1,68.0,4421.0,3397.6
22,max_power_bank_offset,62,1,68.0,4420.0,3398.8
22,max_power_bank_offset,63,1,68.0,4420.0,3398.0
22,max_power_bank_offset,64,1,68.0,4420.0,3398.0
22,max_power_bank_offset,65,1,68.0,4420.0,3398.4
22,max_power_bank_offset,66,1,68.0,4422.0,3396.4
22,max_power_bank_offset,67,1,68.0,4421.0,3396.8
22,max_power_bank_offset,68,1,68.0,4420.0,3396.8
22,max_power_bank_offset,69,1,68.0,4420.0,3397.2
22,max_power_bank_offset,70,1,68.0,4421.0,3395.6
22,max_power_bank_offset,71,1,68.0,4420.0,3395.6
22,max_power_bank_offset,72,1,68.0,4419.0,3395.6
22,max_power_bank_offset,73,1,68.0,4419.0,3396.0
22,max_power_bank_offset,74,1,68.0,4417.0,3392.8
22,max_power_bank_offset,75,1,68.0,4417.0,3392.8
22,max_power_bank_offset,76,1,68.0,4417.0,3392.4
22,max_power_bank_offset,77,1,68.0,4418.0,3391.2
22,max_power_bank_offset,78,1,68.0,4418.0,3390.8
22,max_power_bank_offset,79,1,68.0,4419.0,3390.4
22,max_power_bank_offset,80,1,68.0,4400.0,3415.6
22,max_power_bank_offset,81,1,68.0,4415.0,3399.6
22,max_power_bank_offset,82,1,68.0,4410.0,3400.4
22,max_power_bank_offset,83,1,68.0,4405.0,3395.2
22,max_power_bank_offset,84,1,68.0,4408.0,3393.6
22,max_power_bank_offset,85,1,68.0,4413.0,3391.6
22,max_power_bank_offset,86,1,68.0,4410.0,3392.8
22,max_power_bank_offset,87,1,68.0,4412.0,3390.4
22,max_power_bank_offset,88,1,68.0,4416.0,3387.2
22,max_power_bank_offset,89,1,68.0,4415.0,3383.6
22,max_power_bank_offset,90,1,68.0,4415.0,3389.6
22,max_power_bank_offset,0,2,62.0,975.0,3334.0
22,max_power_bank_offset,1,2,67.0,3890.0,2985.6
22,max_power_bank_offset,2,2,67.0,4047.0,3188.0
22,max_power_bank_offset,3,2,67.0,4100.0,3272.4
22,max_power_bank_offset,4,2,67.0,4138.0,3311.2
22,max_power_bank_offset,5,2,68.0,4161.0,3326.8
22,max_power_bank_offset,6,2,68.0,4172.0,3336.8
22,max_power_bank_offset,7,2,68.0,4182.0,3348.4
22,max_power_bank_offset,8,2,68.0,4188.0,3350.8
22,max_power_bank_offset,9,2,68.0,4197.0,3354.0
22,max_power_bank_offset,10,2,68.0,4202.0,3362.4
22,max_power_bank_offset,11,2,68.0,4205.0,3364.4
22,max_power_bank_offset,12,2,68.0,4211.0,3366.0
22,max_power_bank_offset,13,2,68.0,4211.0,3370.4
22,max_power_bank_offset,14,2,68.0,4212.0,3372.8
22,max_power_bank_offset,15,2,68.0,4213.0,3371.2
22,max_power_bank_offset,16,2,68.0,4214.0,3376.4
22,max_power_bank_offset,17,2,68.0,4214.0,3376.0
22,max_power_bank_offset,18,2,68.0,4216.0,3379.2
22,max_power_bank_offset,19,2,68.0,4220.0,3376.0
22,max_power_bank_offset,20,2,68.0,4218.0,3381.6
22,max_power_bank_offset,21,2,68.0,4219.0,3380.0
22,max_power_bank_offset,22,2,68.0,4221.0,3378.4
22,max_power_bank_offset,23,2,68.0,4224.0,3381.2
22,max_power_bank_offset,24,2,68.0,4224.0,3377.6
22,max_power_bank_offset,25,2,68.0,4225.0,3378.0
22,max_power_bank_offset,26,2,68.0,4227.0,3376.4
22,max_power_bank_offset,27,2,68.0,4227.0,3376.4
22,max_power_bank_offset,28,2,68.0,4227.0,3381.6
22,max_power_bank_offset,29,2,68.0,4227.0,3381.2
22,max_power_bank_offset,30,2,68.0,4228.0,3380.4
22,max_power_bank_offset,31,2,68.0,4228.0,3380.0
22,max_power_bank_offset,32,2,68.0,4227.0,3380.4
22,max_power_bank_offset,33,2,68.0,4226.0,3381.2
22,max_power_bank_offset,34,2,68.0,4225.0,3380.4
22,max_power_bank_offset,35,2,68.0,4225.0,3384.8
22,max_power_bank_offset,36,2,68.0,4225.0,3384.8
22,max_power_bank_offset,37,2,68.0,4225.0,3384.0
22,max_power_bank_offset,38,2,68.0,4225.0,3384.4
22,max_power_bank_offset,39,2,68.0,4225.0,3384.4
22,max_power_bank_offset,40,2,68.0,4240.0,3379.6
22,max_power_bank_offset,41,2,68.0,4234.0,3378.8
22,max_power_bank_offset,42,2,68.0,4239.0,3378.0
22,max_power_bank_offset,43,2,68.0,4230.0,3385.6
22,max_power_bank_offset,44,2,68.0,4232.0,3387.2
22,max_power_bank_offset,45,2,68.0,4237.0,3385.6
22,max_power_bank_offset,46,2,68.0,4240.0,3387.2
22,max_power_bank_offset,47,2,68.0,4237.0,3385.2
22,max_power_bank_offset,48,2,68.0,4239.0,3383.6
22,max_power_bank_offset,49,2,68.0,4238.0,3381.6
22,max_power_bank_offset,50,2,68.0,4239.0,3378.0
22,max_power_bank_offset,51,2,68.0,4238.0,3380.4
22,max_power_bank_offset,52,2,68.0,4237.0,3380.8
22,max_power_bank_offset,53,2,68.0,4236.0,3380.8
22,max_power_bank_offset,54,2,68.0,4238.0,3379.6
22,max_power_bank_offset,55,2,68.0,4235.0,3382.0
22,max_power_bank_offset,56,2,68.0,4233.0,3382.4
22,max_power_bank_offset,57,2,68.0,4234.0,3382.4
22,max_power_bank_offset,58,2,68.0,4234.0,3382.8
22,max_power_bank_offset,59,2,68.0,4234.0,3388.0
22,max_power_bank_offset,60,2,68.0,4235.0,3388.4
22,max_power_bank_offset,61,2,68.0,4236.0,3387.2
22,max_power_bank_offset,62,2,68.0,4237.0,3387.2
22,max_power_bank_offset,63,2,68.0,4237.0,3388.0
22,max_power_bank_offset,64,2,68.0,4236.0,3392.4
22,max_power_bank_offset,65,2,68.0,4235.0,3393.2
22,max_power_bank_offset,66,2,68.0,4236.0,3392.4
22,max_power_bank_offset,67,2,68.0,4236.0,3391.6
22,max_power_bank_offset,68,2,68.0,4235.0,3392.0
22,max_power_bank_offset,69,2,68.0,4235.0,3391.6
22,max_power_bank_offset,70,2,68.0,4235.0,3396.8
22,max_power_bank_offset,71,2,68.0,4236.0,3396.0
22,max_power_bank_offset,72,2,68.0,4234.0,3396.8
22,max_power_bank_offset,73,2,68.0,4234.0,3396.4
22,max_power_bank_offset,74,2,68.0,4233.0,3397.2
22,max_power_bank_offset,75,2,68.0,4232.0,3398.4
22,max_power_bank_offset,76,2,68.0,4232.0,3397.2
22,max_power_bank_offset,77,2,68.0,4232.0,3397.2
22,max_power_bank_offset,78,2,68.0,4230.0,3398.0
22,max_power_bank_offset,79,2,68.0,4229.0,3398.8
22,max_power_bank_offset,80,2,68.0,4200.0,3433.6
22,max_power_bank_offset,81,2,68.0,4210.0,3430.8
22,max_power_bank_offset,82,2,68.0,4227.0,3418.8
22,max_power_bank_offset,83,2,68.0,4228.0,3417.2
22,max_power_bank_offset,84,2,68.0,4222.0,3421.6
22,max_power_bank_offset,85,2,68.0,4229.0,3417.2
22,max_power_bank_offset,86,2,68.0,4232.0,3418.0
22,max_power_bank_offset,87,2,68.0,4234.0,3413.6
22,max_power_bank_offset,88,2,68.0,4231.0,3414.8
22,max_power_bank_offset,89,2,68.0,4226.0,3417.2
22,max_power_bank_offset,90,2,68.0,4228.0,3416.4
22,max_power_bank_offset,0,3,63.0,1000.0,3375.6
22,max_power_bank_offset,1,3,68.0,3900.0,3022.8
22,max_power_bank_offset,2,3,68.0,4078.0,3190.8
22,max_power_bank_offset,3,3,68.0,4134.0,3260.4
22,max_power_bank_offset,4,3,68.0,4156.0,3298.0
22,max_power_bank_offset,5,3,68.0,4167.0,3326.0
22,max_power_bank_offset,6,3,68.0,4179.0,3338.4
22,max_power_bank_offset,7,3,68.0,4180.0,3348.0
22,max_power_bank_offset,8,3,68.0,4183.0,3355.6
22,max_power_bank_offset,9,3,68.0,4185.0,3363.2
22,max_power_bank_offset,10,3,68.0,4188.0,3371.2
22,max_power_bank_offset,11,3,68.0,4189.0,3372.0
22,max_power_bank_offset,12,3,68.0,4191.0,3374.8
22,max_power_bank_offset,13,3,68.0,4196.0,3377.6
22,max_power_bank_offset,14,3,68.0,4197.0,3381.2
22,max_power_bank_offset,15,3,68.0,4200.0,3379.2
22,max_power_bank_offset,16,3,68.0,4202.0,3383.2
22,max_power_bank_offset,17,3,68.0,4202.0,3382.8
22,max_power_bank_offset,18,3,68.0,4202.0,3387.6
22,max_power_bank_offset,19,3,68.0,4203.0,3385.6
22,max_power_bank_offset,20,3,68.0,4203.0,3390.8
22,max_power_bank_offset,21,3,68.0,4204.0,3390.8
22,max_power_bank_offset,22,3,68.0,4206.0,3389.2
22,max_power_bank_offset,23,3,68.0,4207.0,3388.4
22,max_power_bank_offset,24,3,68.0,4207.0,3393.6
22,max_power_bank_offset,25,3,68.0,4208.0,3393.2
22,max_power_bank_offset,26,3,68.0,4210.0,3392.0
22,max_power_bank_offset,27,3,68.0,4210.0,3391.2
22,max_power_bank_offset,28,3,68.0,4210.0,3395.6
22,max_power_bank_offset,29,3,68.0,4210.0,3395.2
22,max_power_bank_offset,30,3,68.0,4211.0,3394.0
22,max_power_bank_offset,31,3,68.0,4211.0,3394.0
22,max_power_bank_offset,32,3,68.0,4211.0,3393.6
22,max_power_bank_offset,33,3,68.0,4211.0,3394.4
22,max_power_bank_offset,34,3,68.0,4212.0,3394.0
22,max_power_bank_offset,35,3,68.0,4212.0,3398.8
22,max_power_bank_offset,36,3,68.0,4213.0,3397.6
22,max_power_bank_offset,37,3,68.0,4214.0,3397.2
22,max_power_bank_offset,38,3,68.0,4214.0,3397.2
22,max_power_bank_offset,39,3,68.0,4213.0,3397.6
22,max_power_bank_offset,40,3,68.0,4210.0,3414.8
22,max_power_bank_offset,41,3,68.0,4224.0,3405.2
22,max_power_bank_offset,42,3,68.0,4216.0,3414.4
22,max_power_bank_offset,43,3,68.0,4217.0,3414.4
22,max_power_bank_offset,44,3,68.0,4220.0,3414.0
22,max_power_bank_offset,45,3,68.0,4225.0,3414.4
22,max_power_bank_offset,46,3,68.0,4226.0,3412.4
22,max_power_bank_offset,47,3,68.0,4226.0,3412.8
22,max_power_bank_offset,48,3,68.0,4225.0,3410.8
22,max_power_bank_offset,49,3,68.0,4223.0,3409.6
22,max_power_bank_offset,50,3,68.0,4225.0,3408.4
22,max_power_bank_offset,51,3,68.0,4226.0,3410.4
22,max_power_bank_offset,52,3,68.0,4226.0,3408.8
22,max_power_bank_offset,53,3,68.0,4228.0,3407.2
22,max_power_bank_offset,54,3,68.0,4229.0,3408.4
22,max_power_bank_offset,55,3,68.0,4228.0,3408.8
22,max_power_bank_offset,56,3,68.0,4228.0,3408.4
22,max_power_bank_offset,57,3,68.0,4225.0,3408.4
22,max_power_bank_offset,58,3,68.0,4226.0,3406.8
22,max_power_bank_offset,59,3,68.0,4226.0,3407.2
22,max_power_bank_offset,60,3,68.0,4227.0,3406.4
22,max_power_bank_offset,61,3,68.0,4227.0,3406.0
22,max_power_bank_offset,62,3,68.0,4229.0,3404.8
22,max_power_bank_offset,63,3,68.0,4229.0,3404.8
22,max_power_bank_offset,64,3,68.0,4227.0,3405.6
22,max_power_bank_offset,65,3,68.0,4227.0,3405.2
22,max_power_bank_offset,66,3,68.0,4228.0,3404.8
22,max_power_bank_offset,67,3,68.0,4228.0,3404.8
22,max_power_bank_offset,68,3,68.0,4228.0,3404.8
22,max_power_bank_offset,69,3,68.0,4227.0,3404.4
22,max_power_bank_offset,70,3,68.0,4227.0,3404.0
22,max_power_bank_offset,71,3,68.0,4228.0,3404.4
22,max_power_bank_offset,72,3,68.0,4227.0,3404.4
22,max_power_bank_offset,73,3,68.0,4228.0,3404.0
22,max_power_bank_offset,74,3,68.0,4229.0,3403.6
22,max_power_bank_offset,75,3,68.0,4230.0,3403.2
22,max_power_bank_offset,76,3,69.0,4229.0,3403.6
22,max_power_bank_offset,77,3,68.0,4230.0,3402.8
22,max_power_bank_offset,78,3,68.0,4230.0,3402.8
22,max_power_bank_offset,79,3,69.0,4229.0,3402.8
22,max_power_bank_offset,80,3,68.0,4240.0,3375.2
22,max_power_bank_offset,81,3,68.0,4231.0,3382.8
22,max_power_bank_offset,82,3,68.0,4227.0,3383.6
22,max_power_bank_offset,83,3,69.0,4223.0,3386.0
22,max_power_bank_offset,84,3,68.0,4224.0,3387.6
22,max_power_bank_offset,85,3,68.0,4229.0,3385.6
22,max_power_bank_offset,86,3,68.0,4235.0,3384.4
22,max_power_bank_offset,87,3,68.0,4235.0,3384.0
22,max_power_bank_offset,88,3,68.0,4242.0,3381.6
22,max_power_bank_offset,89,3,68.0,4241.0,3381.6
22,max_power_bank_offset,90,3,68.0,4240.0,3382.8
23,max_power_bank_offset,0,0,63.0,987.0,3350.4
23,max_power_bank_offset,1,0,69.0,4140.0,2941.6
23,max_power_bank_offset,2,0,70.0,4268.0,3156.8
23,max_power_bank_offset,3,0,70.0,4331.0,3243.2
23,max_power_bank_offset,4,0,69.0,4353.0,3288.4
23,max_power_bank_offset,5,0,70.0,4367.0,3317.2
23,max_power_bank_offset,6,0,70.0,4368.0,3340.8
23,max_power_bank_offset,7,0,70.0,4373.0,3350.0
23,max_power_bank_offset,8,0,70.0,4385.0,3354.0
23,max_power_bank_offset,9,0,70.0,4392.0,3358.0
23,max_power_bank_offset,10,0,70.0,4394.0,3361.2
23,max_power_bank_offset,11,0,70.0,4399.0,3369.6
23,max_power_bank_offset,12,0,70.0,4399.0,3372.8
23,max_power_bank_offset,13,0,70.0,4403.0,3373.6
23,max_power_bank_offset,14,0,70.0,4405.0,3372.4
23,max_power_bank_offset,15,0,70.0,4408.0,3376.0
23,max_power_bank_offset,16,0,70.0,4407.0,3381.2
23,max_power_bank_offset,17,0,70.0,4408.0,3381.2
23,max_power_bank_offset,18,0,70.0,4409.0,3384.0
23,max_power_bank_offset,19,0,70.0,4409.0,3384.4
23,max_power_bank_offset,20,0,70.0,4411.0,3383.2
23,max_power_bank_offset,21,0,70.0,4413.0,3386.8
23,max_power_bank_offset,22,0,70.0,4415.0,3385.6
23,max_power_bank_offset,23,0,70.0,4415.0,3385.2
23,max_power_bank_offset,24,0,70.0,4416.0,3387.6
23,max_power_bank_offset,25,0,70.0,4416.0,3388.0
23,max_power_bank_offset,26,0,70.0,4415.0,3388.0
23,max_power_bank_offset,27,0,70.0,4415.0,3390.0
23,max_power_bank_offset,28,0,70.0,4415.0,3388.8
23,max_power_bank_offset,29,0,70.0,4414.0,3394.0
23,max_power_bank_offset,30,0,70.0,4413.0,3394.0
23,max_power_bank_offset,31,0,70.0,4412.0,3394.0
23,max_power_bank_offset,32,0,70.0,4412.0,3394.0
23,max_power_bank_offset,33,0,70.0,4412.0,3393.6
23,max_power_bank_offset,34,0,70.0,4411.0,3394.4
23,max_power_bank_offset,35,0,70.0,4410.0,3395.6
23,max_power_bank_offset,36,0,70.0,4409.0,3400.0
23,max_power_bank_offset,37,0,70.0,4408.0,3400.4
23,max_power_bank_offset,38,0,70.0,4408.0,3400.0
23,max_power_bank_offset,39,0,70.0,4408.0,3399.6
23,max_power_bank_offset,40,0,70.0,4400.0,3423.2
23,max_power_bank_offset,41,0,70.0,4415.0,3419.2
23,max_power_bank_offset,42,0,70.0,4410.0,3418.4
23,max_power_bank_offset,43,0,70.0,4407.0,3419.6
23,max_power_bank_offset,44,0,70.0,4399.0,3424.8
23,max_power_bank_offset,45,0,70.0,4401.0,3420.0
23,max_power_bank_offset,46,0,70.0,4407.0,3410.8
23,max_power_bank_offset,47,0,70.0,4406.0,3411.6
23,max_power_bank_offset,48,0,70.0,4409.0,3413.2
23,max_power_bank_offset,49,0,70.0,4408.0,3415.2
23,max_power_bank_offset,50,0,70.0,4406.0,3416.0
23,max_power_bank_offset,51,0,70.0,4406.0,3417.2
23,max_power_bank_offset,52,0,70.0,4407.0,3419.2
23,max_power_bank_offset,53,0,70.0,4408.0,3418.8
23,max_power_bank_offset,54,0,70.0,4410.0,3417.6
23,max_power_bank_offset,55,0,70.0,4411.0,3417.2
23,max_power_bank_offset,56,0,70.0,4411.0,3417.6
23,max_power_bank_offset,57,0,70.0,4409.0,3418.8
23,max_power_bank_offset,58,0,70.0,4410.0,3418.4
23,max_power_bank_offset,59,0,70.0,4410.0,3418.4
23,max_power_bank_offset,60,0,70.0,4409.0,3423.6
23,max_power_bank_offset,61,0,70.0,4408.0,3424.4
23,max_power_bank_offset,62,0,70.0,4410.0,3422.0
23,max_power_bank_offset,63,0,70.0,4411.0,3421.2
23,max_power_bank_offset,64,0,70.0,4409.0,3422.4
23,max_power_bank_offset,65,0,70.0,4410.0,3421.2
23,max_power_bank_offset,66,0,70.0,4410.0,3426.4
23,max_power_bank_offset,67,0,70.0,4410.0,3426.4
23,max_power_bank_offset,68,0,70.0,4409.0,3426.8
23,max_power_bank_offset,69,0,70.0,4408.0,3426.4
23,max_power_bank_offset,70,0,70.0,4408.0,3426.8
23,max_power_bank_offset,71,0,70.0,4407.0,3426.8
23,max_power_bank_offset,72,0,70.0,4407.0,3426.8
23,max_power_bank_offset,73,0,70.0,4406.0,3427.2
23,max_power_bank_offset,74,0,70.0,4406.0,3426.8
23,max_power_bank_offset,75,0,70.0,4406.0,3426.0
23,max_power_bank_offset,76,0,70.0,4407.0,3425.6
23,max_power_bank_offset,77,0,70.0,4406.0,3426.0
23,max_power_bank_offset,78,0,70.0,4406.0,3425.6
23,max_power_bank_offset,79,0,70.0,4405.0,3426.4
23,max_power_bank_offset,80,0,70.0,4390.0,3439.2
23,max_power_bank_offset,81,0,70.0,4424.0,3414.4
23,max_power_bank_offset,82,0,70.0,4430.0,3413.6
23,max_power_bank_offset,83,0,70.0,4423.0,3416.4
23,max_power_bank_offset,84,0,70.0,4428.0,3413.2
23,max_power_bank_offset,85,0,70.0,4425.0,3412.8
23,max_power_bank_offset,86,0,70.0,4420.0,3418.0
23,max_power_bank_offset,87,0,70.0,4417.0,3418.0
23,max_power_bank_offset,88,0,70.0,4419.0,3417.6
23,max_power_bank_offset,89,0,70.0,4417.0,3421.2
23,max_power_bank_offset,90,0,70.0,4417.0,3421.6
23,max_power_bank_offset,0,1,64.0,900.0,3365.2
23,max_power_bank_offset,1,1,70.0,4040.0,2960.8
23,max_power_bank_offset,2,1,70.0,4225.0,3202.0
23,max_power_bank_offset,3,1,70.0,4275.0,3273.2
23,max_power_bank_offset,4,1,70.0,4315.0,3314.8
23,max_power_bank_offset,5,1,70.0,4330.0,3342.0
23,max_power_bank_offset,6,1,70.0,4342.0,3355.2
23,max_power_bank_offset,7,1,70.0,4352.0,3359.2
23,max_power_bank_offset,8,1,70.0,4364.0,3366.4
23,max_power_bank_offset,9,1,70.0,4367.0,3372.0
23,max_power_bank_offset,10,1,70.0,4369.0,3379.2
23,max_power_bank_offset,11,1,70.0,4371.0,3382.8
23,max_power_bank_offset,12,1,70.0,4376.0,3384.4
23,max_power_bank_offset,13,1,70.0,4379.0,3387.2
23,max_power_bank_offset,14,1,70.0,4382.0,3391.2
23,max_power_bank_offset,15,1,70.0,4384.0,3389.6
23,max_power_bank_offset,16,1,70.0,4386.0,3392.8
23,max_power_bank_offset,17,1,70.0,4390.0,3394.8
23,max_power_bank_offset,18,1,70.0,4392.0,3392.4
23,max_power_bank_offset,19,1,70.0,4392.0,3396.4
23,max_power_bank_offset,20,1,70.0,4393.0,3395.6
23,max_power_bank_offset,21,1,70.0,4394.0,3394.8
23,max_power_bank_offset,22,1,70.0,4395.0,3398.0
23,max_power_bank_offset,23,1,70.0,4396.0,3398.4
23,max_power_bank_offset,24,1,70.0,4397.0,3397.2
23,max_power_bank_offset,25,1,70.0,4397.0,3397.2
23,max_power_bank_offset,26,1,70.0,4398.0,3402.0
23,max_power_bank_offset,27,1,70.0,4396.0,3403.6
23,max_power_bank_offset,28,1,70.0,4397.0,3403.2
23,max_power_bank_offset,29,1,70.0,4396.0,3403.6
23,max_power_bank_offset,30,1,70.0,4397.0,3403.2
23,max_power_bank_offset,31,1,70.0,4397.0,3408.4
23,max_power_bank_offset,32,1,70.0,4397.0,3408.8
23,max_power_bank_offset,33,1,70.0,4396.0,3409.6
23,max_power_bank_offset,34,1,70.0,4397.0,3408.8
23,max_power_bank_offset,35,1,70.0,4397.0,3408.4
23,max_power_bank_offset,36,1,71.0,4397.0,3408.0
23,max_power_bank_offset,37,1,70.0,4397.0,3407.6
23,max_power_bank_offset,38,1,70.0,4398.0,3411.6
23,max_power_bank_offset,39,1,70.0,4398.0,3412.0
23,max_power_bank_offset,40,1,70.0,4409.0,3398.8
23,max_power_bank_offset,41,1,70.0,4419.0,3406.4
23,max_power_bank_offset,42,1,70.0,4399.0,3410.8
23,max_power_bank_offset,43,1,70.0,4409.0,3407.2
23,max_power_bank_offset,44,1,70.0,4416.0,3404.4
23,max_power_bank_offset,45,1,70.0,4416.0,3404.0
23,max_power_bank_offset,46,1,70.0,4420.0,3404.8
23,max_power_bank_offset,47,1,70.0,4422.0,3406.0
23,max_power_bank_offset,48,1,70.0,4422.0,3407.6
23,max_power_bank_offset,49,1,70.0,4420.0,3409.6
23,max_power_bank_offset,50,1,70.0,4418.0,3410.4
23,max_power_bank_offset,51,1,70.0,4419.0,3408.4
23,max_power_bank_offset,52,1,70.0,4416.0,3410.4
23,max_power_bank_offset,53,1,70.0,4416.0,3409.6
23,max_power_bank_offset,54,1,70.0,4414.0,3410.0
23,max_power_bank_offset,55,1,70.0,4414.0,3409.2
23,max_power_bank_offset,56,1,70.0,4415.0,3408.8
23,max_power_bank_offset,57,1,70.0,4415.0,3408.4
23,max_power_bank_offset,58,1,70.0,4415.0,3409.2
23,max_power_bank_offset,59,1,71.0,4415.0,3408.4
23,max_power_bank_offset,60,1,70.0,4414.0,3408.4
23,max_power_bank_offset,61,1,70.0,4414.0,3408.0
23,max_power_bank_offset,62,1,70.0,4411.0,3410.4
23,max_power_bank_offset,63,1,71.0,4411.0,3409.6
23,max_power_bank_offset,64,1,70.0,4411.0,3409.6
23,max_power_bank_offset,65,1,71.0,4411.0,3409.6
23,max_power_bank_offset,66,1,70.0,4410.0,3410.0
23,max_power_bank_offset,67,1,71.0,4411.0,3409.2
23,max_power_bank_offset,68,1,71.0,4410.0,3410.4
23,max_power_bank_offset,69,1,70.0,4410.0,3410.8
23,max_power_bank_offset,70,1,70.0,4410.0,3410.8
23,max_power_bank_offset,71,1,70.0,4410.0,3410.0
23,max_power_bank_offset,72,1,70.0,4410.0,3410.0
23,max_power_bank_offset,73,1,70.0,4410.0,3410.4
23,max_power_bank_offset,74,1,70.0,4409.0,3410.8
23,max_power_bank_offset,75,1,70.0,4409.0,3410.4
23,max_power_bank_offset,76,1,70.0,4409.0,3410.4
23,max_power_bank_offset,77,1,70.0,4409.0,3410.4
23,max_power_bank_offset,78,1,70.0,4410.0,3409.6
23,max_power_bank_offset,79,1,70.0,4411.0,3408.4
23,max_power_bank_offset,80,1,70.0,4450.0,3382.8
23,max_power_bank_offset,81,1,70.0,4447.0,3385.2
23,max_power_bank_offset,82,1,70.0,4434.0,3392.0
23,max_power_bank_offset,83,1,70.0,4425.0,3390.4
23,max_power_bank_offset,84,1,70.0,4422.0,3396.0
23,max_power_bank_offset,85,1,70.0,4420.0,3395.6
23,max_power_bank_offset,86,1,70.0,4422.0,3396.4
23,max_power_bank_offset,87,1,70.0,4423.0,3397.6
23,max_power_bank_offset,88,1,70.0,4420.0,3400.0
23,max_power_bank_offset,89,1,70.0,4415.0,3404.8
23,max_power_bank_offset,90,1,70.0,4414.0,3403.6
23,max_power_bank_offset,0,2,64.0,1000.0,3399.6
23,max_power_bank_offset,1,2,70.0,3870.0,2984.0
23,max_power_bank_offset,2,2,70.0,4060.0,3195.6
23,max_power_bank_offset,3,2,70.0,4096.0,3269.6
23,max_power_bank_offset,4,2,70.0,4130.0,3305.2
23,max_power_bank_offset,5,2,70.0,4144.0,3336.0
23,max_power_bank_offset,6,2,70.0,4159.0,3345.6
23,max_power_bank_offset,7,2,70.0,4167.0,3358.4
23,max_power_bank_offset,8,2,71.0,4183.0,3356.8
23,max_power_bank_offset,9,2,70.0,4187.0,3364.4
23,max_power_bank_offset,10,2,70.0,4194.0,3365.6
23,max_power_bank_offset,11,2,70.0,4198.0,3369.6
23,max_power_bank_offset,12,2,70.0,4203.0,3372.4
23,max_power_bank_offset,13,2,70.0,4203.0,3376.8
23,max_power_bank_offset,14,2,70.0,4207.0,3381.2
23,max_power_bank_offset,15,2,70.0,4207.0,3384.4
23,max_power_bank_offset,16,2,70.0,4208.0,3384.4
23,max_power_bank_offset,17,2,70.0,4209.0,3388.4
23,max_power_bank_offset,18,2,70.0,4209.0,3388.4
23,max_power_bank_offset,19,2,70.0,4210.0,3392.0
23,max_power_bank_offset,20,2,70.0,4212.0,3390.8
23,max_power_bank_offset,21,2,70.0,4213.0,3394.8
23,max_power_bank_offset,22,2,70.0,4215.0,3394.0
23,max_power_bank_offset,23,2,70.0,4215.0,3394.0
23,max_power_bank_offset,24,2,70.0,4217.0,3392.8
23,max_power_bank_offset,25,2,70.0,4218.0,3397.2
23,max_power_bank_offset,26,2,70.0,4218.0,3398.0
23,max_power_bank_offset,27,2,70.0,4217.0,3398.4
23,max_power_bank_offset,28,2,70.0,4219.0,3397.6
23,max_power_bank_offset,29,2,71.0,4220.0,3397.6
23,max_power_bank_offset,30,2,71.0,4220.0,3402.4
23,max_power_bank_offset,31,2,70.0,4222.0,3400.8
23,max_power_bank_offset,32,2,70.0,4224.0,3399.6
23,max_power_bank_offset,33,2,70.0,4225.0,3399.2
23,max_power_bank_offset,34,2,70.0,4225.0,3398.4
23,max_power_bank_offset,35,2,71.0,4225.0,3398.8
23,max_power_bank_offset,36,2,71.0,4226.0,3398.4
23,max_power_bank_offset,37,2,70.0,4226.0,3403.2
23,max_power_bank_offset,38,2,70.0,4226.0,3402.8
23,max_power_bank_offset,39,2,70.0,4227.0,3402.0
23,max_power_bank_offset,40,2,70.0,4222.0,3436.4
23,max_power_bank_offset,41,2,70.0,4221.0,3428.0
23,max_power_bank_offset,42,2,70.0,4217.0,3424.4
23,max_power_bank_offset,43,2,71.0,4223.0,3416.8
23,max_power_bank_offset,44,2,70.0,4220.0,3416.8
23,max_power_bank_offset,45,2,70.0,4222.0,3412.8
23,max_power_bank_offset,46,2,70.0,4223.0,3411.6
23,max_power_bank_offset,47,2,70.0,4229.0,3409.6
23,max_power_bank_offset,48,2,70.0,4228.0,3409.2
23,max_power_bank_offset,49,2,70.0,4224.0,3413.2
23,max_power_bank_offset,50,2,70.0,4224.0,3413.2
23,max_power_bank_offset,51,2,70.0,4227.0,3411.2
23,max_power_bank_offset,52,2,70.0,4228.0,3411.6
23,max_power_bank_offset,53,2,70.0,4230.0,3411.6
23,max_power_bank_offset,54,2,70.0,4230.0,3412.4
23,max_power_bank_offset,55,2,70.0,4233.0,3411.6
23,max_power_bank_offset,56,2,70.0,4230.0,3412.0
23,max_power_bank_offset,57,2,70.0,4231.0,3411.2
23,max_power_bank_offset,58,2,70.0,4231.0,3410.4
23,max_power_bank_offset,59,2,70.0,4231.0,3410.8
23,max_power_bank_offset,60,2,70.0,4231.0,3410.4
23,max_power_bank_offset,61,2,70.0,4229.0,3410.4
23,max_power_bank_offset,62,2,70.0,4231.0,3408.8
23,max_power_bank_offset,63,2,70.0,4230.0,3409.6
23,max_power_bank_offset,64,2,70.0,4231.0,3409.6
23,max_power_bank_offset,65,2,70.0,4230.0,3410.4
23,max_power_bank_offset,66,2,70.0,4231.0,3410.0
23,max_power_bank_offset,67,2,70.0,4230.0,3410.0
23,max_power_bank_offset,68,2,70.0,4231.0,3409.2
23,max_power_bank_offset,69,2,70.0,4231.0,3409.2
23,max_power_bank_offset,70,2,70.0,4232.0,3408.4
23,max_power_bank_offset,71,2,70.0,4231.0,3408.0
23,max_power_bank_offset,72,2,70.0,4232.0,3408.0
23,max_power_bank_offset,73,2,70.0,4232.0,3407.6
23,max_power_bank_offset,74,2,70.0,4230.0,3408.4
23,max_power_bank_offset,75,2,71.0,4231.0,3407.6
23,max_power_bank_offset,76,2,70.0,4231.0,3407.2
23,max_power_bank_offset,77,2,70.0,4230.0,3408.0
23,max_power_bank_offset,78,2,70.0,4230.0,3408.0
23,max_power_bank_offset,79,2,70.0,4231.0,3407.6
23,max_power_bank_offset,80,2,70.0,4260.0,3378.8
23,max_power_bank_offset,81,2,70.0,4250.0,3390.4
23,max_power_bank_offset,82,2,70.0,4248.0,3393.6
23,max_power_bank_offset,83,2,70.0,4248.0,3397.2
23,max_power_bank_offset,84,2,70.0,4246.0,3400.0
23,max_power_bank_offset,85,2,70.0,4256.0,3394.8
23,max_power_bank_offset,86,2,70.0,4252.0,3394.0
23,max_power_bank_offset,87,2,70.0,4252.0,3393.2
23,max_power_bank_offset,88,2,71.0,4251.0,3394.0
23,max_power_bank_offset,89,2,70.0,4253.0,3392.0
23,max_power_bank_offset,90,2,70.0,4250.0,3393.6
23,max_power_bank_offset,0,3,64.0,987.0,3362.8
23,max_power_bank_offset,1,3,70.0,3890.0,3039.2
23,max_power_bank_offset,2,3,70.0,4085.0,3220.0
23,max_power_bank_offset,3,3,70.0,4124.0,3279.2
23,max_power_bank_offset,4,3,70.0,4135.0,3316.0
23,max_power_bank_offset,5,3,70.0,4153.0,3343.2
23,max_power_bank_offset,6,3,70.0,4162.0,3356.0
23,max_power_bank_offset,7,3,70.0,4169.0,3365.2
23,max_power_bank_offset,8,3,70.0,4179.0,3368.0
23,max_power_bank_offset,9,3,70.0,4181.0,3374.4
23,max_power_bank_offset,10,3,70.0,4184.0,3376.8
23,max_power_bank_offset,11,3,70.0,4187.0,3380.8
23,max_power_bank_offset,12,3,70.0,4191.0,3383.6
23,max_power_bank_offset,13,3,71.0,4193.0,3386.4
23,max_power_bank_offset,14,3,70.0,4196.0,3388.4
23,max_power_bank_offset,15,3,70.0,4196.0,3387.6
23,max_power_bank_offset,16,3,71.0,4199.0,3390.4
23,max_power_bank_offset,17,3,70.0,4200.0,3389.6
23,max_power_bank_offset,18,3,71.0,4201.0,3393.6
23,max_power_bank_offset,19,3,70.0,4201.0,3394.0
23,max_power_bank_offset,20,3,70.0,4203.0,3393.2
23,max_power_bank_offset,21,3,70.0,4203.0,3397.6
23,max_power_bank_offset,22,3,70.0,4204.0,3396.8
23,max_power_bank_offset,23,3,70.0,4204.0,3397.6
23,max_power_bank_offset,24,3,70.0,4203.0,3398.0
23,max_power_bank_offset,25,3,70.0,4204.0,3397.6
23,max_power_bank_offset,26,3,70.0,4204.0,3402.0
23,max_power_bank_offset,27,3,71.0,4205.0,3401.2
23,max_power_bank_offset,28,3,70.0,4205.0,3400.0
23,max_power_bank_offset,29,3,71.0,4206.0,3399.6
23,max_power_bank_offset,30,3,70.0,4206.0,3400.0
23,max_power_bank_offset,31,3,70.0,4207.0,3399.6
23,max_power_bank_offset,32,3,70.0,4207.0,3404.0
23,max_power_bank_offset,33,3,70.0,4207.0,3403.6
23,max_power_bank_offset,34,3,71.0,4207.0,3402.8
23,max_power_bank_offset,35,3,70.0,4208.0,3402.8
23,max_power_bank_offset,36,3,70.0,4208.0,3403.2
23,max_power_bank_offset,37,3,70.0,4208.0,3403.2
23,max_power_bank_offset,38,3,70.0,4209.0,3402.8
23,max_power_bank_offset,39,3,70.0,4209.0,3402.8
23,max_power_bank_offset,40,3,71.0,4210.0,3396.4
23,max_power_bank_offset,41,3,70.0,4220.0,3408.4
23,max_power_bank_offset,42,3,71.0,4220.0,3412.4
23,max_power_bank_offset,43,3,70.0,4225.0,3406.8
23,max_power_bank_offset,44,3,70.0,4222.0,3408.0
23,max_power_bank_offset,45,3,71.0,4222.0,3406.8
23,max_power_bank_offset,46,3,70.0,4223.0,3405.2
23,max_power_bank_offset,47,3,71.0,4221.0,3404.8
23,max_power_bank_offset,48,3,70.0,4221.0,3404.8
23,max_power_bank_offset,49,3,71.0,4223.0,3407.6
23,max_power_bank_offset,50,3,70.0,4222.0,3408.4
23,max_power_bank_offset,51,3,70.0,4224.0,3407.2
23,max_power_bank_offset,52,3,70.0,4225.0,3406.8
23,max_power_bank_offset,53,3,70.0,4227.0,3405.2
23,max_power_bank_offset,54,3,71.0,4225.0,3406.0
23,max_power_bank_offset,55,3,70.0,4224.0,3406.4
23,max_power_bank_offset,56,3,70.0,4224.0,3408.0
23,max_power_bank_offset,57,3,70.0,4223.0,3407.2
23,max_power_bank_offset,58,3,71.0,4221.0,3408.0
23,max_power_bank_offset,59,3,70.0,4221.0,3407.2
23,max_power_bank_offset,60,3,71.0,4221.0,3407.6
23,max_power_bank_offset,61,3,71.0,4221.0,3408.4
23,max_power_bank_offset,62,3,71.0,4220.0,3407.6
23,max_power_bank_offset,63,3,71.0,4220.0,3406.8
23,max_power_bank_offset,64,3,71.0,4221.0,3406.4
23,max_power_bank_offset,65,3,70.0,4221.0,3406.4
23,max_power_bank_offset,66,3,70.0,4221.0,3406.4
23,max_power_bank_offset,67,3,70.0,4223.0,3405.6
23,max_power_bank_offset,68,3,70.0,4223.0,3406.4
23,max_power_bank_offset,69,3,71.0,4223.0,3405.6
23,max_power_bank_offset,70,3,71.0,4224.0,3404.0
23,max_power_bank_offset,71,3,71.0,4225.0,3403.6
23,max_power_bank_offset,72,3,71.0,4226.0,3402.4
23,max_power_bank_offset,73,3,71.0,4225.0,3402.4
23,max_power_bank_offset,74,3,70.0,4225.0,3402.4
23,max_power_bank_offset,75,3,71.0,4225.0,3401.6
23,max_power_bank_offset,76,3,71.0,4226.0,3401.6
23,max_power_bank_offset,77,3,71.0,4227.0,3401.2
23,max_power_bank_offset,78,3,70.0,4227.0,3401.2
23,max_power_bank_offset,79,3,71.0,4227.0,3401.2
23,max_power_bank_offset,80,3,71.0,4180.0,3422.0
23,max_power_bank_offset,81,3,71.0,4210.0,3402.0
23,max_power_bank_offset,82,3,70.0,4217.0,3396.0
23,max_power_bank_offset,83,3,71.0,4215.0,3399.2
23,max_power_bank_offset,84,3,71.0,4214.0,3399.2
23,max_power_bank_offset,85,3,70.0,4218.0,3398.4
23,max_power_bank_offset,86,3,71.0,4223.0,3398.0
23,max_power_bank_offset,87,3,71.0,4223.0,3397.6
23,max_power_bank_offset,88,3,71.0,4222.0,3399.2
23,max_power_bank_offset,89,3,71.0,4221.0,3400.8
23,max_power_bank_offset,90,3,70.0,4222.0,3403.2
24,max_power_bank_offset,0,0,57.0,1062.0,2998.0
24,max_power_bank_offset,1,0,63.0,4100.0,2669.2
24,max_power_bank_offset,2,0,63.0,4290.0,2875.2
24,max_power_bank_offset,3,0,64.0,4344.0,2948.0
24,max_power_bank_offset,4,0,64.0,4376.0,2980.0
24,max_power_bank_offset,5,0,63.0,4399.0,2997.6
24,max_power_bank_offset,6,0,63.0,4415.0,3016.0
24,max_power_bank_offset,7,0,64.0,4422.0,3025.2
24,max_power_bank_offset,8,0,63.0,4424.0,3032.8
24,max_power_bank_offset,9,0,64.0,4430.0,3038.0
24,max_power_bank_offset,10,0,63.0,4434.0,3045.6
24,max_power_bank_offset,11,0,64.0,4436.0,3050.4
24,max_power_bank_offset,12,0,64.0,4440.0,3052.0
24,max_power_bank_offset,13,0,64.0,4442.0,3055.6
24,max_power_bank_offset,14,0,64.0,4444.0,3057.6
24,max_power_bank_offset,15,0,64.0,4445.0,3058.0
24,max_power_bank_offset,16,0,64.0,4447.0,3062.4
24,max_power_bank_offset,17,0,64.0,4448.0,3062.4
24,max_power_bank_offset,18,0,64.0,4450.0,3065.6
24,max_power_bank_offset,19,0,64.0,4452.0,3064.4
24,max_power_bank_offset,20,0,64.0,4452.0,3069.2
24,max_power_bank_offset,21,0,64.0,4454.0,3067.6
24,max_power_bank_offset,22,0,64.0,4454.0,3066.8
24,max_power_bank_offset,23,0,64.0,4455.0,3072.4
24,max_power_bank_offset,24,0,64.0,4455.0,3073.2
24,max_power_bank_offset,25,0,64.0,4456.0,3072.8
24,max_power_bank_offset,26,0,64.0,4456.0,3072.4
24,max_power_bank_offset,27,0,64.0,4457.0,3071.6
24,max_power_bank_offset,28,0,64.0,4458.0,3075.6
24,max_power_bank_offset,29,0,64.0,4458.0,3075.2
24,max_power_bank_offset,30,0,64.0,4457.0,3075.6
24,max_power_bank_offset,31,0,64.0,4458.0,3074.4
24,max_power_bank_offset,32,0,64.0,4458.0,3075.2
24,max_power_bank_offset,33,0,64.0,4457.0,3075.2
24,max_power_bank_offset,34,0,64.0,4458.0,3074.4
24,max_power_bank_offset,35,0,64.0,4458.0,3078.4
24,max_power_bank_offset,36,0,64.0,4458.0,3078.0
24,max_power_bank_offset,37,0,64.0,4458.0,3077.2
24,max_power_bank_offset,38,0,64.0,4459.0,3076.0
24,max_power_bank_offset,39,0,64.0,4459.0,3076.0
24,max_power_bank_offset,40,0,64.0,4460.0,3077.6
24,max_power_bank_offset,41,0,64.0,4469.0,3083.6
24,max_power_bank_offset,42,0,64.0,4472.0,3086.0
24,max_power_bank_offset,43,0,64.0,4466.0,3090.0
24,max_power_bank_offset,44,0,64.0,4471.0,3082.4
24,max_power_bank_offset,45,0,64.0,4469.0,3086.8
24,max_power_bank_offset,46,0,64.0,4466.0,3088.4
24,max_power_bank_offset,47,0,64.0,4466.0,3089.2
24,max_power_bank_offset,48,0,64.0,4468.0,3090.0
24,max_power_bank_offset,49,0,64.0,4468.0,3091.2
24,max_power_bank_offset,50,0,64.0,4468.0,3092.0
24,max_power_bank_offset,51,0,64.0,4466.0,3093.2
24,max_power_bank_offset,52,0,64.0,4468.0,3092.0
24,max_power_bank_offset,53,0,64.0,4468.0,3090.0
24,max_power_bank_offset,54,0,64.0,4468.0,3090.0
24,max_power_bank_offset,55,0,64.0,4467.0,3089.6
24,max_power_bank_offset,56,0,64.0,4466.0,3089.6
24,max_power_bank_offset,57,0,64.0,4464.0,3091.2
24,max_power_bank_offset,58,0,64.0,4463.0,3089.6
24,max_power_bank_offset,59,0,64.0,4464.0,3089.6
24,max_power_bank_offset,60,0,64.0,4463.0,3090.0
24,max_power_bank_offset,61,0,64.0,4464.0,3093.6
24,max_power_bank_offset,62,0,64.0,4466.0,3092.0
24,max_power_bank_offset,63,0,64.0,4465.0,3094.0
24,max_power_bank_offset,64,0,64.0,4465.0,3094.8
24,max_power_bank_offset,65,0,64.0,4466.0,3098.0
24,max_power_bank_offset,66,0,64.0,4465.0,3098.4
24,max_power_bank_offset,67,0,64.0,4466.0,3097.6
24,max_power_bank_offset,68,0,64.0,4466.0,3098.0
24,max_power_bank_offset,69,0,64.0,4466.0,3097.2
24,max_power_bank_offset,70,0,64.0,4466.0,3101.2
24,max_power_bank_offset,71,0,64.0,4467.0,3099.6
24,max_power_bank_offset,72,0,64.0,4467.0,3099.2
24,max_power_bank_offset,73,0,64.0,4466.0,3100.0
24,max_power_bank_offset,74,0,64.0,4466.0,3100.0
24,max_power_bank_offset,75,0,64.0,4466.0,3099.2
24,max_power_bank_offset,76,0,64.0,4467.0,3097.6
24,max_power_bank_offset,77,0,64.0,4467.0,3096.8
24,max_power_bank_offset,78,0,64.0,4467.0,3102.0
24,max_power_bank_offset,79,0,64.0,4466.0,3102.0
24,max_power_bank_offset,80,0,64.0,4450.0,3134.4
24,max_power_bank_offset,81,0,64.0,4463.0,3118.4
24,max_power_bank_offset,82,0,64.0,4465.0,3112.4
24,max_power_bank_offset,83,0,64.0,4469.0,3110.0
24,max_power_bank_offset,84,0,64.0,4467.0,3105.6
24,max_power_bank_offset,85,0,64.0,4463.0,3109.6
24,max_power_bank_offset,86,0,64.0,4463.0,3112.0
24,max_power_bank_offset,87,0,64.0,4462.0,3110.4
24,max_power_bank_offset,88,0,64.0,4462.0,3110.8
24,max_power_bank_offset,89,0,64.0,4460.0,3110.4
24,max_power_bank_offset,90,0,64.0,4461.0,3108.4
24,max_power_bank_offset,0,1,58.0,1100.0,2991.2
24,max_power_bank_offset,1,1,64.0,4140.0,2689.2
24,max_power_bank_offset,2,1,64.0,4280.0,2903.2
24,max_power_bank_offset,3,1,64.0,4334.0,2971.2
24,max_power_bank_offset,4,1,64.0,4366.0,3005.2
24,max_power_bank_offset,5,1,64.0,4389.0,3024.4
24,max_power_bank_offset,6,1,64.0,4401.0,3040.0
24,max_power_bank_offset,7,1,64.0,4416.0,3046.4
24,max_power_bank_offset,8,1,64.0,4423.0,3052.8
24,max_power_bank_offset,9,1,64.0,4427.0,3057.6
24,max_power_bank_offset,10,1,64.0,4431.0,3057.2
24,max_power_bank_offset,11,1,64.0,4433.0,3063.6
24,max_power_bank_offset,12,1,64.0,4436.0,3068.0
24,max_power_bank_offset,13,1,64.0,4439.0,3071.2
24,max_power_bank_offset,14,1,64.0,4441.0,3070.8
24,max_power_bank_offset,15,1,64.0,4441.0,3074.8
24,max_power_bank_offset,16,1,64.0,4442.0,3079.6
24,max_power_bank_offset,17,1,64.0,4441.0,3079.2
24,max_power_bank_offset,18,1,64.0,4443.0,3081.6
24,max_power_bank_offset,19,1,64.0,4444.0,3080.8
24,max_power_bank_offset,20,1,64.0,4445.0,3079.6
24,max_power_bank_offset,21,1,64.0,4444.0,3083.2
24,max_power_bank_offset,22,1,64.0,4445.0,3083.2
24,max_power_bank_offset,23,1,64.0,4447.0,3081.6
24,max_power_bank_offset,24,1,64.0,4447.0,3086.8
24,max_power_bank_offset,25,1,65.0,4447.0,3086.0
24,max_power_bank_offset,26,1,64.0,4447.0,3086.0
24,max_power_bank_offset,27,1,64.0,4448.0,3084.4
24,max_power_bank_offset,28,1,64.0,4448.0,3082.8
24,max_power_bank_offset,29,1,64.0,4448.0,3087.6
24,max_power_bank_offset,30,1,64.0,4448.0,3087.2
24,max_power_bank_offset,31,1,64.0,4449.0,3086.4
24,max_power_bank_offset,32,1,64.0,4449.0,3086.4
24,max_power_bank_offset,33,1,64.0,4449.0,3085.6
24,max_power_bank_offset,34,1,65.0,4448.0,3086.8
24,max_power_bank_offset,35,1,65.0,4448.0,3084.8
24,max_power_bank_offset,36,1,65.0,4448.0,3090.8
24,max_power_bank_offset,37,1,65.0,4448.0,3090.8
24,max_power_bank_offset,38,1,65.0,4448.0,3090.8
24,max_power_bank_offset,39,1,65.0,4449.0,3090.0
24,max_power_bank_offset,40,1,65.0,4469.0,3084.8
24,max_power_bank_offset,41,1,65.0,4464.0,3105.6
24,max_power_bank_offset,42,1,65.0,4455.0,3108.0
24,max_power_bank_offset,43,1,64.0,4461.0,3102.4
24,max_power_bank_offset,44,1,64.0,4461.0,3102.4
24,max_power_bank_offset,45,1,65.0,4455.0,3108.4
24,max_power_bank_offset,46,1,65.0,4452.0,3109.6
24,max_power_bank_offset,47,1,65.0,4455.0,3106.8
24,max_power_bank_offset,48,1,65.0,4449.0,3109.6
24,max_power_bank_offset,49,1,65.0,4447.0,3110.8
24,max_power_bank_offset,50,1,65.0,4448.0,3110.8
24,max_power_bank_offset,51,1,65.0,4448.0,3110.4
24,max_power_bank_offset,52,1,65.0,4451.0,3109.2
24,max_power_bank_offset,53,1,65.0,4452.0,3108.0
24,max_power_bank_offset,54,1,65.0,4453.0,3106.8
24,max_power_bank_offset,55,1,65.0,4457.0,3104.0
24,max_power_bank_offset,56,1,65.0,4455.0,3104.4
24,max_power_bank_offset,57,1,65.0,4455.0,3104.4
24,max_power_bank_offset,58,1,65.0,4454.0,3104.4
24,max_power_bank_offset,59,1,65.0,4453.0,3104.8
24,max_power_bank_offset,60,1,65.0,4453.0,3105.2
24,max_power_bank_offset,61,1,65.0,4453.0,3104.4
24,max_power_bank_offset,62,1,65.0,4454.0,3103.6
24,max_power_bank_offset,63,1,65.0,4453.0,3104.0
24,max_power_bank_offset,64,1,65.0,4454.0,3103.6
24,max_power_bank_offset,65,1,65.0,4455.0,3102.8
24,max_power_bank_offset,66,1,65.0,4454.0,3102.8
24,max_power_bank_offset,67,1,65.0,4454.0,3102.8
24,max_power_bank_offset,68,1,65.0,4454.0,3102.4
24,max_power_bank_offset,69,1,65.0,4455.0,3102.4
24,max_power_bank_offset,70,1,65.0,4456.0,3101.6
24,max_power_bank_offset,71,1,65.0,4457.0,3100.4
24,max_power_bank_offset,72,1,65.0,4457.0,3100.8
24,max_power_bank_offset,73,1,65.0,4457.0,3100.4
24,max_power_bank_offset,74,1,65.0,4458.0,3100.4
24,max_power_bank_offset,75,1,65.0,4458.0,3100.0
24,max_power_bank_offset,76,1,65.0,4459.0,3099.6
24,max_power_bank_offset,77,1,65.0,4460.0,3098.8
24,max_power_bank_offset,78,1,65.0,4461.0,3098.0
24,max_power_bank_offset,79,1,65.0,4461.0,3097.6
24,max_power_bank_offset,80,1,65.0,4480.0,3076.0
24,max_power_bank_offset,81,1,65.0,4478.0,3086.0
24,max_power_bank_offset,82,1,65.0,4486.0,3083.2
24,max_power_bank_offset,83,1,65.0,4469.0,3094.4
24,max_power_bank_offset,84,1,65.0,4461.0,3097.6
24,max_power_bank_offset,85,1,65.0,4462.0,3092.0
24,max_power_bank_offset,86,1,65.0,4466.0,3088.0
24,max_power_bank_offset,87,1,65.0,4460.0,3092.8
24,max_power_bank_offset,88,1,65.0,4457.0,3094.4
24,max_power_bank_offset,89,1,65.0,4460.0,3092.0
24,max_power_bank_offset,90,1,65.0,4459.0,3092.0
24,max_power_bank_offset,0,2,58.0,1100.0,2962.4
24,max_power_bank_offset,1,2,64.0,4250.0,2535.6
24,max_power_bank_offset,2,2,64.0,4260.0,2826.0
24,max_power_bank_offset,3,2,64.0,4262.0,2920.4
24,max_power_bank_offset,4,2,65.0,4261.0,2969.6
24,max_power_bank_offset,5,2,65.0,4263.0,2997.2
24,max_power_bank_offset,6,2,65.0,4266.0,3011.2
24,max_power_bank_offset,7,2,65.0,4269.0,3022.0
24,max_power_bank_offset,8,2,65.0,4271.0,3032.4
24,max_power_bank_offset,9,2,65.0,4272.0,3037.2
24,max_power_bank_offset,10,2,65.0,4273.0,3044.4
24,max_power_bank_offset,11,2,65.0,4273.0,3048.0
24,max_power_bank_offset,12,2,65.0,4270.0,3053.6
24,max_power_bank_offset,13,2,65.0,4268.0,3057.2
24,max_power_bank_offset,14,2,65.0,4269.0,3060.0
24,max_power_bank_offset,15,2,65.0,4269.0,3058.8
24,max_power_bank_offset,16,2,65.0,4272.0,3061.6
24,max_power_bank_offset,17,2,65.0,4272.0,3066.0
24,max_power_bank_offset,18,2,65.0,4273.0,3066.0
24,max_power_bank_offset,19,2,65.0,4274.0,3066.0
24,max_power_bank_offset,20,2,65.0,4271.0,3072.8
24,max_power_bank_offset,21,2,65.0,4271.0,3072.0
24,max_power_bank_offset,22,2,65.0,4271.0,3072.0
24,max_power_bank_offset,23,2,65.0,4272.0,3076.0
24,max_power_bank_offset,24,2,65.0,4272.0,3074.4
24,max_power_bank_offset,25,2,65.0,4272.0,3074.4
24,max_power_bank_offset,26,2,65.0,4272.0,3074.4
24,max_power_bank_offset,27,2,65.0,4271.0,3074.4
24,max_power_bank_offset,28,2,65.0,4270.0,3079.6
24,max_power_bank_offset,29,2,65.0,4271.0,3078.8
24,max_power_bank_offset,30,2,65.0,4272.0,3078.0
24,max_power_bank_offset,31,2,65.0,4271.0,3078.0
24,max_power_bank_offset,32,2,65.0,4271.0,3078.0
24,max_power_bank_offset,33,2,65.0,4272.0,3076.8
24,max_power_bank_offset,34,2,65.0,4271.0,3082.0
24,max_power_bank_offset,35,2,65.0,4271.0,3081.6
24,max_power_bank_offset,36,2,65.0,4271.0,3081.2
24,max_power_bank_offset,37,2,65.0,4272.0,3080.8
24,max_power_bank_offset,38,2,65.0,4272.0,3080.4
24,max_power_bank_offset,39,2,65.0,4272.0,3080.4
24,max_power_bank_offset,40,2,65.0,4320.0,3048.4
24,max_power_bank_offset,41,2,65.0,4310.0,3062.0
24,max_power_bank_offset,42,2,65.0,4293.0,3080.0
24,max_power_bank_offset,43,2,65.0,4284.0,3085.2
24,max_power_bank_offset,44,2,65.0,4277.0,3089.6
24,max_power_bank_offset,45,2,65.0,4274.0,3092.0
24,max_power_bank_offset,46,2,65.0,4279.0,3088.8
24,max_power_bank_offset,47,2,65.0,4279.0,3089.2
24,max_power_bank_offset,48,2,65.0,4277.0,3089.2
24,max_power_bank_offset,49,2,65.0,4275.0,3091.2
24,max_power_bank_offset,50,2,65.0,4275.0,3091.6
24,max_power_bank_offset,51,2,65.0,4272.0,3090.4
24,max_power_bank_offset,52,2,65.0,4272.0,3090.0
24,max_power_bank_offset,53,2,65.0,4272.0,3089.2
24,max_power_bank_offset,54,2,65.0,4272.0,3089.2
24,max_power_bank_offset,55,2,65.0,4271.0,3089.2
24,max_power_bank_offset,56,2,65.0,4269.0,3090.8
24,max_power_bank_offset,57,2,65.0,4269.0,3091.2
24,max_power_bank_offset,58,2,65.0,4270.0,3090.4
24,max_power_bank_offset,59,2,65.0,4270.0,3090.4
24,max_power_bank_offset,60,2,65.0,4269.0,3090.8
24,max_power_bank_offset,61,2,65.0,4270.0,3090.4
24,max_power_bank_offset,62,2,65.0,4269.0,3090.8
24,max_power_bank_offset,63,2,65.0,4269.0,3090.8
24,max_power_bank_offset,64,2,65.0,4270.0,3089.6
24,max_power_bank_offset,65,2,65.0,4270.0,3090.4
24,max_power_bank_offset,66,2,65.0,4269.0,3090.8
24,max_power_bank_offset,67,2,65.0,4268.0,3090.4
24,max_power_bank_offset,68,2,65.0,4268.0,3090.4
24,max_power_bank_offset,69,2,65.0,4268.0,3090.8
24,max_power_bank_offset,70,2,65.0,4268.0,3090.8
24,max_power_bank_offset,71,2,65.0,4267.0,3091.2
24,max_power_bank_offset,72,2,65.0,4267.0,3090.4
24,max_power_bank_offset,73,2,65.0,4266.0,3091.2
24,max_power_bank_offset,74,2,65.0,4266.0,3091.2
24,max_power_bank_offset,75,2,65.0,4267.0,3091.2
24,max_power_bank_offset,76,2,65.0,4267.0,3091.2
24,max_power_bank_offset,77,2,65.0,4267.0,3090.8
24,max_power_bank_offset,78,2,65.0,4267.0,3090.4
24,max_power_bank_offset,79,2,65.0,4267.0,3091.2
24,max_power_bank_offset,80,2,65.0,4290.0,3101.2
24,max_power_bank_offset,81,2,65.0,4284.0,3090.4
24,max_power_bank_offset,82,2,65.0,4286.0,3092.8
24,max_power_bank_offset,83,2,65.0,4289.0,3094.0
24,max_power_bank_offset,84,2,65.0,4281.0,3099.6
24,max_power_bank_offset,85,2,65.0,4281.0,3100.0
24,max_power_bank_offset,86,2,65.0,4277.0,3100.4
24,max_power_bank_offset,87,2,65.0,4276.0,3102.4
24,max_power_bank_offset,88,2,65.0,4277.0,3105.6
24,max_power_bank_offset,89,2,65.0,4280.0,3104.4
24,max_power_bank_offset,90,2,65.0,4279.0,3104.8
24,max_power_bank_offset,0,3,59.0,1100.0,3023.2
24,max_power_bank_offset,1,3,65.0,3940.0,2711.2
24,max_power_bank_offset,2,3,65.0,4090.0,2918.8
24,max_power_bank_offset,3,3,65.0,4137.0,2976.0
24,max_power_bank_offset,4,3,65.0,4174.0,3000.4
24,max_power_bank_offset,5,3,65.0,4200.0,3013.6
24,max_power_bank_offset,6,3,65.0,4211.0,3028.0
24,max_power_bank_offset,7,3,65.0,4222.0,3032.0
24,max_power_bank_offset,8,3,65.0,4230.0,3040.0
24,max_power_bank_offset,9,3,65.0,4235.0,3040.8
24,max_power_bank_offset,10,3,65.0,4238.0,3047.2
24,max_power_bank_offset,11,3,65.0,4242.0,3050.0
24,max_power_bank_offset,12,3,65.0,4242.0,3055.6
24,max_power_bank_offset,13,3,65.0,4243.0,3059.6
24,max_power_bank_offset,14,3,65.0,4247.0,3056.4
24,max_power_bank_offset,15,3,65.0,4247.0,3062.0
24,max_power_bank_offset,16,3,65.0,4247.0,3066.8
24,max_power_bank_offset,17,3,65.0,4248.0,3064.4
24,max_power_bank_offset,18,3,65.0,4250.0,3063.6
24,max_power_bank_offset,19,3,65.0,4252.0,3066.8
24,max_power_bank_offset,20,3,65.0,4252.0,3066.8
24,max_power_bank_offset,21,3,65.0,4252.0,3067.2
24,max_power_bank_offset,22,3,65.0,4252.0,3070.8
24,max_power_bank_offset,23,3,65.0,4254.0,3069.6
24,max_power_bank_offset,24,3,65.0,4253.0,3070.4
24,max_power_bank_offset,25,3,65.0,4253.0,3070.8
24,max_power_bank_offset,26,3,65.0,4253.0,3075.2
24,max_power_bank_offset,27,3,65.0,4253.0,3075.2
24,max_power_bank_offset,28,3,65.0,4253.0,3074.4
24,max_power_bank_offset,29,3,65.0,4254.0,3074.4
24,max_power_bank_offset,30,3,65.0,4254.0,3074.0
24,max_power_bank_offset,31,3,65.0,4254.0,3078.0
24,max_power_bank_offset,32,3,65.0,4254.0,3078.4
24,max_power_bank_offset,33,3,65.0,4254.0,3078.0
24,max_power_bank_offset,34,3,65.0,4254.0,3078.4
24,max_power_bank_offset,35,3,65.0,4256.0,3077.2
24,max_power_bank_offset,36,3,65.0,4257.0,3076.0
24,max_power_bank_offset,37,3,65.0,4257.0,3075.6
24,max_power_bank_offset,38,3,65.0,4258.0,3074.4
24,max_power_bank_offset,39,3,65.0,4257.0,3074.4
24,max_power_bank_offset,40,3,65.0,4280.0,3083.2
24,max_power_bank_offset,41,3,65.0,4265.0,3102.8
24,max_power_bank_offset,42,3,65.0,4255.0,3114.4
24,max_power_bank_offset,43,3,65.0,4256.0,3109.2
24,max_power_bank_offset,44,3,65.0,4273.0,3100.8
24,max_power_bank_offset,45,3,65.0,4269.0,3104.4
24,max_power_bank_offset,46,3,65.0,4273.0,3101.2
24,max_power_bank_offset,47,3,65.0,4271.0,3100.4
24,max_power_bank_offset,48,3,65.0,4269.0,3101.2
24,max_power_bank_offset,49,3,65.0,4269.0,3098.4
24,max_power_bank_offset,50,3,65.0,4268.0,3098.4
24,max_power_bank_offset,51,3,65.0,4267.0,3098.8
24,max_power_bank_offset,52,3,65.0,4265.0,3100.0
24,max_power_bank_offset,53,3,65.0,4265.0,3100.0
24,max_power_bank_offset,54,3,65.0,4263.0,3105.2
24,max_power_bank_offset,55,3,65.0,4262.0,3105.6
24,max_power_bank_offset,56,3,65.0,4263.0,3105.2
24,max_power_bank_offset,57,3,65.0,4263.0,3104.4
24,max_power_bank_offset,58,3,65.0,4266.0,3102.8
24,max_power_bank_offset,59,3,65.0,4265.0,3103.6
24,max_power_bank_offset,60,3,65.0,4264.0,3108.4
24,max_power_bank_offset,61,3,65.0,4266.0,3106.8
24,max_power_bank_offset,62,3,65.0,4266.0,3105.6
24,max_power_bank_offset,63,3,65.0,4264.0,3106.8
24,max_power_bank_offset,64,3,65.0,4263.0,3107.6
24,max_power_bank_offset,65,3,65.0,4262.0,3106.4
24,max_power_bank_offset,66,3,65.0,4262.0,3106.4
24,max_power_bank_offset,67,3,65.0,4263.0,3105.6
24,max_power_bank_offset,68,3,65.0,4263.0,3105.6
24,max_power_bank_offset,69,3,65.0,4262.0,3106.4
24,max_power_bank_offset,70,3,65.0,4263.0,3110.8
24,max_power_bank_offset,71,3,65.0,4264.0,3110.4
24,max_power_bank_offset,72,3,65.0,4264.0,3111.2
24,max_power_bank_offset,73,3,65.0,4264.0,3111.2
24,max_power_bank_offset,74,3,65.0,4264.0,3111.2
24,max_power_bank_offset,75,3,65.0,4264.0,3110.8
24,max_power_bank_offset,76,3,65.0,4264.0,3110.8
24,max_power_bank_offset,77,3,65.0,4264.0,3110.0
24,max_power_bank_offset,78,3,65.0,4264.0,3110.0
24,max_power_bank_offset,79,3,65.0,4264.0,3110.4
24,max_power_bank_offset,80,3,65.0,4250.0,3103.2
24,max_power_bank_offset,81,3,65.0,4270.0,3099.2
24,max_power_bank_offset,82,3,65.0,4268.0,3104.0
24,max_power_bank_offset,83,3,65.0,4276.0,3105.6
24,max_power_bank_offset,84,3,65.0,4273.0,3104.8
24,max_power_bank_offset,85,3,65.0,4271.0,3105.6
24,max_power_bank_offset,86,3,65.0,4269.0,3107.6
24,max_power_bank_offset,87,3,65.0,4269.0,3110.8
24,max_power_bank_offset,88,3,65.0,4268.0,3113.6
24,max_power_bank_offset,89,3,65.0,4270.0,3113.2
24,max_power_bank_offset,90,3,65.0,4271.0,3112.8
25,max_power_bank_offset,0,0,60.0,1050.0,3027.6
25,max_power_bank_offset,1,0,67.0,4120.0,2672.0
25,max_power_bank_offset,2,0,67.0,4294.0,2866.8
25,max_power_bank_offset,3,0,67.0,4351.0,2935.2
25,max_power_bank_offset,4,0,68.0,4384.0,2971.2
25,max_power_bank_offset,5,0,68.0,4402.0,2993.6
25,max_power_bank_offset,6,0,68.0,4406.0,3012.0
25,max_power_bank_offset,7,0,68.0,4417.0,3025.2
25,max_power_bank_offset,8,0,68.0,4425.0,3035.6
25,max_power_bank_offset,9,0,68.0,4428.0,3044.8
25,max_power_bank_offset,10,0,67.0,4430.0,3052.8
25,max_power_bank_offset,11,0,68.0,4430.0,3056.0
25,max_power_bank_offset,12,0,68.0,4435.0,3063.6
25,max_power_bank_offset,13,0,68.0,4437.0,3065.2
25,max_power_bank_offset,14,0,68.0,4436.0,3071.2
25,max_power_bank_offset,15,0,68.0,4435.0,3077.6
25,max_power_bank_offset,16,0,68.0,4437.0,3076.0
25,max_power_bank_offset,17,0,68.0,4436.0,3080.0
25,max_power_bank_offset,18,0,68.0,4437.0,3082.8
25,max_power_bank_offset,19,0,68.0,4439.0,3080.4
25,max_power_bank_offset,20,0,67.0,4442.0,3082.8
25,max_power_bank_offset,21,0,68.0,4442.0,3082.8
25,max_power_bank_offset,22,0,68.0,4443.0,3086.0
25,max_power_bank_offset,23,0,68.0,4443.0,3086.4
25,max_power_bank_offset,24,0,68.0,4444.0,3090.4
25,max_power_bank_offset,25,0,68.0,4444.0,3090.4
25,max_power_bank_offset,26,0,68.0,4443.0,3091.2
25,max_power_bank_offset,27,0,68.0,4446.0,3089.2
25,max_power_bank_offset,28,0,68.0,4447.0,3093.2
25,max_power_bank_offset,29,0,68.0,4448.0,3092.0
25,max_power_bank_offset,30,0,68.0,4448.0,3091.2
25,max_power_bank_offset,31,0,68.0,4447.0,3092.0
25,max_power_bank_offset,32,0,68.0,4447.0,3096.8
25,max_power_bank_offset,33,0,68.0,4447.0,3096.8
25,max_power_bank_offset,34,0,68.0,4448.0,3096.0
25,max_power_bank_offset,35,0,68.0,4449.0,3095.6
25,max_power_bank_offset,36,0,68.0,4450.0,3094.4
25,max_power_bank_offset,37,0,68.0,4451.0,3098.8
25,max_power_bank_offset,38,0,68.0,4450.0,3098.8
25,max_power_bank_offset,39,0,68.0,4451.0,3098.4
25,max_power_bank_offset,40,0,68.0,4450.0,3107.6
25,max_power_bank_offset,41,0,68.0,4434.0,3128.4
25,max_power_bank_offset,42,0,68.0,4444.0,3120.8
25,max_power_bank_offset,43,0,68.0,4446.0,3117.6
25,max_power_bank_offset,44,0,68.0,4446.0,3115.6
25,max_power_bank_offset,45,0,68.0,4449.0,3117.2
25,max_power_bank_offset,46,0,68.0,4452.0,3118.4
25,max_power_bank_offset,47,0,68.0,4455.0,3118.4
25,max_power_bank_offset,48,0,68.0,4452.0,3118.8
25,max_power_bank_offset,49,0,68.0,4454.0,3118.4
25,max_power_bank_offset,50,0,68.0,4456.0,3117.6
25,max_power_bank_offset,51,0,68.0,4454.0,3116.4
25,max_power_bank_offset,52,0,68.0,4455.0,3118.0
25,max_power_bank_offset,53,0,68.0,4454.0,3118.0
25,max_power_bank_offset,54,0,68.0,4451.0,3120.0
25,max_power_bank_offset,55,0,68.0,4452.0,3117.6
25,max_power_bank_offset,56,0,68.0,4452.0,3116.8
25,max_power_bank_offset,57,0,68.0,4454.0,3115.2
25,max_power_bank_offset,58,0,68.0,4456.0,3114.0
25,max_power_bank_offset,59,0,68.0,4456.0,3114.8
25,max_power_bank_offset,60,0,68.0,4459.0,3112.8
25,max_power_bank_offset,61,0,68.0,4459.0,3112.4
25,max_power_bank_offset,62,0,68.0,4461.0,3111.6
25,max_power_bank_offset,63,0,68.0,4461.0,3111.6
25,max_power_bank_offset,64,0,68.0,4461.0,3111.6
25,max_power_bank_offset,65,0,68.0,4460.0,3111.6
25,max_power_bank_offset,66,0,68.0,4460.0,3111.6
25,max_power_bank_offset,67,0,68.0,4460.0,3111.2
25,max_power_bank_offset,68,0,68.0,4462.0,3109.2
25,max_power_bank_offset,69,0,68.0,4463.0,3108.8
25,max_power_bank_offset,70,0,68.0,4462.0,3109.2
25,max_power_bank_offset,71,0,68.0,4463.0,3108.4
25,max_power_bank_offset,72,0,68.0,4463.0,3108.4
25,max_power_bank_offset,73,0,68.0,4464.0,3107.6
25,max_power_bank_offset,74,0,68.0,4464.0,3107.6
25,max_power_bank_offset,75,0,68.0,4464.0,3107.2
25,max_power_bank_offset,76,0,68.0,4464.0,3106.8
25,max_power_bank_offset,77,0,68.0,4464.0,3106.8
25,max_power_bank_offset,78,0,68.0,4464.0,3106.4
25,max_power_bank_offset,79,0,68.0,4464.0,3106.8
25,max_power_bank_offset,80,0,68.0,4440.0,3088.4
25,max_power_bank_offset,81,0,68.0,4460.0,3088.0
25,max_power_bank_offset,82,0,68.0,4473.0,3082.4
25,max_power_bank_offset,83,0,68.0,4482.0,3081.2
25,max_power_bank_offset,84,0,68.0,4481.0,3085.6
25,max_power_bank_offset,85,0,68.0,4481.0,3088.8
25,max_power_bank_offset,86,0,68.0,4479.0,3089.2
25,max_power_bank_offset,87,0,68.0,4478.0,3087.2
25,max_power_bank_offset,88,0,68.0,4480.0,3082.8
25,max_power_bank_offset,89,0,68.0,4476.0,3086.8
25,max_power_bank_offset,90,0,68.0,4479.0,3086.4
25,max_power_bank_offset,0,1,60.0,1062.0,2997.6
25,max_power_bank_offset,1,1,68.0,4480.0,2409.2
25,max_power_bank_offset,2,1,68.0,4470.0,2746.8
25,max_power_bank_offset,3,1,68.0,4472.0,2854.8
25,max_power_bank_offset,4,1,68.0,4471.0,2918.0
25,max_power_bank_offset,5,1,68.0,4465.0,2954.8
25,max_power_bank_offset,6,1,68.0,4459.0,2981.6
25,max_power_bank_offset,7,1,68.0,4458.0,2997.6
25,max_power_bank_offset,8,1,68.0,4452.0,3015.6
25,max_power_bank_offset,9,1,68.0,4456.0,3022.8
25,max_power_bank_offset,10,1,68.0,4459.0,3031.6
25,max_power_bank_offset,11,1,68.0,4458.0,3036.8
25,max_power_bank_offset,12,1,68.0,4458.0,3043.6
25,max_power_bank_offset,13,1,68.0,4456.0,3049.6
25,max_power_bank_offset,14,1,68.0,4454.0,3054.8
25,max_power_bank_offset,15,1,68.0,4452.0,3054.8
25,max_power_bank_offset,16,1,68.0,4453.0,3058.0
25,max_power_bank_offset,17,1,68.0,4456.0,3062.4
25,max_power_bank_offset,18,1,68.0,4457.0,3061.6
25,max_power_bank_offset,19,1,68.0,4458.0,3065.6
25,max_power_bank_offset,20,1,68.0,4457.0,3066.0
25,max_power_bank_offset,21,1,68.0,4458.0,3065.2
25,max_power_bank_offset,22,1,68.0,4458.0,3068.8
25,max_power_bank_offset,23,1,68.0,4458.0,3068.0
25,max_power_bank_offset,24,1,68.0,4458.0,3067.6
25,max_power_bank_offset,25,1,68.0,4458.0,3072.4
25,max_power_bank_offset,26,1,68.0,4458.0,3072.4
25,max_power_bank_offset,27,1,68.0,4458.0,3072.0
25,max_power_bank_offset,28,1,68.0,4457.0,3072.4
25,max_power_bank_offset,29,1,68.0,4457.0,3072.0
25,max_power_bank_offset,30,1,68.0,4458.0,3071.2
25,max_power_bank_offset,31,1,68.0,4457.0,3076.8
25,max_power_bank_offset,32,1,68.0,4458.0,3076.0
25,max_power_bank_offset,33,1,68.0,4457.0,3076.8
25,max_power_bank_offset,34,1,68.0,4458.0,3076.0
25,max_power_bank_offset,35,1,68.0,4458.0,3076.0
25,max_power_bank_offset,36,1,68.0,4458.0,3076.4
25,max_power_bank_offset,37,1,68.0,4459.0,3075.6
25,max_power_bank_offset,38,1,68.0,4460.0,3079.6
25,max_power_bank_offset,39,1,68.0,4458.0,3080.4
25,max_power_bank_offset,40,1,68.0,4440.0,3121.2
25,max_power_bank_offset,41,1,68.0,4450.0,3104.0
25,max_power_bank_offset,42,1,68.0,4458.0,3107.6
25,max_power_bank_offset,43,1,68.0,4458.0,3100.8
25,max_power_bank_offset,44,1,68.0,4459.0,3103.6
25,max_power_bank_offset,45,1,68.0,4461.0,3101.2
25,max_power_bank_offset,46,1,68.0,4461.0,3101.2
25,max_power_bank_offset,47,1,68.0,4464.0,3097.2
25,max_power_bank_offset,48,1,68.0,4464.0,3096.8
25,max_power_bank_offset,49,1,68.0,4463.0,3096.4
25,max_power_bank_offset,50,1,68.0,4462.0,3097.2
25,max_power_bank_offset,51,1,68.0,4459.0,3096.4
25,max_power_bank_offset,52,1,68.0,4462.0,3096.4
25,max_power_bank_offset,53,1,68.0,4462.0,3097.6
25,max_power_bank_offset,54,1,68.0,4463.0,3097.2
25,max_power_bank_offset,55,1,68.0,4462.0,3096.4
25,max_power_bank_offset,56,1,68.0,4462.0,3096.4
25,max_power_bank_offset,57,1,68.0,4463.0,3096.0
25,max_power_bank_offset,58,1,68.0,4465.0,3094.8
25,max_power_bank_offset,59,1,68.0,4465.0,3094.4
25,max_power_bank_offset,60,1,68.0,4465.0,3094.8
25,max_power_bank_offset,61,1,68.0,4466.0,3094.0
25,max_power_bank_offset,62,1,68.0,4466.0,3093.6
25,max_power_bank_offset,63,1,68.0,4467.0,3093.2
25,max_power_bank_offset,64,1,68.0,4466.0,3094.0
25,max_power_bank_offset,65,1,68.0,4466.0,3094.4
25,max_power_bank_offset,66,1,68.0,4467.0,3093.2
25,max_power_bank_offset,67,1,68.0,4467.0,3092.8
25,max_power_bank_offset,68,1,68.0,4466.0,3093.6
25,max_power_bank_offset,69,1,68.0,4466.0,3093.2
25,max_power_bank_offset,70,1,68.0,4466.0,3092.8
25,max_power_bank_offset,71,1,68.0,4466.0,3092.4
25,max_power_bank_offset,72,1,68.0,4465.0,3092.8
25,max_power_bank_offset,73,1,68.0,4464.0,3092.4
25,max_power_bank_offset,74,1,68.0,4465.0,3091.6
25,max_power_bank_offset,75,1,68.0,4464.0,3092.4
25,max_power_bank_offset,76,1,68.0,4464.0,3092.0
25,max_power_bank_offset,77,1,68.0,4464.0,3092.0
25,max_power_bank_offset,78,1,68.0,4463.0,3092.8
25,max_power_bank_offset,79,1,68.0,4463.0,3093.6
25,max_power_bank_offset,80,1,68.0,4446.0,3086.0
25,max_power_bank_offset,81,1,68.0,4463.0,3081.2
25,max_power_bank_offset,82,1,68.0,4468.0,3081.6
25,max_power_bank_offset,83,1,68.0,4471.0,3083.2
25,max_power_bank_offset,84,1,68.0,4468.0,3083.6
25,max_power_bank_offset,85,1,68.0,4467.0,3086.0
25,max_power_bank_offset,86,1,68.0,4470.0,3083.2
25,max_power_bank_offset,87,1,68.0,4475.0,3081.6
25,max_power_bank_offset,88,1,68.0,4480.0,3080.4
25,max_power_bank_offset,89,1,68.0,4481.0,3080.8
25,max_power_bank_offset,90,1,68.0,4482.0,3079.6
25,max_power_bank_offset,0,2,60.0,1012.0,3009.2
25,max_power_bank_offset,1,2,68.0,3910.0,2693.6
25,max_power_bank_offset,2,2,68.0,4100.0,2892.0
25,max_power_bank_offset,3,2,68.0,4155.0,2957.2
25,max_power_bank_offset,4,2,68.0,4182.0,2993.2
25,max_power_bank_offset,5,2,68.0,4200.0,3018.4
25,max_power_bank_offset,6,2,68.0,4211.0,3035.6
25,max_power_bank_offset,7,2,68.0,4220.0,3043.2
25,max_power_bank_offset,8,2,68.0,4226.0,3050.0
25,max_power_bank_offset,9,2,68.0,4235.0,3054.4
25,max_power_bank_offset,10,2,68.0,4237.0,3064.0
25,max_power_bank_offset,11,2,68.0,4240.0,3066.8
25,max_power_bank_offset,12,2,68.0,4245.0,3066.8
25,max_power_bank_offset,13,2,68.0,4248.0,3070.0
25,max_power_bank_offset,14,2,68.0,4255.0,3069.6
25,max_power_bank_offset,15,2,68.0,4256.0,3070.0
25,max_power_bank_offset,16,2,68.0,4257.0,3073.6
25,max_power_bank_offset,17,2,68.0,4259.0,3072.4
25,max_power_bank_offset,18,2,68.0,4262.0,3076.4
25,max_power_bank_offset,19,2,68.0,4263.0,3076.0
25,max_power_bank_offset,20,2,68.0,4263.0,3080.8
25,max_power_bank_offset,21,2,68.0,4264.0,3080.0
25,max_power_bank_offset,22,2,68.0,4266.0,3079.2
25,max_power_bank_offset,23,2,68.0,4266.0,3083.2
25,max_power_bank_offset,24,2,68.0,4267.0,3082.0
25,max_power_bank_offset,25,2,68.0,4267.0,3082.4
25,max_power_bank_offset,26,2,68.0,4266.0,3082.8
25,max_power_bank_offset,27,2,68.0,4266.0,3082.8
25,max_power_bank_offset,28,2,68.0,4267.0,3086.8
25,max_power_bank_offset,29,2,68.0,4268.0,3086.4
25,max_power_bank_offset,30,2,68.0,4268.0,3087.2
25,max_power_bank_offset,31,2,68.0,4269.0,3086.8
25,max_power_bank_offset,32,2,68.0,4268.0,3087.2
25,max_power_bank_offset,33,2,68.0,4269.0,3086.8
25,max_power_bank_offset,34,2,68.0,4269.0,3086.8
25,max_power_bank_offset,35,2,68.0,4270.0,3090.0
25,max_power_bank_offset,36,2,68.0,4270.0,3090.0
25,max_power_bank_offset,37,2,68.0,4269.0,3090.4
25,max_power_bank_offset,38,2,68.0,4270.0,3090.4
25,max_power_bank_offset,39,2,68.0,4270.0,3090.4
25,max_power_bank_offset,40,2,68.0,4300.0,3086.0
25,max_power_bank_offset,41,2,68.0,4270.0,3098.0
25,max_power_bank_offset,42,2,68.0,4272.0,3102.0
25,max_power_bank_offset,43,2,68.0,4271.0,3104.8
25,max_power_bank_offset,44,2,68.0,4277.0,3102.4
25,max_power_bank_offset,45,2,68.0,4271.0,3110.4
25,max_power_bank_offset,46,2,68.0,4273.0,3112.0
25,max_power_bank_offset,47,2,68.0,4273.0,3110.8
25,max_power_bank_offset,48,2,68.0,4280.0,3106.4
25,max_power_bank_offset,49,2,68.0,4279.0,3105.6
25,max_power_bank_offset,50,2,68.0,4281.0,3104.0
25,max_power_bank_offset,51,2,68.0,4278.0,3106.0
25,max_power_bank_offset,52,2,68.0,4278.0,3107.2
25,max_power_bank_offset,53,2,68.0,4280.0,3104.8
25,max_power_bank_offset,54,2,68.0,4279.0,3104.4
25,max_power_bank_offset,55,2,68.0,4280.0,3101.6
25,max_power_bank_offset,56,2,68.0,4278.0,3102.4
25,max_power_bank_offset,57,2,68.0,4276.0,3102.8
25,max_power_bank_offset,58,2,68.0,4276.0,3102.4
25,max_power_bank_offset,59,2,68.0,4275.0,3104.0
25,max_power_bank_offset,60,2,68.0,4276.0,3102.8
25,max_power_bank_offset,61,2,68.0,4276.0,3102.4
25,max_power_bank_offset,62,2,68.0,4276.0,3104.4
25,max_power_bank_offset,63,2,68.0,4277.0,3103.2
25,max_power_bank_offset,64,2,68.0,4277.0,3102.4
25,max_power_bank_offset,65,2,68.0,4277.0,3102.0
25,max_power_bank_offset,66,2,68.0,4277.0,3102.0
25,max_power_bank_offset,67,2,68.0,4276.0,3102.4
25,max_power_bank_offset,68,2,68.0,4277.0,3102.4
25,max_power_bank_offset,69,2,68.0,4277.0,3101.6
25,max_power_bank_offset,70,2,68.0,4276.0,3103.2
25,max_power_bank_offset,71,2,68.0,4277.0,3102.4
25,max_power_bank_offset,72,2,68.0,4277.0,3102.4
25,max_power_bank_offset,73,2,68.0,4277.0,3102.4
25,max_power_bank_offset,74,2,68.0,4278.0,3102.4
25,max_power_bank_offset,75,2,68.0,4278.0,3102.8
25,max_power_bank_offset,76,2,68.0,4277.0,3103.6
25,max_power_bank_offset,77,2,68.0,4277.0,3103.2
25,max_power_bank_offset,78,2,68.0,4278.0,3102.4
25,max_power_bank_offset,79,2,68.0,4277.0,3102.8
25,max_power_bank_offset,80,2,68.0,4310.0,3070.4
25,max_power_bank_offset,81,2,68.0,4295.0,3094.4
25,max_power_bank_offset,82,2,68.0,4286.0,3109.2
25,max_power_bank_offset,83,2,68.0,4282.0,3109.2
25,max_power_bank_offset,84,2,68.0,4283.0,3106.0
25,max_power_bank_offset,85,2,68.0,4284.0,3102.0
25,max_power_bank_offset,86,2,68.0,4285.0,3099.2
25,max_power_bank_offset,87,2,68.0,4280.0,3099.2
25,max_power_bank_offset,88,2,68.0,4281.0,3102.0
25,max_power_bank_offset,89,2,68.0,4283.0,3099.2
25,max_power_bank_offset,90,2,68.0,4284.0,3098.0
25,max_power_bank_offset,0,3,60.0,1100.0,2981.2
25,max_power_bank_offset,1,3,68.0,3950.0,2670.0
25,max_power_bank_offset,2,3,68.0,4100.0,2880.0
25,max_power_bank_offset,3,3,68.0,4144.0,2953.6
25,max_power_bank_offset,4,3,68.0,4179.0,2998.8
25,max_power_bank_offset,5,3,68.0,4197.0,3020.0
25,max_power_bank_offset,6,3,68.0,4216.0,3025.6
25,max_power_bank_offset,7,3,68.0,4223.0,3033.2
25,max_power_bank_offset,8,3,68.0,4233.0,3041.6
25,max_power_bank_offset,9,3,68.0,4239.0,3050.0
25,max_power_bank_offset,10,3,68.0,4241.0,3059.2
25,max_power_bank_offset,11,3,68.0,4245.0,3061.6
25,max_power_bank_offset,12,3,68.0,4250.0,3062.8
25,max_power_bank_offset,13,3,68.0,4252.0,3066.0
25,max_power_bank_offset,14,3,68.0,4252.0,3069.6
25,max_power_bank_offset,15,3,68.0,4253.0,3069.2
25,max_power_bank_offset,16,3,68.0,4254.0,3072.0
25,max_power_bank_offset,17,3,68.0,4254.0,3069.2
25,max_power_bank_offset,18,3,68.0,4252.0,3076.0
25,max_power_bank_offset,19,3,68.0,4251.0,3075.2
25,max_power_bank_offset,20,3,68.0,4249.0,3081.2
25,max_power_bank_offset,21,3,68.0,4251.0,3078.8
25,max_power_bank_offset,22,3,68.0,4250.0,3079.2
25,max_power_bank_offset,23,3,68.0,4250.0,3079.6
25,max_power_bank_offset,24,3,68.0,4251.0,3084.4
25,max_power_bank_offset,25,3,68.0,4252.0,3083.2
25,max_power_bank_offset,26,3,68.0,4251.0,3083.6
25,max_power_bank_offset,27,3,68.0,4253.0,3084.0
25,max_power_bank_offset,28,3,68.0,4252.0,3088.8
25,max_power_bank_offset,29,3,68.0,4252.0,3089.2
25,max_power_bank_offset,30,3,68.0,4252.0,3088.8
25,max_power_bank_offset,31,3,68.0,4252.0,3088.4
25,max_power_bank_offset,32,3,68.0,4252.0,3088.8
25,max_power_bank_offset,33,3,68.0,4254.0,3087.6
25,max_power_bank_offset,34,3,68.0,4254.0,3087.6
25,max_power_bank_offset,35,3,68.0,4255.0,3087.6
25,max_power_bank_offset,36,3,68.0,4254.0,3092.4
25,max_power_bank_offset,37,3,68.0,4255.0,3092.4
25,max_power_bank_offset,38,3,68.0,4254.0,3092.4
25,max_power_bank_offset,39,3,68.0,4255.0,3091.6
25,max_power_bank_offset,40,3,68.0,4300.0,3092.0
25,max_power_bank_offset,41,3,68.0,4285.0,3094.8
25,max_power_bank_offset,42,3,68.0,4275.0,3097.2
25,max_power_bank_offset,43,3,68.0,4279.0,3098.0
25,max_power_bank_offset,44,3,68.0,4271.0,3099.2
25,max_power_bank_offset,45,3,68.0,4264.0,3103.2
25,max_power_bank_offset,46,3,68.0,4261.0,3104.4
25,max_power_bank_offset,47,3,68.0,4266.0,3104.4
25,max_power_bank_offset,48,3,68.0,4267.0,3104.4
25,max_power_bank_offset,49,3,68.0,4264.0,3105.2
25,max_power_bank_offset,50,3,68.0,4261.0,3106.8
25,max_power_bank_offset,51,3,68.0,4264.0,3104.4
25,max_power_bank_offset,52,3,68.0,4269.0,3101.6
25,max_power_bank_offset,53,3,68.0,4267.0,3104.0
25,max_power_bank_offset,54,3,68.0,4266.0,3103.2
25,max_power_bank_offset,55,3,68.0,4264.0,3103.6
25,max_power_bank_offset,56,3,68.0,4262.0,3105.2
25,max_power_bank_offset,57,3,68.0,4263.0,3104.4
25,max_power_bank_offset,58,3,68.0,4263.0,3104.0
25,max_power_bank_offset,59,3,68.0,4263.0,3103.6
25,max_power_bank_offset,60,3,68.0,4263.0,3104.0
25,max_power_bank_offset,61,3,68.0,4265.0,3103.2
25,max_power_bank_offset,62,3,68.0,4265.0,3104.0
25,max_power_bank_offset,63,3,68.0,4265.0,3103.6
25,max_power_bank_offset,64,3,68.0,4265.0,3102.4
25,max_power_bank_offset,65,3,68.0,4265.0,3102.0
25,max_power_bank_offset,66,3,68.0,4265.0,3102.0
25,max_power_bank_offset,67,3,68.0,4265.0,3101.6
25,max_power_bank_offset,68,3,68.0,4267.0,3100.4
25,max_power_bank_offset,69,3,68.0,4268.0,3100.4
25,max_power_bank_offset,70,3,68.0,4268.0,3100.8
25,max_power_bank_offset,71,3,68.0,4269.0,3100.4
25,max_power_bank_offset,72,3,68.0,4268.0,3100.4
25,max_power_bank_offset,73,3,68.0,4267.0,3100.4
25,max_power_bank_offset,74,3,68.0,4268.0,3100.0
25,max_power_bank_offset,75,3,68.0,4268.0,3100.4
25,max_power_bank_offset,76,3,68.0,4268.0,3100.0
25,max_power_bank_offset,77,3,68.0,4269.0,3099.6
25,max_power_bank_offset,78,3,68.0,4268.0,3100.0
25,max_power_bank_offset,79,3,68.0,4269.0,3100.0
25,max_power_bank_offset,80,3,68.0,4270.0,3088.8
25,max_power_bank_offset,81,3,68.0,4263.0,3099.6
25,max_power_bank_offset,82,3,68.0,4272.0,3100.0
25,max_power_bank_offset,83,3,68.0,4274.0,3095.6
25,max_power_bank_offset,84,3,68.0,4273.0,3096.8
25,max_power_bank_offset,85,3,68.0,4277.0,3096.4
25,max_power_bank_offset,86,3,68.0,4275.0,3098.4
25,max_power_bank_offset,87,3,68.0,4278.0,3094.8
25,max_power_bank_offset,88,3,68.0,4277.0,3095.2
25,max_power_bank_offset,89,3,68.0,4277.0,3094.8
25,max_power_bank_offset,90,3,68.0,4273.0,3099.2
26,max_power_bank_offset,0,0,61.0,1075.0,3237.2
26,max_power_bank_offset,1,0,69.0,4170.0,2869.2
26,max_power_bank_offset,2,0,69.0,4352.0,3058.0
26,max_power_bank_offset,3,0,70.0,4413.0,3139.6
26,max_power_bank_offset,4,0,70.0,4438.0,3186.4
26,max_power_bank_offset,5,0,70.0,4463.0,3211.2
26,max_power_bank_offset,6,0,70.0,4472.0,3230.0
26,max_power_bank_offset,7,0,70.0,4483.0,3242.0
26,max_power_bank_offset,8,0,70.0,4493.0,3250.8
26,max_power_bank_offset,9,0,70.0,4497.0,3256.0
26,max_power_bank_offset,10,0,70.0,4506.0,3259.2
26,max_power_bank_offset,11,0,70.0,4512.0,3261.2
26,max_power_bank_offset,12,0,70.0,4518.0,3262.0
26,max_power_bank_offset,13,0,70.0,4521.0,3263.6
26,max_power_bank_offset,14,0,70.0,4522.0,3268.4
26,max_power_bank_offset,15,0,70.0,4523.0,3271.6
26,max_power_bank_offset,16,0,70.0,4525.0,3275.2
26,max_power_bank_offset,17,0,70.0,4527.0,3273.2
26,max_power_bank_offset,18,0,70.0,4528.0,3276.4
26,max_power_bank_offset,19,0,70.0,4529.0,3274.8
26,max_power_bank_offset,20,0,70.0,4531.0,3278.4
26,max_power_bank_offset,21,0,70.0,4532.0,3276.8
26,max_power_bank_offset,22,0,70.0,4534.0,3276.0
26,max_power_bank_offset,23,0,70.0,4535.0,3280.0
26,max_power_bank_offset,24,0,70.0,4535.0,3280.0
26,max_power_bank_offset,25,0,70.0,4536.0,3279.2
26,max_power_bank_offset,26,0,70.0,4538.0,3278.0
26,max_power_bank_offset,27,0,70.0,4539.0,3281.6
26,max_power_bank_offset,28,0,70.0,4537.0,3282.4
26,max_power_bank_offset,29,0,70.0,4537.0,3281.6
26,max_power_bank_offset,30,0,70.0,4538.0,3281.6
26,max_power_bank_offset,31,0,70.0,4540.0,3279.6
26,max_power_bank_offset,32,0,70.0,4540.0,3284.0
26,max_power_bank_offset,33,0,70.0,4540.0,3283.6
26,max_power_bank_offset,34,0,70.0,4540.0,3282.8
26,max_power_bank_offset,35,0,70.0,4540.0,3282.8
26,max_power_bank_offset,36,0,70.0,4541.0,3282.0
26,max_power_bank_offset,37,0,70.0,4541.0,3281.6
26,max_power_bank_offset,38,0,70.0,4542.0,3280.8
26,max_power_bank_offset,39,0,70.0,4542.0,3280.4
26,max_power_bank_offset,40,0,70.0,4580.0,3282.0
26,max_power_bank_offset,41,0,70.0,4585.0,3282.4
26,max_power_bank_offset,42,0,70.0,4580.0,3279.6
26,max_power_bank_offset,43,0,70.0,4571.0,3285.2
26,max_power_bank_offset,44,0,70.0,4571.0,3286.0
26,max_power_bank_offset,45,0,70.0,4562.0,3290.4
26,max_power_bank_offset,46,0,70.0,4556.0,3292.8
26,max_power_bank_offset,47,0,70.0,4557.0,3295.6
26,max_power_bank_offset,48,0,70.0,4556.0,3296.4
26,max_power_bank_offset,49,0,70.0,4557.0,3294.0
26,max_power_bank_offset,50,0,70.0,4556.0,3293.2
26,max_power_bank_offset,51,0,70.0,4554.0,3293.2
26,max_power_bank_offset,52,0,70.0,4557.0,3290.0
26,max_power_bank_offset,53,0,70.0,4556.0,3291.2
26,max_power_bank_offset,54,0,70.0,4558.0,3288.8
26,max_power_bank_offset,55,0,70.0,4555.0,3289.6
26,max_power_bank_offset,56,0,70.0,4553.0,3291.2
26,max_power_bank_offset,57,0,70.0,4552.0,3292.0
26,max_power_bank_offset,58,0,70.0,4554.0,3290.8
26,max_power_bank_offset,59,0,70.0,4555.0,3289.6
26,max_power_bank_offset,60,0,70.0,4556.0,3289.2
26,max_power_bank_offset,61,0,71.0,4558.0,3287.6
26,max_power_bank_offset,62,0,70.0,4557.0,3287.2
26,max_power_bank_offset,63,0,70.0,4556.0,3286.4
26,max_power_bank_offset,64,0,70.0,4557.0,3286.4
26,max_power_bank_offset,65,0,71.0,4555.0,3287.6
26,max_power_bank_offset,66,0,70.0,4556.0,3286.8
26,max_power_bank_offset,67,0,71.0,4555.0,3287.2
26,max_power_bank_offset,68,0,71.0,4554.0,3288.0
26,max_power_bank_offset,69,0,70.0,4554.0,3286.4
26,max_power_bank_offset,70,0,70.0,4554.0,3286.0
26,max_power_bank_offset,71,0,71.0,4555.0,3284.8
26,max_power_bank_offset,72,0,71.0,4554.0,3285.6
26,max_power_bank_offset,73,0,71.0,4554.0,3285.6
26,max_power_bank_offset,74,0,71.0,4553.0,3290.4
26,max_power_bank_offset,75,0,70.0,4554.0,3290.0
26,max_power_bank_offset,76,0,71.0,4555.0,3288.8
26,max_power_bank_offset,77,0,71.0,4555.0,3288.4
26,max_power_bank_offset,78,0,71.0,4555.0,3287.2
26,max_power_bank_offset,79,0,71.0,4555.0,3286.8
26,max_power_bank_offset,80,0,71.0,4540.0,3321.2
26,max_power_bank_offset,81,0,71.0,4560.0,3310.0
26,max_power_bank_offset,82,0,70.0,4556.0,3310.0
26,max_power_bank_offset,83,0,71.0,4553.0,3309.2
26,max_power_bank_offset,84,0,71.0,4551.0,3311.2
26,max_power_bank_offset,85,0,71.0,4554.0,3310.4
26,max_power_bank_offset,86,0,71.0,4552.0,3314.0
26,max_power_bank_offset,87,0,71.0,4552.0,3315.2
26,max_power_bank_offset,88,0,71.0,4552.0,3315.2
26,max_power_bank_offset,89,0,71.0,4553.0,3316.8
26,max_power_bank_offset,90,0,71.0,4556.0,3314.4
26,max_power_bank_offset,0,1,62.0,1087.0,3226.0
26,max_power_bank_offset,1,1,70.0,4170.0,2859.6
26,max_power_bank_offset,2,1,70.0,4368.0,3037.2
26,max_power_bank_offset,3,1,71.0,4427.0,3129.2
26,max_power_bank_offset,4,1,71.0,4458.0,3168.4
26,max_power_bank_offset,5,1,70.0,4471.0,3196.4
26,max_power_bank_offset,6,1,71.0,4479.0,3215.2
26,max_power_bank_offset,7,1,70.0,4488.0,3227.2
26,max_power_bank_offset,8,1,71.0,4489.0,3236.4
26,max_power_bank_offset,9,1,71.0,4496.0,3243.6
26,max_power_bank_offset,10,1,70.0,4498.0,3251.2
26,max_power_bank_offset,11,1,71.0,4502.0,3259.2
26,max_power_bank_offset,12,1,71.0,4503.0,3262.0
26,max_power_bank_offset,13,1,71.0,4502.0,3267.6
26,max_power_bank_offset,14,1,71.0,4502.0,3272.4
26,max_power_bank_offset,15,1,71.0,4506.0,3275.2
26,max_power_bank_offset,16,1,71.0,4508.0,3274.4
26,max_power_bank_offset,17,1,71.0,4512.0,3277.2
26,max_power_bank_offset,18,1,71.0,4513.0,3276.0
26,max_power_bank_offset,19,1,71.0,4514.0,3280.4
26,max_power_bank_offset,20,1,71.0,4515.0,3280.4
26,max_power_bank_offset,21,1,71.0,4518.0,3282.4
26,max_power_bank_offset,22,1,71.0,4519.0,3282.4
26,max_power_bank_offset,23,1,71.0,4517.0,3282.0
26,max_power_bank_offset,24,1,71.0,4517.0,3286.8
26,max_power_bank_offset,25,1,71.0,4518.0,3286.0
26,max_power_bank_offset,26,1,71.0,4518.0,3286.4
26,max_power_bank_offset,27,1,71.0,4518.0,3286.4
26,max_power_bank_offset,28,1,71.0,4519.0,3290.4
26,max_power_bank_offset,29,1,71.0,4519.0,3290.4
26,max_power_bank_offset,30,1,71.0,4518.0,3291.2
26,max_power_bank_offset,31,1,71.0,4518.0,3291.2
26,max_power_bank_offset,32,1,71.0,4519.0,3291.2
26,max_power_bank_offset,33,1,71.0,4519.0,3295.6
26,max_power_bank_offset,34,1,71.0,4520.0,3296.0
26,max_power_bank_offset,35,1,71.0,4519.0,3296.0
26,max_power_bank_offset,36,1,71.0,4520.0,3294.8
26,max_power_bank_offset,37,1,71.0,4521.0,3295.2
26,max_power_bank_offset,38,1,71.0,4521.0,3295.2
26,max_power_bank_offset,39,1,71.0,4521.0,3294.8
26,max_power_bank_offset,40,1,71.0,4540.0,3324.0
26,max_power_bank_offset,41,1,71.0,4545.0,3295.2
26,max_power_bank_offset,42,1,71.0,4529.0,3295.6
26,max_power_bank_offset,43,1,71.0,4523.0,3302.4
26,max_power_bank_offset,44,1,71.0,4522.0,3302.0
26,max_power_bank_offset,45,1,71.0,4525.0,3303.6
26,max_power_bank_offset,46,1,71.0,4527.0,3301.6
26,max_power_bank_offset,47,1,71.0,4530.0,3298.8
26,max_power_bank_offset,48,1,71.0,4528.0,3298.8
26,max_power_bank_offset,49,1,71.0,4523.0,3303.6
26,max_power_bank_offset,50,1,71.0,4525.0,3304.4
26,max_power_bank_offset,51,1,71.0,4522.0,3306.8
26,max_power_bank_offset,52,1,71.0,4523.0,3305.2
26,max_power_bank_offset,53,1,71.0,4524.0,3305.2
26,max_power_bank_offset,54,1,71.0,4526.0,3301.6
26,max_power_bank_offset,55,1,71.0,4528.0,3299.6
26,max_power_bank_offset,56,1,71.0,4527.0,3300.4
26,max_power_bank_offset,57,1,71.0,4527.0,3300.4
26,max_power_bank_offset,58,1,71.0,4527.0,3299.2
26,max_power_bank_offset,59,1,71.0,4527.0,3297.6
26,max_power_bank_offset,60,1,71.0,4528.0,3297.2
26,max_power_bank_offset,61,1,71.0,4528.0,3298.0
26,max_power_bank_offset,62,1,71.0,4529.0,3298.4
26,max_power_bank_offset,63,1,71.0,4530.0,3297.6
26,max_power_bank_offset,64,1,71.0,4529.0,3297.6
26,max_power_bank_offset,65,1,71.0,4528.0,3297.2
26,max_power_bank_offset,66,1,71.0,4526.0,3298.4
26,max_power_bank_offset,67,1,71.0,4528.0,3297.6
26,max_power_bank_offset,68,1,71.0,4528.0,3297.6
26,max_power_bank_offset,69,1,71.0,4529.0,3296.8
26,max_power_bank_offset,70,1,71.0,4527.0,3298.4
26,max_power_bank_offset,71,1,71.0,4526.0,3299.6
26,max_power_bank_offset,72,1,71.0,4527.0,3298.8
26,max_power_bank_offset,73,1,71.0,4527.0,3299.2
26,max_power_bank_offset,74,1,71.0,4527.0,3298.8
26,max_power_bank_offset,75,1,71.0,4527.0,3298.4
26,max_power_bank_offset,76,1,71.0,4527.0,3298.0
26,max_power_bank_offset,77,1,71.0,4526.0,3298.0
26,max_power_bank_offset,78,1,71.0,4526.0,3297.6
26,max_power_bank_offset,79,1,71.0,4526.0,3296.8
26,max_power_bank_offset,80,1,71.0,4540.0,3278.4
26,max_power_bank_offset,81,1,71.0,4557.0,3278.8
26,max_power_bank_offset,82,1,71.0,4541.0,3295.6
26,max_power_bank_offset,83,1,71.0,4530.0,3298.4
26,max_power_bank_offset,84,1,71.0,4530.0,3296.8
26,max_power_bank_offset,85,1,71.0,4527.0,3290.0
26,max_power_bank_offset,86,1,71.0,4529.0,3288.8
26,max_power_bank_offset,87,1,71.0,4525.0,3291.6
26,max_power_bank_offset,88,1,71.0,4526.0,3290.8
26,max_power_bank_offset,89,1,71.0,4527.0,3292.8
26,max_power_bank_offset,90,1,71.0,4529.0,3290.8
26,max_power_bank_offset,0,2,62.0,1037.0,3258.4
26,max_power_bank_offset,1,2,71.0,3950.0,2878.4
26,max_power_bank_offset,2,2,71.0,4135.0,3094.8
26,max_power_bank_offset,3,2,71.0,4200.0,3153.2
26,max_power_bank_offset,4,2,71.0,4235.0,3188.4
26,max_power_bank_offset,5,2,71.0,4265.0,3205.6
26,max_power_bank_offset,6,2,71.0,4279.0,3218.0
26,max_power_bank_offset,7,2,71.0,4292.0,3228.8
26,max_power_bank_offset,8,2,71.0,4301.0,3239.2
26,max_power_bank_offset,9,2,71.0,4306.0,3244.4
26,max_power_bank_offset,10,2,71.0,4309.0,3245.2
26,max_power_bank_offset,11,2,71.0,4308.0,3254.8
26,max_power_bank_offset,12,2,71.0,4308.0,3258.0
26,max_power_bank_offset,13,2,71.0,4312.0,3260.4
26,max_power_bank_offset,14,2,71.0,4316.0,3257.2
26,max_power_bank_offset,15,2,71.0,4319.0,3261.2
26,max_power_bank_offset,16,2,71.0,4321.0,3264.0
26,max_power_bank_offset,17,2,71.0,4322.0,3264.0
26,max_power_bank_offset,18,2,71.0,4323.0,3268.0
26,max_power_bank_offset,19,2,71.0,4327.0,3266.4
26,max_power_bank_offset,20,2,71.0,4330.0,3265.2
26,max_power_bank_offset,21,2,71.0,4333.0,3268.8
26,max_power_bank_offset,22,2,71.0,4333.0,3268.4
26,max_power_bank_offset,23,2,71.0,4333.0,3268.8
26,max_power_bank_offset,24,2,71.0,4335.0,3273.2
26,max_power_bank_offset,25,2,71.0,4335.0,3273.6
26,max_power_bank_offset,26,2,71.0,4335.0,3272.8
26,max_power_bank_offset,27,2,71.0,4336.0,3271.2
26,max_power_bank_offset,28,2,71.0,4337.0,3270.0
26,max_power_bank_offset,29,2,71.0,4339.0,3274.0
26,max_power_bank_offset,30,2,71.0,4340.0,3273.6
26,max_power_bank_offset,31,2,71.0,4341.0,3273.2
26,max_power_bank_offset,32,2,71.0,4341.0,3272.0
26,max_power_bank_offset,33,2,71.0,4342.0,3271.6
26,max_power_bank_offset,34,2,71.0,4342.0,3271.6
26,max_power_bank_offset,35,2,71.0,4341.0,3271.2
26,max_power_bank_offset,36,2,71.0,4342.0,3275.2
26,max_power_bank_offset,37,2,71.0,4341.0,3275.6
26,max_power_bank_offset,38,2,71.0,4342.0,3274.8
26,max_power_bank_offset,39,2,71.0,4343.0,3274.0
26,max_power_bank_offset,40,2,71.0,4330.0,3288.4
26,max_power_bank_offset,41,2,71.0,4330.0,3297.2
26,max_power_bank_offset,42,2,71.0,4329.0,3297.6
26,max_power_bank_offset,43,2,71.0,4328.0,3294.0
26,max_power_bank_offset,44,2,71.0,4338.0,3288.8
26,max_power_bank_offset,45,2,71.0,4344.0,3284.4
26,max_power_bank_offset,46,2,71.0,4346.0,3285.6
26,max_power_bank_offset,47,2,72.0,4346.0,3288.4
26,max_power_bank_offset,48,2,71.0,4345.0,3288.0
26,max_power_bank_offset,49,2,71.0,4348.0,3286.8
26,max_power_bank_offset,50,2,71.0,4349.0,3286.4
26,max_power_bank_offset,51,2,71.0,4352.0,3286.8
26,max_power_bank_offset,52,2,71.0,4352.0,3286.0
26,max_power_bank_offset,53,2,71.0,4356.0,3282.8
26,max_power_bank_offset,54,2,71.0,4353.0,3284.4
26,max_power_bank_offset,55,2,71.0,4354.0,3284.8
26,max_power_bank_offset,56,2,71.0,4357.0,3282.4
26,max_power_bank_offset,57,2,71.0,4359.0,3284.8
26,max_power_bank_offset,58,2,71.0,4357.0,3285.2
26,max_power_bank_offset,59,2,71.0,4357.0,3284.8
26,max_power_bank_offset,60,2,71.0,4359.0,3283.2
26,max_power_bank_offset,61,2,71.0,4357.0,3284.8
26,max_power_bank_offset,62,2,71.0,4357.0,3283.6
26,max_power_bank_offset,63,2,71.0,4358.0,3282.8
26,max_power_bank_offset,64,2,71.0,4359.0,3282.0
26,max_power_bank_offset,65,2,71.0,4359.0,3282.0
26,max_power_bank_offset,66,2,71.0,4359.0,3282.8
26,max_power_bank_offset,67,2,71.0,4357.0,3284.4
26,max_power_bank_offset,68,2,71.0,4357.0,3284.0
26,max_power_bank_offset,69,2,71.0,4356.0,3284.4
26,max_power_bank_offset,70,2,71.0,4356.0,3288.8
26,max_power_bank_offset,71,2,71.0,4356.0,3288.0
26,max_power_bank_offset,72,2,71.0,4355.0,3288.0
26,max_power_bank_offset,73,2,71.0,4355.0,3286.8
26,max_power_bank_offset,74,2,71.0,4355.0,3286.8
26,max_power_bank_offset,75,2,71.0,4354.0,3287.2
26,max_power_bank_offset,76,2,71.0,4354.0,3286.8
26,max_power_bank_offset,77,2,71.0,4354.0,3290.8
26,max_power_bank_offset,78,2,71.0,4354.0,3290.4
26,max_power_bank_offset,79,2,71.0,4354.0,3289.6
26,max_power_bank_offset,80,2,71.0,4370.0,3302.4
26,max_power_bank_offset,81,2,71.0,4355.0,3309.2
26,max_power_bank_offset,82,2,71.0,4358.0,3309.2
26,max_power_bank_offset,83,2,71.0,4358.0,3307.6
26,max_power_bank_offset,84,2,72.0,4357.0,3306.0
26,max_power_bank_offset,85,2,71.0,4354.0,3306.0
26,max_power_bank_offset,86,2,72.0,4357.0,3302.0
26,max_power_bank_offset,87,2,71.0,4356.0,3304.0
26,max_power_bank_offset,88,2,71.0,4352.0,3306.8
26,max_power_bank_offset,89,2,72.0,4354.0,3304.4
26,max_power_bank_offset,90,2,72.0,4352.0,3306.4
26,max_power_bank_offset,0,3,63.0,1050.0,3227.6
26,max_power_bank_offset,1,3,71.0,3980.0,2896.8
26,max_power_bank_offset,2,3,71.0,4147.0,3083.2
26,max_power_bank_offset,3,3,71.0,4199.0,3164.4
26,max_power_bank_offset,4,3,72.0,4230.0,3200.0
26,max_power_bank_offset,5,3,71.0,4251.0,3224.0
26,max_power_bank_offset,6,3,71.0,4262.0,3234.8
26,max_power_bank_offset,7,3,71.0,4276.0,3243.6
26,max_power_bank_offset,8,3,71.0,4291.0,3246.4
26,max_power_bank_offset,9,3,71.0,4293.0,3256.4
26,max_power_bank_offset,10,3,71.0,4296.0,3263.2
26,max_power_bank_offset,11,3,71.0,4299.0,3264.8
26,max_power_bank_offset,12,3,71.0,4303.0,3266.4
26,max_power_bank_offset,13,3,71.0,4308.0,3269.6
26,max_power_bank_offset,14,3,72.0,4310.0,3272.8
26,max_power_bank_offset,15,3,71.0,4312.0,3277.6
26,max_power_bank_offset,16,3,72.0,4316.0,3280.0
26,max_power_bank_offset,17,3,71.0,4320.0,3278.4
26,max_power_bank_offset,18,3,71.0,4321.0,3281.6
26,max_power_bank_offset,19,3,71.0,4323.0,3280.0
26,max_power_bank_offset,20,3,72.0,4325.0,3282.4
26,max_power_bank_offset,21,3,72.0,4325.0,3281.6
26,max_power_bank_offset,22,3,71.0,4325.0,3281.2
26,max_power_bank_offset,23,3,72.0,4327.0,3285.2
26,max_power_bank_offset,24,3,71.0,4327.0,3284.8
26,max_power_bank_offset,25,3,72.0,4328.0,3284.4
26,max_power_bank_offset,26,3,72.0,4328.0,3284.4
26,max_power_bank_offset,27,3,72.0,4330.0,3287.6
26,max_power_bank_offset,28,3,72.0,4331.0,3286.0
26,max_power_bank_offset,29,3,71.0,4332.0,3285.2
26,max_power_bank_offset,30,3,71.0,4332.0,3285.2
26,max_power_bank_offset,31,3,71.0,4333.0,3283.2
26,max_power_bank_offset,32,3,71.0,4333.0,3288.4
26,max_power_bank_offset,33,3,72.0,4332.0,3288.4
26,max_power_bank_offset,34,3,72.0,4331.0,3288.0
26,max_power_bank_offset,35,3,72.0,4331.0,3287.6
26,max_power_bank_offset,36,3,72.0,4332.0,3286.4
26,max_power_bank_offset,37,3,72.0,4332.0,3286.0
26,max_power_bank_offset,38,3,72.0,4332.0,3286.0
26,max_power_bank_offset,39,3,72.0,4332.0,3285.6
26,max_power_bank_offset,40,3,72.0,4330.0,3310.4
26,max_power_bank_offset,41,3,72.0,4335.0,3302.4
26,max_power_bank_offset,42,3,71.0,4333.0,3296.0
26,max_power_bank_offset,43,3,72.0,4335.0,3293.2
26,max_power_bank_offset,44,3,72.0,4330.0,3295.6
26,max_power_bank_offset,45,3,72.0,4327.0,3297.6
26,max_power_bank_offset,46,3,72.0,4326.0,3300.0
26,max_power_bank_offset,47,3,72.0,4325.0,3303.6
26,max_power_bank_offset,48,3,72.0,4322.0,3306.0
26,max_power_bank_offset,49,3,72.0,4324.0,3304.0
26,max_power_bank_offset,50,3,72.0,4328.0,3302.8
26,max_power_bank_offset,51,3,72.0,4326.0,3304.8
26,max_power_bank_offset,52,3,72.0,4329.0,3302.0
26,max_power_bank_offset,53,3,72.0,4331.0,3300.8
26,max_power_bank_offset,54,3,72.0,4330.0,3300.4
26,max_power_bank_offset,55,3,72.0,4331.0,3300.8
26,max_power_bank_offset,56,3,72.0,4331.0,3300.8
26,max_power_bank_offset,57,3,72.0,4332.0,3300.4
26,max_power_bank_offset,58,3,71.0,4332.0,3300.4
26,max_power_bank_offset,59,3,72.0,4333.0,3300.4
26,max_power_bank_offset,60,3,72.0,4334.0,3298.8
26,max_power_bank_offset,61,3,72.0,4335.0,3297.6
26,max_power_bank_offset,62,3,72.0,4334.0,3298.4
26,max_power_bank_offset,63,3,72.0,4336.0,3297.2
26,max_power_bank_offset,64,3,72.0,4336.0,3296.8
26,max_power_bank_offset,65,3,72.0,4335.0,3297.6
26,max_power_bank_offset,66,3,72.0,4336.0,3297.6
26,max_power_bank_offset,67,3,72.0,4336.0,3298.0
26,max_power_bank_offset,68,3,72.0,4336.0,3298.4
26,max_power_bank_offset,69,3,72.0,4337.0,3297.2
26,max_power_bank_offset,70,3,72.0,4337.0,3297.2
26,max_power_bank_offset,71,3,72.0,4338.0,3296.8
26,max_power_bank_offset,72,3,72.0,4338.0,3297.2
26,max_power_bank_offset,73,3,72.0,4338.0,3297.2
26,max_power_bank_offset,74,3,72.0,4338.0,3297.6
26,max_power_bank_offset,75,3,72.0,4337.0,3297.6
26,max_power_bank_offset,76,3,72.0,4339.0,3296.8
26,max_power_bank_offset,77,3,72.0,4339.0,3296.0
26,max_power_bank_offset,78,3,72.0,4339.0,3296.4
26,max_power_bank_offset,79,3,72.0,4339.0,3297.2
26,max_power_bank_offset,80,3,72.0,4380.0,3257.6
26,max_power_bank_offset,81,3,72.0,4370.0,3264.8
26,max_power_bank_offset,82,3,72.0,4362.0,3272.4
26,max_power_bank_offset,83,3,72.0,4358.0,3280.4
26,max_power_bank_offset,84,3,72.0,4348.0,3284.4
26,max_power_bank_offset,85,3,72.0,4352.0,3282.8
26,max_power_bank_offset,86,3,72.0,4352.0,3280.0
26,max_power_bank_offset,87,3,72.0,4356.0,3279.6
26,max_power_bank_offset,88,3,72.0,4356.0,3279.2
26,max_power_bank_offset,89,3,72.0,4359.0,3278.0
26,max_power_bank_offset,90,3,72.0,4358.0,3278.0
27,max_power_bank_offset,0,0,62.0,1062.0,3240.4
27,max_power_bank_offset,1,0,69.0,4160.0,2877.6
27,max_power_bank_offset,2,0,69.0,4320.0,3099.6
27,max_power_bank_offset,3,0,70.0,4375.0,3160.4
27,max_power_bank_offset,4,0,70.0,4412.0,3191.2
27,max_power_bank_offset,5,0,70.0,4442.0,3207.6
27,max_power_bank_offset,6,0,70.0,4466.0,3217.6
27,max_power_bank_offset,7,0,70.0,4479.0,3220.4
27,max_power_bank_offset,8,0,70.0,4489.0,3226.4
27,max_power_bank_offset,9,0,70.0,4497.0,3230.4
27,max_power_bank_offset,10,0,70.0,4504.0,3232.4
27,max_power_bank_offset,11,0,70.0,4509.0,3234.0
27,max_power_bank_offset,12,0,70.0,4513.0,3237.2
27,max_power_bank_offset,13,0,70.0,4512.0,3242.4
27,max_power_bank_offset,14,0,70.0,4514.0,3246.4
27,max_power_bank_offset,15,0,70.0,4514.0,3250.8
27,max_power_bank_offset,16,0,70.0,4517.0,3248.8
27,max_power_bank_offset,17,0,70.0,4519.0,3252.8
27,max_power_bank_offset,18,0,70.0,4521.0,3251.2
27,max_power_bank_offset,19,0,70.0,4522.0,3255.2
27,max_power_bank_offset,20,0,70.0,4524.0,3253.6
27,max_power_bank_offset,21,0,70.0,4526.0,3252.0
27,max_power_bank_offset,22,0,70.0,4528.0,3256.0
27,max_power_bank_offset,23,0,70.0,4529.0,3255.2
27,max_power_bank_offset,24,0,70.0,4530.0,3254.8
27,max_power_bank_offset,25,0,70.0,4532.0,3253.2
27,max_power_bank_offset,26,0,70.0,4533.0,3252.8
27,max_power_bank_offset,27,0,70.0,4533.0,3258.0
27,max_power_bank_offset,28,0,70.0,4533.0,3257.6
27,max_power_bank_offset,29,0,70.0,4534.0,3257.2
27,max_power_bank_offset,30,0,70.0,4535.0,3256.0
27,max_power_bank_offset,31,0,70.0,4536.0,3254.4
27,max_power_bank_offset,32,0,70.0,4537.0,3254.0
27,max_power_bank_offset,33,0,70.0,4537.0,3258.4
27,max_power_bank_offset,34,0,70.0,4537.0,3258.4
27,max_power_bank_offset,35,0,70.0,4538.0,3257.6
27,max_power_bank_offset,36,0,70.0,4539.0,3256.8
27,max_power_bank_offset,37,0,70.0,4539.0,3256.8
27,max_power_bank_offset,38,0,70.0,4540.0,3256.0
27,max_power_bank_offset,39,0,70.0,4541.0,3262.4
27,max_power_bank_offset,40,0,70.0,4534.0,3265.6
27,max_power_bank_offset,41,0,70.0,4562.0,3264.4
27,max_power_bank_offset,42,0,70.0,4558.0,3276.8
27,max_power_bank_offset,43,0,70.0,4556.0,3278.4
27,max_power_bank_offset,44,0,70.0,4551.0,3280.8
27,max_power_bank_offset,45,0,70.0,4549.0,3284.4
27,max_power_bank_offset,46,0,70.0,4545.0,3286.4
27,max_power_bank_offset,47,0,70.0,4541.0,3288.8
27,max_power_bank_offset,48,0,70.0,4545.0,3288.0
27,max_power_bank_offset,49,0,70.0,4544.0,3287.2
27,max_power_bank_offset,50,0,70.0,4542.0,3296.0
27,max_power_bank_offset,51,0,70.0,4545.0,3293.6
27,max_power_bank_offset,52,0,70.0,4546.0,3291.6
27,max_power_bank_offset,53,0,70.0,4544.0,3291.2
27,max_power_bank_offset,54,0,70.0,4543.0,3292.0
27,max_power_bank_offset,55,0,70.0,4543.0,3292.8
27,max_power_bank_offset,56,0,70.0,4543.0,3292.0
27,max_power_bank_offset,57,0,70.0,4542.0,3292.8
27,max_power_bank_offset,58,0,70.0,4541.0,3294.0
27,max_power_bank_offset,59,0,70.0,4542.0,3293.6
27,max_power_bank_offset,60,0,70.0,4544.0,3293.2
27,max_power_bank_offset,61,0,70.0,4545.0,3292.8
27,max_power_bank_offset,62,0,70.0,4545.0,3292.4
27,max_power_bank_offset,63,0,70.0,4545.0,3294.0
27,max_power_bank_offset,64,0,70.0,4543.0,3295.6
27,max_power_bank_offset,65,0,70.0,4543.0,3295.6
27,max_power_bank_offset,66,0,70.0,4543.0,3296.0
27,max_power_bank_offset,67,0,70.0,4544.0,3295.2
27,max_power_bank_offset,68,0,70.0,4543.0,3295.6
27,max_power_bank_offset,69,0,70.0,4543.0,3295.2
27,max_power_bank_offset,70,0,70.0,4542.0,3300.4
27,max_power_bank_offset,71,0,70.0,4544.0,3299.6
27,max_power_bank_offset,72,0,70.0,4543.0,3301.6
27,max_power_bank_offset,73,0,70.0,4542.0,3301.2
27,max_power_bank_offset,74,0,70.0,4543.0,3298.8
27,max_power_bank_offset,75,0,70.0,4543.0,3298.4
27,max_power_bank_offset,76,0,70.0,4542.0,3299.2
27,max_power_bank_offset,77,0,70.0,4541.0,3299.2
27,max_power_bank_offset,78,0,70.0,4541.0,3299.2
27,max_power_bank_offset,79,0,70.0,4541.0,3299.6
27,max_power_bank_offset,80,0,70.0,4530.0,3289.6
27,max_power_bank_offset,81,0,70.0,4535.0,3301.2
27,max_power_bank_offset,82,0,70.0,4529.0,3307.6
27,max_power_bank_offset,83,0,70.0,4528.0,3309.6
27,max_power_bank_offset,84,0,70.0,4528.0,3308.4
27,max_power_bank_offset,85,0,70.0,4537.0,3302.4
27,max_power_bank_offset,86,0,70.0,4540.0,3302.0
27,max_power_bank_offset,87,0,70.0,4542.0,3300.8
27,max_power_bank_offset,88,0,70.0,4540.0,3299.6
27,max_power_bank_offset,89,0,70.0,4540.0,3300.4
27,max_power_bank_offset,90,0,70.0,4540.0,3299.6
27,max_power_bank_offset,0,1,62.0,1062.0,3231.6
27,max_power_bank_offset,1,1,70.0,4180.0,2874.4
27,max_power_bank_offset,2,1,70.0,4352.0,3066.4
27,max_power_bank_offset,3,1,70.0,4413.0,3144.8
27,max_power_bank_offset,4,1,70.0,4461.0,3176.8
27,max_power_bank_offset,5,1,70.0,4479.0,3201.2
27,max_power_bank_offset,6,1,70.0,4487.0,3217.2
27,max_power_bank_offset,7,1,70.0,4495.0,3231.2
27,max_power_bank_offset,8,1,70.0,4505.0,3232.4
27,max_power_bank_offset,9,1,70.0,4512.0,3238.0
27,max_power_bank_offset,10,1,70.0,4521.0,3242.4
27,max_power_bank_offset,11,1,70.0,4525.0,3244.8
27,max_power_bank_offset,12,1,70.0,4527.0,3249.2
27,max_power_bank_offset,13,1,70.0,4531.0,3252.4
27,max_power_bank_offset,14,1,70.0,4530.0,3255.6
27,max_power_bank_offset,15,1,70.0,4533.0,3254.4
27,max_power_bank_offset,16,1,70.0,4532.0,3259.2
27,max_power_bank_offset,17,1,70.0,4533.0,3259.2
27,max_power_bank_offset,18,1,70.0,4534.0,3264.0
27,max_power_bank_offset,19,1,70.0,4534.0,3264.8
27,max_power_bank_offset,20,1,70.0,4534.0,3268.8
27,max_power_bank_offset,21,1,70.0,4536.0,3267.6
27,max_power_bank_offset,22,1,70.0,4536.0,3267.2
27,max_power_bank_offset,23,1,70.0,4537.0,3272.4
27,max_power_bank_offset,24,1,70.0,4538.0,3272.0
27,max_power_bank_offset,25,1,70.0,4537.0,3272.8
27,max_power_bank_offset,26,1,70.0,4537.0,3272.0
27,max_power_bank_offset,27,1,70.0,4537.0,3272.4
27,max_power_bank_offset,28,1,70.0,4536.0,3278.0
27,max_power_bank_offset,29,1,70.0,4536.0,3278.4
27,max_power_bank_offset,30,1,70.0,4536.0,3278.4
27,max_power_bank_offset,31,1,70.0,4537.0,3279.2
27,max_power_bank_offset,32,1,70.0,4538.0,3277.2
27,max_power_bank_offset,33,1,70.0,4538.0,3278.8
27,max_power_bank_offset,34,1,70.0,4537.0,3279.6
27,max_power_bank_offset,35,1,70.0,4538.0,3283.2
27,max_power_bank_offset,36,1,70.0,4539.0,3282.4
27,max_power_bank_offset,37,1,70.0,4539.0,3282.4
27,max_power_bank_offset,38,1,70.0,4538.0,3282.0
27,max_power_bank_offset,39,1,70.0,4539.0,3281.2
27,max_power_bank_offset,40,1,70.0,4530.0,3309.6
27,max_power_bank_offset,41,1,70.0,4555.0,3293.2
27,max_power_bank_offset,42,1,70.0,4550.0,3297.6
27,max_power_bank_offset,43,1,70.0,4551.0,3300.0
27,max_power_bank_offset,44,1,70.0,4548.0,3293.6
27,max_power_bank_offset,45,1,70.0,4550.0,3296.0
27,max_power_bank_offset,46,1,70.0,4547.0,3296.4
27,max_power_bank_offset,47,1,70.0,4551.0,3294.4
27,max_power_bank_offset,48,1,70.0,4551.0,3295.2
27,max_power_bank_offset,49,1,70.0,4546.0,3296.8
27,max_power_bank_offset,50,1,70.0,4548.0,3295.6
27,max_power_bank_offset,51,1,70.0,4545.0,3295.6
27,max_power_bank_offset,52,1,70.0,4542.0,3296.0
27,max_power_bank_offset,53,1,70.0,4543.0,3296.4
27,max_power_bank_offset,54,1,70.0,4543.0,3296.8
27,max_power_bank_offset,55,1,70.0,4544.0,3296.0
27,max_power_bank_offset,56,1,70.0,4545.0,3295.2
27,max_power_bank_offset,57,1,70.0,4547.0,3294.8
27,max_power_bank_offset,58,1,70.0,4548.0,3295.6
27,max_power_bank_offset,59,1,70.0,4547.0,3294.4
27,max_power_bank_offset,60,1,70.0,4546.0,3295.2
27,max_power_bank_offset,61,1,70.0,4546.0,3294.4
27,max_power_bank_offset,62,1,70.0,4546.0,3294.8
27,max_power_bank_offset,63,1,70.0,4546.0,3294.8
27,max_power_bank_offset,64,1,70.0,4546.0,3294.4
27,max_power_bank_offset,65,1,70.0,4546.0,3292.8
27,max_power_bank_offset,66,1,70.0,4546.0,3292.8
27,max_power_bank_offset,67,1,70.0,4547.0,3291.6
27,max_power_bank_offset,68,1,70.0,4548.0,3290.8
27,max_power_bank_offset,69,1,70.0,4550.0,3289.6
27,max_power_bank_offset,70,1,70.0,4550.0,3290.8
27,max_power_bank_offset,71,1,70.0,4551.0,3290.4
27,max_power_bank_offset,72,1,70.0,4552.0,3290.4
27,max_power_bank_offset,73,1,70.0,4553.0,3290.0
27,max_power_bank_offset,74,1,70.0,4553.0,3291.2
27,max_power_bank_offset,75,1,70.0,4553.0,3291.2
27,max_power_bank_offset,76,1,70.0,4554.0,3290.4
27,max_power_bank_offset,77,1,71.0,4554.0,3290.4
27,max_power_bank_offset,78,1,70.0,4554.0,3288.8
27,max_power_bank_offset,79,1,70.0,4554.0,3288.8
27,max_power_bank_offset,80,1,70.0,4577.0,3273.2
27,max_power_bank_offset,81,1,70.0,4567.0,3285.6
27,max_power_bank_offset,82,1,70.0,4558.0,3284.0
27,max_power_bank_offset,83,1,70.0,4556.0,3283.6
27,max_power_bank_offset,84,1,70.0,4561.0,3285.2
27,max_power_bank_offset,85,1,70.0,4556.0,3288.8
27,max_power_bank_offset,86,1,70.0,4563.0,3283.6
27,max_power_bank_offset,87,1,70.0,4563.0,3282.4
27,max_power_bank_offset,88,1,70.0,4561.0,3283.6
27,max_power_bank_offset,89,1,70.0,4562.0,3282.4
27,max_power_bank_offset,90,1,70.0,4564.0,3280.4
27,max_power_bank_offset,0,2,62.0,1100.0,3191.6
27,max_power_bank_offset,1,2,70.0,4010.0,2904.0
27,max_power_bank_offset,2,2,70.0,4178.0,3098.4
27,max_power_bank_offset,3,2,70.0,4244.0,3168.8
27,max_power_bank_offset,4,2,70.0,4282.0,3197.6
27,max_power_bank_offset,5,2,70.0,4297.0,3215.6
27,max_power_bank_offset,6,2,71.0,4315.0,3223.2
27,max_power_bank_offset,7,2,70.0,4323.0,3236.8
27,max_power_bank_offset,8,2,70.0,4334.0,3241.6
27,max_power_bank_offset,9,2,70.0,4339.0,3246.0
27,max_power_bank_offset,10,2,70.0,4337.0,3256.4
27,max_power_bank_offset,11,2,70.0,4341.0,3258.8
27,max_power_bank_offset,12,2,70.0,4342.0,3262.8
27,max_power_bank_offset,13,2,70.0,4344.0,3265.2
27,max_power_bank_offset,14,2,70.0,4346.0,3267.2
27,max_power_bank_offset,15,2,70.0,4347.0,3268.4
27,max_power_bank_offset,16,2,70.0,4348.0,3272.4
27,max_power_bank_offset,17,2,70.0,4349.0,3270.8
27,max_power_bank_offset,18,2,70.0,4351.0,3274.8
27,max_power_bank_offset,19,2,70.0,4351.0,3274.8
27,max_power_bank_offset,20,2,70.0,4352.0,3278.8
27,max_power_bank_offset,21,2,70.0,4354.0,3278.0
27,max_power_bank_offset,22,2,70.0,4353.0,3278.4
27,max_power_bank_offset,23,2,70.0,4353.0,3283.2
27,max_power_bank_offset,24,2,70.0,4352.0,3284.4
27,max_power_bank_offset,25,2,70.0,4354.0,3284.4
27,max_power_bank_offset,26,2,70.0,4356.0,3284.0
27,max_power_bank_offset,27,2,70.0,4355.0,3284.4
27,max_power_bank_offset,28,2,70.0,4355.0,3289.6
27,max_power_bank_offset,29,2,70.0,4356.0,3288.8
27,max_power_bank_offset,30,2,70.0,4356.0,3289.2
27,max_power_bank_offset,31,2,70.0,4357.0,3288.4
27,max_power_bank_offset,32,2,70.0,4358.0,3287.2
27,max_power_bank_offset,33,2,70.0,4358.0,3287.2
27,max_power_bank_offset,34,2,70.0,4359.0,3286.8
27,max_power_bank_offset,35,2,70.0,4359.0,3290.8
27,max_power_bank_offset,36,2,70.0,4360.0,3290.4
27,max_power_bank_offset,37,2,70.0,4360.0,3290.0
27,max_power_bank_offset,38,2,70.0,4360.0,3290.4
27,max_power_bank_offset,39,2,70.0,4360.0,3290.8
27,max_power_bank_offset,40,2,70.0,4400.0,3281.2
27,max_power_bank_offset,41,2,70.0,4370.0,3302.8
27,max_power_bank_offset,42,2,70.0,4360.0,3300.8
27,max_power_bank_offset,43,2,70.0,4365.0,3296.4
27,max_power_bank_offset,44,2,70.0,4359.0,3302.8
27,max_power_bank_offset,45,2,70.0,4359.0,3307.2
27,max_power_bank_offset,46,2,70.0,4363.0,3305.6
27,max_power_bank_offset,47,2,70.0,4362.0,3307.6
27,max_power_bank_offset,48,2,70.0,4362.0,3307.6
27,max_power_bank_offset,49,2,70.0,4359.0,3308.0
27,max_power_bank_offset,50,2,70.0,4359.0,3308.4
27,max_power_bank_offset,51,2,71.0,4361.0,3307.6
27,max_power_bank_offset,52,2,70.0,4357.0,3310.0
27,max_power_bank_offset,53,2,70.0,4357.0,3308.4
27,max_power_bank_offset,54,2,70.0,4357.0,3309.2
27,max_power_bank_offset,55,2,70.0,4355.0,3310.4
27,max_power_bank_offset,56,2,70.0,4357.0,3309.6
27,max_power_bank_offset,57,2,70.0,4359.0,3308.8
27,max_power_bank_offset,58,2,70.0,4360.0,3307.6
27,max_power_bank_offset,59,2,70.0,4363.0,3306.4
27,max_power_bank_offset,60,2,70.0,4360.0,3307.6
27,max_power_bank_offset,61,2,70.0,4363.0,3305.6
27,max_power_bank_offset,62,2,70.0,4362.0,3306.8
27,max_power_bank_offset,63,2,70.0,4361.0,3307.2
27,max_power_bank_offset,64,2,70.0,4361.0,3307.6
27,max_power_bank_offset,65,2,70.0,4360.0,3308.4
27,max_power_bank_offset,66,2,70.0,4360.0,3308.8
27,max_power_bank_offset,67,2,70.0,4360.0,3308.8
27,max_power_bank_offset,68,2,70.0,4361.0,3308.4
27,max_power_bank_offset,69,2,70.0,4361.0,3308.8
27,max_power_bank_offset,70,2,70.0,4362.0,3308.0
27,max_power_bank_offset,71,2,70.0,4363.0,3307.2
27,max_power_bank_offset,72,2,70.0,4363.0,3307.6
27,max_power_bank_offset,73,2,70.0,4364.0,3306.8
27,max_power_bank_offset,74,2,70.0,4363.0,3307.6
27,max_power_bank_offset,75,2,70.0,4364.0,3307.2
27,max_power_bank_offset,76,2,70.0,4365.0,3306.0
27,max_power_bank_offset,77,2,70.0,4365.0,3306.4
27,max_power_bank_offset,78,2,70.0,4364.0,3306.4
27,max_power_bank_offset,79,2,70.0,4365.0,3306.4
27,max_power_bank_offset,80,2,70.0,4400.0,3288.4
27,max_power_bank_offset,81,2,71.0,4384.0,3292.0
27,max_power_bank_offset,82,2,70.0,4386.0,3286.8
27,max_power_bank_offset,83,2,71.0,4384.0,3288.4
27,max_power_bank_offset,84,2,70.0,4371.0,3299.2
27,max_power_bank_offset,85,2,70.0,4372.0,3300.0
27,max_power_bank_offset,86,2,70.0,4374.0,3300.8
27,max_power_bank_offset,87,2,70.0,4373.0,3300.8
27,max_power_bank_offset,88,2,70.0,4370.0,3304.4
27,max_power_bank_offset,89,2,70.0,4374.0,3302.8
27,max_power_bank_offset,90,2,70.0,4371.0,3301.2
27,max_power_bank_offset,0,3,63.0,1100.0,3266.4
27,max_power_bank_offset,1,3,70.0,4060.0,2857.6
27,max_power_bank_offset,2,3,70.0,4189.0,3082.4
27,max_power_bank_offset,3,3,70.0,4241.0,3162.4
27,max_power_bank_offset,4,3,70.0,4274.0,3191.6
27,max_power_bank_offset,5,3,70.0,4304.0,3208.0
27,max_power_bank_offset,6,3,70.0,4312.0,3226.8
27,max_power_bank_offset,7,3,70.0,4327.0,3233.6
27,max_power_bank_offset,8,3,70.0,4333.0,3237.6
27,max_power_bank_offset,9,3,70.0,4338.0,3241.2
27,max_power_bank_offset,10,3,70.0,4342.0,3250.8
27,max_power_bank_offset,11,3,70.0,4344.0,3256.0
27,max_power_bank_offset,12,3,70.0,4347.0,3258.0
27,max_power_bank_offset,13,3,70.0,4345.0,3264.0
27,max_power_bank_offset,14,3,70.0,4346.0,3268.8
27,max_power_bank_offset,15,3,71.0,4348.0,3266.0
27,max_power_bank_offset,16,3,70.0,4348.0,3271.6
27,max_power_bank_offset,17,3,71.0,4349.0,3270.8
27,max_power_bank_offset,18,3,70.0,4350.0,3274.8
27,max_power_bank_offset,19,3,70.0,4353.0,3272.4
27,max_power_bank_offset,20,3,70.0,4352.0,3278.4
27,max_power_bank_offset,21,3,70.0,4355.0,3276.8
27,max_power_bank_offset,22,3,70.0,4355.0,3277.6
27,max_power_bank_offset,23,3,70.0,4354.0,3282.8
27,max_power_bank_offset,24,3,70.0,4353.0,3282.4
27,max_power_bank_offset,25,3,70.0,4351.0,3282.4
27,max_power_bank_offset,26,3,70.0,4351.0,3282.4
27,max_power_bank_offset,27,3,70.0,4352.0,3280.4
27,max_power_bank_offset,28,3,70.0,4352.0,3285.2
27,max_power_bank_offset,29,3,70.0,4351.0,3285.6
27,max_power_bank_offset,30,3,70.0,4351.0,3285.2
27,max_power_bank_offset,31,3,70.0,4352.0,3284.8
27,max_power_bank_offset,32,3,70.0,4354.0,3284.4
27,max_power_bank_offset,33,3,70.0,4352.0,3286.0
27,max_power_bank_offset,34,3,71.0,4353.0,3285.2
27,max_power_bank_offset,35,3,70.0,4353.0,3289.6
27,max_power_bank_offset,36,3,70.0,4352.0,3290.0
27,max_power_bank_offset,37,3,70.0,4351.0,3290.0
27,max_power_bank_offset,38,3,70.0,4351.0,3290.0
27,max_power_bank_offset,39,3,70.0,4351.0,3290.4
27,max_power_bank_offset,40,3,70.0,4330.0,3317.6
27,max_power_bank_offset,41,3,70.0,4340.0,3310.4
27,max_power_bank_offset,42,3,70.0,4349.0,3308.4
27,max_power_bank_offset,43,3,70.0,4346.0,3306.8
27,max_power_bank_offset,44,3,70.0,4344.0,3309.2
27,max_power_bank_offset,45,3,70.0,4347.0,3313.6
27,max_power_bank_offset,46,3,70.0,4345.0,3316.8
27,max_power_bank_offset,47,3,70.0,4344.0,3315.6
27,max_power_bank_offset,48,3,70.0,4345.0,3314.8
27,max_power_bank_offset,49,3,70.0,4343.0,3315.6
27,max_power_bank_offset,50,3,70.0,4340.0,3317.2
27,max_power_bank_offset,51,3,70.0,4339.0,3318.0
27,max_power_bank_offset,52,3,70.0,4340.0,3316.0
27,max_power_bank_offset,53,3,70.0,4340.0,3315.6
27,max_power_bank_offset,54,3,70.0,4342.0,3314.4
27,max_power_bank_offset,55,3,70.0,4345.0,3313.6
27,max_power_bank_offset,56,3,70.0,4347.0,3313.2
27,max_power_bank_offset,57,3,70.0,4346.0,3314.0
27,max_power_bank_offset,58,3,70.0,4348.0,3313.2
27,max_power_bank_offset,59,3,70.0,4348.0,3313.2
27,max_power_bank_offset,60,3,70.0,4348.0,3312.4
27,max_power_bank_offset,61,3,70.0,4351.0,3310.0
27,max_power_bank_offset,62,3,70.0,4351.0,3310.4
27,max_power_bank_offset,63,3,70.0,4351.0,3311.2
27,max_power_bank_offset,64,3,70.0,4351.0,3310.8
27,max_power_bank_offset,65,3,70.0,4351.0,3310.4
27,max_power_bank_offset,66,3,70.0,4352.0,3310.0
27,max_power_bank_offset,67,3,70.0,4352.0,3310.0
27,max_power_bank_offset,68,3,70.0,4351.0,3310.4
27,max_power_bank_offset,69,3,70.0,4352.0,3310.0
27,max_power_bank_offset,70,3,70.0,4351.0,3310.0
27,max_power_bank_offset,71,3,70.0,4352.0,3310.0
27,max_power_bank_offset,72,3,70.0,4351.0,3310.4
27,max_power_bank_offset,73,3,70.0,4351.0,3310.0
27,max_power_bank_offset,74,3,70.0,4350.0,3310.0
27,max_power_bank_offset,75,3,70.0,4350.0,3310.0
27,max_power_bank_offset,76,3,70.0,4350.0,3310.0
27,max_power_bank_offset,77,3,70.0,4350.0,3310.0
27,max_power_bank_offset,78,3,70.0,4350.0,3310.4
27,max_power_bank_offset,79,3,70.0,4350.0,3310.4
27,max_power_bank_offset,80,3,70.0,4369.0,3292.8
27,max_power_bank_offset,81,3,71.0,4365.0,3289.6
27,max_power_bank_offset,82,3,71.0,4355.0,3300.0
27,max_power_bank_offset,83,3,70.0,4353.0,3304.8
27,max_power_bank_offset,84,3,70.0,4344.0,3312.0
27,max_power_bank_offset,85,3,70.0,4350.0,3309.6
27,max_power_bank_offset,86,3,70.0,4350.0,3313.2
27,max_power_bank_offset,87,3,70.0,4348.0,3311.6
27,max_power_bank_offset,88,3,71.0,4346.0,3311.6
27,max_power_bank_offset,89,3,70.0,4345.0,3310.0
27,max_power_bank_offset,90,3,70.0,4345.0,3309.2
28,max_power_bank_offset,0,0,55.0,900.0,3414.4
28,max_power_bank_offset,1,0,62.0,3980.0,3081.6
28,max_power_bank_offset,2,0,62.0,4145.0,3281.2
28,max_power_bank_offset,3,0,62.0,4193.0,3349.6
28,max_power_bank_offset,4,0,62.0,4223.0,3385.6
28,max_power_bank_offset,5,0,62.0,4246.0,3408.4
28,max_power_bank_offset,6,0,62.0,4257.0,3425.2
28,max_power_bank_offset,7,0,62.0,4260.0,3441.6
28,max_power_bank_offset,8,0,62.0,4264.0,3448.0
28,max_power_bank_offset,9,0,62.0,4270.0,3453.2
28,max_power_bank_offset,10,0,62.0,4276.0,3459.6
28,max_power_bank_offset,11,0,62.0,4278.0,3463.2
28,max_power_bank_offset,12,0,62.0,4279.0,3467.2
28,max_power_bank_offset,13,0,62.0,4281.0,3472.4
28,max_power_bank_offset,14,0,62.0,4286.0,3476.0
28,max_power_bank_offset,15,0,62.0,4291.0,3473.2
28,max_power_bank_offset,16,0,62.0,4290.0,3478.8
28,max_power_bank_offset,17,0,62.0,4292.0,3477.2
28,max_power_bank_offset,18,0,62.0,4293.0,3481.6
28,max_power_bank_offset,19,0,62.0,4294.0,3480.8
28,max_power_bank_offset,20,0,62.0,4297.0,3484.8
28,max_power_bank_offset,21,0,62.0,4300.0,3482.4
28,max_power_bank_offset,22,0,62.0,4302.0,3480.8
28,max_power_bank_offset,23,0,62.0,4302.0,3481.2
28,max_power_bank_offset,24,0,62.0,4304.0,3484.4
28,max_power_bank_offset,25,0,62.0,4306.0,3483.2
28,max_power_bank_offset,26,0,62.0,4307.0,3482.8
28,max_power_bank_offset,27,0,62.0,4306.0,3483.6
28,max_power_bank_offset,28,0,62.0,4305.0,3487.6
28,max_power_bank_offset,29,0,62.0,4306.0,3487.2
28,max_power_bank_offset,30,0,62.0,4305.0,3487.2
28,max_power_bank_offset,31,0,62.0,4306.0,3486.4
28,max_power_bank_offset,32,0,62.0,4307.0,3485.2
28,max_power_bank_offset,33,0,62.0,4309.0,3484.0
28,max_power_bank_offset,34,0,62.0,4310.0,3483.6
28,max_power_bank_offset,35,0,62.0,4311.0,3487.6
28,max_power_bank_offset,36,0,62.0,4311.0,3486.8
28,max_power_bank_offset,37,0,62.0,4310.0,3488.0
28,max_power_bank_offset,38,0,62.0,4311.0,3488.0
28,max_power_bank_offset,39,0,62.0,4312.0,3486.8
28,max_power_bank_offset,40,0,62.0,4320.0,3498.8
28,max_power_bank_offset,41,0,62.0,4315.0,3493.6
28,max_power_bank_offset,42,0,62.0,4320.0,3500.0
28,max_power_bank_offset,43,0,62.0,4320.0,3499.6
28,max_power_bank_offset,44,0,62.0,4312.0,3509.2
28,max_power_bank_offset,45,0,62.0,4313.0,3504.8
28,max_power_bank_offset,46,0,62.0,4314.0,3502.4
28,max_power_bank_offset,47,0,62.0,4314.0,3504.8
28,max_power_bank_offset,48,0,62.0,4314.0,3502.4
28,max_power_bank_offset,49,0,62.0,4318.0,3500.8
28,max_power_bank_offset,50,0,62.0,4323.0,3498.0
28,max_power_bank_offset,51,0,62.0,4327.0,3496.4
28,max_power_bank_offset,52,0,62.0,4328.0,3494.8
28,max_power_bank_offset,53,0,62.0,4328.0,3494.4
28,max_power_bank_offset,54,0,62.0,4328.0,3493.2
28,max_power_bank_offset,55,0,62.0,4326.0,3493.6
28,max_power_bank_offset,56,0,62.0,4324.0,3493.2
28,max_power_bank_offset,57,0,62.0,4323.0,3493.2
28,max_power_bank_offset,58,0,62.0,4323.0,3494.0
28,max_power_bank_offset,59,0,62.0,4327.0,3492.8
28,max_power_bank_offset,60,0,62.0,4328.0,3492.4
28,max_power_bank_offset,61,0,62.0,4328.0,3492.8
28,max_power_bank_offset,62,0,62.0,4328.0,3492.0
28,max_power_bank_offset,63,0,62.0,4327.0,3491.2
28,max_power_bank_offset,64,0,63.0,4327.0,3490.8
28,max_power_bank_offset,65,0,62.0,4326.0,3491.2
28,max_power_bank_offset,66,0,62.0,4326.0,3490.4
28,max_power_bank_offset,67,0,63.0,4327.0,3489.2
28,max_power_bank_offset,68,0,62.0,4325.0,3490.0
28,max_power_bank_offset,69,0,63.0,4326.0,3489.2
28,max_power_bank_offset,70,0,62.0,4325.0,3489.6
28,max_power_bank_offset,71,0,62.0,4325.0,3490.0
28,max_power_bank_offset,72,0,62.0,4325.0,3490.0
28,max_power_bank_offset,73,0,62.0,4325.0,3489.2
28,max_power_bank_offset,74,0,62.0,4325.0,3489.2
28,max_power_bank_offset,75,0,63.0,4325.0,3488.8
28,max_power_bank_offset,76,0,62.0,4326.0,3488.8
28,max_power_bank_offset,77,0,63.0,4327.0,3488.4
28,max_power_bank_offset,78,0,63.0,4328.0,3488.4
28,max_power_bank_offset,79,0,63.0,4327.0,3489.2
28,max_power_bank_offset,80,0,62.0,4310.0,3484.0
28,max_power_bank_offset,81,0,63.0,4319.0,3493.2
28,max_power_bank_offset,82,0,63.0,4313.0,3492.0
28,max_power_bank_offset,83,0,62.0,4315.0,3485.2
28,max_power_bank_offset,84,0,63.0,4328.0,3479.6
28,max_power_bank_offset,85,0,63.0,4332.0,3476.0
28,max_power_bank_offset,86,0,63.0,4335.0,3475.6
28,max_power_bank_offset,87,0,63.0,4332.0,3480.0
28,max_power_bank_offset,88,0,63.0,4334.0,3478.0
28,max_power_bank_offset,89,0,62.0,4333.0,3478.4
28,max_power_bank_offset,90,0,62.0,4332.0,3481.2
28,max_power_bank_offset,0,1,56.0,900.0,3322.8
28,max_power_bank_offset,1,1,62.0,3980.0,3078.4
28,max_power_bank_offset,2,1,62.0,4160.0,3276.8
28,max_power_bank_offset,3,1,63.0,4196.0,3346.0
28,max_power_bank_offset,4,1,63.0,4225.0,3383.2
28,max_power_bank_offset,5,1,63.0,4242.0,3410.4
28,max_power_bank_offset,6,1,63.0,4253.0,3424.4
28,max_power_bank_offset,7,1,63.0,4255.0,3432.4
28,max_power_bank_offset,8,1,62.0,4258.0,3439.6
28,max_power_bank_offset,9,1,63.0,4265.0,3444.0
28,max_power_bank_offset,10,1,63.0,4269.0,3448.0
28,max_power_bank_offset,11,1,63.0,4274.0,3455.2
28,max_power_bank_offset,12,1,63.0,4274.0,3461.2
28,max_power_bank_offset,13,1,63.0,4274.0,3460.0
28,max_power_bank_offset,14,1,63.0,4276.0,3462.4
28,max_power_bank_offset,15,1,63.0,4279.0,3464.8
28,max_power_bank_offset,16,1,62.0,4281.0,3464.8
28,max_power_bank_offset,17,1,63.0,4285.0,3467.2
28,max_power_bank_offset,18,1,63.0,4289.0,3464.8
28,max_power_bank_offset,19,1,63.0,4290.0,3469.2
28,max_power_bank_offset,20,1,63.0,4292.0,3467.6
28,max_power_bank_offset,21,1,63.0,4292.0,3467.2
28,max_power_bank_offset,22,1,63.0,4293.0,3468.8
28,max_power_bank_offset,23,1,63.0,4295.0,3466.8
28,max_power_bank_offset,24,1,63.0,4297.0,3466.4
28,max_power_bank_offset,25,1,63.0,4297.0,3466.0
28,max_power_bank_offset,26,1,63.0,4297.0,3470.4
28,max_power_bank_offset,27,1,63.0,4298.0,3469.6
28,max_power_bank_offset,28,1,63.0,4299.0,3469.6
28,max_power_bank_offset,29,1,63.0,4300.0,3468.8
28,max_power_bank_offset,30,1,63.0,4300.0,3469.2
28,max_power_bank_offset,31,1,63.0,4300.0,3469.2
28,max_power_bank_offset,32,1,63.0,4300.0,3474.0
28,max_power_bank_offset,33,1,63.0,4301.0,3473.6
28,max_power_bank_offset,34,1,63.0,4302.0,3472.4
28,max_power_bank_offset,35,1,63.0,4301.0,3472.8
28,max_power_bank_offset,36,1,63.0,4300.0,3473.2
28,max_power_bank_offset,37,1,63.0,4300.0,3473.2
28,max_power_bank_offset,38,1,63.0,4300.0,3472.8
28,max_power_bank_offset,39,1,63.0,4300.0,3476.4
28,max_power_bank_offset,40,1,63.0,4330.0,3466.0
28,max_power_bank_offset,41,1,63.0,4315.0,3488.8
28,max_power_bank_offset,42,1,63.0,4306.0,3491.6
28,max_power_bank_offset,43,1,63.0,4315.0,3493.2
28,max_power_bank_offset,44,1,63.0,4316.0,3497.2
28,max_power_bank_offset,45,1,63.0,4318.0,3495.2
28,max_power_bank_offset,46,1,63.0,4314.0,3496.4
28,max_power_bank_offset,47,1,63.0,4314.0,3497.6
28,max_power_bank_offset,48,1,63.0,4314.0,3500.8
28,max_power_bank_offset,49,1,63.0,4312.0,3497.2
28,max_power_bank_offset,50,1,63.0,4313.0,3497.6
28,max_power_bank_offset,51,1,63.0,4312.0,3499.2
28,max_power_bank_offset,52,1,63.0,4311.0,3499.6
28,max_power_bank_offset,53,1,63.0,4313.0,3497.2
28,max_power_bank_offset,54,1,63.0,4312.0,3497.2
28,max_power_bank_offset,55,1,63.0,4314.0,3494.8
28,max_power_bank_offset,56,1,63.0,4316.0,3494.0
28,max_power_bank_offset,57,1,63.0,4314.0,3501.2
28,max_power_bank_offset,58,1,63.0,4311.0,3503.2
28,max_power_bank_offset,59,1,63.0,4310.0,3502.0
28,max_power_bank_offset,60,1,63.0,4311.0,3501.2
28,max_power_bank_offset,61,1,63.0,4310.0,3502.0
28,max_power_bank_offset,62,1,63.0,4310.0,3502.4
28,max_power_bank_offset,63,1,63.0,4308.0,3504.0
28,max_power_bank_offset,64,1,63.0,4309.0,3503.6
28,max_power_bank_offset,65,1,63.0,4310.0,3503.2
28,max_power_bank_offset,66,1,63.0,4311.0,3503.2
28,max_power_bank_offset,67,1,63.0,4312.0,3506.8
28,max_power_bank_offset,68,1,63.0,4312.0,3506.4
28,max_power_bank_offset,69,1,63.0,4310.0,3507.6
28,max_power_bank_offset,70,1,63.0,4311.0,3507.2
28,max_power_bank_offset,71,1,63.0,4309.0,3508.0
28,max_power_bank_offset,72,1,63.0,4310.0,3507.2
28,max_power_bank_offset,73,1,63.0,4310.0,3506.4
28,max_power_bank_offset,74,1,63.0,4310.0,3506.4
28,max_power_bank_offset,75,1,63.0,4310.0,3506.8
28,max_power_bank_offset,76,1,63.0,4310.0,3505.6
28,max_power_bank_offset,77,1,63.0,4310.0,3505.6
28,max_power_bank_offset,78,1,63.0,4310.0,3505.6
28,max_power_bank_offset,79,1,63.0,4310.0,3505.2
28,max_power_bank_offset,80,1,63.0,4280.0,3535.6
28,max_power_bank_offset,81,1,63.0,4290.0,3531.2
28,max_power_bank_offset,82,1,63.0,4289.0,3531.6
28,max_power_bank_offset,83,1,63.0,4289.0,3532.0
28,max_power_bank_offset,84,1,63.0,4302.0,3526.8
28,max_power_bank_offset,85,1,63.0,4303.0,3523.6
28,max_power_bank_offset,86,1,63.0,4308.0,3520.0
28,max_power_bank_offset,87,1,63.0,4310.0,3518.4
28,max_power_bank_offset,88,1,63.0,4307.0,3520.4
28,max_power_bank_offset,89,1,63.0,4305.0,3518.4
28,max_power_bank_offset,90,1,63.0,4305.0,3514.4
28,max_power_bank_offset,0,2,56.0,1000.0,3399.2
28,max_power_bank_offset,1,2,63.0,3810.0,3036.4
28,max_power_bank_offset,2,2,63.0,3965.0,3262.8
28,max_power_bank_offset,3,2,63.0,4006.0,3345.2
28,max_power_bank_offset,4,2,63.0,4038.0,3378.4
28,max_power_bank_offset,5,2,63.0,4059.0,3398.8
28,max_power_bank_offset,6,2,63.0,4079.0,3402.0
28,max_power_bank_offset,7,2,63.0,4091.0,3414.4
28,max_power_bank_offset,8,2,63.0,4101.0,3422.8
28,max_power_bank_offset,9,2,63.0,4102.0,3432.8
28,max_power_bank_offset,10,2,63.0,4108.0,3434.0
28,max_power_bank_offset,11,2,63.0,4113.0,3437.2
28,max_power_bank_offset,12,2,63.0,4116.0,3439.6
28,max_power_bank_offset,13,2,63.0,4119.0,3443.2
28,max_power_bank_offset,14,2,63.0,4120.0,3446.0
28,max_power_bank_offset,15,2,63.0,4121.0,3446.4
28,max_power_bank_offset,16,2,63.0,4123.0,3450.0
28,max_power_bank_offset,17,2,63.0,4126.0,3452.8
28,max_power_bank_offset,18,2,63.0,4128.0,3452.4
28,max_power_bank_offset,19,2,63.0,4130.0,3457.2
28,max_power_bank_offset,20,2,63.0,4133.0,3456.8
28,max_power_bank_offset,21,2,63.0,4132.0,3462.4
28,max_power_bank_offset,22,2,63.0,4133.0,3460.8
28,max_power_bank_offset,23,2,63.0,4132.0,3465.2
28,max_power_bank_offset,24,2,63.0,4132.0,3464.4
28,max_power_bank_offset,25,2,63.0,4134.0,3463.2
28,max_power_bank_offset,26,2,63.0,4133.0,3463.6
28,max_power_bank_offset,27,2,63.0,4134.0,3467.6
28,max_power_bank_offset,28,2,63.0,4134.0,3467.2
28,max_power_bank_offset,29,2,63.0,4134.0,3467.6
28,max_power_bank_offset,30,2,63.0,4134.0,3466.4
28,max_power_bank_offset,31,2,63.0,4134.0,3471.2
28,max_power_bank_offset,32,2,63.0,4135.0,3470.0
28,max_power_bank_offset,33,2,63.0,4135.0,3469.6
28,max_power_bank_offset,34,2,63.0,4136.0,3469.2
28,max_power_bank_offset,35,2,63.0,4136.0,3470.0
28,max_power_bank_offset,36,2,63.0,4137.0,3469.6
28,max_power_bank_offset,37,2,63.0,4138.0,3473.2
28,max_power_bank_offset,38,2,63.0,4138.0,3472.8
28,max_power_bank_offset,39,2,63.0,4138.0,3472.4
28,max_power_bank_offset,40,2,63.0,4160.0,3474.8
28,max_power_bank_offset,41,2,63.0,4155.0,3473.6
28,max_power_bank_offset,42,2,63.0,4153.0,3482.4
28,max_power_bank_offset,43,2,63.0,4151.0,3482.4
28,max_power_bank_offset,44,2,63.0,4153.0,3482.4
28,max_power_bank_offset,45,2,63.0,4147.0,3484.4
28,max_power_bank_offset,46,2,63.0,4149.0,3487.6
28,max_power_bank_offset,47,2,63.0,4152.0,3486.0
28,max_power_bank_offset,48,2,63.0,4151.0,3486.4
28,max_power_bank_offset,49,2,63.0,4150.0,3489.6
28,max_power_bank_offset,50,2,63.0,4147.0,3492.4
28,max_power_bank_offset,51,2,63.0,4145.0,3499.2
28,max_power_bank_offset,52,2,63.0,4147.0,3498.4
28,max_power_bank_offset,53,2,63.0,4149.0,3494.8
28,max_power_bank_offset,54,2,63.0,4149.0,3494.8
28,max_power_bank_offset,55,2,63.0,4149.0,3494.4
28,max_power_bank_offset,56,2,63.0,4148.0,3495.2
28,max_power_bank_offset,57,2,63.0,4149.0,3495.2
28,max_power_bank_offset,58,2,63.0,4146.0,3497.6
28,max_power_bank_offset,59,2,63.0,4145.0,3498.8
28,max_power_bank_offset,60,2,63.0,4144.0,3500.0
28,max_power_bank_offset,61,2,63.0,4146.0,3498.4
28,max_power_bank_offset,62,2,63.0,4147.0,3498.0
28,max_power_bank_offset,63,2,63.0,4147.0,3498.4
28,max_power_bank_offset,64,2,63.0,4147.0,3498.4
28,max_power_bank_offset,65,2,63.0,4146.0,3499.2
28,max_power_bank_offset,66,2,63.0,4146.0,3499.6
28,max_power_bank_offset,67,2,63.0,4146.0,3498.4
28,max_power_bank_offset,68,2,63.0,4147.0,3496.8
28,max_power_bank_offset,69,2,63.0,4149.0,3496.4
28,max_power_bank_offset,70,2,63.0,4149.0,3496.8
28,max_power_bank_offset,71,2,63.0,4149.0,3497.2
28,max_power_bank_offset,72,2,63.0,4149.0,3497.2
28,max_power_bank_offset,73,2,63.0,4149.0,3497.2
28,max_power_bank_offset,74,2,63.0,4149.0,3497.6
28,max_power_bank_offset,75,2,63.0,4149.0,3497.6
28,max_power_bank_offset,76,2,63.0,4149.0,3498.0
28,max_power_bank_offset,77,2,63.0,4148.0,3498.8
28,max_power_bank_offset,78,2,63.0,4147.0,3499.2
28,max_power_bank_offset,79,2,63.0,4147.0,3499.2
28,max_power_bank_offset,80,2,63.0,4160.0,3477.6
28,max_power_bank_offset,81,2,64.0,4160.0,3505.2
28,max_power_bank_offset,82,2,64.0,4163.0,3509.2
28,max_power_bank_offset,83,2,64.0,4156.0,3505.2
28,max_power_bank_offset,84,2,63.0,4153.0,3510.0
28,max_power_bank_offset,85,2,63.0,4147.0,3510.4
28,max_power_bank_offset,86,2,63.0,4143.0,3514.0
28,max_power_bank_offset,87,2,63.0,4139.0,3517.2
28,max_power_bank_offset,88,2,64.0,4135.0,3520.0
28,max_power_bank_offset,89,2,63.0,4134.0,3518.8
28,max_power_bank_offset,90,2,63.0,4137.0,3517.6
28,max_power_bank_offset,0,3,57.0,950.0,3357.6
28,max_power_bank_offset,1,3,63.0,3830.0,3063.6
28,max_power_bank_offset,2,3,63.0,3947.0,3278.0
28,max_power_bank_offset,3,3,63.0,4000.0,3352.0
28,max_power_bank_offset,4,3,63.0,4025.0,3394.4
28,max_power_bank_offset,5,3,63.0,4040.0,3419.2
28,max_power_bank_offset,6,3,63.0,4055.0,3431.6
28,max_power_bank_offset,7,3,63.0,4069.0,3440.4
28,max_power_bank_offset,8,3,63.0,4078.0,3447.2
28,max_power_bank_offset,9,3,63.0,4080.0,3454.4
28,max_power_bank_offset,10,3,63.0,4084.0,3460.4
28,max_power_bank_offset,11,3,63.0,4086.0,3464.4
28,max_power_bank_offset,12,3,63.0,4089.0,3466.4
28,max_power_bank_offset,13,3,63.0,4094.0,3468.4
28,max_power_bank_offset,14,3,63.0,4097.0,3471.6
28,max_power_bank_offset,15,3,63.0,4099.0,3476.0
28,max_power_bank_offset,16,3,63.0,4101.0,3476.0
28,max_power_bank_offset,17,3,63.0,4104.0,3480.4
28,max_power_bank_offset,18,3,63.0,4105.0,3480.4
28,max_power_bank_offset,19,3,63.0,4106.0,3484.4
28,max_power_bank_offset,20,3,63.0,4107.0,3483.6
28,max_power_bank_offset,21,3,63.0,4106.0,3483.6
28,max_power_bank_offset,22,3,63.0,4108.0,3487.6
28,max_power_bank_offset,23,3,63.0,4111.0,3486.8
28,max_power_bank_offset,24,3,63.0,4111.0,3486.0
28,max_power_bank_offset,25,3,63.0,4111.0,3490.4
28,max_power_bank_offset,26,3,63.0,4112.0,3490.0
28,max_power_bank_offset,27,3,63.0,4112.0,3490.8
28,max_power_bank_offset,28,3,63.0,4112.0,3490.8
28,max_power_bank_offset,29,3,63.0,4112.0,3490.8
28,max_power_bank_offset,30,3,63.0,4113.0,3495.2
28,max_power_bank_offset,31,3,64.0,4113.0,3496.0
28,max_power_bank_offset,32,3,64.0,4113.0,3495.6
28,max_power_bank_offset,33,3,63.0,4113.0,3495.2
28,max_power_bank_offset,34,3,63.0,4114.0,3494.8
28,max_power_bank_offset,35,3,64.0,4114.0,3494.8
28,max_power_bank_offset,36,3,63.0,4115.0,3499.6
28,max_power_bank_offset,37,3,63.0,4115.0,3499.6
28,max_power_bank_offset,38,3,64.0,4116.0,3498.8
28,max_power_bank_offset,39,3,64.0,4117.0,3498.4
28,max_power_bank_offset,40,3,63.0,4160.0,3500.8
28,max_power_bank_offset,41,3,63.0,4145.0,3508.0
28,max_power_bank_offset,42,3,64.0,4156.0,3506.0
28,max_power_bank_offset,43,3,63.0,4152.0,3508.8
28,max_power_bank_offset,44,3,64.0,4144.0,3513.2
28,max_power_bank_offset,45,3,63.0,4144.0,3504.8
28,max_power_bank_offset,46,3,63.0,4143.0,3506.4
28,max_power_bank_offset,47,3,63.0,4143.0,3507.2
28,max_power_bank_offset,48,3,64.0,4142.0,3504.0
28,max_power_bank_offset,49,3,63.0,4140.0,3505.2
28,max_power_bank_offset,50,3,63.0,4144.0,3503.2
28,max_power_bank_offset,51,3,63.0,4143.0,3505.2
28,max_power_bank_offset,52,3,64.0,4141.0,3507.6
28,max_power_bank_offset,53,3,63.0,4143.0,3505.6
28,max_power_bank_offset,54,3,63.0,4143.0,3504.8
28,max_power_bank_offset,55,3,63.0,4142.0,3504.4
28,max_power_bank_offset,56,3,63.0,4142.0,3504.4
28,max_power_bank_offset,57,3,64.0,4141.0,3504.4
28,max_power_bank_offset,58,3,63.0,4140.0,3503.6
28,max_power_bank_offset,59,3,63.0,4140.0,3503.2
28,max_power_bank_offset,60,3,64.0,4140.0,3502.0
28,max_power_bank_offset,61,3,63.0,4139.0,3502.0
28,max_power_bank_offset,62,3,64.0,4139.0,3500.8
28,max_power_bank_offset,63,3,63.0,4138.0,3500.4
28,max_power_bank_offset,64,3,64.0,4137.0,3500.0
28,max_power_bank_offset,65,3,63.0,4137.0,3500.0
28,max_power_bank_offset,66,3,63.0,4137.0,3500.4
28,max_power_bank_offset,67,3,63.0,4136.0,3501.2
28,max_power_bank_offset,68,3,64.0,4136.0,3500.4
28,max_power_bank_offset,69,3,63.0,4135.0,3501.2
28,max_power_bank_offset,70,3,64.0,4134.0,3501.2
28,max_power_bank_offset,71,3,63.0,4134.0,3500.8
28,max_power_bank_offset,72,3,63.0,4133.0,3501.2
28,max_power_bank_offset,73,3,64.0,4134.0,3500.0
28,max_power_bank_offset,74,3,63.0,4134.0,3500.4
28,max_power_bank_offset,75,3,64.0,4135.0,3500.0
28,max_power_bank_offset,76,3,63.0,4136.0,3499.2
28,max_power_bank_offset,77,3,64.0,4136.0,3498.8
28,max_power_bank_offset,78,3,64.0,4136.0,3498.8
28,max_power_bank_offset,79,3,63.0,4136.0,3496.8
28,max_power_bank_offset,80,3,64.0,4090.0,3528.0
28,max_power_bank_offset,81,3,64.0,4100.0,3519.6
28,max_power_bank_offset,82,3,64.0,4117.0,3506.0
28,max_power_bank_offset,83,3,64.0,4125.0,3498.4
28,max_power_bank_offset,84,3,64.0,4140.0,3487.2
28,max_power_bank_offset,85,3,64.0,4137.0,3487.6
28,max_power_bank_offset,86,3,64.0,4135.0,3492.0
28,max_power_bank_offset,87,3,63.0,4134.0,3492.8
28,max_power_bank_offset,88,3,64.0,4135.0,3493.2
28,max_power_bank_offset,89,3,64.0,4132.0,3492.4
28,max_power_bank_offset,90,3,64.0,4134.0,3491.6
29,max_power_bank_offset,0,0,58.0,937.0,3388.0
29,max_power_bank_offset,1,0,65.0,4010.0,3072.4
29,max_power_bank_offset,2,0,65.0,4152.0,3282.8
29,max_power_bank_offset,3,0,65.0,4210.0,3360.0
29,max_power_bank_offset,4,0,65.0,4238.0,3398.0
29,max_power_bank_offset,5,0,65.0,4255.0,3420.4
29,max_power_bank_offset,6,0,65.0,4268.0,3433.2
29,max_power_bank_offset,7,0,66.0,4274.0,3449.6
29,max_power_bank_offset,8,0,66.0,4285.0,3454.8
29,max_power_bank_offset,9,0,66.0,4290.0,3461.6
29,max_power_bank_offset,10,0,65.0,4295.0,3462.4
29,max_power_bank_offset,11,0,65.0,4296.0,3468.4
29,max_power_bank_offset,12,0,66.0,4299.0,3470.8
29,max_power_bank_offset,13,0,66.0,4303.0,3472.4
29,max_power_bank_offset,14,0,66.0,4304.0,3476.4
29,max_power_bank_offset,15,0,66.0,4304.0,3480.8
29,max_power_bank_offset,16,0,66.0,4306.0,3478.0
29,max_power_bank_offset,17,0,66.0,4309.0,3480.8
29,max_power_bank_offset,18,0,66.0,4313.0,3478.0
29,max_power_bank_offset,19,0,66.0,4314.0,3482.4
29,max_power_bank_offset,20,0,65.0,4315.0,3483.2
29,max_power_bank_offset,21,0,66.0,4316.0,3480.8
29,max_power_bank_offset,22,0,66.0,4316.0,3480.4
29,max_power_bank_offset,23,0,66.0,4315.0,3485.2
29,max_power_bank_offset,24,0,66.0,4314.0,3484.8
29,max_power_bank_offset,25,0,66.0,4313.0,3485.2
29,max_power_bank_offset,26,0,66.0,4311.0,3486.0
29,max_power_bank_offset,27,0,66.0,4311.0,3490.8
29,max_power_bank_offset,28,0,66.0,4311.0,3490.4
29,max_power_bank_offset,29,0,65.0,4313.0,3488.8
29,max_power_bank_offset,30,0,66.0,4314.0,3488.4
29,max_power_bank_offset,31,0,65.0,4313.0,3488.4
29,max_power_bank_offset,32,0,66.0,4313.0,3487.6
29,max_power_bank_offset,33,0,66.0,4314.0,3487.2
29,max_power_bank_offset,34,0,66.0,4316.0,3491.6
29,max_power_bank_offset,35,0,66.0,4314.0,3492.4
29,max_power_bank_offset,36,0,66.0,4315.0,3492.0
29,max_power_bank_offset,37,0,66.0,4315.0,3491.6
29,max_power_bank_offset,38,0,66.0,4315.0,3491.6
29,max_power_bank_offset,39,0,66.0,4315.0,3491.6
29,max_power_bank_offset,40,0,66.0,4290.0,3520.8
29,max_power_bank_offset,41,0,66.0,4315.0,3514.0
29,max_power_bank_offset,42,0,66.0,4313.0,3509.2
29,max_power_bank_offset,43,0,66.0,4325.0,3504.8
29,max_power_bank_offset,44,0,66.0,4326.0,3499.6
29,max_power_bank_offset,45,0,66.0,4323.0,3502.8
29,max_power_bank_offset,46,0,66.0,4326.0,3500.0
29,max_power_bank_offset,47,0,66.0,4326.0,3500.4
29,max_power_bank_offset,48,0,66.0,4326.0,3500.0
29,max_power_bank_offset,49,0,66.0,4329.0,3498.8
29,max_power_bank_offset,50,0,66.0,4327.0,3498.0
29,max_power_bank_offset,51,0,66.0,4326.0,3498.4
29,max_power_bank_offset,52,0,66.0,4329.0,3497.6
29,max_power_bank_offset,53,0,66.0,4330.0,3496.8
29,max_power_bank_offset,54,0,66.0,4332.0,3497.2
29,max_power_bank_offset,55,0,66.0,4333.0,3496.4
29,max_power_bank_offset,56,0,66.0,4332.0,3497.2
29,max_power_bank_offset,57,0,66.0,4331.0,3498.0
29,max_power_bank_offset,58,0,66.0,4332.0,3497.6
29,max_power_bank_offset,59,0,66.0,4333.0,3498.0
29,max_power_bank_offset,60,0,66.0,4334.0,3498.0
29,max_power_bank_offset,61,0,66.0,4333.0,3499.6
29,max_power_bank_offset,62,0,66.0,4331.0,3500.4
29,max_power_bank_offset,63,0,66.0,4330.0,3501.2
29,max_power_bank_offset,64,0,66.0,4329.0,3502.0
29,max_power_bank_offset,65,0,66.0,4329.0,3502.0
29,max_power_bank_offset,66,0,66.0,4329.0,3501.6
29,max_power_bank_offset,67,0,66.0,4328.0,3500.8
29,max_power_bank_offset,68,0,66.0,4329.0,3500.0
29,max_power_bank_offset,69,0,66.0,4329.0,3499.6
29,max_power_bank_offset,70,0,66.0,4330.0,3499.6
29,max_power_bank_offset,71,0,66.0,4330.0,3500.0
29,max_power_bank_offset,72,0,66.0,4330.0,3499.6
29,max_power_bank_offset,73,0,66.0,4330.0,3499.6
29,max_power_bank_offset,74,0,66.0,4331.0,3499.6
29,max_power_bank_offset,75,0,66.0,4331.0,3499.2
29,max_power_bank_offset,76,0,66.0,4331.0,3499.2
29,max_power_bank_offset,77,0,66.0,4330.0,3498.8
29,max_power_bank_offset,78,0,66.0,4330.0,3500.0
29,max_power_bank_offset,79,0,66.0,4330.0,3500.4
29,max_power_bank_offset,80,0,66.0,4330.0,3510.4
29,max_power_bank_offset,81,0,66.0,4347.0,3501.2
29,max_power_bank_offset,82,0,66.0,4341.0,3506.4
29,max_power_bank_offset,83,0,66.0,4341.0,3500.0
29,max_power_bank_offset,84,0,66.0,4334.0,3499.2
29,max_power_bank_offset,85,0,66.0,4331.0,3502.8
29,max_power_bank_offset,86,0,66.0,4329.0,3500.4
29,max_power_bank_offset,87,0,66.0,4329.0,3500.0
29,max_power_bank_offset,88,0,66.0,4327.0,3501.6
29,max_power_bank_offset,89,0,66.0,4325.0,3502.8
29,max_power_bank_offset,90,0,66.0,4325.0,3501.2
29,max_power_bank_offset,0,1,58.0,1000.0,3396.8
29,max_power_bank_offset,1,1,65.0,4010.0,3131.2
29,max_power_bank_offset,2,1,66.0,4165.0,3311.2
29,max_power_bank_offset,3,1,66.0,4220.0,3364.8
29,max_power_bank_offset,4,1,66.0,4253.0,3398.4
29,max_power_bank_offset,5,1,66.0,4269.0,3418.4
29,max_power_bank_offset,6,1,66.0,4272.0,3432.4
29,max_power_bank_offset,7,1,66.0,4280.0,3438.4
29,max_power_bank_offset,8,1,66.0,4287.0,3444.8
29,max_power_bank_offset,9,1,66.0,4290.0,3452.8
29,max_power_bank_offset,10,1,66.0,4291.0,3458.0
29,max_power_bank_offset,11,1,66.0,4294.0,3460.0
29,max_power_bank_offset,12,1,66.0,4296.0,3463.6
29,max_power_bank_offset,13,1,66.0,4296.0,3466.8
29,max_power_bank_offset,14,1,66.0,4297.0,3471.2
29,max_power_bank_offset,15,1,66.0,4299.0,3470.4
29,max_power_bank_offset,16,1,66.0,4302.0,3472.0
29,max_power_bank_offset,17,1,66.0,4302.0,3472.0
29,max_power_bank_offset,18,1,66.0,4305.0,3475.2
29,max_power_bank_offset,19,1,66.0,4306.0,3474.4
29,max_power_bank_offset,20,1,66.0,4311.0,3473.6
29,max_power_bank_offset,21,1,66.0,4315.0,3476.8
29,max_power_bank_offset,22,1,66.0,4317.0,3476.4
29,max_power_bank_offset,23,1,66.0,4319.0,3474.4
29,max_power_bank_offset,24,1,66.0,4320.0,3474.0
29,max_power_bank_offset,25,1,66.0,4320.0,3478.0
29,max_power_bank_offset,26,1,66.0,4318.0,3477.6
29,max_power_bank_offset,27,1,66.0,4318.0,3477.6
29,max_power_bank_offset,28,1,66.0,4320.0,3477.2
29,max_power_bank_offset,29,1,66.0,4321.0,3476.0
29,max_power_bank_offset,30,1,66.0,4320.0,3476.4
29,max_power_bank_offset,31,1,66.0,4321.0,3480.8
29,max_power_bank_offset,32,1,66.0,4322.0,3480.4
29,max_power_bank_offset,33,1,66.0,4324.0,3478.8
29,max_power_bank_offset,34,1,66.0,4324.0,3478.4
29,max_power_bank_offset,35,1,66.0,4324.0,3478.4
29,max_power_bank_offset,36,1,66.0,4324.0,3478.4
29,max_power_bank_offset,37,1,66.0,4324.0,3478.0
29,max_power_bank_offset,38,1,66.0,4324.0,3477.6
29,max_power_bank_offset,39,1,66.0,4324.0,3476.8
29,max_power_bank_offset,40,1,66.0,4320.0,3505.6
29,max_power_bank_offset,41,1,66.0,4309.0,3502.4
29,max_power_bank_offset,42,1,66.0,4313.0,3498.8
29,max_power_bank_offset,43,1,66.0,4323.0,3494.0
29,max_power_bank_offset,44,1,66.0,4322.0,3496.4
29,max_power_bank_offset,45,1,66.0,4322.0,3498.8
29,max_power_bank_offset,46,1,66.0,4325.0,3498.0
29,max_power_bank_offset,47,1,66.0,4326.0,3499.2
29,max_power_bank_offset,48,1,66.0,4326.0,3496.0
29,max_power_bank_offset,49,1,66.0,4327.0,3494.4
29,max_power_bank_offset,50,1,66.0,4332.0,3492.0
29,max_power_bank_offset,51,1,66.0,4332.0,3490.0
29,max_power_bank_offset,52,1,66.0,4331.0,3491.2
29,max_power_bank_offset,53,1,66.0,4335.0,3490.4
29,max_power_bank_offset,54,1,66.0,4333.0,3492.0
29,max_power_bank_offset,55,1,66.0,4333.0,3492.0
29,max_power_bank_offset,56,1,66.0,4333.0,3492.8
29,max_power_bank_offset,57,1,66.0,4335.0,3491.2
29,max_power_bank_offset,58,1,66.0,4333.0,3491.6
29,max_power_bank_offset,59,1,66.0,4334.0,3490.4
29,max_power_bank_offset,60,1,66.0,4332.0,3491.6
29,max_power_bank_offset,61,1,66.0,4332.0,3491.6
29,max_power_bank_offset,62,1,66.0,4333.0,3490.8
29,max_power_bank_offset,63,1,66.0,4331.0,3490.8
29,max_power_bank_offset,64,1,66.0,4331.0,3490.4
29,max_power_bank_offset,65,1,66.0,4331.0,3490.4
29,max_power_bank_offset,66,1,66.0,4330.0,3490.0
29,max_power_bank_offset,67,1,66.0,4330.0,3490.0
29,max_power_bank_offset,68,1,66.0,4330.0,3490.4
29,max_power_bank_offset,69,1,66.0,4331.0,3494.8
29,max_power_bank_offset,70,1,66.0,4330.0,3495.6
29,max_power_bank_offset,71,1,66.0,4330.0,3494.0
29,max_power_bank_offset,72,1,66.0,4330.0,3494.4
29,max_power_bank_offset,73,1,66.0,4329.0,3494.4
29,max_power_bank_offset,74,1,66.0,4329.0,3494.0
29,max_power_bank_offset,75,1,66.0,4330.0,3493.6
29,max_power_bank_offset,76,1,66.0,4331.0,3494.0
29,max_power_bank_offset,77,1,66.0,4330.0,3493.6
29,max_power_bank_offset,78,1,66.0,4330.0,3493.2
29,max_power_bank_offset,79,1,66.0,4329.0,3492.8
29,max_power_bank_offset,80,1,66.0,4350.0,3494.4
29,max_power_bank_offset,81,1,66.0,4339.0,3511.2
29,max_power_bank_offset,82,1,66.0,4337.0,3508.0
29,max_power_bank_offset,83,1,66.0,4343.0,3510.0
29,max_power_bank_offset,84,1,66.0,4340.0,3510.8
29,max_power_bank_offset,85,1,66.0,4340.0,3509.2
29,max_power_bank_offset,86,1,66.0,4341.0,3505.2
29,max_power_bank_offset,87,1,66.0,4338.0,3505.2
29,max_power_bank_offset,88,1,66.0,4336.0,3506.4
29,max_power_bank_offset,89,1,66.0,4337.0,3504.4
29,max_power_bank_offset,90,1,66.0,4337.0,3506.8
29,max_power_bank_offset,0,2,58.0,912.0,3405.2
29,max_power_bank_offset,1,2,66.0,4110.0,2931.6
29,max_power_bank_offset,2,2,66.0,4144.0,3215.2
29,max_power_bank_offset,3,2,66.0,4148.0,3305.2
29,max_power_bank_offset,4,2,66.0,4146.0,3354.4
29,max_power_bank_offset,5,2,66.0,4146.0,3385.6
29,max_power_bank_offset,6,2,66.0,4149.0,3398.0
29,max_power_bank_offset,7,2,66.0,4149.0,3406.8
29,max_power_bank_offset,8,2,66.0,4153.0,3417.6
29,max_power_bank_offset,9,2,66.0,4154.0,3420.0
29,max_power_bank_offset,10,2,66.0,4155.0,3427.6
29,max_power_bank_offset,11,2,66.0,4153.0,3431.6
29,max_power_bank_offset,12,2,66.0,4152.0,3437.2
29,max_power_bank_offset,13,2,66.0,4152.0,3443.6
29,max_power_bank_offset,14,2,66.0,4154.0,3441.6
29,max_power_bank_offset,15,2,66.0,4154.0,3448.4
29,max_power_bank_offset,16,2,66.0,4151.0,3453.6
29,max_power_bank_offset,17,2,66.0,4150.0,3455.6
29,max_power_bank_offset,18,2,66.0,4151.0,3456.0
29,max_power_bank_offset,19,2,66.0,4151.0,3460.0
29,max_power_bank_offset,20,2,66.0,4149.0,3461.6
29,max_power_bank_offset,21,2,66.0,4151.0,3460.4
29,max_power_bank_offset,22,2,66.0,4149.0,3463.6
29,max_power_bank_offset,23,2,66.0,4151.0,3462.4
29,max_power_bank_offset,24,2,66.0,4152.0,3461.6
29,max_power_bank_offset,25,2,66.0,4152.0,3461.2
29,max_power_bank_offset,26,2,66.0,4153.0,3466.0
29,max_power_bank_offset,27,2,66.0,4153.0,3466.8
29,max_power_bank_offset,28,2,66.0,4152.0,3468.0
29,max_power_bank_offset,29,2,66.0,4153.0,3467.2
29,max_power_bank_offset,30,2,66.0,4153.0,3468.0
29,max_power_bank_offset,31,2,66.0,4153.0,3468.0
29,max_power_bank_offset,32,2,66.0,4154.0,3472.8
29,max_power_bank_offset,33,2,66.0,4154.0,3472.8
29,max_power_bank_offset,34,2,66.0,4154.0,3472.8
29,max_power_bank_offset,35,2,66.0,4155.0,3472.8
29,max_power_bank_offset,36,2,66.0,4155.0,3472.8
29,max_power_bank_offset,37,2,66.0,4155.0,3472.4
29,max_power_bank_offset,38,2,66.0,4154.0,3472.4
29,max_power_bank_offset,39,2,66.0,4155.0,3470.8
29,max_power_bank_offset,40,2,66.0,4140.0,3498.0
29,max_power_bank_offset,41,2,66.0,4155.0,3502.8
29,max_power_bank_offset,42,2,66.0,4162.0,3497.2
29,max_power_bank_offset,43,2,66.0,4148.0,3500.0
29,max_power_bank_offset,44,2,66.0,4148.0,3502.0
29,max_power_bank_offset,45,2,66.0,4155.0,3497.6
29,max_power_bank_offset,46,2,66.0,4157.0,3498.8
29,max_power_bank_offset,47,2,66.0,4153.0,3499.2
29,max_power_bank_offset,48,2,66.0,4156.0,3495.2
29,max_power_bank_offset,49,2,66.0,4158.0,3495.6
29,max_power_bank_offset,50,2,66.0,4160.0,3493.6
29,max_power_bank_offset,51,2,66.0,4157.0,3494.8
29,max_power_bank_offset,52,2,66.0,4155.0,3494.8
29,max_power_bank_offset,53,2,66.0,4158.0,3494.4
29,max_power_bank_offset,54,2,66.0,4157.0,3493.6
29,max_power_bank_offset,55,2,66.0,4157.0,3493.6
29,max_power_bank_offset,56,2,66.0,4156.0,3491.2
29,max_power_bank_offset,57,2,66.0,4158.0,3490.8
29,max_power_bank_offset,58,2,66.0,4157.0,3492.0
29,max_power_bank_offset,59,2,66.0,4156.0,3493.6
29,max_power_bank_offset,60,2,66.0,4157.0,3493.6
29,max_power_bank_offset,61,2,66.0,4158.0,3491.6
29,max_power_bank_offset,62,2,66.0,4158.0,3491.6
29,max_power_bank_offset,63,2,66.0,4160.0,3490.0
29,max_power_bank_offset,64,2,66.0,4161.0,3489.6
29,max_power_bank_offset,65,2,66.0,4161.0,3488.8
29,max_power_bank_offset,66,2,66.0,4163.0,3489.6
29,max_power_bank_offset,67,2,66.0,4163.0,3488.8
29,max_power_bank_offset,68,2,66.0,4162.0,3488.8
29,max_power_bank_offset,69,2,66.0,4163.0,3488.4
29,max_power_bank_offset,70,2,66.0,4163.0,3488.8
29,max_power_bank_offset,71,2,66.0,4164.0,3488.4
29,max_power_bank_offset,72,2,66.0,4164.0,3489.2
29,max_power_bank_offset,73,2,66.0,4164.0,3488.4
29,max_power_bank_offset,74,2,66.0,4164.0,3487.6
29,max_power_bank_offset,75,2,66.0,4164.0,3488.0
29,max_power_bank_offset,76,2,66.0,4165.0,3487.2
29,max_power_bank_offset,77,2,66.0,4165.0,3486.8
29,max_power_bank_offset,78,2,66.0,4164.0,3487.2
29,max_power_bank_offset,79,2,66.0,4163.0,3487.6
29,max_power_bank_offset,80,2,66.0,4176.0,3500.4
29,max_power_bank_offset,81,2,66.0,4173.0,3495.2
29,max_power_bank_offset,82,2,66.0,4175.0,3495.2
29,max_power_bank_offset,83,2,66.0,4176.0,3501.2
29,max_power_bank_offset,84,2,66.0,4170.0,3498.4
29,max_power_bank_offset,85,2,66.0,4168.0,3490.8
29,max_power_bank_offset,86,2,66.0,4167.0,3490.4
29,max_power_bank_offset,87,2,66.0,4167.0,3487.6
29,max_power_bank_offset,88,2,66.0,4164.0,3489.6
29,max_power_bank_offset,89,2,66.0,4165.0,3486.0
29,max_power_bank_offset,90,2,66.0,4163.0,3487.2
29,max_power_bank_offset,0,3,58.0,1000.0,3346.0
29,max_power_bank_offset,1,3,66.0,3870.0,3082.8
29,max_power_bank_offset,2,3,66.0,4010.0,3274.8
29,max_power_bank_offset,3,3,66.0,4048.0,3353.2
29,max_power_bank_offset,4,3,66.0,4071.0,3390.4
29,max_power_bank_offset,5,3,66.0,4085.0,3417.2
29,max_power_bank_offset,6,3,66.0,4098.0,3417.2
29,max_power_bank_offset,7,3,66.0,4101.0,3433.6
29,max_power_bank_offset,8,3,66.0,4103.0,3438.8
29,max_power_bank_offset,9,3,66.0,4110.0,3446.4
29,max_power_bank_offset,10,3,66.0,4109.0,3450.8
29,max_power_bank_offset,11,3,66.0,4114.0,3450.4
29,max_power_bank_offset,12,3,66.0,4116.0,3455.2
29,max_power_bank_offset,13,3,66.0,4119.0,3458.4
29,max_power_bank_offset,14,3,66.0,4119.0,3463.2
29,max_power_bank_offset,15,3,66.0,4120.0,3464.0
29,max_power_bank_offset,16,3,66.0,4122.0,3467.2
29,max_power_bank_offset,17,3,66.0,4122.0,3466.8
29,max_power_bank_offset,18,3,66.0,4122.0,3472.0
29,max_power_bank_offset,19,3,66.0,4123.0,3470.8
29,max_power_bank_offset,20,3,66.0,4126.0,3470.0
29,max_power_bank_offset,21,3,66.0,4130.0,3472.8
29,max_power_bank_offset,22,3,66.0,4130.0,3471.6
29,max_power_bank_offset,23,3,66.0,4129.0,3471.6
29,max_power_bank_offset,24,3,66.0,4132.0,3470.8
29,max_power_bank_offset,25,3,66.0,4134.0,3470.0
29,max_power_bank_offset,26,3,66.0,4133.0,3475.6
29,max_power_bank_offset,27,3,66.0,4133.0,3474.8
29,max_power_bank_offset,28,3,66.0,4132.0,3475.6
29,max_power_bank_offset,29,3,66.0,4132.0,3475.2
29,max_power_bank_offset,30,3,66.0,4133.0,3474.8
29,max_power_bank_offset,31,3,66.0,4133.0,3474.8
29,max_power_bank_offset,32,3,66.0,4133.0,3479.2
29,max_power_bank_offset,33,3,66.0,4133.0,3479.6
29,max_power_bank_offset,34,3,66.0,4134.0,3479.2
29,max_power_bank_offset,35,3,66.0,4135.0,3478.8
29,max_power_bank_offset,36,3,66.0,4135.0,3479.2
29,max_power_bank_offset,37,3,66.0,4134.0,3482.0
29,max_power_bank_offset,38,3,66.0,4134.0,3482.0
29,max_power_bank_offset,39,3,66.0,4133.0,3483.2
29,max_power_bank_offset,40,3,66.0,4150.0,3492.8
29,max_power_bank_offset,41,3,66.0,4150.0,3494.8
29,max_power_bank_offset,42,3,66.0,4134.0,3508.8
29,max_power_bank_offset,43,3,66.0,4130.0,3507.6
29,max_power_bank_offset,44,3,66.0,4128.0,3508.4
29,max_power_bank_offset,45,3,66.0,4123.0,3505.6
29,max_power_bank_offset,46,3,66.0,4130.0,3500.0
29,max_power_bank_offset,47,3,66.0,4134.0,3499.2
29,max_power_bank_offset,48,3,66.0,4132.0,3503.6
29,max_power_bank_offset,49,3,66.0,4134.0,3503.2
29,max_power_bank_offset,50,3,66.0,4133.0,3503.2
29,max_power_bank_offset,51,3,66.0,4132.0,3504.8
29,max_power_bank_offset,52,3,66.0,4129.0,3503.2
29,max_power_bank_offset,53,3,66.0,4131.0,3501.6
29,max_power_bank_offset,54,3,66.0,4132.0,3502.8
29,max_power_bank_offset,55,3,66.0,4132.0,3503.6
29,max_power_bank_offset,56,3,66.0,4133.0,3502.0
29,max_power_bank_offset,57,3,66.0,4132.0,3501.6
29,max_power_bank_offset,58,3,66.0,4133.0,3501.6
29,max_power_bank_offset,59,3,66.0,4134.0,3501.6
29,max_power_bank_offset,60,3,66.0,4135.0,3501.6
29,max_power_bank_offset,61,3,66.0,4134.0,3501.6
29,max_power_bank_offset,62,3,66.0,4137.0,3500.8
29,max_power_bank_offset,63,3,66.0,4137.0,3501.2
29,max_power_bank_offset,64,3,66.0,4136.0,3502.0
29,max_power_bank_offset,65,3,66.0,4135.0,3502.8
29,max_power_bank_offset,66,3,66.0,4135.0,3503.2
29,max_power_bank_offset,67,3,66.0,4135.0,3502.0
29,max_power_bank_offset,68,3,66.0,4134.0,3502.4
29,max_power_bank_offset,69,3,66.0,4132.0,3503.6
29,max_power_bank_offset,70,3,66.0,4133.0,3502.8
29,max_power_bank_offset,71,3,66.0,4133.0,3502.4
29,max_power_bank_offset,72,3,66.0,4133.0,3502.0
29,max_power_bank_offset,73,3,66.0,4133.0,3502.8
29,max_power_bank_offset,74,3,66.0,4132.0,3503.2
29,max_power_bank_offset,75,3,66.0,4132.0,3503.6
29,max_power_bank_offset,76,3,66.0,4131.0,3504.4
29,max_power_bank_offset,77,3,66.0,4132.0,3503.6
29,max_power_bank_offset,78,3,66.0,4133.0,3502.8
29,max_power_bank_offset,79,3,66.0,4133.0,3502.8
29,max_power_bank_offset,80,3,66.0,4130.0,3538.8
29,max_power_bank_offset,81,3,66.0,4139.0,3525.2
29,max_power_bank_offset,82,3,66.0,4144.0,3512.8
29,max_power_bank_offset,83,3,66.0,4151.0,3505.6
29,max_power_bank_offset,84,3,66.0,4153.0,3503.2
29,max_power_bank_offset,85,3,66.0,4155.0,3501.2
29,max_power_bank_offset,86,3,66.0,4154.0,3502.4
29,max_power_bank_offset,87,3,66.0,4150.0,3500.8
29,max_power_bank_offset,88,3,66.0,4146.0,3504.4
29,max_power_bank_offset,89,3,66.0,4145.0,3504.8
29,max_power_bank_offset,90,3,66.0,4144.0,3504.0
30,max_power_bank_offset,0,0,58.0,1325.0,2966.4
30,max_power_bank_offset,1,0,65.0,4290.0,2534.0
30,max_power_bank_offset,2,0,65.0,4464.0,2757.6
30,max_power_bank_offset,3,0,65.0,4510.0,2827.2
30,max_power_bank_offset,4,0,65.0,4541.0,2857.6
30,max_power_bank_offset,5,0,65.0,4563.0,2874.0
30,max_power_bank_offset,6,0,65.0,4574.0,2892.8
30,max_power_bank_offset,7,0,65.0,4582.0,2896.8
30,max_power_bank_offset,8,0,65.0,4593.0,2909.2
30,max_power_bank_offset,9,0,65.0,4604.0,2912.0
30,max_power_bank_offset,10,0,65.0,4607.0,2912.4
30,max_power_bank_offset,11,0,65.0,4611.0,2914.4
30,max_power_bank_offset,12,0,65.0,4613.0,2918.8
30,max_power_bank_offset,13,0,65.0,4616.0,2926.0
30,max_power_bank_offset,14,0,65.0,4620.0,2928.4
30,max_power_bank_offset,15,0,65.0,4622.0,2932.8
30,max_power_bank_offset,16,0,65.0,4624.0,2930.4
30,max_power_bank_offset,17,0,65.0,4627.0,2932.4
30,max_power_bank_offset,18,0,65.0,4628.0,2935.6
30,max_power_bank_offset,19,0,65.0,4628.0,2935.6
30,max_power_bank_offset,20,0,65.0,4627.0,2941.2
30,max_power_bank_offset,21,0,65.0,4627.0,2945.6
30,max_power_bank_offset,22,0,65.0,4629.0,2943.2
30,max_power_bank_offset,23,0,65.0,4631.0,2945.6
30,max_power_bank_offset,24,0,65.0,4632.0,2944.0
30,max_power_bank_offset,25,0,65.0,4633.0,2943.6
30,max_power_bank_offset,26,0,65.0,4635.0,2946.0
30,max_power_bank_offset,27,0,65.0,4636.0,2945.2
30,max_power_bank_offset,28,0,65.0,4636.0,2950.0
30,max_power_bank_offset,29,0,65.0,4636.0,2950.0
30,max_power_bank_offset,30,0,65.0,4636.0,2949.6
30,max_power_bank_offset,31,0,65.0,4638.0,2948.4
30,max_power_bank_offset,32,0,65.0,4637.0,2954.4
30,max_power_bank_offset,33,0,65.0,4637.0,2954.0
30,max_power_bank_offset,34,0,65.0,4637.0,2952.4
30,max_power_bank_offset,35,0,65.0,4639.0,2951.6
30,max_power_bank_offset,36,0,65.0,4641.0,2954.8
30,max_power_bank_offset,37,0,65.0,4641.0,2954.4
30,max_power_bank_offset,38,0,65.0,4642.0,2953.2
30,max_power_bank_offset,39,0,65.0,4642.0,2954.4
30,max_power_bank_offset,40,0,65.0,4667.0,2966.4
30,max_power_bank_offset,41,0,65.0,4652.0,2974.8
30,max_power_bank_offset,42,0,66.0,4664.0,2966.8
30,max_power_bank_offset,43,0,65.0,4661.0,2968.0
30,max_power_bank_offset,44,0,65.0,4654.0,2966.0
30,max_power_bank_offset,45,0,65.0,4660.0,2963.2
30,max_power_bank_offset,46,0,65.0,4660.0,2963.6
30,max_power_bank_offset,47,0,65.0,4660.0,2964.8
30,max_power_bank_offset,48,0,65.0,4658.0,2962.0
30,max_power_bank_offset,49,0,65.0,4657.0,2960.8
30,max_power_bank_offset,50,0,66.0,4655.0,2961.6
30,max_power_bank_offset,51,0,66.0,4657.0,2962.8
30,max_power_bank_offset,52,0,65.0,4656.0,2962.4
30,max_power_bank_offset,53,0,66.0,4658.0,2960.4
30,max_power_bank_offset,54,0,65.0,4656.0,2961.2
30,max_power_bank_offset,55,0,66.0,4656.0,2961.2
30,max_power_bank_offset,56,0,66.0,4657.0,2961.2
30,max_power_bank_offset,57,0,66.0,4657.0,2960.4
30,max_power_bank_offset,58,0,66.0,4657.0,2960.4
30,max_power_bank_offset,59,0,66.0,4656.0,2961.6
30,max_power_bank_offset,60,0,66.0,4656.0,2960.8
30,max_power_bank_offset,61,0,66.0,4655.0,2960.4
30,max_power_bank_offset,62,0,65.0,4655.0,2961.2
30,max_power_bank_offset,63,0,66.0,4655.0,2960.8
30,max_power_bank_offset,64,0,65.0,4655.0,2960.0
30,max_power_bank_offset,65,0,66.0,4655.0,2959.2
30,max_power_bank_offset,66,0,66.0,4654.0,2959.2
30,max_power_bank_offset,67,0,65.0,4655.0,2958.8
30,max_power_bank_offset,68,0,66.0,4654.0,2958.8
30,max_power_bank_offset,69,0,66.0,4654.0,2958.8
30,max_power_bank_offset,70,0,66.0,4654.0,2958.8
30,max_power_bank_offset,71,0,66.0,4653.0,2959.2
30,max_power_bank_offset,72,0,66.0,4652.0,2959.6
30,max_power_bank_offset,73,0,66.0,4653.0,2958.0
30,max_power_bank_offset,74,0,66.0,4653.0,2958.4
30,max_power_bank_offset,75,0,66.0,4653.0,2957.6
30,max_power_bank_offset,76,0,66.0,4653.0,2957.2
30,max_power_bank_offset,77,0,66.0,4652.0,2957.2
30,max_power_bank_offset,78,0,66.0,4654.0,2955.6
30,max_power_bank_offset,79,0,66.0,4654.0,2956.0
30,max_power_bank_offset,80,0,66.0,4610.0,2992.0
30,max_power_bank_offset,81,0,66.0,4604.0,2989.6
30,max_power_bank_offset,82,0,66.0,4620.0,2985.6
30,max_power_bank_offset,83,0,66.0,4628.0,2974.0
30,max_power_bank_offset,84,0,65.0,4632.0,2973.2
30,max_power_bank_offset,85,0,66.0,4635.0,2970.4
30,max_power_bank_offset,86,0,66.0,4636.0,2969.6
30,max_power_bank_offset,87,0,66.0,4637.0,2968.4
30,max_power_bank_offset,88,0,65.0,4643.0,2965.6
30,max_power_bank_offset,89,0,66.0,4641.0,2965.2
30,max_power_bank_offset,90,0,66.0,4638.0,2967.6
30,max_power_bank_offset,0,1,59.0,1350.0,2923.2
30,max_power_bank_offset,1,1,65.0,4670.0,2321.6
30,max_power_bank_offset,2,1,66.0,4629.0,2652.8
30,max_power_bank_offset,3,1,66.0,4631.0,2748.4
30,max_power_bank_offset,4,1,66.0,4648.0,2798.8
30,max_power_bank_offset,5,1,66.0,4644.0,2832.8
30,max_power_bank_offset,6,1,66.0,4645.0,2855.6
30,max_power_bank_offset,7,1,65.0,4647.0,2862.0
30,max_power_bank_offset,8,1,66.0,4644.0,2871.6
30,max_power_bank_offset,9,1,66.0,4644.0,2880.8
30,max_power_bank_offset,10,1,66.0,4642.0,2892.8
30,max_power_bank_offset,11,1,66.0,4650.0,2894.4
30,max_power_bank_offset,12,1,66.0,4651.0,2898.0
30,max_power_bank_offset,13,1,66.0,4652.0,2902.8
30,max_power_bank_offset,14,1,66.0,4651.0,2907.2
30,max_power_bank_offset,15,1,66.0,4650.0,2906.8
30,max_power_bank_offset,16,1,66.0,4648.0,2912.4
30,max_power_bank_offset,17,1,66.0,4648.0,2912.4
30,max_power_bank_offset,18,1,66.0,4649.0,2916.4
30,max_power_bank_offset,19,1,66.0,4648.0,2916.4
30,max_power_bank_offset,20,1,66.0,4648.0,2923.6
30,max_power_bank_offset,21,1,66.0,4646.0,2924.0
30,max_power_bank_offset,22,1,66.0,4646.0,2928.4
30,max_power_bank_offset,23,1,66.0,4645.0,2928.0
30,max_power_bank_offset,24,1,66.0,4646.0,2932.4
30,max_power_bank_offset,25,1,66.0,4646.0,2931.6
30,max_power_bank_offset,26,1,66.0,4648.0,2930.0
30,max_power_bank_offset,27,1,66.0,4646.0,2935.6
30,max_power_bank_offset,28,1,66.0,4645.0,2936.0
30,max_power_bank_offset,29,1,66.0,4645.0,2936.4
30,max_power_bank_offset,30,1,66.0,4645.0,2941.6
30,max_power_bank_offset,31,1,66.0,4645.0,2940.4
30,max_power_bank_offset,32,1,66.0,4644.0,2940.4
30,max_power_bank_offset,33,1,66.0,4644.0,2946.0
30,max_power_bank_offset,34,1,66.0,4644.0,2946.4
30,max_power_bank_offset,35,1,66.0,4644.0,2945.6
30,max_power_bank_offset,36,1,66.0,4644.0,2946.0
30,max_power_bank_offset,37,1,66.0,4645.0,2950.4
30,max_power_bank_offset,38,1,66.0,4646.0,2949.2
30,max_power_bank_offset,39,1,66.0,4646.0,2949.6
30,max_power_bank_offset,40,1,66.0,4640.0,2992.8
30,max_power_bank_offset,41,1,66.0,4642.0,2981.2
30,max_power_bank_offset,42,1,66.0,4658.0,2972.4
30,max_power_bank_offset,43,1,66.0,4656.0,2973.6
30,max_power_bank_offset,44,1,66.0,4657.0,2977.6
30,max_power_bank_offset,45,1,66.0,4653.0,2978.4
30,max_power_bank_offset,46,1,66.0,4657.0,2977.6
30,max_power_bank_offset,47,1,66.0,4662.0,2976.4
30,max_power_bank_offset,48,1,66.0,4662.0,2976.0
30,max_power_bank_offset,49,1,66.0,4665.0,2974.8
30,max_power_bank_offset,50,1,66.0,4663.0,2975.6
30,max_power_bank_offset,51,1,66.0,4664.0,2972.8
30,max_power_bank_offset,52,1,66.0,4664.0,2971.6
30,max_power_bank_offset,53,1,66.0,4661.0,2973.2
30,max_power_bank_offset,54,1,66.0,4660.0,2973.6
30,max_power_bank_offset,55,1,66.0,4660.0,2972.4
30,max_power_bank_offset,56,1,66.0,4658.0,2973.2
30,max_power_bank_offset,57,1,66.0,4656.0,2974.8
30,max_power_bank_offset,58,1,66.0,4656.0,2976.0
30,max_power_bank_offset,59,1,66.0,4655.0,2977.2
30,max_power_bank_offset,60,1,66.0,4655.0,2977.2
30,max_power_bank_offset,61,1,66.0,4655.0,2976.0
30,max_power_bank_offset,62,1,66.0,4655.0,2974.0
30,max_power_bank_offset,63,1,66.0,4655.0,2974.0
30,max_power_bank_offset,64,1,66.0,4654.0,2973.2
30,max_power_bank_offset,65,1,66.0,4654.0,2972.8
30,max_power_bank_offset,66,1,66.0,4653.0,2972.8
30,max_power_bank_offset,67,1,66.0,4653.0,2973.6
30,max_power_bank_offset,68,1,66.0,4653.0,2972.8
30,max_power_bank_offset,69,1,66.0,4652.0,2972.4
30,max_power_bank_offset,70,1,66.0,4652.0,2972.4
30,max_power_bank_offset,71,1,66.0,4652.0,2973.2
30,max_power_bank_offset,72,1,66.0,4651.0,2973.2
30,max_power_bank_offset,73,1,66.0,4650.0,2976.0
30,max_power_bank_offset,74,1,66.0,4650.0,2976.4
30,max_power_bank_offset,75,1,66.0,4649.0,2976.0
30,max_power_bank_offset,76,1,66.0,4648.0,2976.8
30,max_power_bank_offset,77,1,66.0,4648.0,2976.4
30,max_power_bank_offset,78,1,66.0,4648.0,2976.0
30,max_power_bank_offset,79,1,66.0,4649.0,2976.0
30,max_power_bank_offset,80,1,66.0,4620.0,2976.4
30,max_power_bank_offset,81,1,66.0,4615.0,2978.0
30,max_power_bank_offset,82,1,66.0,4613.0,2978.0
30,max_power_bank_offset,83,1,66.0,4612.0,2974.8
30,max_power_bank_offset,84,1,66.0,4620.0,2968.0
30,max_power_bank_offset,85,1,66.0,4625.0,2966.8
30,max_power_bank_offset,86,1,66.0,4623.0,2966.8
30,max_power_bank_offset,87,1,66.0,4621.0,2966.4
30,max_power_bank_offset,88,1,66.0,4626.0,2963.6
30,max_power_bank_offset,89,1,66.0,4627.0,2964.0
30,max_power_bank_offset,90,1,66.0,4626.0,2969.2
30,max_power_bank_offset,0,2,59.0,1300.0,2915.6
30,max_power_bank_offset,1,2,66.0,4170.0,2550.0
30,max_power_bank_offset,2,2,66.0,4310.0,2759.2
30,max_power_bank_offset,3,2,66.0,4348.0,2829.6
30,max_power_bank_offset,4,2,66.0,4371.0,2871.2
30,max_power_bank_offset,5,2,66.0,4393.0,2887.2
30,max_power_bank_offset,6,2,66.0,4401.0,2900.0
30,max_power_bank_offset,7,2,66.0,4411.0,2914.0
30,max_power_bank_offset,8,2,66.0,4420.0,2916.0
30,max_power_bank_offset,9,2,66.0,4425.0,2920.0
30,max_power_bank_offset,10,2,66.0,4429.0,2928.0
30,max_power_bank_offset,11,2,66.0,4433.0,2931.2
30,max_power_bank_offset,12,2,66.0,4438.0,2933.6
30,max_power_bank_offset,13,2,66.0,4439.0,2937.6
30,max_power_bank_offset,14,2,66.0,4443.0,2942.0
30,max_power_bank_offset,15,2,66.0,4444.0,2942.0
30,max_power_bank_offset,16,2,66.0,4446.0,2944.8
30,max_power_bank_offset,17,2,66.0,4446.0,2944.4
30,max_power_bank_offset,18,2,66.0,4447.0,2948.0
30,max_power_bank_offset,19,2,66.0,4447.0,2948.8
30,max_power_bank_offset,20,2,66.0,4448.0,2953.6
30,max_power_bank_offset,21,2,66.0,4449.0,2953.6
30,max_power_bank_offset,22,2,66.0,4450.0,2953.6
30,max_power_bank_offset,23,2,66.0,4451.0,2957.2
30,max_power_bank_offset,24,2,66.0,4452.0,2956.4
30,max_power_bank_offset,25,2,66.0,4452.0,2955.6
30,max_power_bank_offset,26,2,66.0,4453.0,2953.2
30,max_power_bank_offset,27,2,66.0,4452.0,2953.6
30,max_power_bank_offset,28,2,66.0,4451.0,2958.8
30,max_power_bank_offset,29,2,66.0,4450.0,2958.8
30,max_power_bank_offset,30,2,66.0,4452.0,2958.0
30,max_power_bank_offset,31,2,66.0,4451.0,2957.6
30,max_power_bank_offset,32,2,66.0,4450.0,2957.6
30,max_power_bank_offset,33,2,66.0,4450.0,2956.8
30,max_power_bank_offset,34,2,66.0,4451.0,2956.8
30,max_power_bank_offset,35,2,66.0,4451.0,2960.8
30,max_power_bank_offset,36,2,66.0,4451.0,2960.8
30,max_power_bank_offset,37,2,66.0,4452.0,2960.0
30,max_power_bank_offset,38,2,66.0,4452.0,2960.0
30,max_power_bank_offset,39,2,66.0,4453.0,2959.2
30,max_power_bank_offset,40,2,66.0,4480.0,2958.0
30,max_power_bank_offset,41,2,66.0,4465.0,2960.4
30,max_power_bank_offset,42,2,66.0,4453.0,2969.2
30,max_power_bank_offset,43,2,66.0,4458.0,2966.8
30,max_power_bank_offset,44,2,66.0,4463.0,2964.4
30,max_power_bank_offset,45,2,66.0,4466.0,2964.4
30,max_power_bank_offset,46,2,66.0,4463.0,2963.6
30,max_power_bank_offset,47,2,66.0,4461.0,2963.6
30,max_power_bank_offset,48,2,66.0,4463.0,2962.4
30,max_power_bank_offset,49,2,66.0,4463.0,2965.2
30,max_power_bank_offset,50,2,66.0,4461.0,2966.0
30,max_power_bank_offset,51,2,66.0,4460.0,2967.6
30,max_power_bank_offset,52,2,66.0,4460.0,2968.8
30,max_power_bank_offset,53,2,66.0,4460.0,2968.4
30,max_power_bank_offset,54,2,66.0,4459.0,2968.4
30,max_power_bank_offset,55,2,66.0,4459.0,2968.8
30,max_power_bank_offset,56,2,66.0,4459.0,2968.4
30,max_power_bank_offset,57,2,66.0,4461.0,2967.6
30,max_power_bank_offset,58,2,66.0,4460.0,2967.2
30,max_power_bank_offset,59,2,66.0,4462.0,2966.4
30,max_power_bank_offset,60,2,66.0,4463.0,2965.6
30,max_power_bank_offset,61,2,66.0,4462.0,2966.0
30,max_power_bank_offset,62,2,66.0,4461.0,2967.6
30,max_power_bank_offset,63,2,66.0,4463.0,2966.8
30,max_power_bank_offset,64,2,66.0,4461.0,2968.4
30,max_power_bank_offset,65,2,66.0,4461.0,2968.8
30,max_power_bank_offset,66,2,66.0,4461.0,2968.8
30,max_power_bank_offset,67,2,66.0,4461.0,2968.4
30,max_power_bank_offset,68,2,66.0,4461.0,2968.0
30,max_power_bank_offset,69,2,66.0,4460.0,2968.0
30,max_power_bank_offset,70,2,66.0,4460.0,2969.2
30,max_power_bank_offset,71,2,66.0,4460.0,2969.2
30,max_power_bank_offset,72,2,66.0,4459.0,2969.2
30,max_power_bank_offset,73,2,66.0,4460.0,2968.4
30,max_power_bank_offset,74,2,66.0,4460.0,2968.0
30,max_power_bank_offset,75,2,66.0,4460.0,2968.0
30,max_power_bank_offset,76,2,66.0,4460.0,2968.0
30,max_power_bank_offset,77,2,66.0,4460.0,2968.0
30,max_power_bank_offset,78,2,66.0,4460.0,2967.6
30,max_power_bank_offset,79,2,66.0,4460.0,2967.6
30,max_power_bank_offset,80,2,66.0,4416.0,2971.6
30,max_power_bank_offset,81,2,66.0,4433.0,2967.2
30,max_power_bank_offset,82,2,67.0,4435.0,2968.4
30,max_power_bank_offset,83,2,66.0,4446.0,2964.0
30,max_power_bank_offset,84,2,67.0,4454.0,2963.2
30,max_power_bank_offset,85,2,66.0,4450.0,2962.8
30,max_power_bank_offset,86,2,66.0,4457.0,2960.8
30,max_power_bank_offset,87,2,67.0,4455.0,2965.2
30,max_power_bank_offset,88,2,66.0,4462.0,2962.8
30,max_power_bank_offset,89,2,66.0,4466.0,2958.8
30,max_power_bank_offset,90,2,66.0,4460.0,2961.2
30,max_power_bank_offset,0,3,60.0,1400.0,2904.4
30,max_power_bank_offset,1,3,66.0,4090.0,2652.0
30,max_power_bank_offset,2,3,66.0,4265.0,2803.6
30,max_power_bank_offset,3,3,66.0,4331.0,2848.8
30,max_power_bank_offset,4,3,66.0,4364.0,2883.6
30,max_power_bank_offset,5,3,66.0,4379.0,2899.2
30,max_power_bank_offset,6,3,66.0,4386.0,2907.2
30,max_power_bank_offset,7,3,66.0,4398.0,2916.0
30,max_power_bank_offset,8,3,66.0,4400.0,2923.2
30,max_power_bank_offset,9,3,66.0,4406.0,2932.4
30,max_power_bank_offset,10,3,66.0,4410.0,2933.2
30,max_power_bank_offset,11,3,66.0,4411.0,2937.2
30,max_power_bank_offset,12,3,66.0,4412.0,2938.0
30,max_power_bank_offset,13,3,66.0,4418.0,2941.6
30,max_power_bank_offset,14,3,67.0,4418.0,2941.2
30,max_power_bank_offset,15,3,66.0,4419.0,2944.8
30,max_power_bank_offset,16,3,66.0,4424.0,2941.6
30,max_power_bank_offset,17,3,67.0,4427.0,2945.2
30,max_power_bank_offset,18,3,66.0,4430.0,2944.8
30,max_power_bank_offset,19,3,67.0,4432.0,2942.8
30,max_power_bank_offset,20,3,67.0,4434.0,2946.4
30,max_power_bank_offset,21,3,66.0,4433.0,2946.4
30,max_power_bank_offset,22,3,66.0,4432.0,2947.2
30,max_power_bank_offset,23,3,66.0,4433.0,2946.4
30,max_power_bank_offset,24,3,67.0,4434.0,2951.2
30,max_power_bank_offset,25,3,66.0,4435.0,2951.2
30,max_power_bank_offset,26,3,66.0,4436.0,2950.0
30,max_power_bank_offset,27,3,67.0,4436.0,2949.6
30,max_power_bank_offset,28,3,66.0,4436.0,2948.4
30,max_power_bank_offset,29,3,67.0,4435.0,2954.4
30,max_power_bank_offset,30,3,67.0,4437.0,2953.6
30,max_power_bank_offset,31,3,66.0,4437.0,2953.6
30,max_power_bank_offset,32,3,66.0,4439.0,2952.4
30,max_power_bank_offset,33,3,67.0,4439.0,2952.0
30,max_power_bank_offset,34,3,66.0,4440.0,2952.0
30,max_power_bank_offset,35,3,67.0,4441.0,2951.2
30,max_power_bank_offset,36,3,67.0,4441.0,2951.6
30,max_power_bank_offset,37,3,66.0,4441.0,2950.8
30,max_power_bank_offset,38,3,67.0,4442.0,2951.2
30,max_power_bank_offset,39,3,67.0,4443.0,2955.2
30,max_power_bank_offset,40,3,66.0,4474.0,2966.0
30,max_power_bank_offset,41,3,67.0,4457.0,2964.0
30,max_power_bank_offset,42,3,67.0,4451.0,2959.6
30,max_power_bank_offset,43,3,67.0,4461.0,2955.6
30,max_power_bank_offset,44,3,66.0,4453.0,2958.0
30,max_power_bank_offset,45,3,67.0,4454.0,2954.8
30,max_power_bank_offset,46,3,67.0,4454.0,2954.8
30,max_power_bank_offset,47,3,67.0,4456.0,2952.4
30,max_power_bank_offset,48,3,67.0,4456.0,2953.2
30,max_power_bank_offset,49,3,67.0,4458.0,2949.6
30,max_power_bank_offset,50,3,66.0,4456.0,2950.0
30,max_power_bank_offset,51,3,67.0,4456.0,2950.0
30,max_power_bank_offset,52,3,66.0,4455.0,2950.8
30,max_power_bank_offset,53,3,67.0,4455.0,2954.8
30,max_power_bank_offset,54,3,67.0,4454.0,2955.2
30,max_power_bank_offset,55,3,67.0,4455.0,2955.6
30,max_power_bank_offset,56,3,67.0,4458.0,2952.8
30,max_power_bank_offset,57,3,66.0,4459.0,2951.6
30,max_power_bank_offset,58,3,66.0,4459.0,2952.0
30,max_power_bank_offset,59,3,67.0,4459.0,2951.6
30,max_power_bank_offset,60,3,67.0,4459.0,2951.2
30,max_power_bank_offset,61,3,67.0,4458.0,2951.6
30,max_power_bank_offset,62,3,67.0,4458.0,2951.2
30,max_power_bank_offset,63,3,67.0,4456.0,2952.4
30,max_power_bank_offset,64,3,67.0,4456.0,2952.8
30,max_power_bank_offset,65,3,67.0,4456.0,2953.6
30,max_power_bank_offset,66,3,67.0,4456.0,2953.6
30,max_power_bank_offset,67,3,67.0,4455.0,2953.2
30,max_power_bank_offset,68,3,67.0,4456.0,2953.2
30,max_power_bank_offset,69,3,67.0,4456.0,2954.0
30,max_power_bank_offset,70,3,67.0,4455.0,2954.8
30,max_power_bank_offset,71,3,67.0,4455.0,2954.4
30,max_power_bank_offset,72,3,67.0,4455.0,2954.0
30,max_power_bank_offset,73,3,67.0,4456.0,2958.4
30,max_power_bank_offset,74,3,67.0,4456.0,2958.4
30,max_power_bank_offset,75,3,67.0,4457.0,2958.0
30,max_power_bank_offset,76,3,67.0,4458.0,2957.6
30,max_power_bank_offset,77,3,67.0,4458.0,2957.6
30,max_power_bank_offset,78,3,67.0,4460.0,2956.4
30,max_power_bank_offset,79,3,67.0,4461.0,2955.6
30,max_power_bank_offset,80,3,67.0,4449.0,2971.2
30,max_power_bank_offset,81,3,67.0,4463.0,2946.0
30,max_power_bank_offset,82,3,67.0,4475.0,2942.4
30,max_power_bank_offset,83,3,67.0,4476.0,2942.0
30,max_power_bank_offset,84,3,67.0,4471.0,2954.0
30,max_power_bank_offset,85,3,67.0,4468.0,2956.4
30,max_power_bank_offset,86,3,67.0,4464.0,2961.2
30,max_power_bank_offset,87,3,67.0,4470.0,2962.0
30,max_power_bank_offset,88,3,67.0,4469.0,2962.8
30,max_power_bank_offset,89,3,66.0,4472.0,2963.2
30,max_power_bank_offset,90,3,67.0,4472.0,2968.8
31,max_power_bank_offset,0,0,61.0,1412.0,2966.4
31,max_power_bank_offset,1,0,69.0,4530.0,2574.0
31,max_power_bank_offset,2,0,69.0,4705.0,2772.4
31,max_power_bank_offset,3,0,69.0,4755.0,2832.0
31,max_power_bank_offset,4,0,69.0,4800.0,2865.2
31,max_power_bank_offset,5,0,70.0,4818.0,2889.2
31,max_power_bank_offset,6,0,69.0,4835.0,2900.0
31,max_power_bank_offset,7,0,69.0,4844.0,2904.4
31,max_power_bank_offset,8,0,70.0,4846.0,2917.6
31,max_power_bank_offset,9,0,70.0,4851.0,2923.6
31,max_power_bank_offset,10,0,69.0,4853.0,2932.8
31,max_power_bank_offset,11,0,70.0,4857.0,2934.8
31,max_power_bank_offset,12,0,70.0,4858.0,2938.8
31,max_power_bank_offset,13,0,70.0,4862.0,2941.6
31,max_power_bank_offset,14,0,70.0,4863.0,2944.8
31,max_power_bank_offset,15,0,70.0,4863.0,2944.4
31,max_power_bank_offset,16,0,70.0,4862.0,2950.0
31,max_power_bank_offset,17,0,70.0,4863.0,2950.4
31,max_power_bank_offset,18,0,70.0,4864.0,2954.4
31,max_power_bank_offset,19,0,70.0,4865.0,2954.0
31,max_power_bank_offset,20,0,70.0,4866.0,2958.4
31,max_power_bank_offset,21,0,70.0,4867.0,2957.2
31,max_power_bank_offset,22,0,70.0,4870.0,2956.8
31,max_power_bank_offset,23,0,70.0,4870.0,2956.8
31,max_power_bank_offset,24,0,70.0,4870.0,2961.2
31,max_power_bank_offset,25,0,70.0,4872.0,2960.0
31,max_power_bank_offset,26,0,70.0,4872.0,2960.0
31,max_power_bank_offset,27,0,70.0,4873.0,2962.0
31,max_power_bank_offset,28,0,70.0,4872.0,2966.8
31,max_power_bank_offset,29,0,70.0,4871.0,2966.8
31,max_power_bank_offset,30,0,70.0,4872.0,2966.8
31,max_power_bank_offset,31,0,70.0,4871.0,2966.8
31,max_power_bank_offset,32,0,70.0,4873.0,2965.6
31,max_power_bank_offset,33,0,70.0,4874.0,2965.2
31,max_power_bank_offset,34,0,70.0,4873.0,2964.4
31,max_power_bank_offset,35,0,70.0,4873.0,2964.4
31,max_power_bank_offset,36,0,70.0,4874.0,2968.0
31,max_power_bank_offset,37,0,70.0,4874.0,2968.0
31,max_power_bank_offset,38,0,70.0,4874.0,2968.0
31,max_power_bank_offset,39,0,70.0,4875.0,2966.8
31,max_power_bank_offset,40,0,70.0,4900.0,2975.6
31,max_power_bank_offset,41,0,70.0,4885.0,2970.8
31,max_power_bank_offset,42,0,70.0,4876.0,2973.6
31,max_power_bank_offset,43,0,70.0,4884.0,2975.2
31,max_power_bank_offset,44,0,70.0,4887.0,2973.6
31,max_power_bank_offset,45,0,70.0,4891.0,2969.2
31,max_power_bank_offset,46,0,70.0,4894.0,2970.0
31,max_power_bank_offset,47,0,70.0,4893.0,2971.6
31,max_power_bank_offset,48,0,70.0,4894.0,2971.2
31,max_power_bank_offset,49,0,70.0,4897.0,2969.6
31,max_power_bank_offset,50,0,70.0,4896.0,2966.4
31,max_power_bank_offset,51,0,70.0,4894.0,2968.4
31,max_power_bank_offset,52,0,70.0,4891.0,2971.2
31,max_power_bank_offset,53,0,70.0,4892.0,2969.6
31,max_power_bank_offset,54,0,70.0,4892.0,2968.8
31,max_power_bank_offset,55,0,70.0,4891.0,2968.8
31,max_power_bank_offset,56,0,70.0,4894.0,2966.0
31,max_power_bank_offset,57,0,70.0,4893.0,2967.6
31,max_power_bank_offset,58,0,70.0,4896.0,2971.6
31,max_power_bank_offset,59,0,70.0,4895.0,2972.4
31,max_power_bank_offset,60,0,70.0,4894.0,2973.2
31,max_power_bank_offset,61,0,70.0,4894.0,2974.0
31,max_power_bank_offset,62,0,70.0,4893.0,2974.0
31,max_power_bank_offset,63,0,70.0,4893.0,2978.0
31,max_power_bank_offset,64,0,70.0,4891.0,2979.2
31,max_power_bank_offset,65,0,70.0,4891.0,2979.6
31,max_power_bank_offset,66,0,70.0,4891.0,2980.0
31,max_power_bank_offset,67,0,70.0,4892.0,2979.6
31,max_power_bank_offset,68,0,70.0,4893.0,2978.8
31,max_power_bank_offset,69,0,70.0,4892.0,2978.4
31,max_power_bank_offset,70,0,70.0,4893.0,2982.8
31,max_power_bank_offset,71,0,70.0,4893.0,2981.6
31,max_power_bank_offset,72,0,70.0,4892.0,2982.0
31,max_power_bank_offset,73,0,70.0,4893.0,2981.6
31,max_power_bank_offset,74,0,70.0,4894.0,2980.8
31,max_power_bank_offset,75,0,70.0,4894.0,2980.8
31,max_power_bank_offset,76,0,70.0,4893.0,2980.8
31,max_power_bank_offset,77,0,70.0,4893.0,2985.6
31,max_power_bank_offset,78,0,70.0,4893.0,2985.6
31,max_power_bank_offset,79,0,70.0,4893.0,2985.6
31,max_power_bank_offset,80,0,70.0,4881.0,3014.4
31,max_power_bank_offset,81,0,70.0,4889.0,3004.4
31,max_power_bank_offset,82,0,70.0,4893.0,2998.8
31,max_power_bank_offset,83,0,70.0,4897.0,2992.4
31,max_power_bank_offset,84,0,70.0,4893.0,2994.8
31,max_power_bank_offset,85,0,70.0,4899.0,2990.4
31,max_power_bank_offset,86,0,70.0,4901.0,2990.4
31,max_power_bank_offset,87,0,70.0,4898.0,2992.4
31,max_power_bank_offset,88,0,70.0,4895.0,2996.8
31,max_power_bank_offset,89,0,70.0,4894.0,2998.0
31,max_power_bank_offset,90,0,70.0,4894.0,2998.0
31,max_power_bank_offset,0,1,62.0,1500.0,2936.8
31,max_power_bank_offset,1,1,69.0,4900.0,2325.6
31,max_power_bank_offset,2,1,70.0,4890.0,2653.2
31,max_power_bank_offset,3,1,70.0,4886.0,2755.2
31,max_power_bank_offset,4,1,70.0,4874.0,2819.2
31,max_power_bank_offset,5,1,70.0,4875.0,2861.6
31,max_power_bank_offset,6,1,70.0,4874.0,2889.2
31,max_power_bank_offset,7,1,70.0,4876.0,2905.2
31,max_power_bank_offset,8,1,70.0,4873.0,2918.0
31,max_power_bank_offset,9,1,70.0,4872.0,2933.2
31,max_power_bank_offset,10,1,70.0,4871.0,2937.2
31,max_power_bank_offset,11,1,70.0,4872.0,2945.6
31,max_power_bank_offset,12,1,70.0,4871.0,2950.0
31,max_power_bank_offset,13,1,70.0,4874.0,2953.6
31,max_power_bank_offset,14,1,70.0,4877.0,2958.0
31,max_power_bank_offset,15,1,70.0,4876.0,2959.6
31,max_power_bank_offset,16,1,70.0,4878.0,2963.2
31,max_power_bank_offset,17,1,70.0,4878.0,2969.6
31,max_power_bank_offset,18,1,70.0,4879.0,2969.6
31,max_power_bank_offset,19,1,70.0,4878.0,2969.6
31,max_power_bank_offset,20,1,70.0,4879.0,2975.2
31,max_power_bank_offset,21,1,70.0,4880.0,2974.4
31,max_power_bank_offset,22,1,70.0,4880.0,2979.6
31,max_power_bank_offset,23,1,70.0,4880.0,2978.8
31,max_power_bank_offset,24,1,70.0,4881.0,2977.6
31,max_power_bank_offset,25,1,70.0,4882.0,2976.4
31,max_power_bank_offset,26,1,70.0,4884.0,2980.0
31,max_power_bank_offset,27,1,70.0,4884.0,2979.6
31,max_power_bank_offset,28,1,70.0,4885.0,2980.0
31,max_power_bank_offset,29,1,70.0,4884.0,2980.0
31,max_power_bank_offset,30,1,70.0,4885.0,2979.2
31,max_power_bank_offset,31,1,70.0,4885.0,2983.2
31,max_power_bank_offset,32,1,70.0,4885.0,2982.0
31,max_power_bank_offset,33,1,70.0,4885.0,2982.0
31,max_power_bank_offset,34,1,70.0,4885.0,2982.0
31,max_power_bank_offset,35,1,70.0,4885.0,2982.0
31,max_power_bank_offset,36,1,70.0,4886.0,2982.4
31,max_power_bank_offset,37,1,70.0,4885.0,2982.4
31,max_power_bank_offset,38,1,70.0,4885.0,2982.8
31,max_power_bank_offset,39,1,70.0,4885.0,2987.6
31,max_power_bank_offset,40,1,70.0,4890.0,3014.8
31,max_power_bank_offset,41,1,70.0,4890.0,2999.2
31,max_power_bank_offset,42,1,70.0,4889.0,3008.0
31,max_power_bank_offset,43,1,70.0,4887.0,3007.6
31,max_power_bank_offset,44,1,70.0,4887.0,3010.0
31,max_power_bank_offset,45,1,70.0,4883.0,3009.2
31,max_power_bank_offset,46,1,70.0,4882.0,3010.4
31,max_power_bank_offset,47,1,70.0,4886.0,3010.4
31,max_power_bank_offset,48,1,70.0,4885.0,3008.0
31,max_power_bank_offset,49,1,70.0,4884.0,3007.6
31,max_power_bank_offset,50,1,70.0,4884.0,3007.6
31,max_power_bank_offset,51,1,70.0,4884.0,3007.6
31,max_power_bank_offset,52,1,70.0,4885.0,3006.0
31,max_power_bank_offset,53,1,70.0,4887.0,3001.6
31,max_power_bank_offset,54,1,70.0,4887.0,3000.0
31,max_power_bank_offset,55,1,70.0,4887.0,3001.2
31,max_power_bank_offset,56,1,70.0,4889.0,2999.6
31,max_power_bank_offset,57,1,70.0,4888.0,3000.4
31,max_power_bank_offset,58,1,70.0,4887.0,3000.8
31,max_power_bank_offset,59,1,70.0,4887.0,3000.4
31,max_power_bank_offset,60,1,70.0,4888.0,3000.4
31,max_power_bank_offset,61,1,70.0,4887.0,3001.2
31,max_power_bank_offset,62,1,70.0,4887.0,3000.0
31,max_power_bank_offset,63,1,70.0,4888.0,2998.4
31,max_power_bank_offset,64,1,70.0,4888.0,2998.0
31,max_power_bank_offset,65,1,70.0,4889.0,2996.8
31,max_power_bank_offset,66,1,70.0,4890.0,2996.0
31,max_power_bank_offset,67,1,70.0,4889.0,2996.4
31,max_power_bank_offset,68,1,70.0,4889.0,2996.4
31,max_power_bank_offset,69,1,70.0,4889.0,2996.8
31,max_power_bank_offset,70,1,70.0,4889.0,2996.4
31,max_power_bank_offset,71,1,70.0,4890.0,2995.6
31,max_power_bank_offset,72,1,70.0,4890.0,2995.2
31,max_power_bank_offset,73,1,70.0,4890.0,2995.2
31,max_power_bank_offset,74,1,70.0,4890.0,2996.0
31,max_power_bank_offset,75,1,70.0,4890.0,2995.6
31,max_power_bank_offset,76,1,70.0,4891.0,2995.2
31,max_power_bank_offset,77,1,70.0,4891.0,2995.2
31,max_power_bank_offset,78,1,70.0,4891.0,2994.8
31,max_power_bank_offset,79,1,70.0,4892.0,2994.4
31,max_power_bank_offset,80,1,70.0,4869.0,3017.6
31,max_power_bank_offset,81,1,70.0,4904.0,2977.2
31,max_power_bank_offset,82,1,70.0,4896.0,2975.6
31,max_power_bank_offset,83,1,70.0,4897.0,2976.4
31,max_power_bank_offset,84,1,70.0,4895.0,2978.0
31,max_power_bank_offset,85,1,70.0,4896.0,2976.0
31,max_power_bank_offset,86,1,70.0,4889.0,2982.0
31,max_power_bank_offset,87,1,70.0,4888.0,2984.0
31,max_power_bank_offset,88,1,70.0,4889.0,2984.8
31,max_power_bank_offset,89,1,70.0,4890.0,2987.2
31,max_power_bank_offset,90,1,70.0,4894.0,2982.8
31,max_power_bank_offset,0,2,62.0,1500.0,2900.4
31,max_power_bank_offset,1,2,70.0,4400.0,2548.8
31,max_power_bank_offset,2,2,70.0,4539.0,2779.6
31,max_power_bank_offset,3,2,70.0,4582.0,2862.0
31,max_power_bank_offset,4,2,70.0,4617.0,2896.0
31,max_power_bank_offset,5,2,70.0,4636.0,2916.4
31,max_power_bank_offset,6,2,70.0,4652.0,2932.0
31,max_power_bank_offset,7,2,70.0,4658.0,2943.6
31,max_power_bank_offset,8,2,70.0,4670.0,2944.8
31,max_power_bank_offset,9,2,70.0,4673.0,2955.2
31,max_power_bank_offset,10,2,70.0,4678.0,2954.4
31,max_power_bank_offset,11,2,70.0,4683.0,2957.6
31,max_power_bank_offset,12,2,70.0,4685.0,2960.8
31,max_power_bank_offset,13,2,70.0,4684.0,2965.6
31,max_power_bank_offset,14,2,70.0,4685.0,2970.8
31,max_power_bank_offset,15,2,70.0,4685.0,2974.4
31,max_power_bank_offset,16,2,70.0,4686.0,2970.8
31,max_power_bank_offset,17,2,70.0,4686.0,2973.6
31,max_power_bank_offset,18,2,70.0,4689.0,2977.2
31,max_power_bank_offset,19,2,70.0,4691.0,2977.2
31,max_power_bank_offset,20,2,70.0,4693.0,2976.0
31,max_power_bank_offset,21,2,70.0,4695.0,2980.0
31,max_power_bank_offset,22,2,70.0,4694.0,2979.2
31,max_power_bank_offset,23,2,70.0,4694.0,2978.8
31,max_power_bank_offset,24,2,70.0,4695.0,2977.6
31,max_power_bank_offset,25,2,70.0,4697.0,2982.0
31,max_power_bank_offset,26,2,70.0,4698.0,2981.2
31,max_power_bank_offset,27,2,70.0,4700.0,2978.8
31,max_power_bank_offset,28,2,70.0,4701.0,2978.0
31,max_power_bank_offset,29,2,70.0,4702.0,2982.4
31,max_power_bank_offset,30,2,70.0,4703.0,2981.6
31,max_power_bank_offset,31,2,70.0,4703.0,2981.2
31,max_power_bank_offset,32,2,70.0,4703.0,2981.2
31,max_power_bank_offset,33,2,70.0,4704.0,2981.2
31,max_power_bank_offset,34,2,70.0,4703.0,2981.6
31,max_power_bank_offset,35,2,70.0,4703.0,2981.2
31,max_power_bank_offset,36,2,70.0,4704.0,2980.8
31,max_power_bank_offset,37,2,70.0,4704.0,2985.2
31,max_power_bank_offset,38,2,70.0,4705.0,2984.4
31,max_power_bank_offset,39,2,70.0,4704.0,2985.2
31,max_power_bank_offset,40,2,70.0,4709.0,2987.2
31,max_power_bank_offset,41,2,70.0,4720.0,2987.6
31,max_power_bank_offset,42,2,70.0,4720.0,2987.6
31,max_power_bank_offset,43,2,70.0,4715.0,2997.2
31,max_power_bank_offset,44,2,70.0,4706.0,3002.0
31,max_power_bank_offset,45,2,70.0,4710.0,2998.4
31,max_power_bank_offset,46,2,70.0,4716.0,2995.6
31,max_power_bank_offset,47,2,70.0,4712.0,2998.4
31,max_power_bank_offset,48,2,70.0,4715.0,2994.8
31,max_power_bank_offset,49,2,70.0,4717.0,2994.0
31,max_power_bank_offset,50,2,70.0,4719.0,2992.4
31,max_power_bank_offset,51,2,70.0,4722.0,2988.4
31,max_power_bank_offset,52,2,70.0,4719.0,2990.0
31,max_power_bank_offset,53,2,70.0,4719.0,2990.8
31,max_power_bank_offset,54,2,70.0,4719.0,2990.4
31,max_power_bank_offset,55,2,70.0,4720.0,2989.6
31,max_power_bank_offset,56,2,70.0,4719.0,2991.2
31,max_power_bank_offset,57,2,70.0,4719.0,2990.8
31,max_power_bank_offset,58,2,70.0,4718.0,2991.6
31,max_power_bank_offset,59,2,70.0,4718.0,2991.6
31,max_power_bank_offset,60,2,70.0,4717.0,2992.4
31,max_power_bank_offset,61,2,70.0,4716.0,2991.2
31,max_power_bank_offset,62,2,70.0,4716.0,2991.6
31,max_power_bank_offset,63,2,70.0,4718.0,2990.4
31,max_power_bank_offset,64,2,70.0,4717.0,2989.6
31,max_power_bank_offset,65,2,70.0,4715.0,2990.0
31,max_power_bank_offset,66,2,70.0,4715.0,2987.2
31,max_power_bank_offset,67,2,70.0,4715.0,2986.4
31,max_power_bank_offset,68,2,70.0,4715.0,2986.0
31,max_power_bank_offset,69,2,70.0,4715.0,2985.6
31,max_power_bank_offset,70,2,70.0,4714.0,2988.0
31,max_power_bank_offset,71,2,70.0,4714.0,2987.2
31,max_power_bank_offset,72,2,70.0,4713.0,2987.6
31,max_power_bank_offset,73,2,70.0,4713.0,2987.2
31,max_power_bank_offset,74,2,70.0,4713.0,2987.2
31,max_power_bank_offset,75,2,70.0,4713.0,2987.2
31,max_power_bank_offset,76,2,70.0,4713.0,2987.2
31,max_power_bank_offset,77,2,70.0,4713.0,2987.6
31,max_power_bank_offset,78,2,70.0,4713.0,2987.6
31,max_power_bank_offset,79,2,70.0,4713.0,2987.2
31,max_power_bank_offset,80,2,70.0,4769.0,2974.0
31,max_power_bank_offset,81,2,70.0,4745.0,2966.8
31,max_power_bank_offset,82,2,70.0,4730.0,2976.0
31,max_power_bank_offset,83,2,70.0,4732.0,2972.8
31,max_power_bank_offset,84,2,70.0,4730.0,2972.0
31,max_power_bank_offset,85,2,70.0,4730.0,2970.0
31,max_power_bank_offset,86,2,70.0,4730.0,2970.0
31,max_power_bank_offset,87,2,70.0,4725.0,2973.2
31,max_power_bank_offset,88,2,70.0,4723.0,2976.0
31,max_power_bank_offset,89,2,70.0,4724.0,2976.4
31,max_power_bank_offset,90,2,70.0,4724.0,2977.6
31,max_power_bank_offset,0,3,62.0,1500.0,2986.8
31,max_power_bank_offset,1,3,69.0,4340.0,2622.0
31,max_power_bank_offset,2,3,70.0,4520.0,2800.0
31,max_power_bank_offset,3,3,70.0,4579.0,2862.8
31,max_power_bank_offset,4,3,70.0,4605.0,2897.2
31,max_power_bank_offset,5,3,70.0,4618.0,2924.0
31,max_power_bank_offset,6,3,70.0,4628.0,2936.0
31,max_power_bank_offset,7,3,70.0,4633.0,2947.6
31,max_power_bank_offset,8,3,70.0,4637.0,2955.6
31,max_power_bank_offset,9,3,70.0,4642.0,2960.8
31,max_power_bank_offset,10,3,70.0,4648.0,2964.4
31,max_power_bank_offset,11,3,70.0,4654.0,2967.6
31,max_power_bank_offset,12,3,70.0,4658.0,2970.0
31,max_power_bank_offset,13,3,70.0,4661.0,2973.6
31,max_power_bank_offset,14,3,70.0,4663.0,2972.4
31,max_power_bank_offset,15,3,70.0,4666.0,2975.6
31,max_power_bank_offset,16,3,70.0,4669.0,2974.4
31,max_power_bank_offset,17,3,70.0,4670.0,2978.8
31,max_power_bank_offset,18,3,70.0,4674.0,2977.6
31,max_power_bank_offset,19,3,70.0,4675.0,2983.2
31,max_power_bank_offset,20,3,70.0,4677.0,2980.8
31,max_power_bank_offset,21,3,70.0,4679.0,2981.2
31,max_power_bank_offset,22,3,70.0,4679.0,2985.6
31,max_power_bank_offset,23,3,70.0,4681.0,2984.0
31,max_power_bank_offset,24,3,70.0,4681.0,2983.6
31,max_power_bank_offset,25,3,70.0,4682.0,2983.2
31,max_power_bank_offset,26,3,70.0,4683.0,2982.4
31,max_power_bank_offset,27,3,70.0,4683.0,2986.8
31,max_power_bank_offset,28,3,70.0,4682.0,2986.8
31,max_power_bank_offset,29,3,70.0,4683.0,2986.0
31,max_power_bank_offset,30,3,70.0,4683.0,2985.6
31,max_power_bank_offset,31,3,70.0,4683.0,2984.8
31,max_power_bank_offset,32,3,70.0,4684.0,2984.4
31,max_power_bank_offset,33,3,70.0,4684.0,2988.4
31,max_power_bank_offset,34,3,70.0,4685.0,2987.6
31,max_power_bank_offset,35,3,70.0,4685.0,2988.4
31,max_power_bank_offset,36,3,70.0,4686.0,2988.0
31,max_power_bank_offset,37,3,70.0,4685.0,2988.4
31,max_power_bank_offset,38,3,70.0,4685.0,2988.4
31,max_power_bank_offset,39,3,70.0,4686.0,2987.6
31,max_power_bank_offset,40,3,70.0,4698.0,2990.4
31,max_power_bank_offset,41,3,70.0,4689.0,2986.8
31,max_power_bank_offset,42,3,70.0,4706.0,2980.8
31,max_power_bank_offset,43,3,70.0,4697.0,2982.4
31,max_power_bank_offset,44,3,70.0,4699.0,2985.6
31,max_power_bank_offset,45,3,70.0,4694.0,2986.8
31,max_power_bank_offset,46,3,70.0,4698.0,2983.6
31,max_power_bank_offset,47,3,70.0,4698.0,2983.2
31,max_power_bank_offset,48,3,70.0,4702.0,2980.0
31,max_power_bank_offset,49,3,70.0,4703.0,2980.0
31,max_power_bank_offset,50,3,70.0,4705.0,2979.6
31,max_power_bank_offset,51,3,70.0,4705.0,2980.0
31,max_power_bank_offset,52,3,70.0,4703.0,2982.0
31,max_power_bank_offset,53,3,70.0,4700.0,2983.2
31,max_power_bank_offset,54,3,70.0,4700.0,2982.8
31,max_power_bank_offset,55,3,70.0,4699.0,2984.0
31,max_power_bank_offset,56,3,70.0,4696.0,2987.2
31,max_power_bank_offset,57,3,70.0,4697.0,2987.2
31,max_power_bank_offset,58,3,70.0,4695.0,2988.0
31,max_power_bank_offset,59,3,70.0,4696.0,2988.4
31,max_power_bank_offset,60,3,70.0,4696.0,2988.4
31,max_power_bank_offset,61,3,70.0,4695.0,2988.8
31,max_power_bank_offset,62,3,70.0,4695.0,2990.0
31,max_power_bank_offset,63,3,70.0,4697.0,2989.2
31,max_power_bank_offset,64,3,70.0,4697.0,2989.2
31,max_power_bank_offset,65,3,70.0,4696.0,2989.2
31,max_power_bank_offset,66,3,70.0,4697.0,2988.4
31,max_power_bank_offset,67,3,70.0,4698.0,2987.2
31,max_power_bank_offset,68,3,70.0,4697.0,2987.6
31,max_power_bank_offset,69,3,70.0,4697.0,2987.6
31,max_power_bank_offset,70,3,70.0,4697.0,2987.2
31,max_power_bank_offset,71,3,70.0,4696.0,2988.0
31,max_power_bank_offset,72,3,70.0,4697.0,2987.2
31,max_power_bank_offset,73,3,70.0,4698.0,2986.8
31,max_power_bank_offset,74,3,70.0,4699.0,2983.6
31,max_power_bank_offset,75,3,70.0,4699.0,2983.6
31,max_power_bank_offset,76,3,70.0,4698.0,2983.6
31,max_power_bank_offset,77,3,70.0,4697.0,2983.6
31,max_power_bank_offset,78,3,70.0,4697.0,2983.6
31,max_power_bank_offset,79,3,70.0,4697.0,2983.6
31,max_power_bank_offset,80,3,70.0,4730.0,2966.4
31,max_power_bank_offset,81,3,70.0,4719.0,2974.8
31,max_power_bank_offset,82,3,70.0,4703.0,2988.4
31,max_power_bank_offset,83,3,70.0,4702.0,2984.8
31,max_power_bank_offset,84,3,70.0,4699.0,2987.2
31,max_power_bank_offset,85,3,70.0,4698.0,2989.6
31,max_power_bank_offset,86,3,70.0,4699.0,2986.0
31,max_power_bank_offset,87,3,70.0,4694.0,2989.6
31,max_power_bank_offset,88,3,70.0,4693.0,2987.6
31,max_power_bank_offset,89,3,70.0,4691.0,2987.2
31,max_power_bank_offset,90,3,70.0,4693.0,2985.6
32,max_power_bank_offset,0,0,62.0,1500.0,2890.0
32,max_power_bank_offset,1,0,69.0,4370.0,2574.8
32,max_power_bank_offset,2,0,69.0,4570.0,2733.6
32,max_power_bank_offset,3,0,69.0,4620.0,2794.0
32,max_power_bank_offset,4,0,69.0,4656.0,2829.2
32,max_power_bank_offset,5,0,70.0,4667.0,2850.4
32,max_power_bank_offset,6,0,70.0,4676.0,2868.8
32,max_power_bank_offset,7,0,69.0,4679.0,2876.4
32,max_power_bank_offset,8,0,70.0,4692.0,2885.2
32,max_power_bank_offset,9,0,69.0,4694.0,2891.2
32,max_power_bank_offset,10,0,70.0,4694.0,2899.6
32,max_power_bank_offset,11,0,69.0,4700.0,2900.0
32,max_power_bank_offset,12,0,69.0,4703.0,2907.2
32,max_power_bank_offset,13,0,70.0,4705.0,2910.8
32,max_power_bank_offset,14,0,70.0,4706.0,2913.6
32,max_power_bank_offset,15,0,69.0,4706.0,2912.4
32,max_power_bank_offset,16,0,69.0,4708.0,2916.4
32,max_power_bank_offset,17,0,70.0,4711.0,2914.0
32,max_power_bank_offset,18,0,69.0,4713.0,2916.8
32,max_power_bank_offset,19,0,70.0,4715.0,2914.8
32,max_power_bank_offset,20,0,70.0,4714.0,2919.6
32,max_power_bank_offset,21,0,70.0,4715.0,2918.8
32,max_power_bank_offset,22,0,70.0,4716.0,2924.0
32,max_power_bank_offset,23,0,70.0,4715.0,2923.6
32,max_power_bank_offset,24,0,70.0,4717.0,2923.2
32,max_power_bank_offset,25,0,70.0,4718.0,2922.4
32,max_power_bank_offset,26,0,70.0,4719.0,2925.6
32,max_power_bank_offset,27,0,70.0,4719.0,2924.0
32,max_power_bank_offset,28,0,70.0,4719.0,2924.0
32,max_power_bank_offset,29,0,70.0,4719.0,2922.8
32,max_power_bank_offset,30,0,70.0,4719.0,2921.6
32,max_power_bank_offset,31,0,69.0,4718.0,2926.4
32,max_power_bank_offset,32,0,70.0,4718.0,2926.4
32,max_power_bank_offset,33,0,70.0,4718.0,2925.6
32,max_power_bank_offset,34,0,70.0,4718.0,2926.4
32,max_power_bank_offset,35,0,70.0,4718.0,2926.0
32,max_power_bank_offset,36,0,70.0,4718.0,2925.2
32,max_power_bank_offset,37,0,70.0,4718.0,2925.2
32,max_power_bank_offset,38,0,70.0,4717.0,2924.8
32,max_power_bank_offset,39,0,70.0,4717.0,2929.6
32,max_power_bank_offset,40,0,70.0,4700.0,2933.6
32,max_power_bank_offset,41,0,70.0,4715.0,2930.8
32,max_power_bank_offset,42,0,70.0,4713.0,2931.6
32,max_power_bank_offset,43,0,70.0,4717.0,2927.2
32,max_power_bank_offset,44,0,70.0,4716.0,2928.8
32,max_power_bank_offset,45,0,70.0,4712.0,2930.0
32,max_power_bank_offset,46,0,70.0,4716.0,2930.8
32,max_power_bank_offset,47,0,70.0,4720.0,2929.6
32,max_power_bank_offset,48,0,70.0,4717.0,2927.2
32,max_power_bank_offset,49,0,70.0,4715.0,2926.0
32,max_power_bank_offset,50,0,70.0,4717.0,2925.6
32,max_power_bank_offset,51,0,70.0,4715.0,2928.0
32,max_power_bank_offset,52,0,70.0,4716.0,2925.6
32,max_power_bank_offset,53,0,70.0,4716.0,2926.0
32,max_power_bank_offset,54,0,70.0,4717.0,2925.2
32,max_power_bank_offset,55,0,70.0,4719.0,2923.6
32,max_power_bank_offset,56,0,70.0,4718.0,2923.6
32,max_power_bank_offset,57,0,70.0,4717.0,2924.4
32,max_power_bank_offset,58,0,70.0,4717.0,2923.6
32,max_power_bank_offset,59,0,70.0,4716.0,2924.0
32,max_power_bank_offset,60,0,70.0,4716.0,2924.4
32,max_power_bank_offset,61,0,70.0,4716.0,2924.4
32,max_power_bank_offset,62,0,70.0,4718.0,2922.8
32,max_power_bank_offset,63,0,70.0,4718.0,2922.0
32,max_power_bank_offset,64,0,70.0,4720.0,2920.4
32,max_power_bank_offset,65,0,70.0,4720.0,2920.0
32,max_power_bank_offset,66,0,70.0,4719.0,2921.2
32,max_power_bank_offset,67,0,70.0,4719.0,2920.4
32,max_power_bank_offset,68,0,70.0,4718.0,2920.4
32,max_power_bank_offset,69,0,70.0,4718.0,2920.0
32,max_power_bank_offset,70,0,70.0,4718.0,2919.6
32,max_power_bank_offset,71,0,70.0,4717.0,2924.0
32,max_power_bank_offset,72,0,70.0,4717.0,2924.8
32,max_power_bank_offset,73,0,70.0,4718.0,2923.2
32,max_power_bank_offset,74,0,70.0,4718.0,2922.4
32,max_power_bank_offset,75,0,70.0,4719.0,2922.0
32,max_power_bank_offset,76,0,70.0,4719.0,2922.0
32,max_power_bank_offset,77,0,70.0,4719.0,2926.4
32,max_power_bank_offset,78,0,70.0,4720.0,2925.2
32,max_power_bank_offset,79,0,70.0,4720.0,2925.2
32,max_power_bank_offset,80,0,70.0,4680.0,2954.8
32,max_power_bank_offset,81,0,70.0,4705.0,2937.2
32,max_power_bank_offset,82,0,70.0,4713.0,2944.4
32,max_power_bank_offset,83,0,70.0,4712.0,2946.4
32,max_power_bank_offset,84,0,70.0,4718.0,2942.0
32,max_power_bank_offset,85,0,70.0,4720.0,2940.4
32,max_power_bank_offset,86,0,70.0,4719.0,2941.6
32,max_power_bank_offset,87,0,70.0,4715.0,2946.4
32,max_power_bank_offset,88,0,70.0,4718.0,2944.4
32,max_power_bank_offset,89,0,70.0,4719.0,2940.4
32,max_power_bank_offset,90,0,70.0,4716.0,2942.8
32,max_power_bank_offset,0,1,63.0,1400.0,2927.2
32,max_power_bank_offset,1,1,70.0,4350.0,2518.4
32,max_power_bank_offset,2,1,70.0,4510.0,2720.8
32,max_power_bank_offset,3,1,70.0,4575.0,2800.4
32,max_power_bank_offset,4,1,70.0,4610.0,2839.6
32,max_power_bank_offset,5,1,70.0,4622.0,2864.4
32,max_power_bank_offset,6,1,70.0,4636.0,2878.4
32,max_power_bank_offset,7,1,70.0,4647.0,2886.8
32,max_power_bank_offset,8,1,70.0,4653.0,2897.2
32,max_power_bank_offset,9,1,70.0,4661.0,2898.4
32,max_power_bank_offset,10,1,70.0,4665.0,2906.4
32,max_power_bank_offset,11,1,70.0,4666.0,2912.8
32,max_power_bank_offset,12,1,70.0,4671.0,2914.0
32,max_power_bank_offset,13,1,70.0,4677.0,2914.0
32,max_power_bank_offset,14,1,70.0,4678.0,2918.8
32,max_power_bank_offset,15,1,70.0,4678.0,2917.6
32,max_power_bank_offset,16,1,70.0,4682.0,2918.8
32,max_power_bank_offset,17,1,70.0,4683.0,2919.6
32,max_power_bank_offset,18,1,70.0,4684.0,2923.2
32,max_power_bank_offset,19,1,70.0,4685.0,2923.6
32,max_power_bank_offset,20,1,70.0,4685.0,2928.0
32,max_power_bank_offset,21,1,70.0,4684.0,2926.8
32,max_power_bank_offset,22,1,71.0,4686.0,2926.4
32,max_power_bank_offset,23,1,70.0,4687.0,2926.0
32,max_power_bank_offset,24,1,71.0,4689.0,2929.6
32,max_power_bank_offset,25,1,70.0,4688.0,2929.6
32,max_power_bank_offset,26,1,70.0,4688.0,2929.6
32,max_power_bank_offset,27,1,70.0,4687.0,2929.6
32,max_power_bank_offset,28,1,70.0,4689.0,2934.4
32,max_power_bank_offset,29,1,71.0,4690.0,2933.6
32,max_power_bank_offset,30,1,70.0,4691.0,2932.4
32,max_power_bank_offset,31,1,70.0,4692.0,2931.6
32,max_power_bank_offset,32,1,71.0,4692.0,2931.2
32,max_power_bank_offset,33,1,70.0,4693.0,2930.0
32,max_power_bank_offset,34,1,70.0,4692.0,2930.8
32,max_power_bank_offset,35,1,70.0,4693.0,2934.4
32,max_power_bank_offset,36,1,71.0,4693.0,2934.4
32,max_power_bank_offset,37,1,70.0,4693.0,2933.6
32,max_power_bank_offset,38,1,71.0,4694.0,2933.6
32,max_power_bank_offset,39,1,70.0,4694.0,2933.2
32,max_power_bank_offset,40,1,71.0,4709.0,2921.6
32,max_power_bank_offset,41,1,71.0,4704.0,2924.0
32,max_power_bank_offset,42,1,70.0,4716.0,2921.2
32,max_power_bank_offset,43,1,71.0,4709.0,2928.4
32,max_power_bank_offset,44,1,70.0,4708.0,2928.4
32,max_power_bank_offset,45,1,71.0,4710.0,2924.4
32,max_power_bank_offset,46,1,71.0,4710.0,2924.0
32,max_power_bank_offset,47,1,70.0,4707.0,2925.6
32,max_power_bank_offset,48,1,71.0,4706.0,2925.2
32,max_power_bank_offset,49,1,71.0,4707.0,2924.8
32,max_power_bank_offset,50,1,71.0,4703.0,2926.4
32,max_power_bank_offset,51,1,70.0,4706.0,2926.0
32,max_power_bank_offset,52,1,70.0,4708.0,2925.2
32,max_power_bank_offset,53,1,71.0,4709.0,2926.0
32,max_power_bank_offset,54,1,70.0,4709.0,2926.8
32,max_power_bank_offset,55,1,70.0,4711.0,2924.8
32,max_power_bank_offset,56,1,71.0,4710.0,2925.2
32,max_power_bank_offset,57,1,71.0,4709.0,2926.0
32,max_power_bank_offset,58,1,70.0,4709.0,2924.8
32,max_power_bank_offset,59,1,71.0,4710.0,2922.8
32,max_power_bank_offset,60,1,70.0,4710.0,2928.0
32,max_power_bank_offset,61,1,70.0,4710.0,2928.0
32,max_power_bank_offset,62,1,70.0,4710.0,2927.6
32,max_power_bank_offset,63,1,71.0,4711.0,2927.2
32,max_power_bank_offset,64,1,71.0,4711.0,2926.4
32,max_power_bank_offset,65,1,70.0,4711.0,2926.0
32,max_power_bank_offset,66,1,71.0,4712.0,2925.2
32,max_power_bank_offset,67,1,71.0,4712.0,2932.4
32,max_power_bank_offset,68,1,70.0,4712.0,2932.8
32,max_power_bank_offset,69,1,71.0,4711.0,2932.8
32,max_power_bank_offset,70,1,71.0,4712.0,2932.8
32,max_power_bank_offset,71,1,71.0,4712.0,2932.8
32,max_power_bank_offset,72,1,71.0,4710.0,2937.6
32,max_power_bank_offset,73,1,71.0,4711.0,2936.8
32,max_power_bank_offset,74,1,71.0,4712.0,2936.0
32,max_power_bank_offset,75,1,71.0,4712.0,2935.6
32,max_power_bank_offset,76,1,71.0,4712.0,2935.6
32,max_power_bank_offset,77,1,71.0,4712.0,2935.2
32,max_power_bank_offset,78,1,71.0,4711.0,2936.4
32,max_power_bank_offset,79,1,71.0,4711.0,2936.4
32,max_power_bank_offset,80,1,71.0,4690.0,2977.6
32,max_power_bank_offset,81,1,71.0,4670.0,2980.8
32,max_power_bank_offset,82,1,71.0,4690.0,2975.6
32,max_power_bank_offset,83,1,71.0,4700.0,2968.0
32,max_power_bank_offset,84,1,71.0,4704.0,2964.8
32,max_power_bank_offset,85,1,71.0,4708.0,2962.8
32,max_power_bank_offset,86,1,71.0,4710.0,2963.2
32,max_power_bank_offset,87,1,71.0,4712.0,2958.8
32,max_power_bank_offset,88,1,71.0,4714.0,2956.8
32,max_power_bank_offset,89,1,71.0,4712.0,2958.4
32,max_power_bank_offset,90,1,71.0,4713.0,2958.0
32,max_power_bank_offset,0,2,64.0,1300.0,2876.8
32,max_power_bank_offset,1,2,70.0,4220.0,2604.0
32,max_power_bank_offset,2,2,71.0,4380.0,2766.0
32,max_power_bank_offset,3,2,71.0,4427.0,2820.0
32,max_power_bank_offset,4,2,71.0,4443.0,2855.2
32,max_power_bank_offset,5,2,71.0,4457.0,2867.6
32,max_power_bank_offset,6,2,71.0,4472.0,2888.4
32,max_power_bank_offset,7,2,70.0,4479.0,2899.6
32,max_power_bank_offset,8,2,71.0,4485.0,2909.2
32,max_power_bank_offset,9,2,71.0,4490.0,2914.0
32,max_power_bank_offset,10,2,70.0,4492.0,2918.8
32,max_power_bank_offset,11,2,71.0,4491.0,2926.8
32,max_power_bank_offset,12,2,71.0,4494.0,2928.8
32,max_power_bank_offset,13,2,71.0,4496.0,2931.6
32,max_power_bank_offset,14,2,71.0,4499.0,2934.0
32,max_power_bank_offset,15,2,71.0,4504.0,2937.2
32,max_power_bank_offset,16,2,71.0,4506.0,2934.8
32,max_power_bank_offset,17,2,71.0,4508.0,2937.2
32,max_power_bank_offset,18,2,71.0,4510.0,2940.4
32,max_power_bank_offset,19,2,71.0,4512.0,2939.2
32,max_power_bank_offset,20,2,71.0,4513.0,2937.6
32,max_power_bank_offset,21,2,71.0,4516.0,2941.2
32,max_power_bank_offset,22,2,71.0,4516.0,2941.6
32,max_power_bank_offset,23,2,71.0,4516.0,2940.8
32,max_power_bank_offset,24,2,71.0,4517.0,2945.2
32,max_power_bank_offset,25,2,71.0,4519.0,2944.0
32,max_power_bank_offset,26,2,71.0,4521.0,2942.0
32,max_power_bank_offset,27,2,71.0,4521.0,2941.6
32,max_power_bank_offset,28,2,71.0,4523.0,2944.4
32,max_power_bank_offset,29,2,71.0,4522.0,2944.4
32,max_power_bank_offset,30,2,71.0,4521.0,2945.2
32,max_power_bank_offset,31,2,71.0,4522.0,2944.4
32,max_power_bank_offset,32,2,71.0,4523.0,2943.2
32,max_power_bank_offset,33,2,71.0,4523.0,2949.6
32,max_power_bank_offset,34,2,71.0,4524.0,2948.4
32,max_power_bank_offset,35,2,71.0,4525.0,2947.2
32,max_power_bank_offset,36,2,71.0,4526.0,2946.4
32,max_power_bank_offset,37,2,71.0,4526.0,2946.0
32,max_power_bank_offset,38,2,71.0,4527.0,2944.4
32,max_power_bank_offset,39,2,71.0,4528.0,2943.6
32,max_power_bank_offset,40,2,71.0,4569.0,2951.2
32,max_power_bank_offset,41,2,71.0,4565.0,2950.0
32,max_power_bank_offset,42,2,71.0,4556.0,2946.8
32,max_power_bank_offset,43,2,71.0,4558.0,2940.8
32,max_power_bank_offset,44,2,71.0,4538.0,2947.6
32,max_power_bank_offset,45,2,71.0,4538.0,2946.0
32,max_power_bank_offset,46,2,71.0,4540.0,2946.0
32,max_power_bank_offset,47,2,71.0,4535.0,2950.4
32,max_power_bank_offset,48,2,71.0,4535.0,2950.0
32,max_power_bank_offset,49,2,71.0,4533.0,2950.4
32,max_power_bank_offset,50,2,71.0,4535.0,2948.8
32,max_power_bank_offset,51,2,71.0,4534.0,2950.0
32,max_power_bank_offset,52,2,71.0,4535.0,2952.4
32,max_power_bank_offset,53,2,71.0,4537.0,2952.4
32,max_power_bank_offset,54,2,71.0,4539.0,2952.4
32,max_power_bank_offset,55,2,71.0,4541.0,2952.0
32,max_power_bank_offset,56,2,71.0,4539.0,2952.0
32,max_power_bank_offset,57,2,71.0,4536.0,2952.4
32,max_power_bank_offset,58,2,71.0,4537.0,2952.4
32,max_power_bank_offset,59,2,71.0,4537.0,2952.8
32,max_power_bank_offset,60,2,71.0,4537.0,2953.6
32,max_power_bank_offset,61,2,71.0,4539.0,2952.8
32,max_power_bank_offset,62,2,71.0,4539.0,2952.0
32,max_power_bank_offset,63,2,71.0,4540.0,2951.6
32,max_power_bank_offset,64,2,71.0,4541.0,2951.6
32,max_power_bank_offset,65,2,71.0,4540.0,2951.2
32,max_power_bank_offset,66,2,71.0,4541.0,2950.4
32,max_power_bank_offset,67,2,71.0,4540.0,2952.0
32,max_power_bank_offset,68,2,71.0,4539.0,2951.6
32,max_power_bank_offset,69,2,71.0,4539.0,2950.0
32,max_power_bank_offset,70,2,71.0,4539.0,2949.6
32,max_power_bank_offset,71,2,71.0,4538.0,2949.6
32,max_power_bank_offset,72,2,71.0,4537.0,2950.0
32,max_power_bank_offset,73,2,71.0,4537.0,2950.8
32,max_power_bank_offset,74,2,71.0,4538.0,2950.4
32,max_power_bank_offset,75,2,71.0,4537.0,2950.0
32,max_power_bank_offset,76,2,71.0,4537.0,2950.0
32,max_power_bank_offset,77,2,71.0,4538.0,2949.6
32,max_power_bank_offset,78,2,71.0,4539.0,2948.8
32,max_power_bank_offset,79,2,71.0,4539.0,2948.4
32,max_power_bank_offset,80,2,71.0,4520.0,2958.0
32,max_power_bank_offset,81,2,71.0,4531.0,2956.8
32,max_power_bank_offset,82,2,71.0,4520.0,2960.8
32,max_power_bank_offset,83,2,71.0,4520.0,2957.6
32,max_power_bank_offset,84,2,71.0,4520.0,2956.0
32,max_power_bank_offset,85,2,71.0,4522.0,2952.8
32,max_power_bank_offset,86,2,71.0,4525.0,2950.8
32,max_power_bank_offset,87,2,71.0,4528.0,2948.4
32,max_power_bank_offset,88,2,71.0,4526.0,2948.0
32,max_power_bank_offset,89,2,71.0,4527.0,2946.8
32,max_power_bank_offset,90,2,71.0,4528.0,2946.0
32,max_power_bank_offset,0,3,64.0,1375.0,2920.0
32,max_power_bank_offset,1,3,71.0,4250.0,2554.0
32,max_power_bank_offset,2,3,71.0,4415.0,2736.4
32,max_power_bank_offset,3,3,71.0,4451.0,2811.6
32,max_power_bank_offset,4,3,71.0,4451.0,2858.4
32,max_power_bank_offset,5,3,71.0,4465.0,2873.6
32,max_power_bank_offset,6,3,71.0,4471.0,2887.2
32,max_power_bank_offset,7,3,71.0,4480.0,2891.2
32,max_power_bank_offset,8,3,71.0,4487.0,2902.8
32,max_power_bank_offset,9,3,71.0,4492.0,2906.8
32,max_power_bank_offset,10,3,71.0,4496.0,2914.0
32,max_power_bank_offset,11,3,71.0,4499.0,2919.2
32,max_power_bank_offset,12,3,71.0,4502.0,2919.2
32,max_power_bank_offset,13,3,71.0,4505.0,2915.6
32,max_power_bank_offset,14,3,71.0,4509.0,2917.2
32,max_power_bank_offset,15,3,71.0,4508.0,2917.2
32,max_power_bank_offset,16,3,71.0,4511.0,2918.8
32,max_power_bank_offset,17,3,71.0,4509.0,2920.8
32,max_power_bank_offset,18,3,71.0,4510.0,2924.0
32,max_power_bank_offset,19,3,71.0,4510.0,2924.0
32,max_power_bank_offset,20,3,71.0,4513.0,2926.4
32,max_power_bank_offset,21,3,71.0,4514.0,2925.2
32,max_power_bank_offset,22,3,71.0,4514.0,2924.8
32,max_power_bank_offset,23,3,71.0,4514.0,2925.2
32,max_power_bank_offset,24,3,71.0,4517.0,2928.4
32,max_power_bank_offset,25,3,71.0,4519.0,2927.6
32,max_power_bank_offset,26,3,71.0,4519.0,2927.6
32,max_power_bank_offset,27,3,71.0,4520.0,2926.8
32,max_power_bank_offset,28,3,71.0,4519.0,2926.8
32,max_power_bank_offset,29,3,71.0,4520.0,2926.4
32,max_power_bank_offset,30,3,71.0,4521.0,2930.4
32,max_power_bank_offset,31,3,71.0,4521.0,2929.6
32,max_power_bank_offset,32,3,71.0,4520.0,2929.6
32,max_power_bank_offset,33,3,71.0,4521.0,2929.2
32,max_power_bank_offset,34,3,71.0,4520.0,2929.6
32,max_power_bank_offset,35,3,71.0,4520.0,2929.2
32,max_power_bank_offset,36,3,71.0,4519.0,2934.4
32,max_power_bank_offset,37,3,71.0,4519.0,2933.6
32,max_power_bank_offset,38,3,71.0,4520.0,2932.8
32,max_power_bank_offset,39,3,71.0,4520.0,2932.8
32,max_power_bank_offset,40,3,71.0,4532.0,2944.4
32,max_power_bank_offset,41,3,71.0,4536.0,2951.2
32,max_power_bank_offset,42,3,71.0,4547.0,2940.8
32,max_power_bank_offset,43,3,71.0,4543.0,2938.0
32,max_power_bank_offset,44,3,71.0,4545.0,2943.2
32,max_power_bank_offset,45,3,71.0,4539.0,2951.2
32,max_power_bank_offset,46,3,71.0,4542.0,2950.0
32,max_power_bank_offset,47,3,71.0,4547.0,2946.8
32,max_power_bank_offset,48,3,71.0,4545.0,2952.4
32,max_power_bank_offset,49,3,71.0,4545.0,2950.0
32,max_power_bank_offset,50,3,71.0,4541.0,2950.4
32,max_power_bank_offset,51,3,71.0,4540.0,2950.8
32,max_power_bank_offset,52,3,71.0,4540.0,2951.2
32,max_power_bank_offset,53,3,71.0,4540.0,2952.0
32,max_power_bank_offset,54,3,71.0,4540.0,2952.4
32,max_power_bank_offset,55,3,71.0,4537.0,2954.4
32,max_power_bank_offset,56,3,71.0,4536.0,2955.2
32,max_power_bank_offset,57,3,71.0,4535.0,2960.8
32,max_power_bank_offset,58,3,71.0,4536.0,2960.4
32,max_power_bank_offset,59,3,71.0,4536.0,2960.4
32,max_power_bank_offset,60,3,71.0,4537.0,2960.0
32,max_power_bank_offset,61,3,71.0,4538.0,2958.0
32,max_power_bank_offset,62,3,71.0,4534.0,2959.6
32,max_power_bank_offset,63,3,71.0,4533.0,2959.6
32,max_power_bank_offset,64,3,71.0,4533.0,2958.8
32,max_power_bank_offset,65,3,71.0,4533.0,2958.8
32,max_power_bank_offset,66,3,71.0,4534.0,2958.4
32,max_power_bank_offset,67,3,71.0,4534.0,2958.4
32,max_power_bank_offset,68,3,71.0,4534.0,2958.0
32,max_power_bank_offset,69,3,71.0,4535.0,2957.6
32,max_power_bank_offset,70,3,72.0,4535.0,2956.8
32,max_power_bank_offset,71,3,71.0,4534.0,2956.4
32,max_power_bank_offset,72,3,71.0,4534.0,2956.4
32,max_power_bank_offset,73,3,71.0,4533.0,2956.4
32,max_power_bank_offset,74,3,71.0,4532.0,2956.8
32,max_power_bank_offset,75,3,71.0,4533.0,2956.4
32,max_power_bank_offset,76,3,71.0,4534.0,2956.4
32,max_power_bank_offset,77,3,72.0,4533.0,2956.4
32,max_power_bank_offset,78,3,71.0,4533.0,2956.4
32,max_power_bank_offset,79,3,71.0,4534.0,2956.0
32,max_power_bank_offset,80,3,71.0,4530.0,2960.4
32,max_power_bank_offset,81,3,71.0,4500.0,2976.8
32,max_power_bank_offset,82,3,71.0,4513.0,2965.6
32,max_power_bank_offset,83,3,72.0,4520.0,2964.4
32,max_power_bank_offset,84,3,71.0,4524.0,2964.0
32,max_power_bank_offset,85,3,71.0,4527.0,2961.6
32,max_power_bank_offset,86,3,71.0,4527.0,2960.8
32,max_power_bank_offset,87,3,71.0,4528.0,2958.0
32,max_power_bank_offset,88,3,71.0,4530.0,2957.6
32,max_power_bank_offset,89,3,71.0,4528.0,2956.0
32,max_power_bank_offset,90,3,71.0,4531.0,2954.0
33,max_power_bank_offset,0,0,66.0,1600.0,2909.2
33,max_power_bank_offset,1,0,74.0,4610.0,2605.6
33,max_power_bank_offset,2,0,74.0,4800.0,2768.0
33,max_power_bank_offset,3,0,74.0,4851.0,2827.6
33,max_power_bank_offset,4,0,74.0,4889.0,2853.2
33,max_power_bank_offset,5,0,74.0,4906.0,2871.6
33,max_power_bank_offset,6,0,74.0,4918.0,2888.8
33,max_power_bank_offset,7,0,74.0,4925.0,2896.8
33,max_power_bank_offset,8,0,74.0,4933.0,2907.6
33,max_power_bank_offset,9,0,74.0,4935.0,2917.6
33,max_power_bank_offset,10,0,74.0,4942.0,2916.4
33,max_power_bank_offset,11,0,74.0,4948.0,2915.2
33,max_power_bank_offset,12,0,74.0,4950.0,2919.6
33,max_power_bank_offset,13,0,74.0,4953.0,2922.4
33,max_power_bank_offset,14,0,74.0,4954.0,2926.0
33,max_power_bank_offset,15,0,74.0,4956.0,2923.6
33,max_power_bank_offset,16,0,75.0,4957.0,2926.8
33,max_power_bank_offset,17,0,74.0,4959.0,2925.6
33,max_power_bank_offset,18,0,74.0,4961.0,2930.0
33,max_power_bank_offset,19,0,74.0,4963.0,2930.4
33,max_power_bank_offset,20,0,74.0,4964.0,2929.2
33,max_power_bank_offset,21,0,74.0,4964.0,2932.8
33,max_power_bank_offset,22,0,74.0,4964.0,2933.2
33,max_power_bank_offset,23,0,74.0,4965.0,2933.6
33,max_power_bank_offset,24,0,75.0,4965.0,2932.8
33,max_power_bank_offset,25,0,75.0,4965.0,2933.2
33,max_power_bank_offset,26,0,74.0,4967.0,2937.6
33,max_power_bank_offset,27,0,74.0,4967.0,2937.6
33,max_power_bank_offset,28,0,75.0,4967.0,2936.4
33,max_power_bank_offset,29,0,75.0,4967.0,2936.0
33,max_power_bank_offset,30,0,75.0,4968.0,2935.2
33,max_power_bank_offset,31,0,75.0,4969.0,2934.4
33,max_power_bank_offset,32,0,74.0,4968.0,2939.6
33,max_power_bank_offset,33,0,74.0,4968.0,2939.6
33,max_power_bank_offset,34,0,74.0,4968.0,2939.2
33,max_power_bank_offset,35,0,75.0,4967.0,2940.0
33,max_power_bank_offset,36,0,75.0,4967.0,2940.0
33,max_power_bank_offset,37,0,75.0,4968.0,2939.2
33,max_power_bank_offset,38,0,75.0,4969.0,2939.2
33,max_power_bank_offset,39,0,75.0,4969.0,2938.4
33,max_power_bank_offset,40,0,75.0,4916.0,2978.4
33,max_power_bank_offset,41,0,75.0,4923.0,2971.6
33,max_power_bank_offset,42,0,75.0,4938.0,2964.4
33,max_power_bank_offset,43,0,75.0,4949.0,2959.6
33,max_power_bank_offset,44,0,74.0,4950.0,2962.8
33,max_power_bank_offset,45,0,75.0,4955.0,2958.8
33,max_power_bank_offset,46,0,75.0,4958.0,2960.4
33,max_power_bank_offset,47,0,75.0,4964.0,2956.8
33,max_power_bank_offset,48,0,75.0,4965.0,2953.6
33,max_power_bank_offset,49,0,75.0,4962.0,2954.0
33,max_power_bank_offset,50,0,74.0,4965.0,2951.2
33,max_power_bank_offset,51,0,75.0,4967.0,2948.0
33,max_power_bank_offset,52,0,75.0,4970.0,2946.4
33,max_power_bank_offset,53,0,75.0,4972.0,2945.6
33,max_power_bank_offset,54,0,75.0,4972.0,2946.4
33,max_power_bank_offset,55,0,75.0,4972.0,2950.0
33,max_power_bank_offset,56,0,75.0,4972.0,2950.4
33,max_power_bank_offset,57,0,75.0,4972.0,2951.2
33,max_power_bank_offset,58,0,75.0,4972.0,2952.8
33,max_power_bank_offset,59,0,75.0,4972.0,2952.0
33,max_power_bank_offset,60,0,75.0,4974.0,2951.6
33,max_power_bank_offset,61,0,75.0,4974.0,2950.4
33,max_power_bank_offset,62,0,75.0,4974.0,2950.4
33,max_power_bank_offset,63,0,75.0,4975.0,2950.0
33,max_power_bank_offset,64,0,75.0,4974.0,2949.6
33,max_power_bank_offset,65,0,75.0,4975.0,2948.4
33,max_power_bank_offset,66,0,75.0,4975.0,2952.0
33,max_power_bank_offset,67,0,75.0,4975.0,2952.4
33,max_power_bank_offset,68,0,75.0,4976.0,2951.6
33,max_power_bank_offset,69,0,75.0,4976.0,2951.2
33,max_power_bank_offset,70,0,75.0,4976.0,2950.8
33,max_power_bank_offset,71,0,75.0,4976.0,2950.0
33,max_power_bank_offset,72,0,75.0,4977.0,2955.2
33,max_power_bank_offset,73,0,75.0,4979.0,2953.6
33,max_power_bank_offset,74,0,75.0,4980.0,2953.6
33,max_power_bank_offset,75,0,75.0,4980.0,2953.2
33,max_power_bank_offset,76,0,75.0,4981.0,2952.8
33,max_power_bank_offset,77,0,75.0,4981.0,2952.4
33,max_power_bank_offset,78,0,75.0,4980.0,2952.8
33,max_power_bank_offset,79,0,75.0,4980.0,2958.8
33,max_power_bank_offset,80,0,75.0,4970.0,2979.6
33,max_power_bank_offset,81,0,75.0,4965.0,2981.2
33,max_power_bank_offset,82,0,75.0,4972.0,2980.0
33,max_power_bank_offset,83,0,75.0,4974.0,2982.8
33,max_power_bank_offset,84,0,75.0,4975.0,2984.4
33,max_power_bank_offset,85,0,75.0,4970.0,2983.2
33,max_power_bank_offset,86,0,75.0,4966.0,2983.6
33,max_power_bank_offset,87,0,75.0,4967.0,2984.0
33,max_power_bank_offset,88,0,75.0,4970.0,2982.0
33,max_power_bank_offset,89,0,75.0,4972.0,2981.2
33,max_power_bank_offset,90,0,75.0,4974.0,2979.2
33,max_power_bank_offset,0,1,66.0,1400.0,2888.0
33,max_power_bank_offset,1,1,74.0,4640.0,2468.0
33,max_power_bank_offset,2,1,75.0,4810.0,2717.6
33,max_power_bank_offset,3,1,75.0,4862.0,2786.8
33,max_power_bank_offset,4,1,74.0,4887.0,2836.4
33,max_power_bank_offset,5,1,75.0,4914.0,2858.4
33,max_power_bank_offset,6,1,75.0,4930.0,2873.6
33,max_power_bank_offset,7,1,75.0,4938.0,2884.0
33,max_power_bank_offset,8,1,75.0,4946.0,2892.0
33,max_power_bank_offset,9,1,75.0,4952.0,2898.4
33,max_power_bank_offset,10,1,75.0,4952.0,2908.4
33,max_power_bank_offset,11,1,75.0,4955.0,2912.8
33,max_power_bank_offset,12,1,75.0,4958.0,2922.0
33,max_power_bank_offset,13,1,75.0,4960.0,2926.8
33,max_power_bank_offset,14,1,75.0,4962.0,2930.0
33,max_power_bank_offset,15,1,75.0,4964.0,2927.6
33,max_power_bank_offset,16,1,75.0,4962.0,2934.0
33,max_power_bank_offset,17,1,75.0,4962.0,2934.4
33,max_power_bank_offset,18,1,75.0,4964.0,2941.2
33,max_power_bank_offset,19,1,75.0,4965.0,2940.4
33,max_power_bank_offset,20,1,75.0,4966.0,2944.0
33,max_power_bank_offset,21,1,75.0,4968.0,2944.0
33,max_power_bank_offset,22,1,75.0,4967.0,2948.8
33,max_power_bank_offset,23,1,75.0,4967.0,2948.8
33,max_power_bank_offset,24,1,75.0,4967.0,2948.4
33,max_power_bank_offset,25,1,75.0,4969.0,2946.8
33,max_power_bank_offset,26,1,75.0,4969.0,2952.4
33,max_power_bank_offset,27,1,75.0,4968.0,2953.2
33,max_power_bank_offset,28,1,75.0,4968.0,2954.0
33,max_power_bank_offset,29,1,75.0,4968.0,2953.2
33,max_power_bank_offset,30,1,75.0,4969.0,2951.6
33,max_power_bank_offset,31,1,75.0,4969.0,2955.6
33,max_power_bank_offset,32,1,75.0,4970.0,2955.2
33,max_power_bank_offset,33,1,75.0,4971.0,2955.2
33,max_power_bank_offset,34,1,75.0,4970.0,2954.8
33,max_power_bank_offset,35,1,75.0,4970.0,2953.6
33,max_power_bank_offset,36,1,75.0,4970.0,2953.6
33,max_power_bank_offset,37,1,75.0,4970.0,2953.6
33,max_power_bank_offset,38,1,75.0,4970.0,2953.2
33,max_power_bank_offset,39,1,75.0,4969.0,2957.6
33,max_power_bank_offset,40,1,75.0,4946.0,2970.4
33,max_power_bank_offset,41,1,75.0,4968.0,2968.8
33,max_power_bank_offset,42,1,75.0,4975.0,2959.6
33,max_power_bank_offset,43,1,75.0,4971.0,2961.2
33,max_power_bank_offset,44,1,75.0,4964.0,2966.0
33,max_power_bank_offset,45,1,75.0,4965.0,2966.8
33,max_power_bank_offset,46,1,75.0,4964.0,2969.6
33,max_power_bank_offset,47,1,75.0,4967.0,2968.4
33,max_power_bank_offset,48,1,75.0,4972.0,2967.2
33,max_power_bank_offset,49,1,75.0,4976.0,2965.6
33,max_power_bank_offset,50,1,75.0,4979.0,2963.2
33,max_power_bank_offset,51,1,75.0,4977.0,2963.6
33,max_power_bank_offset,52,1,75.0,4976.0,2965.2
33,max_power_bank_offset,53,1,75.0,4976.0,2963.2
33,max_power_bank_offset,54,1,75.0,4976.0,2964.0
33,max_power_bank_offset,55,1,75.0,4977.0,2964.8
33,max_power_bank_offset,56,1,75.0,4978.0,2963.2
33,max_power_bank_offset,57,1,75.0,4979.0,2962.4
33,max_power_bank_offset,58,1,75.0,4979.0,2962.0
33,max_power_bank_offset,59,1,75.0,4978.0,2963.2
33,max_power_bank_offset,60,1,75.0,4978.0,2963.2
33,max_power_bank_offset,61,1,75.0,4979.0,2962.0
33,max_power_bank_offset,62,1,75.0,4978.0,2962.0
33,max_power_bank_offset,63,1,75.0,4977.0,2962.4
33,max_power_bank_offset,64,1,75.0,4977.0,2962.8
33,max_power_bank_offset,65,1,75.0,4977.0,2964.4
33,max_power_bank_offset,66,1,75.0,4978.0,2963.2
33,max_power_bank_offset,67,1,75.0,4979.0,2962.0
33,max_power_bank_offset,68,1,75.0,4978.0,2962.4
33,max_power_bank_offset,69,1,75.0,4978.0,2962.4
33,max_power_bank_offset,70,1,75.0,4978.0,2962.8
33,max_power_bank_offset,71,1,75.0,4979.0,2962.0
33,max_power_bank_offset,72,1,75.0,4979.0,2962.0
33,max_power_bank_offset,73,1,75.0,4979.0,2961.6
33,max_power_bank_offset,74,1,75.0,4979.0,2961.6
33,max_power_bank_offset,75,1,75.0,4979.0,2961.6
33,max_power_bank_offset,76,1,75.0,4978.0,2961.2
33,max_power_bank_offset,77,1,75.0,4978.0,2960.8
33,max_power_bank_offset,78,1,75.0,4978.0,2960.4
33,max_power_bank_offset,79,1,75.0,4977.0,2960.4
33,max_power_bank_offset,80,1,75.0,5000.0,2944.8
33,max_power_bank_offset,81,1,75.0,4970.0,2965.6
33,max_power_bank_offset,82,1,75.0,4979.0,2955.2
33,max_power_bank_offset,83,1,75.0,4979.0,2959.6
33,max_power_bank_offset,84,1,75.0,4977.0,2963.2
33,max_power_bank_offset,85,1,75.0,4979.0,2963.2
33,max_power_bank_offset,86,1,75.0,4983.0,2961.2
33,max_power_bank_offset,87,1,75.0,4982.0,2962.0
33,max_power_bank_offset,88,1,75.0,4985.0,2963.2
33,max_power_bank_offset,89,1,75.0,4983.0,2962.4
33,max_power_bank_offset,90,1,75.0,4985.0,2960.0
33,max_power_bank_offset,0,2,67.0,1487.0,2932.4
33,max_power_bank_offset,1,2,74.0,4760.0,2314.8
33,max_power_bank_offset,2,2,75.0,4790.0,2639.2
33,max_power_bank_offset,3,2,75.0,4800.0,2746.4
33,max_power_bank_offset,4,2,75.0,4800.0,2808.8
33,max_power_bank_offset,5,2,75.0,4802.0,2844.8
33,max_power_bank_offset,6,2,75.0,4805.0,2862.8
33,max_power_bank_offset,7,2,75.0,4798.0,2884.4
33,max_power_bank_offset,8,2,75.0,4797.0,2894.4
33,max_power_bank_offset,9,2,75.0,4799.0,2902.0
33,max_power_bank_offset,10,2,75.0,4801.0,2910.4
33,max_power_bank_offset,11,2,75.0,4802.0,2915.6
33,max_power_bank_offset,12,2,75.0,4799.0,2920.4
33,max_power_bank_offset,13,2,75.0,4798.0,2925.6
33,max_power_bank_offset,14,2,75.0,4798.0,2931.2
33,max_power_bank_offset,15,2,75.0,4799.0,2935.6
33,max_power_bank_offset,16,2,75.0,4798.0,2935.2
33,max_power_bank_offset,17,2,75.0,4796.0,2941.2
33,max_power_bank_offset,18,2,75.0,4795.0,2941.2
33,max_power_bank_offset,19,2,75.0,4795.0,2944.8
33,max_power_bank_offset,20,2,75.0,4796.0,2944.0
33,max_power_bank_offset,21,2,75.0,4796.0,2948.8
33,max_power_bank_offset,22,2,75.0,4794.0,2948.8
33,max_power_bank_offset,23,2,75.0,4794.0,2948.4
33,max_power_bank_offset,24,2,75.0,4795.0,2947.2
33,max_power_bank_offset,25,2,75.0,4793.0,2952.4
33,max_power_bank_offset,26,2,75.0,4794.0,2952.0
33,max_power_bank_offset,27,2,75.0,4793.0,2952.4
33,max_power_bank_offset,28,2,75.0,4795.0,2952.0
33,max_power_bank_offset,29,2,75.0,4795.0,2952.0
33,max_power_bank_offset,30,2,75.0,4795.0,2956.0
33,max_power_bank_offset,31,2,75.0,4795.0,2955.6
33,max_power_bank_offset,32,2,75.0,4795.0,2955.2
33,max_power_bank_offset,33,2,75.0,4795.0,2954.8
33,max_power_bank_offset,34,2,75.0,4794.0,2955.6
33,max_power_bank_offset,35,2,75.0,4795.0,2954.8
33,max_power_bank_offset,36,2,75.0,4796.0,2954.0
33,max_power_bank_offset,37,2,75.0,4797.0,2957.6
33,max_power_bank_offset,38,2,75.0,4797.0,2956.8
33,max_power_bank_offset,39,2,75.0,4796.0,2956.4
33,max_power_bank_offset,40,2,75.0,4789.0,2974.8
33,max_power_bank_offset,41,2,75.0,4799.0,2958.4
33,max_power_bank_offset,42,2,75.0,4799.0,2958.0
33,max_power_bank_offset,43,2,75.0,4792.0,2958.8
33,max_power_bank_offset,44,2,75.0,4795.0,2956.4
33,max_power_bank_offset,45,2,75.0,4789.0,2959.6
33,max_power_bank_offset,46,2,75.0,4785.0,2965.6
33,max_power_bank_offset,47,2,75.0,4786.0,2968.8
33,max_power_bank_offset,48,2,75.0,4792.0,2966.0
33,max_power_bank_offset,49,2,75.0,4794.0,2964.8
33,max_power_bank_offset,50,2,75.0,4793.0,2968.0
33,max_power_bank_offset,51,2,75.0,4791.0,2969.2
33,max_power_bank_offset,52,2,75.0,4791.0,2967.6
33,max_power_bank_offset,53,2,75.0,4790.0,2966.8
33,max_power_bank_offset,54,2,75.0,4789.0,2966.8
33,max_power_bank_offset,55,2,75.0,4789.0,2966.8
33,max_power_bank_offset,56,2,75.0,4787.0,2968.0
33,max_power_bank_offset,57,2,75.0,4789.0,2968.4
33,max_power_bank_offset,58,2,75.0,4791.0,2966.8
33,max_power_bank_offset,59,2,75.0,4792.0,2966.0
33,max_power_bank_offset,60,2,75.0,4794.0,2964.8
33,max_power_bank_offset,61,2,75.0,4794.0,2963.2
33,max_power_bank_offset,62,2,75.0,4796.0,2962.8
33,max_power_bank_offset,63,2,75.0,4796.0,2962.8
33,max_power_bank_offset,64,2,75.0,4796.0,2961.2
33,max_power_bank_offset,65,2,75.0,4797.0,2960.8
33,max_power_bank_offset,66,2,75.0,4798.0,2960.8
33,max_power_bank_offset,67,2,75.0,4799.0,2960.0
33,max_power_bank_offset,68,2,75.0,4799.0,2959.6
33,max_power_bank_offset,69,2,75.0,4798.0,2960.8
33,max_power_bank_offset,70,2,75.0,4798.0,2960.8
33,max_power_bank_offset,71,2,75.0,4799.0,2960.0
33,max_power_bank_offset,72,2,75.0,4799.0,2960.0
33,max_power_bank_offset,73,2,75.0,4798.0,2960.4
33,max_power_bank_offset,74,2,75.0,4798.0,2960.0
33,max_power_bank_offset,75,2,75.0,4798.0,2960.0
33,max_power_bank_offset,76,2,75.0,4798.0,2959.2
33,max_power_bank_offset,77,2,75.0,4798.0,2959.6
33,max_power_bank_offset,78,2,75.0,4799.0,2958.8
33,max_power_bank_offset,79,2,75.0,4799.0,2958.8
33,max_power_bank_offset,80,2,75.0,4810.0,2969.2
33,max_power_bank_offset,81,2,75.0,4810.0,2969.2
33,max_power_bank_offset,82,2,75.0,4813.0,2965.6
33,max_power_bank_offset,83,2,75.0,4802.0,2974.8
33,max_power_bank_offset,84,2,75.0,4791.0,2979.2
33,max_power_bank_offset,85,2,75.0,4794.0,2976.8
33,max_power_bank_offset,86,2,75.0,4794.0,2971.6
33,max_power_bank_offset,87,2,75.0,4793.0,2973.2
33,max_power_bank_offset,88,2,75.0,4792.0,2973.6
33,max_power_bank_offset,89,2,75.0,4791.0,2972.0
33,max_power_bank_offset,90,2,75.0,4792.0,2968.4
33,max_power_bank_offset,0,3,67.0,1462.0,2944.8
33,max_power_bank_offset,1,3,74.0,4770.0,2410.8
33,max_power_bank_offset,2,3,75.0,4785.0,2687.2
33,max_power_bank_offset,3,3,75.0,4782.0,2773.6
33,max_power_bank_offset,4,3,75.0,4782.0,2822.4
33,max_power_bank_offset,5,3,75.0,4773.0,2855.6
33,max_power_bank_offset,6,3,75.0,4771.0,2883.6
33,max_power_bank_offset,7,3,75.0,4774.0,2889.2
33,max_power_bank_offset,8,3,75.0,4775.0,2900.4
33,max_power_bank_offset,9,3,75.0,4776.0,2905.6
33,max_power_bank_offset,10,3,75.0,4777.0,2907.6
33,max_power_bank_offset,11,3,75.0,4777.0,2911.6
33,max_power_bank_offset,12,3,75.0,4778.0,2915.6
33,max_power_bank_offset,13,3,75.0,4778.0,2917.6
33,max_power_bank_offset,14,3,75.0,4781.0,2920.4
33,max_power_bank_offset,15,3,75.0,4780.0,2924.4
33,max_power_bank_offset,16,3,75.0,4781.0,2923.6
33,max_power_bank_offset,17,3,75.0,4780.0,2928.0
33,max_power_bank_offset,18,3,75.0,4780.0,2927.2
33,max_power_bank_offset,19,3,75.0,4778.0,2928.0
33,max_power_bank_offset,20,3,75.0,4777.0,2933.6
33,max_power_bank_offset,21,3,75.0,4779.0,2932.8
33,max_power_bank_offset,22,3,75.0,4779.0,2933.2
33,max_power_bank_offset,23,3,75.0,4780.0,2938.0
33,max_power_bank_offset,24,3,75.0,4780.0,2938.4
33,max_power_bank_offset,25,3,75.0,4781.0,2939.2
33,max_power_bank_offset,26,3,75.0,4781.0,2939.6
33,max_power_bank_offset,27,3,75.0,4781.0,2944.0
33,max_power_bank_offset,28,3,75.0,4782.0,2942.8
33,max_power_bank_offset,29,3,75.0,4782.0,2942.8
33,max_power_bank_offset,30,3,75.0,4782.0,2942.8
33,max_power_bank_offset,31,3,75.0,4784.0,2942.0
33,max_power_bank_offset,32,3,75.0,4785.0,2941.6
33,max_power_bank_offset,33,3,75.0,4785.0,2942.4
33,max_power_bank_offset,34,3,75.0,4785.0,2946.4
33,max_power_bank_offset,35,3,75.0,4785.0,2946.0
33,max_power_bank_offset,36,3,75.0,4786.0,2945.6
33,max_power_bank_offset,37,3,75.0,4786.0,2945.6
33,max_power_bank_offset,38,3,75.0,4785.0,2946.8
33,max_power_bank_offset,39,3,75.0,4784.0,2947.6
33,max_power_bank_offset,40,3,75.0,4818.0,2915.2
33,max_power_bank_offset,41,3,75.0,4809.0,2943.2
33,max_power_bank_offset,42,3,75.0,4799.0,2958.4
33,max_power_bank_offset,43,3,75.0,4794.0,2958.4
33,max_power_bank_offset,44,3,75.0,4805.0,2956.8
33,max_power_bank_offset,45,3,75.0,4798.0,2958.8
33,max_power_bank_offset,46,3,75.0,4798.0,2958.0
33,max_power_bank_offset,47,3,75.0,4796.0,2960.8
33,max_power_bank_offset,48,3,75.0,4795.0,2959.6
33,max_power_bank_offset,49,3,75.0,4797.0,2960.0
33,max_power_bank_offset,50,3,75.0,4797.0,2956.4
33,max_power_bank_offset,51,3,75.0,4797.0,2954.8
33,max_power_bank_offset,52,3,75.0,4794.0,2955.6
33,max_power_bank_offset,53,3,75.0,4797.0,2955.2
33,max_power_bank_offset,54,3,75.0,4793.0,2956.4
33,max_power_bank_offset,55,3,75.0,4794.0,2954.4
33,max_power_bank_offset,56,3,75.0,4791.0,2955.2
33,max_power_bank_offset,57,3,75.0,4790.0,2955.6
33,max_power_bank_offset,58,3,75.0,4791.0,2955.2
33,max_power_bank_offset,59,3,75.0,4793.0,2956.0
33,max_power_bank_offset,60,3,75.0,4793.0,2955.2
33,max_power_bank_offset,61,3,75.0,4791.0,2955.6
33,max_power_bank_offset,62,3,75.0,4791.0,2956.0
33,max_power_bank_offset,63,3,75.0,4791.0,2955.6
33,max_power_bank_offset,64,3,75.0,4791.0,2955.6
33,max_power_bank_offset,65,3,75.0,4791.0,2954.8
33,max_power_bank_offset,66,3,75.0,4790.0,2955.2
33,max_power_bank_offset,67,3,75.0,4789.0,2956.4
33,max_power_bank_offset,68,3,75.0,4790.0,2956.8
33,max_power_bank_offset,69,3,75.0,4790.0,2956.8
33,max_power_bank_offset,70,3,75.0,4789.0,2958.0
33,max_power_bank_offset,71,3,75.0,4790.0,2957.2
33,max_power_bank_offset,72,3,75.0,4790.0,2956.8
33,max_power_bank_offset,73,3,75.0,4789.0,2956.8
33,max_power_bank_offset,74,3,75.0,4790.0,2956.0
33,max_power_bank_offset,75,3,75.0,4790.0,2956.4
33,max_power_bank_offset,76,3,75.0,4791.0,2956.0
33,max_power_bank_offset,77,3,75.0,4790.0,2956.4
33,max_power_bank_offset,78,3,75.0,4790.0,2956.4
33,max_power_bank_offset,79,3,75.0,4788.0,2957.2
33,max_power_bank_offset,80,3,75.0,4790.0,2965.2
33,max_power_bank_offset,81,3,75.0,4785.0,2969.6
33,max_power_bank_offset,82,3,75.0,4796.0,2965.2
33,max_power_bank_offset,83,3,75.0,4797.0,2956.8
33,max_power_bank_offset,84,3,75.0,4793.0,2955.2
33,max_power_bank_offset,85,3,75.0,4798.0,2952.8
33,max_power_bank_offset,86,3,75.0,4800.0,2948.8
33,max_power_bank_offset,87,3,75.0,4800.0,2950.8
33,max_power_bank_offset,88,3,75.0,4795.0,2953.6
33,max_power_bank_offset,89,3,75.0,4790.0,2957.6
33,max_power_bank_offset,90,3,75.0,4792.0,2956.0
34,max_power_bank_offset,0,0,59.0,1175.0,3196.4
34,max_power_bank_offset,1,0,65.0,4090.0,2900.8
34,max_power_bank_offset,2,0,66.0,4259.0,3104.8
34,max_power_bank_offset,3,0,66.0,4310.0,3167.6
34,max_power_bank_offset,4,0,65.0,4346.0,3195.2
34,max_power_bank_offset,5,0,66.0,4367.0,3218.0
34,max_power_bank_offset,6,0,66.0,4388.0,3225.2
34,max_power_bank_offset,7,0,66.0,4389.0,3232.4
34,max_power_bank_offset,8,0,66.0,4402.0,3240.8
34,max_power_bank_offset,9,0,66.0,4406.0,3244.4
34,max_power_bank_offset,10,0,66.0,4410.0,3247.2
34,max_power_bank_offset,11,0,66.0,4410.0,3249.6
34,max_power_bank_offset,12,0,66.0,4415.0,3254.0
34,max_power_bank_offset,13,0,66.0,4419.0,3256.4
34,max_power_bank_offset,14,0,66.0,4423.0,3256.4
34,max_power_bank_offset,15,0,66.0,4426.0,3261.6
34,max_power_bank_offset,16,0,66.0,4428.0,3261.2
34,max_power_bank_offset,17,0,66.0,4429.0,3263.2
34,max_power_bank_offset,18,0,66.0,4430.0,3261.6
34,max_power_bank_offset,19,0,66.0,4431.0,3265.6
34,max_power_bank_offset,20,0,66.0,4431.0,3265.6
34,max_power_bank_offset,21,0,66.0,4431.0,3265.2
34,max_power_bank_offset,22,0,66.0,4431.0,3265.2
34,max_power_bank_offset,23,0,66.0,4430.0,3270.0
34,max_power_bank_offset,24,0,66.0,4429.0,3270.4
34,max_power_bank_offset,25,0,66.0,4429.0,3269.6
34,max_power_bank_offset,26,0,66.0,4430.0,3269.2
34,max_power_bank_offset,27,0,66.0,4430.0,3273.2
34,max_power_bank_offset,28,0,66.0,4431.0,3272.4
34,max_power_bank_offset,29,0,66.0,4431.0,3272.0
34,max_power_bank_offset,30,0,66.0,4431.0,3271.6
34,max_power_bank_offset,31,0,66.0,4431.0,3270.8
34,max_power_bank_offset,32,0,66.0,4431.0,3270.0
34,max_power_bank_offset,33,0,66.0,4432.0,3269.2
34,max_power_bank_offset,34,0,66.0,4431.0,3275.6
34,max_power_bank_offset,35,0,66.0,4431.0,3275.2
34,max_power_bank_offset,36,0,66.0,4433.0,3274.4
34,max_power_bank_offset,37,0,66.0,4431.0,3275.2
34,max_power_bank_offset,38,0,66.0,4432.0,3274.4
34,max_power_bank_offset,39,0,66.0,4432.0,3274.4
34,max_power_bank_offset,40,0,66.0,4393.0,3286.0
34,max_power_bank_offset,41,0,66.0,4416.0,3285.6
34,max_power_bank_offset,42,0,66.0,4414.0,3290.4
34,max_power_bank_offset,43,0,66.0,4425.0,3285.2
34,max_power_bank_offset,44,0,66.0,4429.0,3284.4
34,max_power_bank_offset,45,0,66.0,4441.0,3276.0
34,max_power_bank_offset,46,0,66.0,4438.0,3279.6
34,max_power_bank_offset,47,0,66.0,4435.0,3279.2
34,max_power_bank_offset,48,0,66.0,4437.0,3277.6
34,max_power_bank_offset,49,0,66.0,4439.0,3276.0
34,max_power_bank_offset,50,0,66.0,4437.0,3275.6
34,max_power_bank_offset,51,0,66.0,4433.0,3278.4
34,max_power_bank_offset,52,0,66.0,4434.0,3276.8
34,max_power_bank_offset,53,0,66.0,4432.0,3276.0
34,max_power_bank_offset,54,0,66.0,4435.0,3273.6
34,max_power_bank_offset,55,0,66.0,4435.0,3274.0
34,max_power_bank_offset,56,0,66.0,4433.0,3275.2
34,max_power_bank_offset,57,0,66.0,4436.0,3274.8
34,max_power_bank_offset,58,0,66.0,4437.0,3274.0
34,max_power_bank_offset,59,0,66.0,4436.0,3274.8
34,max_power_bank_offset,60,0,66.0,4436.0,3276.0
34,max_power_bank_offset,61,0,66.0,4437.0,3276.0
34,max_power_bank_offset,62,0,66.0,4435.0,3276.0
34,max_power_bank_offset,63,0,66.0,4437.0,3276.0
34,max_power_bank_offset,64,0,66.0,4436.0,3276.8
34,max_power_bank_offset,65,0,66.0,4437.0,3275.6
34,max_power_bank_offset,66,0,66.0,4436.0,3275.6
34,max_power_bank_offset,67,0,66.0,4436.0,3280.4
34,max_power_bank_offset,68,0,66.0,4438.0,3279.6
34,max_power_bank_offset,69,0,66.0,4439.0,3278.4
34,max_power_bank_offset,70,0,66.0,4438.0,3279.2
34,max_power_bank_offset,71,0,66.0,4439.0,3278.4
34,max_power_bank_offset,72,0,66.0,4439.0,3277.2
34,max_power_bank_offset,73,0,66.0,4440.0,3276.8
34,max_power_bank_offset,74,0,66.0,4440.0,3276.4
34,max_power_bank_offset,75,0,66.0,4439.0,3275.6
34,max_power_bank_offset,76,0,66.0,4439.0,3275.2
34,max_power_bank_offset,77,0,66.0,4438.0,3280.4
34,max_power_bank_offset,78,0,66.0,4439.0,3279.6
34,max_power_bank_offset,79,0,66.0,4440.0,3279.6
34,max_power_bank_offset,80,0,66.0,4390.0,3325.6
34,max_power_bank_offset,81,0,66.0,4410.0,3318.4
34,max_power_bank_offset,82,0,66.0,4417.0,3308.0
34,max_power_bank_offset,83,0,66.0,4425.0,3312.8
34,max_power_bank_offset,84,0,67.0,4432.0,3306.8
34,max_power_bank_offset,85,0,66.0,4434.0,3307.6
34,max_power_bank_offset,86,0,66.0,4427.0,3312.0
34,max_power_bank_offset,87,0,67.0,4429.0,3307.2
34,max_power_bank_offset,88,0,67.0,4436.0,3304.0
34,max_power_bank_offset,89,0,67.0,4436.0,3303.2
34,max_power_bank_offset,90,0,66.0,4439.0,3301.6
34,max_power_bank_offset,0,1,59.0,1100.0,3221.6
34,max_power_bank_offset,1,1,66.0,4080.0,2842.4
34,max_power_bank_offset,2,1,66.0,4250.0,3053.2
34,max_power_bank_offset,3,1,66.0,4300.0,3120.8
34,max_power_bank_offset,4,1,66.0,4328.0,3175.6
34,max_power_bank_offset,5,1,67.0,4353.0,3199.6
34,max_power_bank_offset,6,1,66.0,4371.0,3215.6
34,max_power_bank_offset,7,1,67.0,4377.0,3225.2
34,max_power_bank_offset,8,1,66.0,4383.0,3233.6
34,max_power_bank_offset,9,1,67.0,4388.0,3238.4
34,max_power_bank_offset,10,1,67.0,4389.0,3244.8
34,max_power_bank_offset,11,1,66.0,4391.0,3247.2
34,max_power_bank_offset,12,1,66.0,4392.0,3257.2
34,max_power_bank_offset,13,1,67.0,4396.0,3259.2
34,max_power_bank_offset,14,1,67.0,4395.0,3263.6
34,max_power_bank_offset,15,1,67.0,4396.0,3261.2
34,max_power_bank_offset,16,1,67.0,4400.0,3264.4
34,max_power_bank_offset,17,1,67.0,4402.0,3268.8
34,max_power_bank_offset,18,1,67.0,4403.0,3268.8
34,max_power_bank_offset,19,1,67.0,4404.0,3273.2
34,max_power_bank_offset,20,1,66.0,4406.0,3272.0
34,max_power_bank_offset,21,1,67.0,4407.0,3275.6
34,max_power_bank_offset,22,1,67.0,4408.0,3274.8
34,max_power_bank_offset,23,1,67.0,4410.0,3278.8
34,max_power_bank_offset,24,1,67.0,4411.0,3279.2
34,max_power_bank_offset,25,1,67.0,4412.0,3278.4
34,max_power_bank_offset,26,1,67.0,4412.0,3279.2
34,max_power_bank_offset,27,1,67.0,4413.0,3283.2
34,max_power_bank_offset,28,1,67.0,4413.0,3282.8
34,max_power_bank_offset,29,1,67.0,4414.0,3282.4
34,max_power_bank_offset,30,1,67.0,4413.0,3282.4
34,max_power_bank_offset,31,1,67.0,4413.0,3286.4
34,max_power_bank_offset,32,1,67.0,4413.0,3286.0
34,max_power_bank_offset,33,1,66.0,4413.0,3285.2
34,max_power_bank_offset,34,1,67.0,4415.0,3284.4
34,max_power_bank_offset,35,1,67.0,4415.0,3283.2
34,max_power_bank_offset,36,1,67.0,4415.0,3283.2
34,max_power_bank_offset,37,1,67.0,4415.0,3286.8
34,max_power_bank_offset,38,1,66.0,4417.0,3285.2
34,max_power_bank_offset,39,1,67.0,4418.0,3284.8
34,max_power_bank_offset,40,1,67.0,4431.0,3294.4
34,max_power_bank_offset,41,1,67.0,4430.0,3288.4
34,max_power_bank_offset,42,1,66.0,4430.0,3288.4
34,max_power_bank_offset,43,1,67.0,4427.0,3287.6
34,max_power_bank_offset,44,1,67.0,4426.0,3288.4
34,max_power_bank_offset,45,1,67.0,4427.0,3288.0
34,max_power_bank_offset,46,1,67.0,4433.0,3283.6
34,max_power_bank_offset,47,1,67.0,4434.0,3286.0
34,max_power_bank_offset,48,1,67.0,4436.0,3284.0
34,max_power_bank_offset,49,1,67.0,4432.0,3285.2
34,max_power_bank_offset,50,1,67.0,4429.0,3288.0
34,max_power_bank_offset,51,1,67.0,4433.0,3286.8
34,max_power_bank_offset,52,1,67.0,4430.0,3289.2
34,max_power_bank_offset,53,1,67.0,4427.0,3292.0
34,max_power_bank_offset,54,1,67.0,4429.0,3289.2
34,max_power_bank_offset,55,1,67.0,4428.0,3290.0
34,max_power_bank_offset,56,1,67.0,4428.0,3290.8
34,max_power_bank_offset,57,1,66.0,4429.0,3290.0
34,max_power_bank_offset,58,1,67.0,4429.0,3290.0
34,max_power_bank_offset,59,1,67.0,4428.0,3290.8
34,max_power_bank_offset,60,1,67.0,4430.0,3289.6
34,max_power_bank_offset,61,1,67.0,4431.0,3288.0
34,max_power_bank_offset,62,1,67.0,4430.0,3288.4
34,max_power_bank_offset,63,1,67.0,4430.0,3288.0
34,max_power_bank_offset,64,1,67.0,4430.0,3286.8
34,max_power_bank_offset,65,1,67.0,4431.0,3286.4
34,max_power_bank_offset,66,1,67.0,4431.0,3286.4
34,max_power_bank_offset,67,1,67.0,4432.0,3286.0
34,max_power_bank_offset,68,1,67.0,4433.0,3285.2
34,max_power_bank_offset,69,1,67.0,4433.0,3285.2
34,max_power_bank_offset,70,1,67.0,4434.0,3284.4
34,max_power_bank_offset,71,1,67.0,4433.0,3284.8
34,max_power_bank_offset,72,1,67.0,4432.0,3284.4
34,max_power_bank_offset,73,1,67.0,4432.0,3284.4
34,max_power_bank_offset,74,1,67.0,4433.0,3284.0
34,max_power_bank_offset,75,1,67.0,4432.0,3284.4
34,max_power_bank_offset,76,1,67.0,4432.0,3283.6
34,max_power_bank_offset,77,1,67.0,4433.0,3284.0
34,max_power_bank_offset,78,1,67.0,4433.0,3283.6
34,max_power_bank_offset,79,1,67.0,4433.0,3284.4
34,max_power_bank_offset,80,1,67.0,4459.0,3282.4
34,max_power_bank_offset,81,1,67.0,4436.0,3294.0
34,max_power_bank_offset,82,1,67.0,4448.0,3282.8
34,max_power_bank_offset,83,1,67.0,4443.0,3288.4
34,max_power_bank_offset,84,1,67.0,4440.0,3283.2
34,max_power_bank_offset,85,1,67.0,4432.0,3289.6
34,max_power_bank_offset,86,1,67.0,4436.0,3283.2
34,max_power_bank_offset,87,1,67.0,4438.0,3282.8
34,max_power_bank_offset,88,1,67.0,4439.0,3281.6
34,max_power_bank_offset,89,1,67.0,4437.0,3282.4
34,max_power_bank_offset,90,1,67.0,4435.0,3282.4
34,max_power_bank_offset,0,2,60.0,1200.0,3247.2
34,max_power_bank_offset,1,2,66.0,3930.0,2869.6
34,max_power_bank_offset,2,2,67.0,4063.0,3090.8
34,max_power_bank_offset,3,2,67.0,4131.0,3146.4
34,max_power_bank_offset,4,2,67.0,4153.0,3182.8
34,max_power_bank_offset,5,2,67.0,4177.0,3201.6
34,max_power_bank_offset,6,2,67.0,4189.0,3212.4
34,max_power_bank_offset,7,2,67.0,4199.0,3221.2
34,max_power_bank_offset,8,2,67.0,4206.0,3230.8
34,max_power_bank_offset,9,2,67.0,4210.0,3238.4
34,max_power_bank_offset,10,2,67.0,4213.0,3243.6
34,max_power_bank_offset,11,2,67.0,4216.0,3248.8
34,max_power_bank_offset,12,2,67.0,4221.0,3250.8
34,max_power_bank_offset,13,2,67.0,4222.0,3253.6
34,max_power_bank_offset,14,2,67.0,4224.0,3256.0
34,max_power_bank_offset,15,2,67.0,4228.0,3259.2
34,max_power_bank_offset,16,2,67.0,4228.0,3259.2
34,max_power_bank_offset,17,2,67.0,4230.0,3262.4
34,max_power_bank_offset,18,2,67.0,4231.0,3260.8
34,max_power_bank_offset,19,2,67.0,4234.0,3260.4
34,max_power_bank_offset,20,2,67.0,4233.0,3264.4
34,max_power_bank_offset,21,2,67.0,4236.0,3263.2
34,max_power_bank_offset,22,2,67.0,4236.0,3264.4
34,max_power_bank_offset,23,2,67.0,4236.0,3269.6
34,max_power_bank_offset,24,2,67.0,4237.0,3268.4
34,max_power_bank_offset,25,2,67.0,4239.0,3266.8
34,max_power_bank_offset,26,2,67.0,4239.0,3266.8
34,max_power_bank_offset,27,2,67.0,4239.0,3271.6
34,max_power_bank_offset,28,2,67.0,4240.0,3270.4
34,max_power_bank_offset,29,2,67.0,4239.0,3271.2
34,max_power_bank_offset,30,2,67.0,4237.0,3272.4
34,max_power_bank_offset,31,2,67.0,4237.0,3271.2
34,max_power_bank_offset,32,2,67.0,4237.0,3272.8
34,max_power_bank_offset,33,2,67.0,4239.0,3271.6
34,max_power_bank_offset,34,2,67.0,4239.0,3277.2
34,max_power_bank_offset,35,2,67.0,4240.0,3276.0
34,max_power_bank_offset,36,2,67.0,4240.0,3276.4
34,max_power_bank_offset,37,2,67.0,4239.0,3277.2
34,max_power_bank_offset,38,2,67.0,4240.0,3276.8
34,max_power_bank_offset,39,2,67.0,4240.0,3276.4
34,max_power_bank_offset,40,2,67.0,4250.0,3288.0
34,max_power_bank_offset,41,2,67.0,4250.0,3281.6
34,max_power_bank_offset,42,2,67.0,4256.0,3285.6
34,max_power_bank_offset,43,2,67.0,4258.0,3289.2
34,max_power_bank_offset,44,2,67.0,4267.0,3282.0
34,max_power_bank_offset,45,2,67.0,4262.0,3282.8
34,max_power_bank_offset,46,2,67.0,4259.0,3284.8
34,max_power_bank_offset,47,2,67.0,4261.0,3281.6
34,max_power_bank_offset,48,2,67.0,4256.0,3285.2
34,max_power_bank_offset,49,2,67.0,4258.0,3285.6
34,max_power_bank_offset,50,2,67.0,4256.0,3287.6
34,max_power_bank_offset,51,2,67.0,4253.0,3288.4
34,max_power_bank_offset,52,2,67.0,4251.0,3290.0
34,max_power_bank_offset,53,2,67.0,4251.0,3290.4
34,max_power_bank_offset,54,2,67.0,4252.0,3289.6
34,max_power_bank_offset,55,2,67.0,4249.0,3291.2
34,max_power_bank_offset,56,2,67.0,4246.0,3291.2
34,max_power_bank_offset,57,2,67.0,4245.0,3292.0
34,max_power_bank_offset,58,2,67.0,4244.0,3290.0
34,max_power_bank_offset,59,2,67.0,4244.0,3289.6
34,max_power_bank_offset,60,2,67.0,4243.0,3288.8
34,max_power_bank_offset,61,2,67.0,4244.0,3287.2
34,max_power_bank_offset,62,2,67.0,4245.0,3287.6
34,max_power_bank_offset,63,2,67.0,4244.0,3287.2
34,max_power_bank_offset,64,2,67.0,4245.0,3287.2
34,max_power_bank_offset,65,2,67.0,4244.0,3287.6
34,max_power_bank_offset,66,2,67.0,4246.0,3285.2
34,max_power_bank_offset,67,2,67.0,4244.0,3286.0
34,max_power_bank_offset,68,2,67.0,4243.0,3286.4
34,max_power_bank_offset,69,2,67.0,4243.0,3285.2
34,max_power_bank_offset,70,2,67.0,4242.0,3286.0
34,max_power_bank_offset,71,2,67.0,4241.0,3286.8
34,max_power_bank_offset,72,2,67.0,4241.0,3286.8
34,max_power_bank_offset,73,2,67.0,4241.0,3286.4
34,max_power_bank_offset,74,2,67.0,4243.0,3285.2
34,max_power_bank_offset,75,2,67.0,4242.0,3285.2
34,max_power_bank_offset,76,2,67.0,4242.0,3284.8
34,max_power_bank_offset,77,2,67.0,4242.0,3284.8
34,max_power_bank_offset,78,2,67.0,4241.0,3284.4
34,max_power_bank_offset,79,2,67.0,4242.0,3284.0
34,max_power_bank_offset,80,2,67.0,4254.0,3281.6
34,max_power_bank_offset,81,2,67.0,4262.0,3276.0
34,max_power_bank_offset,82,2,67.0,4261.0,3270.8
34,max_power_bank_offset,83,2,67.0,4253.0,3280.0
34,max_power_bank_offset,84,2,67.0,4258.0,3279.6
34,max_power_bank_offset,85,2,67.0,4258.0,3276.8
34,max_power_bank_offset,86,2,67.0,4255.0,3278.4
34,max_power_bank_offset,87,2,67.0,4254.0,3276.4
34,max_power_bank_offset,88,2,67.0,4253.0,3281.2
34,max_power_bank_offset,89,2,67.0,4256.0,3279.2
34,max_power_bank_offset,90,2,67.0,4256.0,3279.2
34,max_power_bank_offset,0,3,60.0,1100.0,3280.0
34,max_power_bank_offset,1,3,67.0,3930.0,2960.4
34,max_power_bank_offset,2,3,67.0,4080.0,3125.6
34,max_power_bank_offset,3,3,67.0,4124.0,3176.4
34,max_power_bank_offset,4,3,67.0,4156.0,3204.4
34,max_power_bank_offset,5,3,67.0,4169.0,3220.8
34,max_power_bank_offset,6,3,67.0,4171.0,3232.0
34,max_power_bank_offset,7,3,67.0,4179.0,3241.6
34,max_power_bank_offset,8,3,67.0,4191.0,3243.2
34,max_power_bank_offset,9,3,67.0,4195.0,3248.4
34,max_power_bank_offset,10,3,67.0,4200.0,3250.8
34,max_power_bank_offset,11,3,67.0,4206.0,3252.4
34,max_power_bank_offset,12,3,67.0,4207.0,3257.6
34,max_power_bank_offset,13,3,67.0,4209.0,3260.0
34,max_power_bank_offset,14,3,67.0,4210.0,3260.0
34,max_power_bank_offset,15,3,67.0,4210.0,3263.2
34,max_power_bank_offset,16,3,67.0,4212.0,3262.0
34,max_power_bank_offset,17,3,67.0,4215.0,3266.4
34,max_power_bank_offset,18,3,67.0,4217.0,3264.8
34,max_power_bank_offset,19,3,67.0,4218.0,3264.4
34,max_power_bank_offset,20,3,67.0,4217.0,3269.2
34,max_power_bank_offset,21,3,67.0,4217.0,3268.4
34,max_power_bank_offset,22,3,67.0,4219.0,3266.0
34,max_power_bank_offset,23,3,67.0,4219.0,3270.8
34,max_power_bank_offset,24,3,67.0,4219.0,3270.8
34,max_power_bank_offset,25,3,67.0,4220.0,3269.6
34,max_power_bank_offset,26,3,67.0,4220.0,3269.6
34,max_power_bank_offset,27,3,67.0,4220.0,3274.0
34,max_power_bank_offset,28,3,67.0,4220.0,3272.4
34,max_power_bank_offset,29,3,67.0,4221.0,3271.6
34,max_power_bank_offset,30,3,67.0,4222.0,3270.4
34,max_power_bank_offset,31,3,67.0,4223.0,3269.6
34,max_power_bank_offset,32,3,67.0,4225.0,3274.4
34,max_power_bank_offset,33,3,67.0,4225.0,3272.8
34,max_power_bank_offset,34,3,67.0,4225.0,3274.4
34,max_power_bank_offset,35,3,67.0,4225.0,3274.8
34,max_power_bank_offset,36,3,67.0,4225.0,3279.2
34,max_power_bank_offset,37,3,67.0,4225.0,3278.0
34,max_power_bank_offset,38,3,67.0,4225.0,3278.0
34,max_power_bank_offset,39,3,67.0,4225.0,3277.6
34,max_power_bank_offset,40,3,67.0,4259.0,3280.0
34,max_power_bank_offset,41,3,67.0,4219.0,3307.6
34,max_power_bank_offset,42,3,67.0,4226.0,3301.6
34,max_power_bank_offset,43,3,67.0,4223.0,3299.2
34,max_power_bank_offset,44,3,67.0,4226.0,3306.8
34,max_power_bank_offset,45,3,67.0,4228.0,3307.2
34,max_power_bank_offset,46,3,67.0,4230.0,3308.8
34,max_power_bank_offset,47,3,67.0,4229.0,3310.8
34,max_power_bank_offset,48,3,67.0,4229.0,3308.8
34,max_power_bank_offset,49,3,68.0,4227.0,3311.2
34,max_power_bank_offset,50,3,67.0,4226.0,3314.4
34,max_power_bank_offset,51,3,67.0,4229.0,3314.0
34,max_power_bank_offset,52,3,67.0,4228.0,3314.0
34,max_power_bank_offset,53,3,67.0,4229.0,3313.2
34,max_power_bank_offset,54,3,67.0,4228.0,3315.2
34,max_power_bank_offset,55,3,67.0,4228.0,3316.0
34,max_power_bank_offset,56,3,67.0,4228.0,3315.2
34,max_power_bank_offset,57,3,67.0,4229.0,3315.6
34,max_power_bank_offset,58,3,67.0,4229.0,3316.0
34,max_power_bank_offset,59,3,67.0,4229.0,3314.8
34,max_power_bank_offset,60,3,67.0,4229.0,3312.4
34,max_power_bank_offset,61,3,68.0,4230.0,3310.4
34,max_power_bank_offset,62,3,67.0,4228.0,3311.2
34,max_power_bank_offset,63,3,67.0,4227.0,3312.0
34,max_power_bank_offset,64,3,67.0,4228.0,3311.6
34,max_power_bank_offset,65,3,67.0,4227.0,3312.0
34,max_power_bank_offset,66,3,67.0,4229.0,3311.6
34,max_power_bank_offset,67,3,68.0,4229.0,3311.6
34,max_power_bank_offset,68,3,67.0,4227.0,3312.8
34,max_power_bank_offset,69,3,68.0,4226.0,3313.2
34,max_power_bank_offset,70,3,67.0,4227.0,3312.0
34,max_power_bank_offset,71,3,67.0,4228.0,3312.0
34,max_power_bank_offset,72,3,67.0,4228.0,3312.0
34,max_power_bank_offset,73,3,68.0,4229.0,3311.6
34,max_power_bank_offset,74,3,67.0,4229.0,3311.2
34,max_power_bank_offset,75,3,67.0,4229.0,3310.4
34,max_power_bank_offset,76,3,67.0,4229.0,3310.4
34,max_power_bank_offset,77,3,67.0,4229.0,3310.4
34,max_power_bank_offset,78,3,67.0,4229.0,3310.4
34,max_power_bank_offset,79,3,67.0,4229.0,3310.4
34,max_power_bank_offset,80,3,67.0,4229.0,3300.0
34,max_power_bank_offset,81,3,68.0,4211.0,3313.6
34,max_power_bank_offset,82,3,67.0,4217.0,3306.0
34,max_power_bank_offset,83,3,67.0,4215.0,3314.0
34,max_power_bank_offset,84,3,67.0,4214.0,3318.0
34,max_power_bank_offset,85,3,68.0,4214.0,3319.2
34,max_power_bank_offset,86,3,68.0,4220.0,3315.6
34,max_power_bank_offset,87,3,67.0,4219.0,3316.0
34,max_power_bank_offset,88,3,68.0,4225.0,3312.8
34,max_power_bank_offset,89,3,67.0,4227.0,3310.0
34,max_power_bank_offset,90,3,68.0,4229.0,3306.8
35,max_power_bank_offset,0,0,61.0,1300.0,3234.8
35,max_power_bank_offset,1,0,67.0,4330.0,2891.2
35,max_power_bank_offset,2,0,67.0,4485.0,3107.2
35,max_power_bank_offset,3,0,67.0,4548.0,3170.4
35,max_power_bank_offset,4,0,68.0,4576.0,3198.8
35,max_power_bank_offset,5,0,68.0,4585.0,3227.6
35,max_power_bank_offset,6,0,68.0,4601.0,3236.8
35,max_power_bank_offset,7,0,68.0,4607.0,3247.2
35,max_power_bank_offset,8,0,68.0,4612.0,3260.0
35,max_power_bank_offset,9,0,68.0,4619.0,3265.6
35,max_power_bank_offset,10,0,68.0,4622.0,3273.2
35,max_power_bank_offset,11,0,68.0,4627.0,3277.2
35,max_power_bank_offset,12,0,68.0,4633.0,3278.8
35,max_power_bank_offset,13,0,68.0,4636.0,3283.2
35,max_power_bank_offset,14,0,68.0,4638.0,3286.8
35,max_power_bank_offset,15,0,68.0,4642.0,3290.0
35,max_power_bank_offset,16,0,68.0,4642.0,3294.4
35,max_power_bank_offset,17,0,68.0,4642.0,3294.0
35,max_power_bank_offset,18,0,68.0,4642.0,3299.2
35,max_power_bank_offset,19,0,68.0,4641.0,3299.6
35,max_power_bank_offset,20,0,68.0,4641.0,3305.2
35,max_power_bank_offset,21,0,68.0,4641.0,3306.4
35,max_power_bank_offset,22,0,68.0,4643.0,3305.6
35,max_power_bank_offset,23,0,68.0,4644.0,3309.6
35,max_power_bank_offset,24,0,68.0,4646.0,3309.6
35,max_power_bank_offset,25,0,68.0,4647.0,3309.6
35,max_power_bank_offset,26,0,68.0,4646.0,3310.4
35,max_power_bank_offset,27,0,68.0,4647.0,3315.2
35,max_power_bank_offset,28,0,68.0,4647.0,3314.0
35,max_power_bank_offset,29,0,68.0,4646.0,3314.0
35,max_power_bank_offset,30,0,68.0,4647.0,3313.6
35,max_power_bank_offset,31,0,68.0,4647.0,3312.8
35,max_power_bank_offset,32,0,68.0,4648.0,3316.4
35,max_power_bank_offset,33,0,68.0,4647.0,3317.2
35,max_power_bank_offset,34,0,68.0,4647.0,3317.2
35,max_power_bank_offset,35,0,68.0,4648.0,3316.0
35,max_power_bank_offset,36,0,68.0,4649.0,3315.6
35,max_power_bank_offset,37,0,68.0,4648.0,3315.6
35,max_power_bank_offset,38,0,68.0,4648.0,3314.8
35,max_power_bank_offset,39,0,68.0,4649.0,3313.6
35,max_power_bank_offset,40,0,68.0,4644.0,3332.0
35,max_power_bank_offset,41,0,68.0,4662.0,3308.0
35,max_power_bank_offset,42,0,68.0,4648.0,3309.2
35,max_power_bank_offset,43,0,68.0,4648.0,3316.0
35,max_power_bank_offset,44,0,68.0,4650.0,3311.6
35,max_power_bank_offset,45,0,68.0,4653.0,3309.2
35,max_power_bank_offset,46,0,68.0,4654.0,3310.4
35,max_power_bank_offset,47,0,68.0,4655.0,3310.8
35,max_power_bank_offset,48,0,68.0,4658.0,3311.6
35,max_power_bank_offset,49,0,68.0,4661.0,3309.2
35,max_power_bank_offset,50,0,68.0,4662.0,3308.4
35,max_power_bank_offset,51,0,68.0,4665.0,3306.4
35,max_power_bank_offset,52,0,68.0,4665.0,3307.6
35,max_power_bank_offset,53,0,68.0,4664.0,3307.6
35,max_power_bank_offset,54,0,68.0,4666.0,3306.8
35,max_power_bank_offset,55,0,68.0,4664.0,3307.6
35,max_power_bank_offset,56,0,68.0,4663.0,3307.6
35,max_power_bank_offset,57,0,68.0,4662.0,3308.0
35,max_power_bank_offset,58,0,68.0,4662.0,3307.2
35,max_power_bank_offset,59,0,68.0,4662.0,3306.8
35,max_power_bank_offset,60,0,68.0,4663.0,3307.2
35,max_power_bank_offset,61,0,68.0,4665.0,3306.8
35,max_power_bank_offset,62,0,68.0,4665.0,3307.2
35,max_power_bank_offset,63,0,68.0,4664.0,3307.6
35,max_power_bank_offset,64,0,68.0,4663.0,3307.6
35,max_power_bank_offset,65,0,68.0,4663.0,3307.2
35,max_power_bank_offset,66,0,68.0,4663.0,3307.2
35,max_power_bank_offset,67,0,68.0,4663.0,3306.8
35,max_power_bank_offset,68,0,68.0,4663.0,3306.4
35,max_power_bank_offset,69,0,68.0,4663.0,3305.6
35,max_power_bank_offset,70,0,68.0,4662.0,3306.0
35,max_power_bank_offset,71,0,68.0,4662.0,3305.2
35,max_power_bank_offset,72,0,68.0,4661.0,3306.0
35,max_power_bank_offset,73,0,68.0,4660.0,3307.2
35,max_power_bank_offset,74,0,68.0,4660.0,3307.2
35,max_power_bank_offset,75,0,68.0,4659.0,3307.2
35,max_power_bank_offset,76,0,68.0,4660.0,3307.2
35,max_power_bank_offset,77,0,68.0,4660.0,3307.2
35,max_power_bank_offset,78,0,68.0,4660.0,3307.6
35,max_power_bank_offset,79,0,68.0,4659.0,3308.4
35,max_power_bank_offset,80,0,68.0,4630.0,3335.6
35,max_power_bank_offset,81,0,68.0,4655.0,3323.6
35,max_power_bank_offset,82,0,68.0,4656.0,3319.2
35,max_power_bank_offset,83,0,68.0,4658.0,3318.8
35,max_power_bank_offset,84,0,68.0,4657.0,3316.0
35,max_power_bank_offset,85,0,68.0,4655.0,3318.0
35,max_power_bank_offset,86,0,68.0,4660.0,3318.0
35,max_power_bank_offset,87,0,68.0,4661.0,3316.8
35,max_power_bank_offset,88,0,68.0,4664.0,3314.8
35,max_power_bank_offset,89,0,68.0,4663.0,3318.0
35,max_power_bank_offset,90,0,68.0,4661.0,3317.2
35,max_power_bank_offset,0,1,62.0,1225.0,3241.6
35,max_power_bank_offset,1,1,67.0,4620.0,2722.0
35,max_power_bank_offset,2,1,68.0,4660.0,3005.6
35,max_power_bank_offset,3,1,68.0,4668.0,3086.8
35,max_power_bank_offset,4,1,68.0,4664.0,3142.8
35,max_power_bank_offset,5,1,68.0,4661.0,3176.0
35,max_power_bank_offset,6,1,68.0,4657.0,3196.0
35,max_power_bank_offset,7,1,68.0,4657.0,3212.0
35,max_power_bank_offset,8,1,68.0,4658.0,3226.0
35,max_power_bank_offset,9,1,68.0,4660.0,3235.6
35,max_power_bank_offset,10,1,68.0,4658.0,3239.6
35,max_power_bank_offset,11,1,68.0,4657.0,3246.0
35,max_power_bank_offset,12,1,68.0,4658.0,3250.8
35,max_power_bank_offset,13,1,68.0,4660.0,3254.0
35,max_power_bank_offset,14,1,68.0,4661.0,3259.6
35,max_power_bank_offset,15,1,68.0,4659.0,3265.2
35,max_power_bank_offset,16,1,68.0,4658.0,3264.0
35,max_power_bank_offset,17,1,68.0,4656.0,3268.8
35,max_power_bank_offset,18,1,68.0,4655.0,3270.8
35,max_power_bank_offset,19,1,68.0,4654.0,3272.4
35,max_power_bank_offset,20,1,68.0,4654.0,3277.2
35,max_power_bank_offset,21,1,68.0,4656.0,3276.0
35,max_power_bank_offset,22,1,68.0,4656.0,3276.4
35,max_power_bank_offset,23,1,68.0,4656.0,3282.0
35,max_power_bank_offset,24,1,68.0,4655.0,3282.4
35,max_power_bank_offset,25,1,68.0,4654.0,3282.0
35,max_power_bank_offset,26,1,68.0,4653.0,3282.8
35,max_power_bank_offset,27,1,68.0,4654.0,3286.4
35,max_power_bank_offset,28,1,68.0,4652.0,3288.0
35,max_power_bank_offset,29,1,68.0,4653.0,3287.2
35,max_power_bank_offset,30,1,68.0,4654.0,3286.4
35,max_power_bank_offset,31,1,68.0,4655.0,3286.0
35,max_power_bank_offset,32,1,68.0,4657.0,3284.8
35,max_power_bank_offset,33,1,68.0,4657.0,3284.0
35,max_power_bank_offset,34,1,68.0,4657.0,3288.4
35,max_power_bank_offset,35,1,68.0,4657.0,3288.4
35,max_power_bank_offset,36,1,68.0,4657.0,3288.4
35,max_power_bank_offset,37,1,68.0,4657.0,3288.4
35,max_power_bank_offset,38,1,68.0,4658.0,3288.4
35,max_power_bank_offset,39,1,68.0,4659.0,3288.4
35,max_power_bank_offset,40,1,68.0,4680.0,3302.8
35,max_power_bank_offset,41,1,68.0,4668.0,3309.2
35,max_power_bank_offset,42,1,68.0,4655.0,3312.4
35,max_power_bank_offset,43,1,68.0,4651.0,3311.2
35,max_power_bank_offset,44,1,68.0,4653.0,3312.8
35,max_power_bank_offset,45,1,68.0,4650.0,3306.8
35,max_power_bank_offset,46,1,68.0,4655.0,3306.0
35,max_power_bank_offset,47,1,68.0,4657.0,3306.0
35,max_power_bank_offset,48,1,68.0,4659.0,3305.6
35,max_power_bank_offset,49,1,68.0,4662.0,3301.6
35,max_power_bank_offset,50,1,68.0,4663.0,3299.6
35,max_power_bank_offset,51,1,68.0,4664.0,3300.0
35,max_power_bank_offset,52,1,68.0,4662.0,3299.2
35,max_power_bank_offset,53,1,68.0,4665.0,3296.0
35,max_power_bank_offset,54,1,68.0,4663.0,3296.8
35,max_power_bank_offset,55,1,68.0,4664.0,3294.0
35,max_power_bank_offset,56,1,68.0,4664.0,3292.4
35,max_power_bank_offset,57,1,68.0,4664.0,3292.0
35,max_power_bank_offset,58,1,68.0,4663.0,3292.0
35,max_power_bank_offset,59,1,68.0,4664.0,3292.4
35,max_power_bank_offset,60,1,68.0,4663.0,3292.4
35,max_power_bank_offset,61,1,68.0,4663.0,3292.4
35,max_power_bank_offset,62,1,68.0,4664.0,3293.6
35,max_power_bank_offset,63,1,68.0,4664.0,3293.2
35,max_power_bank_offset,64,1,68.0,4664.0,3294.0
35,max_power_bank_offset,65,1,68.0,4663.0,3294.0
35,max_power_bank_offset,66,1,68.0,4665.0,3292.8
35,max_power_bank_offset,67,1,68.0,4664.0,3293.6
35,max_power_bank_offset,68,1,68.0,4663.0,3293.6
35,max_power_bank_offset,69,1,68.0,4663.0,3292.8
35,max_power_bank_offset,70,1,68.0,4663.0,3293.6
35,max_power_bank_offset,71,1,68.0,4664.0,3293.6
35,max_power_bank_offset,72,1,68.0,4663.0,3294.0
35,max_power_bank_offset,73,1,68.0,4663.0,3294.0
35,max_power_bank_offset,74,1,68.0,4663.0,3294.4
35,max_power_bank_offset,75,1,68.0,4664.0,3293.6
35,max_power_bank_offset,76,1,68.0,4664.0,3295.6
35,max_power_bank_offset,77,1,68.0,4664.0,3296.0
35,max_power_bank_offset,78,1,68.0,4664.0,3296.0
35,max_power_bank_offset,79,1,69.0,4664.0,3296.4
35,max_power_bank_offset,80,1,68.0,4690.0,3269.6
35,max_power_bank_offset,81,1,68.0,4680.0,3277.2
35,max_power_bank_offset,82,1,68.0,4679.0,3282.8
35,max_power_bank_offset,83,1,68.0,4687.0,3282.4
35,max_power_bank_offset,84,1,68.0,4685.0,3286.0
35,max_power_bank_offset,85,1,68.0,4691.0,3277.6
35,max_power_bank_offset,86,1,68.0,4694.0,3277.6
35,max_power_bank_offset,87,1,68.0,4689.0,3278.8
35,max_power_bank_offset,88,1,68.0,4688.0,3279.6
35,max_power_bank_offset,89,1,68.0,4685.0,3281.6
35,max_power_bank_offset,90,1,68.0,4684.0,3283.2
35,max_power_bank_offset,0,2,62.0,1300.0,3297.2
35,max_power_bank_offset,1,2,68.0,4520.0,2626.8
35,max_power_bank_offset,2,2,68.0,4510.0,2951.6
35,max_power_bank_offset,3,2,68.0,4506.0,3051.6
35,max_power_bank_offset,4,2,68.0,4507.0,3117.6
35,max_power_bank_offset,5,2,68.0,4512.0,3151.2
35,max_power_bank_offset,6,2,68.0,4511.0,3170.4
35,max_power_bank_offset,7,2,68.0,4511.0,3187.2
35,max_power_bank_offset,8,2,68.0,4508.0,3205.6
35,max_power_bank_offset,9,2,68.0,4506.0,3218.0
35,max_power_bank_offset,10,2,68.0,4506.0,3227.2
35,max_power_bank_offset,11,2,68.0,4508.0,3228.8
35,max_power_bank_offset,12,2,68.0,4508.0,3233.6
35,max_power_bank_offset,13,2,68.0,4505.0,3240.0
35,max_power_bank_offset,14,2,68.0,4506.0,3244.0
35,max_power_bank_offset,15,2,68.0,4506.0,3244.8
35,max_power_bank_offset,16,2,68.0,4508.0,3249.6
35,max_power_bank_offset,17,2,68.0,4509.0,3247.2
35,max_power_bank_offset,18,2,68.0,4510.0,3250.4
35,max_power_bank_offset,19,2,68.0,4509.0,3251.2
35,max_power_bank_offset,20,2,68.0,4510.0,3255.6
35,max_power_bank_offset,21,2,68.0,4510.0,3258.4
35,max_power_bank_offset,22,2,68.0,4509.0,3260.4
35,max_power_bank_offset,23,2,68.0,4508.0,3262.8
35,max_power_bank_offset,24,2,68.0,4509.0,3268.4
35,max_power_bank_offset,25,2,68.0,4508.0,3267.2
35,max_power_bank_offset,26,2,68.0,4509.0,3266.8
35,max_power_bank_offset,27,2,68.0,4509.0,3266.4
35,max_power_bank_offset,28,2,68.0,4508.0,3271.6
35,max_power_bank_offset,29,2,68.0,4507.0,3271.6
35,max_power_bank_offset,30,2,68.0,4506.0,3273.2
35,max_power_bank_offset,31,2,68.0,4506.0,3272.8
35,max_power_bank_offset,32,2,68.0,4506.0,3273.2
35,max_power_bank_offset,33,2,68.0,4506.0,3272.8
35,max_power_bank_offset,34,2,68.0,4506.0,3272.8
35,max_power_bank_offset,35,2,68.0,4507.0,3272.8
35,max_power_bank_offset,36,2,68.0,4505.0,3278.0
35,max_power_bank_offset,37,2,68.0,4506.0,3277.2
35,max_power_bank_offset,38,2,68.0,4505.0,3278.0
35,max_power_bank_offset,39,2,68.0,4506.0,3277.2
35,max_power_bank_offset,40,2,68.0,4490.0,3338.4
35,max_power_bank_offset,41,2,68.0,4495.0,3313.2
35,max_power_bank_offset,42,2,68.0,4496.0,3308.0
35,max_power_bank_offset,43,2,68.0,4505.0,3308.8
35,max_power_bank_offset,44,2,68.0,4508.0,3305.2
35,max_power_bank_offset,45,2,68.0,4505.0,3308.4
35,max_power_bank_offset,46,2,68.0,4502.0,3306.0
35,max_power_bank_offset,47,2,68.0,4505.0,3300.8
35,max_power_bank_offset,48,2,68.0,4503.0,3298.0
35,max_power_bank_offset,49,2,68.0,4499.0,3299.6
35,max_power_bank_offset,50,2,68.0,4499.0,3297.2
35,max_power_bank_offset,51,2,68.0,4497.0,3296.4
35,max_power_bank_offset,52,2,68.0,4496.0,3297.2
35,max_power_bank_offset,53,2,68.0,4495.0,3296.8
35,max_power_bank_offset,54,2,68.0,4494.0,3297.2
35,max_power_bank_offset,55,2,68.0,4494.0,3297.2
35,max_power_bank_offset,56,2,68.0,4494.0,3297.2
35,max_power_bank_offset,57,2,68.0,4494.0,3296.0
35,max_power_bank_offset,58,2,68.0,4494.0,3297.2
35,max_power_bank_offset,59,2,68.0,4495.0,3298.0
35,max_power_bank_offset,60,2,68.0,4495.0,3298.4
35,max_power_bank_offset,61,2,68.0,4495.0,3298.4
35,max_power_bank_offset,62,2,68.0,4496.0,3298.0
35,max_power_bank_offset,63,2,68.0,4496.0,3297.6
35,max_power_bank_offset,64,2,68.0,4497.0,3297.6
35,max_power_bank_offset,65,2,68.0,4497.0,3297.2
35,max_power_bank_offset,66,2,68.0,4496.0,3298.0
35,max_power_bank_offset,67,2,68.0,4498.0,3296.4
35,max_power_bank_offset,68,2,68.0,4500.0,3294.8
35,max_power_bank_offset,69,2,68.0,4500.0,3294.0
35,max_power_bank_offset,70,2,68.0,4501.0,3292.8
35,max_power_bank_offset,71,2,68.0,4500.0,3292.8
35,max_power_bank_offset,72,2,68.0,4500.0,3292.0
35,max_power_bank_offset,73,2,68.0,4501.0,3291.2
35,max_power_bank_offset,74,2,68.0,4500.0,3291.6
35,max_power_bank_offset,75,2,68.0,4500.0,3292.0
35,max_power_bank_offset,76,2,68.0,4500.0,3291.6
35,max_power_bank_offset,77,2,68.0,4501.0,3291.2
35,max_power_bank_offset,78,2,68.0,4501.0,3290.8
35,max_power_bank_offset,79,2,68.0,4501.0,3290.4
35,max_power_bank_offset,80,2,68.0,4500.0,3278.4
35,max_power_bank_offset,81,2,68.0,4489.0,3287.2
35,max_power_bank_offset,82,2,68.0,4496.0,3288.8
35,max_power_bank_offset,83,2,68.0,4502.0,3289.2
35,max_power_bank_offset,84,2,68.0,4504.0,3286.8
35,max_power_bank_offset,85,2,68.0,4503.0,3285.6
35,max_power_bank_offset,86,2,68.0,4505.0,3285.2
35,max_power_bank_offset,87,2,68.0,4503.0,3288.4
35,max_power_bank_offset,88,2,68.0,4506.0,3286.0
35,max_power_bank_offset,89,2,68.0,4505.0,3289.2
35,max_power_bank_offset,90,2,68.0,4506.0,3286.4
35,max_power_bank_offset,0,3,62.0,1262.0,3262.8
35,max_power_bank_offset,1,3,68.0,4170.0,2877.6
35,max_power_bank_offset,2,3,68.0,4315.0,3086.8
35,max_power_bank_offset,3,3,68.0,4375.0,3166.8
35,max_power_bank_offset,4,3,68.0,4405.0,3196.0
35,max_power_bank_offset,5,3,68.0,4416.0,3226.4
35,max_power_bank_offset,6,3,68.0,4430.0,3235.6
35,max_power_bank_offset,7,3,68.0,4442.0,3244.4
35,max_power_bank_offset,8,3,68.0,4451.0,3250.4
35,max_power_bank_offset,9,3,68.0,4455.0,3257.6
35,max_power_bank_offset,10,3,68.0,4458.0,3258.4
35,max_power_bank_offset,11,3,68.0,4455.0,3264.0
35,max_power_bank_offset,12,3,68.0,4458.0,3267.2
35,max_power_bank_offset,13,3,68.0,4461.0,3271.2
35,max_power_bank_offset,14,3,68.0,4464.0,3275.2
35,max_power_bank_offset,15,3,68.0,4465.0,3273.2
35,max_power_bank_offset,16,3,68.0,4465.0,3277.6
35,max_power_bank_offset,17,3,68.0,4463.0,3278.4
35,max_power_bank_offset,18,3,68.0,4464.0,3283.6
35,max_power_bank_offset,19,3,68.0,4468.0,3280.4
35,max_power_bank_offset,20,3,68.0,4467.0,3280.0
35,max_power_bank_offset,21,3,68.0,4468.0,3284.4
35,max_power_bank_offset,22,3,68.0,4467.0,3284.0
35,max_power_bank_offset,23,3,68.0,4467.0,3283.6
35,max_power_bank_offset,24,3,69.0,4468.0,3283.2
35,max_power_bank_offset,25,3,68.0,4469.0,3286.8
35,max_power_bank_offset,26,3,68.0,4470.0,3285.6
35,max_power_bank_offset,27,3,68.0,4469.0,3285.6
35,max_power_bank_offset,28,3,68.0,4470.0,3286.0
35,max_power_bank_offset,29,3,68.0,4470.0,3285.6
35,max_power_bank_offset,30,3,68.0,4470.0,3285.2
35,max_power_bank_offset,31,3,68.0,4470.0,3285.2
35,max_power_bank_offset,32,3,68.0,4470.0,3289.6
35,max_power_bank_offset,33,3,68.0,4470.0,3290.0
35,max_power_bank_offset,34,3,68.0,4468.0,3290.0
35,max_power_bank_offset,35,3,68.0,4469.0,3289.6
35,max_power_bank_offset,36,3,68.0,4470.0,3288.4
35,max_power_bank_offset,37,3,69.0,4469.0,3288.4
35,max_power_bank_offset,38,3,68.0,4470.0,3288.4
35,max_power_bank_offset,39,3,69.0,4471.0,3288.0
35,max_power_bank_offset,40,3,69.0,4450.0,3329.6
35,max_power_bank_offset,41,3,69.0,4460.0,3321.6
35,max_power_bank_offset,42,3,68.0,4453.0,3324.0
35,max_power_bank_offset,43,3,69.0,4465.0,3320.0
35,max_power_bank_offset,44,3,68.0,4469.0,3316.4
35,max_power_bank_offset,45,3,68.0,4471.0,3313.2
35,max_power_bank_offset,46,3,68.0,4472.0,3312.0
35,max_power_bank_offset,47,3,68.0,4469.0,3310.4
35,max_power_bank_offset,48,3,68.0,4470.0,3308.0
35,max_power_bank_offset,49,3,68.0,4471.0,3306.0
35,max_power_bank_offset,50,3,69.0,4470.0,3304.0
35,max_power_bank_offset,51,3,68.0,4471.0,3302.8
35,max_power_bank_offset,52,3,68.0,4466.0,3304.4
35,max_power_bank_offset,53,3,68.0,4466.0,3304.0
35,max_power_bank_offset,54,3,68.0,4467.0,3303.6
35,max_power_bank_offset,55,3,68.0,4468.0,3304.0
35,max_power_bank_offset,56,3,68.0,4469.0,3303.2
35,max_power_bank_offset,57,3,68.0,4469.0,3302.8
35,max_power_bank_offset,58,3,68.0,4468.0,3303.6
35,max_power_bank_offset,59,3,69.0,4469.0,3302.4
35,max_power_bank_offset,60,3,68.0,4473.0,3300.0
35,max_power_bank_offset,61,3,69.0,4473.0,3300.4
35,max_power_bank_offset,62,3,69.0,4472.0,3300.8
35,max_power_bank_offset,63,3,69.0,4473.0,3300.4
35,max_power_bank_offset,64,3,68.0,4474.0,3300.4
35,max_power_bank_offset,65,3,68.0,4476.0,3299.2
35,max_power_bank_offset,66,3,68.0,4475.0,3298.8
35,max_power_bank_offset,67,3,68.0,4475.0,3299.6
35,max_power_bank_offset,68,3,68.0,4475.0,3299.6
35,max_power_bank_offset,69,3,69.0,4476.0,3298.8
35,max_power_bank_offset,70,3,68.0,4476.0,3298.8
35,max_power_bank_offset,71,3,68.0,4475.0,3298.8
35,max_power_bank_offset,72,3,68.0,4474.0,3298.8
35,max_power_bank_offset,73,3,68.0,4474.0,3298.4
35,max_power_bank_offset,74,3,69.0,4474.0,3298.4
35,max_power_bank_offset,75,3,68.0,4475.0,3297.6
35,max_power_bank_offset,76,3,69.0,4477.0,3296.0
35,max_power_bank_offset,77,3,69.0,4475.0,3297.2
35,max_power_bank_offset,78,3,69.0,4475.0,3297.6
35,max_power_bank_offset,79,3,68.0,4476.0,3297.6
35,max_power_bank_offset,80,3,68.0,4490.0,3254.0
35,max_power_bank_offset,81,3,69.0,4489.0,3260.8
35,max_power_bank_offset,82,3,68.0,4489.0,3264.0
35,max_power_bank_offset,83,3,69.0,4474.0,3274.8
35,max_power_bank_offset,84,3,69.0,4473.0,3278.4
35,max_power_bank_offset,85,3,68.0,4475.0,3279.2
35,max_power_bank_offset,86,3,68.0,4474.0,3281.2
35,max_power_bank_offset,87,3,69.0,4476.0,3282.0
35,max_power_bank_offset,88,3,69.0,4479.0,3282.8
35,max_power_bank_offset,89,3,69.0,4482.0,3281.6
35,max_power_bank_offset,90,3,69.0,4481.0,3283.6
