chip_id,test_loop,sample_id,bankgroup_0,bankgroup_1,temperature,idd,ipp
0,max_power_bg_invert,0,0,1,70.0,1350.0,3306.0
0,max_power_bg_invert,1,0,1,78.0,4240.0,2974.0
0,max_power_bg_invert,2,0,1,78.0,4389.0,3157.2
0,max_power_bg_invert,3,0,1,78.0,4451.0,3222.8
0,max_power_bg_invert,4,0,1,78.0,4466.0,3252.8
0,max_power_bg_invert,5,0,1,78.0,4489.0,3277.6
0,max_power_bg_invert,6,0,1,78.0,4496.0,3292.4
0,max_power_bg_invert,7,0,1,78.0,4505.0,3300.4
0,max_power_bg_invert,8,0,1,78.0,4505.0,3308.8
0,max_power_bg_invert,9,0,1,78.0,4507.0,3319.2
0,max_power_bg_invert,10,0,1,78.0,4516.0,3320.0
0,max_power_bg_invert,11,0,1,78.0,4519.0,3326.4
0,max_power_bg_invert,12,0,1,78.0,4520.0,3327.6
0,max_power_bg_invert,13,0,1,78.0,4523.0,3328.4
0,max_power_bg_invert,14,0,1,78.0,4527.0,3330.8
0,max_power_bg_invert,15,0,1,78.0,4526.0,3330.8
0,max_power_bg_invert,16,0,1,78.0,4527.0,3336.0
0,max_power_bg_invert,17,0,1,78.0,4528.0,3339.2
0,max_power_bg_invert,18,0,1,78.0,4530.0,3336.0
0,max_power_bg_invert,19,0,1,78.0,4531.0,3339.2
0,max_power_bg_invert,20,0,1,78.0,4531.0,3344.4
0,max_power_bg_invert,21,0,1,78.0,4532.0,3343.6
0,max_power_bg_invert,22,0,1,79.0,4533.0,3347.6
0,max_power_bg_invert,23,0,1,78.0,4534.0,3346.0
0,max_power_bg_invert,24,0,1,79.0,4535.0,3349.2
0,max_power_bg_invert,25,0,1,78.0,4537.0,3348.8
0,max_power_bg_invert,26,0,1,78.0,4537.0,3348.0
0,max_power_bg_invert,27,0,1,78.0,4537.0,3352.8
0,max_power_bg_invert,28,0,1,79.0,4539.0,3352.4
0,max_power_bg_invert,29,0,1,79.0,4539.0,3352.4
0,max_power_bg_invert,30,0,1,78.0,4539.0,3351.6
0,max_power_bg_invert,31,0,1,78.0,4539.0,3355.6
0,max_power_bg_invert,32,0,1,79.0,4539.0,3354.8
0,max_power_bg_invert,33,0,1,79.0,4539.0,3354.8
0,max_power_bg_invert,34,0,1,78.0,4538.0,3354.8
0,max_power_bg_invert,35,0,1,79.0,4539.0,3358.0
0,max_power_bg_invert,36,0,1,78.0,4539.0,3357.2
0,max_power_bg_invert,37,0,1,79.0,4538.0,3357.6
0,max_power_bg_invert,38,0,1,79.0,4539.0,3356.8
0,max_power_bg_invert,39,0,1,78.0,4539.0,3356.4
0,max_power_bg_invert,40,0,1,78.0,4540.0,3363.6
0,max_power_bg_invert,41,0,1,79.0,4544.0,3364.4
0,max_power_bg_invert,42,0,1,79.0,4553.0,3362.0
0,max_power_bg_invert,43,0,1,79.0,4553.0,3365.2
0,max_power_bg_invert,44,0,1,79.0,4561.0,3363.2
0,max_power_bg_invert,45,0,1,79.0,4559.0,3362.4
0,max_power_bg_invert,46,0,1,79.0,4559.0,3361.2
0,max_power_bg_invert,47,0,1,79.0,4558.0,3362.8
0,max_power_bg_invert,48,0,1,79.0,4560.0,3362.0
0,max_power_bg_invert,49,0,1,79.0,4555.0,3365.2
0,max_power_bg_invert,50,0,1,79.0,4556.0,3364.8
0,max_power_bg_invert,51,0,1,79.0,4554.0,3364.4
0,max_power_bg_invert,52,0,1,78.0,4553.0,3363.6
0,max_power_bg_invert,53,0,1,79.0,4554.0,3362.0
0,max_power_bg_invert,54,0,1,79.0,4552.0,3363.2
0,max_power_bg_invert,55,0,1,79.0,4552.0,3363.2
0,max_power_bg_invert,56,0,1,79.0,4551.0,3362.8
0,max_power_bg_invert,57,0,1,79.0,4551.0,3362.8
0,max_power_bg_invert,58,0,1,79.0,4552.0,3361.6
0,max_power_bg_invert,59,0,1,79.0,4553.0,3361.2
0,max_power_bg_invert,60,0,1,79.0,4551.0,3360.8
0,max_power_bg_invert,61,0,1,79.0,4551.0,3360.8
0,max_power_bg_invert,62,0,1,79.0,4552.0,3359.6
0,max_power_bg_invert,63,0,1,79.0,4552.0,3360.0
0,max_power_bg_invert,64,0,1,79.0,4551.0,3361.2
0,max_power_bg_invert,65,0,1,79.0,4551.0,3360.8
0,max_power_bg_invert,66,0,1,79.0,4551.0,3360.8
0,max_power_bg_invert,67,0,1,79.0,4551.0,3360.8
0,max_power_bg_invert,68,0,1,79.0,4550.0,3362.0
0,max_power_bg_invert,69,0,1,79.0,4550.0,3361.2
0,max_power_bg_invert,70,0,1,79.0,4551.0,3360.8
0,max_power_bg_invert,71,0,1,79.0,4551.0,3360.4
0,max_power_bg_invert,72,0,1,79.0,4552.0,3359.6
0,max_power_bg_invert,73,0,1,79.0,4553.0,3358.4
0,max_power_bg_invert,74,0,1,79.0,4552.0,3358.4
0,max_power_bg_invert,75,0,1,79.0,4552.0,3358.0
0,max_power_bg_invert,76,0,1,79.0,4552.0,3357.6
0,max_power_bg_invert,77,0,1,79.0,4552.0,3357.6
0,max_power_bg_invert,78,0,1,79.0,4552.0,3358.0
0,max_power_bg_invert,79,0,1,79.0,4553.0,3357.2
0,max_power_bg_invert,80,0,1,79.0,4580.0,3343.6
0,max_power_bg_invert,81,0,1,79.0,4555.0,3354.4
0,max_power_bg_invert,82,0,1,79.0,4560.0,3361.2
0,max_power_bg_invert,83,0,1,79.0,4561.0,3361.6
0,max_power_bg_invert,84,0,1,79.0,4565.0,3361.2
0,max_power_bg_invert,85,0,1,79.0,4561.0,3362.8
0,max_power_bg_invert,86,0,1,79.0,4565.0,3365.2
0,max_power_bg_invert,87,0,1,79.0,4560.0,3370.0
0,max_power_bg_invert,88,0,1,79.0,4555.0,3371.2
0,max_power_bg_invert,89,0,1,79.0,4553.0,3371.2
0,max_power_bg_invert,90,0,1,79.0,4549.0,3373.6
0,max_power_bg_invert,0,0,2,71.0,1387.0,3288.4
0,max_power_bg_invert,1,0,2,78.0,4430.0,2985.2
0,max_power_bg_invert,2,0,2,78.0,4615.0,3172.8
0,max_power_bg_invert,3,0,2,79.0,4655.0,3242.8
0,max_power_bg_invert,4,0,2,79.0,4687.0,3272.4
0,max_power_bg_invert,5,0,2,79.0,4706.0,3294.4
0,max_power_bg_invert,6,0,2,78.0,4720.0,3309.6
0,max_power_bg_invert,7,0,2,79.0,4729.0,3314.0
0,max_power_bg_invert,8,0,2,79.0,4734.0,3320.4
0,max_power_bg_invert,9,0,2,79.0,4738.0,3324.8
0,max_power_bg_invert,10,0,2,79.0,4741.0,3331.2
0,max_power_bg_invert,11,0,2,79.0,4743.0,3333.6
0,max_power_bg_invert,12,0,2,79.0,4745.0,3338.0
0,max_power_bg_invert,13,0,2,79.0,4744.0,3341.2
0,max_power_bg_invert,14,0,2,79.0,4747.0,3346.8
0,max_power_bg_invert,15,0,2,79.0,4750.0,3343.6
0,max_power_bg_invert,16,0,2,79.0,4751.0,3348.0
0,max_power_bg_invert,17,0,2,79.0,4753.0,3348.0
0,max_power_bg_invert,18,0,2,79.0,4753.0,3352.0
0,max_power_bg_invert,19,0,2,79.0,4753.0,3351.6
0,max_power_bg_invert,20,0,2,79.0,4754.0,3356.0
0,max_power_bg_invert,21,0,2,79.0,4754.0,3355.6
0,max_power_bg_invert,22,0,2,79.0,4755.0,3354.4
0,max_power_bg_invert,23,0,2,79.0,4755.0,3358.4
0,max_power_bg_invert,24,0,2,79.0,4756.0,3358.8
0,max_power_bg_invert,25,0,2,79.0,4757.0,3356.8
0,max_power_bg_invert,26,0,2,79.0,4757.0,3356.4
0,max_power_bg_invert,27,0,2,79.0,4757.0,3356.8
0,max_power_bg_invert,28,0,2,79.0,4757.0,3360.0
0,max_power_bg_invert,29,0,2,79.0,4757.0,3359.6
0,max_power_bg_invert,30,0,2,79.0,4760.0,3358.8
0,max_power_bg_invert,31,0,2,79.0,4760.0,3358.8
0,max_power_bg_invert,32,0,2,79.0,4761.0,3358.0
0,max_power_bg_invert,33,0,2,79.0,4763.0,3361.6
0,max_power_bg_invert,34,0,2,79.0,4762.0,3362.0
0,max_power_bg_invert,35,0,2,79.0,4762.0,3361.6
0,max_power_bg_invert,36,0,2,79.0,4763.0,3360.8
0,max_power_bg_invert,37,0,2,79.0,4764.0,3360.0
0,max_power_bg_invert,38,0,2,79.0,4764.0,3364.8
0,max_power_bg_invert,39,0,2,79.0,4764.0,3364.4
0,max_power_bg_invert,40,0,2,79.0,4790.0,3375.6
0,max_power_bg_invert,41,0,2,79.0,4790.0,3382.4
0,max_power_bg_invert,42,0,2,79.0,4776.0,3390.0
0,max_power_bg_invert,43,0,2,79.0,4776.0,3390.4
0,max_power_bg_invert,44,0,2,79.0,4775.0,3392.4
0,max_power_bg_invert,45,0,2,79.0,4774.0,3393.2
0,max_power_bg_invert,46,0,2,79.0,4773.0,3394.4
0,max_power_bg_invert,47,0,2,79.0,4776.0,3396.8
0,max_power_bg_invert,48,0,2,79.0,4778.0,3396.8
0,max_power_bg_invert,49,0,2,79.0,4779.0,3395.6
0,max_power_bg_invert,50,0,2,79.0,4778.0,3398.8
0,max_power_bg_invert,51,0,2,79.0,4777.0,3399.6
0,max_power_bg_invert,52,0,2,79.0,4777.0,3400.4
0,max_power_bg_invert,53,0,2,79.0,4778.0,3400.0
0,max_power_bg_invert,54,0,2,79.0,4778.0,3399.6
0,max_power_bg_invert,55,0,2,79.0,4776.0,3402.0
0,max_power_bg_invert,56,0,2,79.0,4776.0,3402.4
0,max_power_bg_invert,57,0,2,79.0,4779.0,3400.4
0,max_power_bg_invert,58,0,2,79.0,4779.0,3400.0
0,max_power_bg_invert,59,0,2,79.0,4776.0,3400.0
0,max_power_bg_invert,60,0,2,79.0,4775.0,3400.8
0,max_power_bg_invert,61,0,2,79.0,4774.0,3401.2
0,max_power_bg_invert,62,0,2,79.0,4774.0,3400.0
0,max_power_bg_invert,63,0,2,79.0,4773.0,3400.8
0,max_power_bg_invert,64,0,2,79.0,4774.0,3400.0
0,max_power_bg_invert,65,0,2,79.0,4774.0,3400.0
0,max_power_bg_invert,66,0,2,79.0,4775.0,3399.2
0,max_power_bg_invert,67,0,2,79.0,4775.0,3399.2
0,max_power_bg_invert,68,0,2,79.0,4775.0,3399.2
0,max_power_bg_invert,69,0,2,79.0,4775.0,3398.8
0,max_power_bg_invert,70,0,2,79.0,4776.0,3397.2
0,max_power_bg_invert,71,0,2,79.0,4776.0,3397.2
0,max_power_bg_invert,72,0,2,79.0,4775.0,3397.2
0,max_power_bg_invert,73,0,2,79.0,4776.0,3396.0
0,max_power_bg_invert,74,0,2,79.0,4776.0,3396.4
0,max_power_bg_invert,75,0,2,79.0,4776.0,3396.4
0,max_power_bg_invert,76,0,2,79.0,4777.0,3396.0
0,max_power_bg_invert,77,0,2,79.0,4777.0,3396.0
0,max_power_bg_invert,78,0,2,79.0,4777.0,3395.6
0,max_power_bg_invert,79,0,2,79.0,4777.0,3395.2
0,max_power_bg_invert,80,0,2,79.0,4770.0,3393.6
0,max_power_bg_invert,81,0,2,79.0,4778.0,3380.8
0,max_power_bg_invert,82,0,2,79.0,4779.0,3380.8
0,max_power_bg_invert,83,0,2,79.0,4782.0,3383.6
0,max_power_bg_invert,84,0,2,79.0,4781.0,3381.2
0,max_power_bg_invert,85,0,2,79.0,4781.0,3381.2
0,max_power_bg_invert,86,0,2,79.0,4786.0,3380.8
0,max_power_bg_invert,87,0,2,79.0,4784.0,3380.4
0,max_power_bg_invert,88,0,2,79.0,4779.0,3384.4
0,max_power_bg_invert,89,0,2,79.0,4780.0,3384.0
0,max_power_bg_invert,90,0,2,79.0,4779.0,3382.8
0,max_power_bg_invert,0,0,3,71.0,1337.0,3359.2
0,max_power_bg_invert,1,0,3,79.0,4290.0,2986.4
0,max_power_bg_invert,2,0,3,79.0,4475.0,3176.8
0,max_power_bg_invert,3,0,3,79.0,4524.0,3234.4
0,max_power_bg_invert,4,0,3,79.0,4553.0,3273.6
0,max_power_bg_invert,5,0,3,79.0,4571.0,3296.0
0,max_power_bg_invert,6,0,3,79.0,4579.0,3308.4
0,max_power_bg_invert,7,0,3,79.0,4588.0,3317.6
0,max_power_bg_invert,8,0,3,79.0,4593.0,3329.6
0,max_power_bg_invert,9,0,3,79.0,4596.0,3334.8
0,max_power_bg_invert,10,0,3,79.0,4603.0,3338.0
0,max_power_bg_invert,11,0,3,79.0,4604.0,3341.6
0,max_power_bg_invert,12,0,3,79.0,4607.0,3343.2
0,max_power_bg_invert,13,0,3,79.0,4608.0,3346.4
0,max_power_bg_invert,14,0,3,79.0,4613.0,3347.2
0,max_power_bg_invert,15,0,3,79.0,4617.0,3349.2
0,max_power_bg_invert,16,0,3,79.0,4618.0,3351.6
0,max_power_bg_invert,17,0,3,79.0,4619.0,3350.4
0,max_power_bg_invert,18,0,3,79.0,4621.0,3354.0
0,max_power_bg_invert,19,0,3,79.0,4620.0,3355.2
0,max_power_bg_invert,20,0,3,79.0,4623.0,3358.4
0,max_power_bg_invert,21,0,3,79.0,4624.0,3357.6
0,max_power_bg_invert,22,0,3,79.0,4626.0,3361.2
0,max_power_bg_invert,23,0,3,79.0,4627.0,3360.0
0,max_power_bg_invert,24,0,3,79.0,4625.0,3360.4
0,max_power_bg_invert,25,0,3,79.0,4626.0,3363.6
0,max_power_bg_invert,26,0,3,79.0,4626.0,3364.0
0,max_power_bg_invert,27,0,3,79.0,4626.0,3364.4
0,max_power_bg_invert,28,0,3,79.0,4627.0,3367.6
0,max_power_bg_invert,29,0,3,79.0,4628.0,3368.0
0,max_power_bg_invert,30,0,3,79.0,4628.0,3367.2
0,max_power_bg_invert,31,0,3,79.0,4629.0,3371.2
0,max_power_bg_invert,32,0,3,79.0,4629.0,3371.6
0,max_power_bg_invert,33,0,3,79.0,4630.0,3371.2
0,max_power_bg_invert,34,0,3,79.0,4630.0,3371.2
0,max_power_bg_invert,35,0,3,80.0,4632.0,3370.4
0,max_power_bg_invert,36,0,3,79.0,4631.0,3374.8
0,max_power_bg_invert,37,0,3,79.0,4630.0,3375.6
0,max_power_bg_invert,38,0,3,80.0,4630.0,3374.8
0,max_power_bg_invert,39,0,3,79.0,4631.0,3374.4
0,max_power_bg_invert,40,0,3,79.0,4640.0,3392.0
0,max_power_bg_invert,41,0,3,79.0,4645.0,3394.8
0,max_power_bg_invert,42,0,3,79.0,4636.0,3399.6
0,max_power_bg_invert,43,0,3,79.0,4637.0,3399.6
0,max_power_bg_invert,44,0,3,79.0,4634.0,3400.0
0,max_power_bg_invert,45,0,3,79.0,4630.0,3400.4
0,max_power_bg_invert,46,0,3,79.0,4633.0,3398.8
0,max_power_bg_invert,47,0,3,79.0,4637.0,3398.0
0,max_power_bg_invert,48,0,3,79.0,4639.0,3398.0
0,max_power_bg_invert,49,0,3,79.0,4639.0,3396.4
0,max_power_bg_invert,50,0,3,79.0,4643.0,3394.4
0,max_power_bg_invert,51,0,3,79.0,4643.0,3393.6
0,max_power_bg_invert,52,0,3,79.0,4644.0,3392.8
0,max_power_bg_invert,53,0,3,79.0,4643.0,3393.6
0,max_power_bg_invert,54,0,3,79.0,4644.0,3392.8
0,max_power_bg_invert,55,0,3,79.0,4644.0,3392.4
0,max_power_bg_invert,56,0,3,80.0,4642.0,3393.2
0,max_power_bg_invert,57,0,3,79.0,4643.0,3390.4
0,max_power_bg_invert,58,0,3,79.0,4642.0,3390.0
0,max_power_bg_invert,59,0,3,79.0,4641.0,3390.0
0,max_power_bg_invert,60,0,3,80.0,4642.0,3389.6
0,max_power_bg_invert,61,0,3,79.0,4641.0,3389.2
0,max_power_bg_invert,62,0,3,79.0,4641.0,3389.2
0,max_power_bg_invert,63,0,3,80.0,4639.0,3390.8
0,max_power_bg_invert,64,0,3,79.0,4640.0,3390.0
0,max_power_bg_invert,65,0,3,79.0,4640.0,3390.0
0,max_power_bg_invert,66,0,3,79.0,4640.0,3390.0
0,max_power_bg_invert,67,0,3,79.0,4641.0,3389.2
0,max_power_bg_invert,68,0,3,79.0,4642.0,3388.8
0,max_power_bg_invert,69,0,3,80.0,4642.0,3388.0
0,max_power_bg_invert,70,0,3,79.0,4643.0,3386.8
0,max_power_bg_invert,71,0,3,80.0,4643.0,3386.4
0,max_power_bg_invert,72,0,3,79.0,4644.0,3385.6
0,max_power_bg_invert,73,0,3,80.0,4645.0,3384.8
0,max_power_bg_invert,74,0,3,80.0,4644.0,3384.8
0,max_power_bg_invert,75,0,3,79.0,4644.0,3384.8
0,max_power_bg_invert,76,0,3,79.0,4643.0,3389.6
0,max_power_bg_invert,77,0,3,80.0,4643.0,3389.2
0,max_power_bg_invert,78,0,3,80.0,4643.0,3389.2
0,max_power_bg_invert,79,0,3,79.0,4643.0,3389.2
0,max_power_bg_invert,80,0,3,80.0,4640.0,3372.4
0,max_power_bg_invert,81,0,3,80.0,4642.0,3378.4
0,max_power_bg_invert,82,0,3,80.0,4641.0,3381.6
0,max_power_bg_invert,83,0,3,79.0,4641.0,3380.8
0,max_power_bg_invert,84,0,3,80.0,4634.0,3384.0
0,max_power_bg_invert,85,0,3,80.0,4636.0,3381.6
0,max_power_bg_invert,86,0,3,80.0,4641.0,3382.4
0,max_power_bg_invert,87,0,3,80.0,4642.0,3379.2
0,max_power_bg_invert,88,0,3,80.0,4640.0,3380.4
0,max_power_bg_invert,89,0,3,79.0,4638.0,3382.0
0,max_power_bg_invert,90,0,3,80.0,4638.0,3383.2
0,max_power_bg_invert,0,1,2,71.0,1337.0,3332.0
0,max_power_bg_invert,1,1,2,80.0,4320.0,2948.4
0,max_power_bg_invert,2,1,2,80.0,4485.0,3168.8
0,max_power_bg_invert,3,1,2,80.0,4527.0,3238.4
0,max_power_bg_invert,4,1,2,80.0,4561.0,3273.2
0,max_power_bg_invert,5,1,2,80.0,4575.0,3302.4
0,max_power_bg_invert,6,1,2,80.0,4584.0,3314.0
0,max_power_bg_invert,7,1,2,80.0,4594.0,3326.0
0,max_power_bg_invert,8,1,2,80.0,4596.0,3330.0
0,max_power_bg_invert,9,1,2,80.0,4601.0,3335.2
0,max_power_bg_invert,10,1,2,80.0,4603.0,3342.4
0,max_power_bg_invert,11,1,2,80.0,4608.0,3348.4
0,max_power_bg_invert,12,1,2,80.0,4611.0,3352.4
0,max_power_bg_invert,13,1,2,80.0,4614.0,3354.4
0,max_power_bg_invert,14,1,2,80.0,4616.0,3356.0
0,max_power_bg_invert,15,1,2,80.0,4619.0,3358.8
0,max_power_bg_invert,16,1,2,80.0,4619.0,3357.6
0,max_power_bg_invert,17,1,2,80.0,4621.0,3360.8
0,max_power_bg_invert,18,1,2,80.0,4624.0,3364.0
0,max_power_bg_invert,19,1,2,80.0,4625.0,3363.6
0,max_power_bg_invert,20,1,2,80.0,4627.0,3367.6
0,max_power_bg_invert,21,1,2,80.0,4626.0,3367.6
0,max_power_bg_invert,22,1,2,80.0,4628.0,3370.8
0,max_power_bg_invert,23,1,2,80.0,4630.0,3368.8
0,max_power_bg_invert,24,1,2,80.0,4630.0,3372.8
0,max_power_bg_invert,25,1,2,80.0,4630.0,3372.4
0,max_power_bg_invert,26,1,2,80.0,4632.0,3371.6
0,max_power_bg_invert,27,1,2,80.0,4631.0,3376.0
0,max_power_bg_invert,28,1,2,80.0,4632.0,3375.6
0,max_power_bg_invert,29,1,2,80.0,4634.0,3374.4
0,max_power_bg_invert,30,1,2,80.0,4635.0,3378.4
0,max_power_bg_invert,31,1,2,80.0,4635.0,3378.0
0,max_power_bg_invert,32,1,2,80.0,4635.0,3377.6
0,max_power_bg_invert,33,1,2,80.0,4637.0,3376.8
0,max_power_bg_invert,34,1,2,80.0,4638.0,3381.2
0,max_power_bg_invert,35,1,2,80.0,4637.0,3380.8
0,max_power_bg_invert,36,1,2,80.0,4638.0,3380.4
0,max_power_bg_invert,37,1,2,80.0,4639.0,3380.0
0,max_power_bg_invert,38,1,2,80.0,4640.0,3379.6
0,max_power_bg_invert,39,1,2,80.0,4640.0,3384.4
0,max_power_bg_invert,40,1,2,80.0,4630.0,3420.4
0,max_power_bg_invert,41,1,2,80.0,4645.0,3405.2
0,max_power_bg_invert,42,1,2,80.0,4650.0,3398.4
0,max_power_bg_invert,43,1,2,80.0,4652.0,3398.8
0,max_power_bg_invert,44,1,2,80.0,4651.0,3402.8
0,max_power_bg_invert,45,1,2,80.0,4649.0,3401.6
0,max_power_bg_invert,46,1,2,80.0,4647.0,3400.8
0,max_power_bg_invert,47,1,2,80.0,4644.0,3402.8
0,max_power_bg_invert,48,1,2,81.0,4644.0,3402.4
0,max_power_bg_invert,49,1,2,80.0,4647.0,3400.8
0,max_power_bg_invert,50,1,2,80.0,4647.0,3401.2
0,max_power_bg_invert,51,1,2,80.0,4647.0,3400.8
0,max_power_bg_invert,52,1,2,80.0,4648.0,3399.2
0,max_power_bg_invert,53,1,2,80.0,4645.0,3399.6
0,max_power_bg_invert,54,1,2,80.0,4643.0,3401.2
0,max_power_bg_invert,55,1,2,80.0,4644.0,3399.2
0,max_power_bg_invert,56,1,2,80.0,4641.0,3399.6
0,max_power_bg_invert,57,1,2,80.0,4641.0,3399.2
0,max_power_bg_invert,58,1,2,80.0,4641.0,3398.8
0,max_power_bg_invert,59,1,2,80.0,4642.0,3398.0
0,max_power_bg_invert,60,1,2,80.0,4642.0,3398.0
0,max_power_bg_invert,61,1,2,80.0,4640.0,3399.2
0,max_power_bg_invert,62,1,2,80.0,4640.0,3399.2
0,max_power_bg_invert,63,1,2,80.0,4640.0,3399.2
0,max_power_bg_invert,64,1,2,80.0,4639.0,3399.6
0,max_power_bg_invert,65,1,2,80.0,4638.0,3400.0
0,max_power_bg_invert,66,1,2,80.0,4638.0,3400.0
0,max_power_bg_invert,67,1,2,80.0,4640.0,3398.8
0,max_power_bg_invert,68,1,2,80.0,4638.0,3399.2
0,max_power_bg_invert,69,1,2,80.0,4638.0,3398.8
0,max_power_bg_invert,70,1,2,81.0,4638.0,3398.0
0,max_power_bg_invert,71,1,2,80.0,4638.0,3398.0
0,max_power_bg_invert,72,1,2,80.0,4638.0,3398.0
0,max_power_bg_invert,73,1,2,81.0,4639.0,3397.2
0,max_power_bg_invert,74,1,2,80.0,4640.0,3396.4
0,max_power_bg_invert,75,1,2,81.0,4640.0,3397.2
0,max_power_bg_invert,76,1,2,81.0,4640.0,3397.2
0,max_power_bg_invert,77,1,2,80.0,4640.0,3397.2
0,max_power_bg_invert,78,1,2,80.0,4640.0,3396.4
0,max_power_bg_invert,79,1,2,80.0,4640.0,3396.4
0,max_power_bg_invert,80,1,2,80.0,4658.0,3376.0
0,max_power_bg_invert,81,1,2,81.0,4647.0,3381.2
0,max_power_bg_invert,82,1,2,80.0,4641.0,3374.0
0,max_power_bg_invert,83,1,2,81.0,4641.0,3373.6
0,max_power_bg_invert,84,1,2,81.0,4634.0,3377.2
0,max_power_bg_invert,85,1,2,81.0,4634.0,3380.8
0,max_power_bg_invert,86,1,2,80.0,4639.0,3378.8
0,max_power_bg_invert,87,1,2,81.0,4641.0,3381.2
0,max_power_bg_invert,88,1,2,81.0,4640.0,3383.6
0,max_power_bg_invert,89,1,2,81.0,4642.0,3385.2
0,max_power_bg_invert,90,1,2,81.0,4640.0,3388.8
0,max_power_bg_invert,0,1,3,72.0,1425.0,3310.4
0,max_power_bg_invert,1,1,3,80.0,4500.0,2753.6
0,max_power_bg_invert,2,1,3,80.0,4489.0,3074.8
0,max_power_bg_invert,3,1,3,80.0,4499.0,3164.0
0,max_power_bg_invert,4,1,3,80.0,4512.0,3218.8
0,max_power_bg_invert,5,1,3,80.0,4516.0,3246.8
0,max_power_bg_invert,6,1,3,80.0,4520.0,3270.8
0,max_power_bg_invert,7,1,3,80.0,4522.0,3284.8
0,max_power_bg_invert,8,1,3,80.0,4519.0,3295.6
0,max_power_bg_invert,9,1,3,80.0,4519.0,3305.6
0,max_power_bg_invert,10,1,3,80.0,4522.0,3314.4
0,max_power_bg_invert,11,1,3,80.0,4522.0,3316.8
0,max_power_bg_invert,12,1,3,80.0,4523.0,3320.4
0,max_power_bg_invert,13,1,3,80.0,4519.0,3328.0
0,max_power_bg_invert,14,1,3,80.0,4521.0,3330.8
0,max_power_bg_invert,15,1,3,80.0,4521.0,3330.8
0,max_power_bg_invert,16,1,3,80.0,4521.0,3334.0
0,max_power_bg_invert,17,1,3,80.0,4518.0,3335.2
0,max_power_bg_invert,18,1,3,80.0,4516.0,3340.8
0,max_power_bg_invert,19,1,3,80.0,4517.0,3339.6
0,max_power_bg_invert,20,1,3,80.0,4519.0,3345.2
0,max_power_bg_invert,21,1,3,80.0,4517.0,3346.0
0,max_power_bg_invert,22,1,3,80.0,4516.0,3346.4
0,max_power_bg_invert,23,1,3,80.0,4517.0,3350.8
0,max_power_bg_invert,24,1,3,80.0,4518.0,3350.8
0,max_power_bg_invert,25,1,3,80.0,4518.0,3350.0
0,max_power_bg_invert,26,1,3,80.0,4517.0,3350.0
0,max_power_bg_invert,27,1,3,80.0,4517.0,3354.4
0,max_power_bg_invert,28,1,3,80.0,4517.0,3354.8
0,max_power_bg_invert,29,1,3,80.0,4517.0,3355.2
0,max_power_bg_invert,30,1,3,80.0,4516.0,3355.6
0,max_power_bg_invert,31,1,3,81.0,4516.0,3356.0
0,max_power_bg_invert,32,1,3,80.0,4516.0,3355.2
0,max_power_bg_invert,33,1,3,80.0,4517.0,3358.4
0,max_power_bg_invert,34,1,3,80.0,4516.0,3358.4
0,max_power_bg_invert,35,1,3,80.0,4517.0,3357.6
0,max_power_bg_invert,36,1,3,80.0,4518.0,3357.2
0,max_power_bg_invert,37,1,3,80.0,4517.0,3358.0
0,max_power_bg_invert,38,1,3,80.0,4517.0,3358.0
0,max_power_bg_invert,39,1,3,80.0,4517.0,3357.6
0,max_power_bg_invert,40,1,3,81.0,4520.0,3366.8
0,max_power_bg_invert,41,1,3,80.0,4520.0,3375.2
0,max_power_bg_invert,42,1,3,80.0,4523.0,3372.4
0,max_power_bg_invert,43,1,3,80.0,4517.0,3377.6
0,max_power_bg_invert,44,1,3,80.0,4518.0,3382.0
0,max_power_bg_invert,45,1,3,80.0,4523.0,3380.4
0,max_power_bg_invert,46,1,3,80.0,4518.0,3384.8
0,max_power_bg_invert,47,1,3,80.0,4523.0,3384.8
0,max_power_bg_invert,48,1,3,81.0,4522.0,3384.8
0,max_power_bg_invert,49,1,3,80.0,4521.0,3386.4
0,max_power_bg_invert,50,1,3,81.0,4519.0,3386.8
0,max_power_bg_invert,51,1,3,80.0,4517.0,3391.6
0,max_power_bg_invert,52,1,3,80.0,4517.0,3392.0
0,max_power_bg_invert,53,1,3,80.0,4518.0,3390.8
0,max_power_bg_invert,54,1,3,80.0,4518.0,3390.0
0,max_power_bg_invert,55,1,3,80.0,4518.0,3388.8
0,max_power_bg_invert,56,1,3,80.0,4519.0,3388.4
0,max_power_bg_invert,57,1,3,80.0,4521.0,3388.4
0,max_power_bg_invert,58,1,3,81.0,4521.0,3386.4
0,max_power_bg_invert,59,1,3,81.0,4520.0,3386.4
0,max_power_bg_invert,60,1,3,81.0,4520.0,3391.6
0,max_power_bg_invert,61,1,3,80.0,4520.0,3392.0
0,max_power_bg_invert,62,1,3,80.0,4518.0,3394.0
0,max_power_bg_invert,63,1,3,81.0,4518.0,3392.8
0,max_power_bg_invert,64,1,3,81.0,4518.0,3392.4
0,max_power_bg_invert,65,1,3,81.0,4517.0,3393.2
0,max_power_bg_invert,66,1,3,81.0,4517.0,3393.6
0,max_power_bg_invert,67,1,3,81.0,4516.0,3393.6
0,max_power_bg_invert,68,1,3,81.0,4516.0,3394.0
0,max_power_bg_invert,69,1,3,81.0,4515.0,3394.4
0,max_power_bg_invert,70,1,3,81.0,4514.0,3395.2
0,max_power_bg_invert,71,1,3,81.0,4514.0,3394.0
0,max_power_bg_invert,72,1,3,81.0,4513.0,3393.6
0,max_power_bg_invert,73,1,3,81.0,4514.0,3393.6
0,max_power_bg_invert,74,1,3,81.0,4514.0,3393.6
0,max_power_bg_invert,75,1,3,81.0,4513.0,3393.2
0,max_power_bg_invert,76,1,3,81.0,4514.0,3392.8
0,max_power_bg_invert,77,1,3,81.0,4514.0,3392.4
0,max_power_bg_invert,78,1,3,81.0,4514.0,3392.4
0,max_power_bg_invert,79,1,3,81.0,4514.0,3392.4
0,max_power_bg_invert,80,1,3,81.0,4530.0,3390.0
0,max_power_bg_invert,81,1,3,81.0,4500.0,3415.2
0,max_power_bg_invert,82,1,3,81.0,4493.0,3413.6
0,max_power_bg_invert,83,1,3,81.0,4507.0,3404.8
0,max_power_bg_invert,84,1,3,81.0,4508.0,3404.0
0,max_power_bg_invert,85,1,3,81.0,4510.0,3401.6
0,max_power_bg_invert,86,1,3,81.0,4514.0,3400.4
0,max_power_bg_invert,87,1,3,80.0,4514.0,3402.0
0,max_power_bg_invert,88,1,3,81.0,4512.0,3401.2
0,max_power_bg_invert,89,1,3,81.0,4512.0,3401.2
0,max_power_bg_invert,90,1,3,81.0,4515.0,3396.8
0,max_power_bg_invert,0,2,3,72.0,1375.0,3319.6
0,max_power_bg_invert,1,2,3,79.0,4180.0,3040.0
0,max_power_bg_invert,2,2,3,80.0,4369.0,3203.2
0,max_power_bg_invert,3,2,3,79.0,4424.0,3255.6
0,max_power_bg_invert,4,2,3,80.0,4461.0,3285.6
0,max_power_bg_invert,5,2,3,80.0,4483.0,3302.0
0,max_power_bg_invert,6,2,3,80.0,4493.0,3318.4
0,max_power_bg_invert,7,2,3,80.0,4501.0,3326.0
0,max_power_bg_invert,8,2,3,79.0,4505.0,3334.4
0,max_power_bg_invert,9,2,3,80.0,4512.0,3341.6
0,max_power_bg_invert,10,2,3,80.0,4518.0,3341.6
0,max_power_bg_invert,11,2,3,79.0,4521.0,3344.4
0,max_power_bg_invert,12,2,3,80.0,4525.0,3346.8
0,max_power_bg_invert,13,2,3,80.0,4527.0,3349.6
0,max_power_bg_invert,14,2,3,80.0,4529.0,3355.6
0,max_power_bg_invert,15,2,3,80.0,4529.0,3360.8
0,max_power_bg_invert,16,2,3,80.0,4530.0,3359.2
0,max_power_bg_invert,17,2,3,79.0,4529.0,3364.0
0,max_power_bg_invert,18,2,3,80.0,4530.0,3363.2
0,max_power_bg_invert,19,2,3,79.0,4532.0,3366.8
0,max_power_bg_invert,20,2,3,80.0,4533.0,3366.0
0,max_power_bg_invert,21,2,3,80.0,4535.0,3364.0
0,max_power_bg_invert,22,2,3,80.0,4537.0,3367.6
0,max_power_bg_invert,23,2,3,80.0,4537.0,3367.6
0,max_power_bg_invert,24,2,3,80.0,4536.0,3368.0
0,max_power_bg_invert,25,2,3,80.0,4537.0,3372.0
0,max_power_bg_invert,26,2,3,80.0,4536.0,3372.4
0,max_power_bg_invert,27,2,3,80.0,4536.0,3372.4
0,max_power_bg_invert,28,2,3,80.0,4536.0,3378.4
0,max_power_bg_invert,29,2,3,80.0,4537.0,3377.2
0,max_power_bg_invert,30,2,3,80.0,4537.0,3377.2
0,max_power_bg_invert,31,2,3,80.0,4538.0,3376.0
0,max_power_bg_invert,32,2,3,80.0,4539.0,3380.0
0,max_power_bg_invert,33,2,3,80.0,4540.0,3379.2
0,max_power_bg_invert,34,2,3,80.0,4541.0,3378.8
0,max_power_bg_invert,35,2,3,80.0,4541.0,3378.0
0,max_power_bg_invert,36,2,3,80.0,4541.0,3382.0
0,max_power_bg_invert,37,2,3,80.0,4542.0,3382.8
0,max_power_bg_invert,38,2,3,80.0,4542.0,3382.8
0,max_power_bg_invert,39,2,3,80.0,4543.0,3382.0
0,max_power_bg_invert,40,2,3,80.0,4560.0,3386.8
0,max_power_bg_invert,41,2,3,80.0,4540.0,3408.0
0,max_power_bg_invert,42,2,3,80.0,4536.0,3398.4
0,max_power_bg_invert,43,2,3,80.0,4546.0,3402.0
0,max_power_bg_invert,44,2,3,80.0,4544.0,3404.0
0,max_power_bg_invert,45,2,3,80.0,4547.0,3403.6
0,max_power_bg_invert,46,2,3,80.0,4553.0,3404.4
0,max_power_bg_invert,47,2,3,80.0,4556.0,3403.6
0,max_power_bg_invert,48,2,3,80.0,4557.0,3406.0
0,max_power_bg_invert,49,2,3,80.0,4555.0,3406.8
0,max_power_bg_invert,50,2,3,80.0,4554.0,3406.4
0,max_power_bg_invert,51,2,3,80.0,4553.0,3406.8
0,max_power_bg_invert,52,2,3,80.0,4551.0,3406.8
0,max_power_bg_invert,53,2,3,80.0,4550.0,3408.4
0,max_power_bg_invert,54,2,3,80.0,4548.0,3409.2
0,max_power_bg_invert,55,2,3,80.0,4546.0,3410.0
0,max_power_bg_invert,56,2,3,80.0,4547.0,3408.4
0,max_power_bg_invert,57,2,3,80.0,4546.0,3407.6
0,max_power_bg_invert,58,2,3,80.0,4547.0,3406.4
0,max_power_bg_invert,59,2,3,80.0,4548.0,3406.8
0,max_power_bg_invert,60,2,3,80.0,4548.0,3406.0
0,max_power_bg_invert,61,2,3,80.0,4548.0,3406.8
0,max_power_bg_invert,62,2,3,80.0,4547.0,3408.0
0,max_power_bg_invert,63,2,3,80.0,4547.0,3407.6
0,max_power_bg_invert,64,2,3,80.0,4547.0,3407.6
0,max_power_bg_invert,65,2,3,80.0,4548.0,3406.4
0,max_power_bg_invert,66,2,3,80.0,4550.0,3405.2
0,max_power_bg_invert,67,2,3,80.0,4551.0,3404.0
0,max_power_bg_invert,68,2,3,80.0,4551.0,3404.0
0,max_power_bg_invert,69,2,3,80.0,4549.0,3403.6
0,max_power_bg_invert,70,2,3,80.0,4550.0,3402.8
0,max_power_bg_invert,71,2,3,80.0,4551.0,3402.4
0,max_power_bg_invert,72,2,3,80.0,4551.0,3402.4
0,max_power_bg_invert,73,2,3,80.0,4553.0,3401.6
0,max_power_bg_invert,74,2,3,80.0,4552.0,3402.4
0,max_power_bg_invert,75,2,3,80.0,4553.0,3401.2
0,max_power_bg_invert,76,2,3,80.0,4553.0,3400.8
0,max_power_bg_invert,77,2,3,80.0,4554.0,3400.4
0,max_power_bg_invert,78,2,3,80.0,4554.0,3399.2
0,max_power_bg_invert,79,2,3,80.0,4555.0,3398.4
0,max_power_bg_invert,80,2,3,80.0,4580.0,3376.0
0,max_power_bg_invert,81,2,3,80.0,4565.0,3385.2
0,max_power_bg_invert,82,2,3,80.0,4566.0,3386.8
0,max_power_bg_invert,83,2,3,80.0,4557.0,3391.2
0,max_power_bg_invert,84,2,3,80.0,4557.0,3392.8
0,max_power_bg_invert,85,2,3,80.0,4559.0,3391.6
0,max_power_bg_invert,86,2,3,80.0,4560.0,3393.2
0,max_power_bg_invert,87,2,3,80.0,4560.0,3394.0
0,max_power_bg_invert,88,2,3,80.0,4562.0,3391.2
0,max_power_bg_invert,89,2,3,80.0,4561.0,3391.2
0,max_power_bg_invert,90,2,3,80.0,4562.0,3392.4
1,max_power_bg_invert,0,0,1,70.0,1275.0,3273.2
1,max_power_bg_invert,1,0,1,77.0,3960.0,2984.4
1,max_power_bg_invert,2,0,1,77.0,4110.0,3149.6
1,max_power_bg_invert,3,0,1,78.0,4168.0,3226.8
1,max_power_bg_invert,4,0,1,77.0,4207.0,3252.8
1,max_power_bg_invert,5,0,1,78.0,4228.0,3270.4
1,max_power_bg_invert,6,0,1,78.0,4242.0,3280.4
1,max_power_bg_invert,7,0,1,77.0,4252.0,3282.8
1,max_power_bg_invert,8,0,1,78.0,4261.0,3288.4
1,max_power_bg_invert,9,0,1,78.0,4263.0,3294.4
1,max_power_bg_invert,10,0,1,78.0,4270.0,3294.8
1,max_power_bg_invert,11,0,1,78.0,4272.0,3297.6
1,max_power_bg_invert,12,0,1,78.0,4275.0,3302.4
1,max_power_bg_invert,13,0,1,78.0,4279.0,3303.6
1,max_power_bg_invert,14,0,1,78.0,4280.0,3307.2
1,max_power_bg_invert,15,0,1,78.0,4282.0,3306.8
1,max_power_bg_invert,16,0,1,78.0,4282.0,3310.8
1,max_power_bg_invert,17,0,1,78.0,4284.0,3308.8
1,max_power_bg_invert,18,0,1,78.0,4284.0,3312.8
1,max_power_bg_invert,19,0,1,78.0,4284.0,3312.4
1,max_power_bg_invert,20,0,1,78.0,4284.0,3312.4
1,max_power_bg_invert,21,0,1,78.0,4282.0,3317.6
1,max_power_bg_invert,22,0,1,78.0,4283.0,3316.4
1,max_power_bg_invert,23,0,1,78.0,4284.0,3315.2
1,max_power_bg_invert,24,0,1,78.0,4283.0,3320.0
1,max_power_bg_invert,25,0,1,78.0,4284.0,3318.8
1,max_power_bg_invert,26,0,1,78.0,4285.0,3319.2
1,max_power_bg_invert,27,0,1,78.0,4285.0,3319.2
1,max_power_bg_invert,28,0,1,78.0,4286.0,3322.8
1,max_power_bg_invert,29,0,1,78.0,4287.0,3322.8
1,max_power_bg_invert,30,0,1,78.0,4286.0,3323.2
1,max_power_bg_invert,31,0,1,78.0,4287.0,3322.4
1,max_power_bg_invert,32,0,1,78.0,4286.0,3322.0
1,max_power_bg_invert,33,0,1,78.0,4287.0,3321.6
1,max_power_bg_invert,34,0,1,78.0,4287.0,3326.0
1,max_power_bg_invert,35,0,1,78.0,4287.0,3325.2
1,max_power_bg_invert,36,0,1,78.0,4288.0,3324.4
1,max_power_bg_invert,37,0,1,78.0,4288.0,3323.2
1,max_power_bg_invert,38,0,1,78.0,4287.0,3327.6
1,max_power_bg_invert,39,0,1,78.0,4286.0,3328.4
1,max_power_bg_invert,40,0,1,78.0,4340.0,3334.8
1,max_power_bg_invert,41,0,1,78.0,4305.0,3343.6
1,max_power_bg_invert,42,0,1,78.0,4310.0,3338.8
1,max_power_bg_invert,43,0,1,78.0,4310.0,3345.6
1,max_power_bg_invert,44,0,1,78.0,4308.0,3348.8
1,max_power_bg_invert,45,0,1,78.0,4305.0,3348.8
1,max_power_bg_invert,46,0,1,78.0,4301.0,3352.4
1,max_power_bg_invert,47,0,1,78.0,4301.0,3351.6
1,max_power_bg_invert,48,0,1,78.0,4298.0,3354.0
1,max_power_bg_invert,49,0,1,78.0,4294.0,3355.6
1,max_power_bg_invert,50,0,1,78.0,4292.0,3356.8
1,max_power_bg_invert,51,0,1,78.0,4296.0,3354.4
1,max_power_bg_invert,52,0,1,78.0,4296.0,3353.2
1,max_power_bg_invert,53,0,1,78.0,4296.0,3352.4
1,max_power_bg_invert,54,0,1,78.0,4297.0,3352.8
1,max_power_bg_invert,55,0,1,78.0,4298.0,3352.0
1,max_power_bg_invert,56,0,1,78.0,4296.0,3351.2
1,max_power_bg_invert,57,0,1,78.0,4294.0,3352.0
1,max_power_bg_invert,58,0,1,78.0,4295.0,3352.0
1,max_power_bg_invert,59,0,1,78.0,4297.0,3350.4
1,max_power_bg_invert,60,0,1,78.0,4297.0,3349.6
1,max_power_bg_invert,61,0,1,78.0,4299.0,3349.2
1,max_power_bg_invert,62,0,1,78.0,4298.0,3349.2
1,max_power_bg_invert,63,0,1,78.0,4297.0,3349.6
1,max_power_bg_invert,64,0,1,78.0,4297.0,3349.6
1,max_power_bg_invert,65,0,1,78.0,4298.0,3349.2
1,max_power_bg_invert,66,0,1,78.0,4297.0,3350.0
1,max_power_bg_invert,67,0,1,78.0,4297.0,3349.6
1,max_power_bg_invert,68,0,1,78.0,4297.0,3349.6
1,max_power_bg_invert,69,0,1,78.0,4296.0,3349.6
1,max_power_bg_invert,70,0,1,78.0,4296.0,3349.6
1,max_power_bg_invert,71,0,1,78.0,4296.0,3349.6
1,max_power_bg_invert,72,0,1,78.0,4295.0,3350.4
1,max_power_bg_invert,73,0,1,78.0,4296.0,3349.6
1,max_power_bg_invert,74,0,1,78.0,4295.0,3349.6
1,max_power_bg_invert,75,0,1,78.0,4293.0,3350.4
1,max_power_bg_invert,76,0,1,78.0,4295.0,3349.2
1,max_power_bg_invert,77,0,1,78.0,4296.0,3349.2
1,max_power_bg_invert,78,0,1,78.0,4295.0,3349.2
1,max_power_bg_invert,79,0,1,78.0,4296.0,3348.0
1,max_power_bg_invert,80,0,1,78.0,4270.0,3337.6
1,max_power_bg_invert,81,0,1,78.0,4275.0,3352.4
1,max_power_bg_invert,82,0,1,78.0,4272.0,3347.6
1,max_power_bg_invert,83,0,1,78.0,4271.0,3343.6
1,max_power_bg_invert,84,0,1,78.0,4279.0,3339.2
1,max_power_bg_invert,85,0,1,78.0,4281.0,3340.4
1,max_power_bg_invert,86,0,1,78.0,4285.0,3337.6
1,max_power_bg_invert,87,0,1,78.0,4283.0,3340.8
1,max_power_bg_invert,88,0,1,78.0,4284.0,3340.8
1,max_power_bg_invert,89,0,1,78.0,4288.0,3338.4
1,max_power_bg_invert,90,0,1,78.0,4289.0,3338.8
1,max_power_bg_invert,0,0,2,70.0,1275.0,3242.8
1,max_power_bg_invert,1,0,2,78.0,4550.0,2666.4
1,max_power_bg_invert,2,0,2,78.0,4520.0,3018.0
1,max_power_bg_invert,3,0,2,78.0,4517.0,3118.4
1,max_power_bg_invert,4,0,2,78.0,4517.0,3175.2
1,max_power_bg_invert,5,0,2,78.0,4508.0,3216.0
1,max_power_bg_invert,6,0,2,78.0,4511.0,3239.2
1,max_power_bg_invert,7,0,2,78.0,4514.0,3254.4
1,max_power_bg_invert,8,0,2,78.0,4516.0,3266.8
1,max_power_bg_invert,9,0,2,78.0,4514.0,3277.2
1,max_power_bg_invert,10,0,2,78.0,4520.0,3283.6
1,max_power_bg_invert,11,0,2,78.0,4521.0,3290.8
1,max_power_bg_invert,12,0,2,78.0,4521.0,3296.4
1,max_power_bg_invert,13,0,2,78.0,4523.0,3301.6
1,max_power_bg_invert,14,0,2,78.0,4522.0,3308.0
1,max_power_bg_invert,15,0,2,79.0,4521.0,3312.4
1,max_power_bg_invert,16,0,2,78.0,4519.0,3312.8
1,max_power_bg_invert,17,0,2,79.0,4520.0,3316.4
1,max_power_bg_invert,18,0,2,78.0,4517.0,3323.2
1,max_power_bg_invert,19,0,2,78.0,4519.0,3323.6
1,max_power_bg_invert,20,0,2,78.0,4521.0,3327.2
1,max_power_bg_invert,21,0,2,79.0,4522.0,3326.4
1,max_power_bg_invert,22,0,2,79.0,4524.0,3326.0
1,max_power_bg_invert,23,0,2,79.0,4523.0,3330.8
1,max_power_bg_invert,24,0,2,79.0,4525.0,3330.4
1,max_power_bg_invert,25,0,2,79.0,4525.0,3329.2
1,max_power_bg_invert,26,0,2,79.0,4525.0,3332.8
1,max_power_bg_invert,27,0,2,79.0,4525.0,3332.0
1,max_power_bg_invert,28,0,2,79.0,4526.0,3330.8
1,max_power_bg_invert,29,0,2,79.0,4526.0,3330.0
1,max_power_bg_invert,30,0,2,78.0,4525.0,3333.6
1,max_power_bg_invert,31,0,2,78.0,4526.0,3332.8
1,max_power_bg_invert,32,0,2,79.0,4526.0,3332.8
1,max_power_bg_invert,33,0,2,78.0,4525.0,3333.2
1,max_power_bg_invert,34,0,2,79.0,4524.0,3332.4
1,max_power_bg_invert,35,0,2,78.0,4525.0,3332.0
1,max_power_bg_invert,36,0,2,78.0,4525.0,3336.8
1,max_power_bg_invert,37,0,2,79.0,4525.0,3336.4
1,max_power_bg_invert,38,0,2,79.0,4525.0,3336.4
1,max_power_bg_invert,39,0,2,78.0,4525.0,3336.0
1,max_power_bg_invert,40,0,2,79.0,4530.0,3344.8
1,max_power_bg_invert,41,0,2,79.0,4525.0,3337.6
1,max_power_bg_invert,42,0,2,79.0,4533.0,3328.8
1,max_power_bg_invert,43,0,2,79.0,4533.0,3331.6
1,max_power_bg_invert,44,0,2,79.0,4530.0,3332.8
1,max_power_bg_invert,45,0,2,79.0,4528.0,3336.0
1,max_power_bg_invert,46,0,2,79.0,4531.0,3336.8
1,max_power_bg_invert,47,0,2,79.0,4530.0,3338.0
1,max_power_bg_invert,48,0,2,79.0,4529.0,3338.4
1,max_power_bg_invert,49,0,2,79.0,4529.0,3338.0
1,max_power_bg_invert,50,0,2,79.0,4528.0,3340.0
1,max_power_bg_invert,51,0,2,79.0,4530.0,3340.8
1,max_power_bg_invert,52,0,2,79.0,4532.0,3339.6
1,max_power_bg_invert,53,0,2,79.0,4533.0,3339.2
1,max_power_bg_invert,54,0,2,79.0,4534.0,3340.0
1,max_power_bg_invert,55,0,2,79.0,4535.0,3338.8
1,max_power_bg_invert,56,0,2,79.0,4534.0,3338.4
1,max_power_bg_invert,57,0,2,79.0,4532.0,3340.8
1,max_power_bg_invert,58,0,2,79.0,4533.0,3340.0
1,max_power_bg_invert,59,0,2,79.0,4533.0,3340.4
1,max_power_bg_invert,60,0,2,79.0,4535.0,3339.6
1,max_power_bg_invert,61,0,2,79.0,4535.0,3338.8
1,max_power_bg_invert,62,0,2,79.0,4535.0,3338.8
1,max_power_bg_invert,63,0,2,79.0,4535.0,3338.0
1,max_power_bg_invert,64,0,2,79.0,4537.0,3335.6
1,max_power_bg_invert,65,0,2,79.0,4538.0,3334.4
1,max_power_bg_invert,66,0,2,79.0,4538.0,3333.2
1,max_power_bg_invert,67,0,2,79.0,4539.0,3332.4
1,max_power_bg_invert,68,0,2,79.0,4539.0,3332.4
1,max_power_bg_invert,69,0,2,79.0,4540.0,3331.6
1,max_power_bg_invert,70,0,2,79.0,4539.0,3332.0
1,max_power_bg_invert,71,0,2,79.0,4539.0,3331.6
1,max_power_bg_invert,72,0,2,79.0,4539.0,3331.6
1,max_power_bg_invert,73,0,2,79.0,4540.0,3331.2
1,max_power_bg_invert,74,0,2,79.0,4540.0,3330.8
1,max_power_bg_invert,75,0,2,79.0,4539.0,3336.0
1,max_power_bg_invert,76,0,2,79.0,4539.0,3336.0
1,max_power_bg_invert,77,0,2,79.0,4538.0,3336.4
1,max_power_bg_invert,78,0,2,79.0,4538.0,3335.6
1,max_power_bg_invert,79,0,2,79.0,4537.0,3336.4
1,max_power_bg_invert,80,0,2,79.0,4570.0,3340.0
1,max_power_bg_invert,81,0,2,79.0,4550.0,3349.6
1,max_power_bg_invert,82,0,2,79.0,4553.0,3346.8
1,max_power_bg_invert,83,0,2,79.0,4553.0,3344.8
1,max_power_bg_invert,84,0,2,79.0,4548.0,3343.2
1,max_power_bg_invert,85,0,2,79.0,4549.0,3342.0
1,max_power_bg_invert,86,0,2,79.0,4547.0,3344.0
1,max_power_bg_invert,87,0,2,79.0,4542.0,3345.6
1,max_power_bg_invert,88,0,2,79.0,4539.0,3346.4
1,max_power_bg_invert,89,0,2,79.0,4541.0,3346.4
1,max_power_bg_invert,90,0,2,79.0,4540.0,3346.0
1,max_power_bg_invert,0,0,3,71.0,1237.0,3269.2
1,max_power_bg_invert,1,0,3,79.0,4070.0,2982.0
1,max_power_bg_invert,2,0,3,79.0,4224.0,3158.4
1,max_power_bg_invert,3,0,3,79.0,4282.0,3218.8
1,max_power_bg_invert,4,0,3,79.0,4310.0,3257.6
1,max_power_bg_invert,5,0,3,79.0,4328.0,3277.6
1,max_power_bg_invert,6,0,3,79.0,4338.0,3290.0
1,max_power_bg_invert,7,0,3,79.0,4348.0,3297.2
1,max_power_bg_invert,8,0,3,79.0,4351.0,3303.6
1,max_power_bg_invert,9,0,3,79.0,4357.0,3308.0
1,max_power_bg_invert,10,0,3,79.0,4360.0,3314.0
1,max_power_bg_invert,11,0,3,79.0,4362.0,3312.8
1,max_power_bg_invert,12,0,3,79.0,4365.0,3317.2
1,max_power_bg_invert,13,0,3,79.0,4369.0,3316.0
1,max_power_bg_invert,14,0,3,79.0,4371.0,3319.2
1,max_power_bg_invert,15,0,3,79.0,4374.0,3322.0
1,max_power_bg_invert,16,0,3,79.0,4376.0,3320.4
1,max_power_bg_invert,17,0,3,79.0,4379.0,3321.6
1,max_power_bg_invert,18,0,3,79.0,4380.0,3319.6
1,max_power_bg_invert,19,0,3,79.0,4381.0,3324.8
1,max_power_bg_invert,20,0,3,79.0,4381.0,3322.8
1,max_power_bg_invert,21,0,3,79.0,4380.0,3323.6
1,max_power_bg_invert,22,0,3,79.0,4383.0,3327.2
1,max_power_bg_invert,23,0,3,79.0,4385.0,3326.0
1,max_power_bg_invert,24,0,3,79.0,4385.0,3326.0
1,max_power_bg_invert,25,0,3,79.0,4385.0,3326.4
1,max_power_bg_invert,26,0,3,79.0,4384.0,3327.6
1,max_power_bg_invert,27,0,3,79.0,4386.0,3330.8
1,max_power_bg_invert,28,0,3,79.0,4386.0,3330.0
1,max_power_bg_invert,29,0,3,79.0,4388.0,3329.2
1,max_power_bg_invert,30,0,3,79.0,4387.0,3330.0
1,max_power_bg_invert,31,0,3,79.0,4387.0,3330.0
1,max_power_bg_invert,32,0,3,79.0,4386.0,3329.6
1,max_power_bg_invert,33,0,3,79.0,4388.0,3335.2
1,max_power_bg_invert,34,0,3,79.0,4387.0,3335.6
1,max_power_bg_invert,35,0,3,79.0,4388.0,3334.8
1,max_power_bg_invert,36,0,3,79.0,4388.0,3335.2
1,max_power_bg_invert,37,0,3,79.0,4388.0,3334.8
1,max_power_bg_invert,38,0,3,79.0,4388.0,3334.0
1,max_power_bg_invert,39,0,3,79.0,4389.0,3332.8
1,max_power_bg_invert,40,0,3,79.0,4400.0,3345.2
1,max_power_bg_invert,41,0,3,79.0,4404.0,3344.0
1,max_power_bg_invert,42,0,3,79.0,4403.0,3337.2
1,max_power_bg_invert,43,0,3,79.0,4399.0,3337.2
1,max_power_bg_invert,44,0,3,79.0,4399.0,3333.6
1,max_power_bg_invert,45,0,3,79.0,4398.0,3334.4
1,max_power_bg_invert,46,0,3,79.0,4398.0,3333.2
1,max_power_bg_invert,47,0,3,79.0,4401.0,3332.8
1,max_power_bg_invert,48,0,3,79.0,4402.0,3332.8
1,max_power_bg_invert,49,0,3,79.0,4404.0,3333.6
1,max_power_bg_invert,50,0,3,79.0,4405.0,3332.0
1,max_power_bg_invert,51,0,3,79.0,4404.0,3333.6
1,max_power_bg_invert,52,0,3,79.0,4403.0,3335.2
1,max_power_bg_invert,53,0,3,79.0,4402.0,3332.8
1,max_power_bg_invert,54,0,3,79.0,4402.0,3332.8
1,max_power_bg_invert,55,0,3,79.0,4404.0,3331.2
1,max_power_bg_invert,56,0,3,79.0,4405.0,3331.2
1,max_power_bg_invert,57,0,3,79.0,4405.0,3330.4
1,max_power_bg_invert,58,0,3,79.0,4406.0,3329.2
1,max_power_bg_invert,59,0,3,79.0,4406.0,3329.2
1,max_power_bg_invert,60,0,3,79.0,4407.0,3328.8
1,max_power_bg_invert,61,0,3,79.0,4407.0,3328.4
1,max_power_bg_invert,62,0,3,79.0,4407.0,3327.2
1,max_power_bg_invert,63,0,3,79.0,4407.0,3326.4
1,max_power_bg_invert,64,0,3,79.0,4406.0,3326.4
1,max_power_bg_invert,65,0,3,79.0,4406.0,3326.4
1,max_power_bg_invert,66,0,3,79.0,4406.0,3325.6
1,max_power_bg_invert,67,0,3,79.0,4405.0,3331.2
1,max_power_bg_invert,68,0,3,79.0,4405.0,3330.8
1,max_power_bg_invert,69,0,3,79.0,4406.0,3329.6
1,max_power_bg_invert,70,0,3,79.0,4405.0,3330.0
1,max_power_bg_invert,71,0,3,79.0,4405.0,3330.0
1,max_power_bg_invert,72,0,3,79.0,4405.0,3330.0
1,max_power_bg_invert,73,0,3,79.0,4404.0,3330.8
1,max_power_bg_invert,74,0,3,79.0,4405.0,3330.4
1,max_power_bg_invert,75,0,3,79.0,4406.0,3329.2
1,max_power_bg_invert,76,0,3,79.0,4407.0,3329.6
1,max_power_bg_invert,77,0,3,79.0,4406.0,3330.4
1,max_power_bg_invert,78,0,3,79.0,4405.0,3331.2
1,max_power_bg_invert,79,0,3,79.0,4406.0,3330.8
1,max_power_bg_invert,80,0,3,79.0,4410.0,3323.6
1,max_power_bg_invert,81,0,3,79.0,4419.0,3328.4
1,max_power_bg_invert,82,0,3,79.0,4406.0,3338.8
1,max_power_bg_invert,83,0,3,79.0,4405.0,3339.2
1,max_power_bg_invert,84,0,3,79.0,4404.0,3342.4
1,max_power_bg_invert,85,0,3,79.0,4401.0,3346.8
1,max_power_bg_invert,86,0,3,79.0,4402.0,3346.4
1,max_power_bg_invert,87,0,3,79.0,4402.0,3346.4
1,max_power_bg_invert,88,0,3,79.0,4403.0,3342.0
1,max_power_bg_invert,89,0,3,79.0,4403.0,3343.6
1,max_power_bg_invert,90,0,3,79.0,4401.0,3348.0
1,max_power_bg_invert,0,1,2,71.0,1300.0,3280.0
1,max_power_bg_invert,1,1,2,79.0,4360.0,2714.8
1,max_power_bg_invert,2,1,2,79.0,4355.0,3034.4
1,max_power_bg_invert,3,1,2,79.0,4358.0,3144.8
1,max_power_bg_invert,4,1,2,79.0,4364.0,3202.8
1,max_power_bg_invert,5,1,2,79.0,4379.0,3229.6
1,max_power_bg_invert,6,1,2,79.0,4384.0,3254.4
1,max_power_bg_invert,7,1,2,79.0,4384.0,3267.6
1,max_power_bg_invert,8,1,2,79.0,4383.0,3282.4
1,max_power_bg_invert,9,1,2,79.0,4384.0,3292.0
1,max_power_bg_invert,10,1,2,79.0,4384.0,3298.8
1,max_power_bg_invert,11,1,2,79.0,4379.0,3305.6
1,max_power_bg_invert,12,1,2,79.0,4380.0,3310.0
1,max_power_bg_invert,13,1,2,79.0,4380.0,3315.2
1,max_power_bg_invert,14,1,2,80.0,4381.0,3316.4
1,max_power_bg_invert,15,1,2,79.0,4380.0,3323.6
1,max_power_bg_invert,16,1,2,79.0,4380.0,3329.2
1,max_power_bg_invert,17,1,2,79.0,4381.0,3326.0
1,max_power_bg_invert,18,1,2,79.0,4379.0,3332.4
1,max_power_bg_invert,19,1,2,79.0,4376.0,3332.4
1,max_power_bg_invert,20,1,2,79.0,4375.0,3338.0
1,max_power_bg_invert,21,1,2,79.0,4376.0,3339.2
1,max_power_bg_invert,22,1,2,79.0,4379.0,3336.8
1,max_power_bg_invert,23,1,2,80.0,4377.0,3341.6
1,max_power_bg_invert,24,1,2,79.0,4376.0,3341.6
1,max_power_bg_invert,25,1,2,79.0,4377.0,3341.2
1,max_power_bg_invert,26,1,2,79.0,4377.0,3340.8
1,max_power_bg_invert,27,1,2,79.0,4378.0,3344.8
1,max_power_bg_invert,28,1,2,79.0,4378.0,3344.0
1,max_power_bg_invert,29,1,2,79.0,4377.0,3344.0
1,max_power_bg_invert,30,1,2,79.0,4377.0,3344.0
1,max_power_bg_invert,31,1,2,80.0,4378.0,3343.2
1,max_power_bg_invert,32,1,2,80.0,4379.0,3347.6
1,max_power_bg_invert,33,1,2,79.0,4380.0,3347.6
1,max_power_bg_invert,34,1,2,79.0,4381.0,3346.8
1,max_power_bg_invert,35,1,2,79.0,4382.0,3345.2
1,max_power_bg_invert,36,1,2,80.0,4382.0,3344.4
1,max_power_bg_invert,37,1,2,79.0,4383.0,3343.2
1,max_power_bg_invert,38,1,2,79.0,4383.0,3342.4
1,max_power_bg_invert,39,1,2,80.0,4385.0,3342.8
1,max_power_bg_invert,40,1,2,80.0,4410.0,3339.6
1,max_power_bg_invert,41,1,2,80.0,4394.0,3346.8
1,max_power_bg_invert,42,1,2,79.0,4389.0,3349.6
1,max_power_bg_invert,43,1,2,80.0,4382.0,3351.2
1,max_power_bg_invert,44,1,2,79.0,4385.0,3350.8
1,max_power_bg_invert,45,1,2,79.0,4389.0,3353.2
1,max_power_bg_invert,46,1,2,79.0,4382.0,3358.8
1,max_power_bg_invert,47,1,2,80.0,4384.0,3357.2
1,max_power_bg_invert,48,1,2,79.0,4382.0,3359.6
1,max_power_bg_invert,49,1,2,80.0,4384.0,3356.4
1,max_power_bg_invert,50,1,2,79.0,4382.0,3358.4
1,max_power_bg_invert,51,1,2,79.0,4385.0,3357.2
1,max_power_bg_invert,52,1,2,80.0,4386.0,3356.8
1,max_power_bg_invert,53,1,2,80.0,4384.0,3358.0
1,max_power_bg_invert,54,1,2,79.0,4385.0,3357.2
1,max_power_bg_invert,55,1,2,79.0,4384.0,3359.2
1,max_power_bg_invert,56,1,2,79.0,4384.0,3359.6
1,max_power_bg_invert,57,1,2,80.0,4384.0,3360.0
1,max_power_bg_invert,58,1,2,79.0,4383.0,3359.6
1,max_power_bg_invert,59,1,2,80.0,4381.0,3360.4
1,max_power_bg_invert,60,1,2,80.0,4383.0,3359.6
1,max_power_bg_invert,61,1,2,80.0,4383.0,3358.4
1,max_power_bg_invert,62,1,2,80.0,4384.0,3357.6
1,max_power_bg_invert,63,1,2,80.0,4382.0,3358.8
1,max_power_bg_invert,64,1,2,80.0,4385.0,3356.0
1,max_power_bg_invert,65,1,2,80.0,4385.0,3355.2
1,max_power_bg_invert,66,1,2,80.0,4385.0,3354.4
1,max_power_bg_invert,67,1,2,80.0,4385.0,3354.0
1,max_power_bg_invert,68,1,2,80.0,4385.0,3354.4
1,max_power_bg_invert,69,1,2,79.0,4385.0,3354.0
1,max_power_bg_invert,70,1,2,80.0,4385.0,3353.6
1,max_power_bg_invert,71,1,2,80.0,4384.0,3352.8
1,max_power_bg_invert,72,1,2,79.0,4384.0,3352.8
1,max_power_bg_invert,73,1,2,80.0,4384.0,3352.8
1,max_power_bg_invert,74,1,2,80.0,4384.0,3352.0
1,max_power_bg_invert,75,1,2,80.0,4385.0,3351.6
1,max_power_bg_invert,76,1,2,80.0,4385.0,3351.2
1,max_power_bg_invert,77,1,2,80.0,4386.0,3350.0
1,max_power_bg_invert,78,1,2,80.0,4387.0,3349.6
1,max_power_bg_invert,79,1,2,80.0,4386.0,3350.4
1,max_power_bg_invert,80,1,2,80.0,4370.0,3377.6
1,max_power_bg_invert,81,1,2,80.0,4390.0,3366.4
1,max_power_bg_invert,82,1,2,80.0,4403.0,3356.4
1,max_power_bg_invert,83,1,2,80.0,4407.0,3355.6
1,max_power_bg_invert,84,1,2,80.0,4404.0,3356.0
1,max_power_bg_invert,85,1,2,80.0,4399.0,3357.6
1,max_power_bg_invert,86,1,2,80.0,4404.0,3354.4
1,max_power_bg_invert,87,1,2,80.0,4405.0,3352.4
1,max_power_bg_invert,88,1,2,80.0,4407.0,3350.4
1,max_power_bg_invert,89,1,2,80.0,4409.0,3351.6
1,max_power_bg_invert,90,1,2,80.0,4406.0,3353.2
1,max_power_bg_invert,0,1,3,71.0,1262.0,3281.2
1,max_power_bg_invert,1,1,3,79.0,3920.0,3011.6
1,max_power_bg_invert,2,1,3,79.0,4084.0,3176.0
1,max_power_bg_invert,3,1,3,79.0,4127.0,3229.6
1,max_power_bg_invert,4,1,3,80.0,4153.0,3262.8
1,max_power_bg_invert,5,1,3,79.0,4175.0,3275.6
1,max_power_bg_invert,6,1,3,79.0,4186.0,3293.6
1,max_power_bg_invert,7,1,3,80.0,4200.0,3298.8
1,max_power_bg_invert,8,1,3,79.0,4199.0,3307.2
1,max_power_bg_invert,9,1,3,79.0,4206.0,3310.8
1,max_power_bg_invert,10,1,3,80.0,4216.0,3310.4
1,max_power_bg_invert,11,1,3,79.0,4219.0,3317.6
1,max_power_bg_invert,12,1,3,80.0,4224.0,3322.4
1,max_power_bg_invert,13,1,3,79.0,4225.0,3320.0
1,max_power_bg_invert,14,1,3,79.0,4227.0,3324.0
1,max_power_bg_invert,15,1,3,80.0,4229.0,3322.8
1,max_power_bg_invert,16,1,3,80.0,4228.0,3328.4
1,max_power_bg_invert,17,1,3,79.0,4228.0,3328.8
1,max_power_bg_invert,18,1,3,80.0,4230.0,3328.0
1,max_power_bg_invert,19,1,3,80.0,4233.0,3332.8
1,max_power_bg_invert,20,1,3,79.0,4233.0,3330.4
1,max_power_bg_invert,21,1,3,80.0,4234.0,3334.4
1,max_power_bg_invert,22,1,3,80.0,4234.0,3331.2
1,max_power_bg_invert,23,1,3,80.0,4235.0,3336.8
1,max_power_bg_invert,24,1,3,80.0,4237.0,3335.2
1,max_power_bg_invert,25,1,3,80.0,4237.0,3334.4
1,max_power_bg_invert,26,1,3,80.0,4238.0,3338.8
1,max_power_bg_invert,27,1,3,80.0,4238.0,3338.4
1,max_power_bg_invert,28,1,3,80.0,4238.0,3338.0
1,max_power_bg_invert,29,1,3,80.0,4238.0,3338.0
1,max_power_bg_invert,30,1,3,80.0,4239.0,3336.4
1,max_power_bg_invert,31,1,3,80.0,4238.0,3342.4
1,max_power_bg_invert,32,1,3,80.0,4238.0,3342.0
1,max_power_bg_invert,33,1,3,80.0,4240.0,3340.4
1,max_power_bg_invert,34,1,3,80.0,4240.0,3340.4
1,max_power_bg_invert,35,1,3,80.0,4240.0,3344.4
1,max_power_bg_invert,36,1,3,80.0,4239.0,3344.4
1,max_power_bg_invert,37,1,3,80.0,4240.0,3343.6
1,max_power_bg_invert,38,1,3,80.0,4240.0,3343.2
1,max_power_bg_invert,39,1,3,80.0,4241.0,3342.8
1,max_power_bg_invert,40,1,3,80.0,4250.0,3380.0
1,max_power_bg_invert,41,1,3,80.0,4255.0,3374.4
1,max_power_bg_invert,42,1,3,80.0,4253.0,3372.0
1,max_power_bg_invert,43,1,3,80.0,4246.0,3371.6
1,max_power_bg_invert,44,1,3,80.0,4244.0,3364.4
1,max_power_bg_invert,45,1,3,80.0,4245.0,3363.2
1,max_power_bg_invert,46,1,3,80.0,4247.0,3360.4
1,max_power_bg_invert,47,1,3,80.0,4251.0,3360.8
1,max_power_bg_invert,48,1,3,80.0,4255.0,3358.0
1,max_power_bg_invert,49,1,3,80.0,4256.0,3359.6
1,max_power_bg_invert,50,1,3,80.0,4257.0,3356.0
1,max_power_bg_invert,51,1,3,80.0,4255.0,3357.2
1,max_power_bg_invert,52,1,3,80.0,4255.0,3357.6
1,max_power_bg_invert,53,1,3,80.0,4253.0,3357.6
1,max_power_bg_invert,54,1,3,80.0,4253.0,3358.4
1,max_power_bg_invert,55,1,3,80.0,4252.0,3358.0
1,max_power_bg_invert,56,1,3,80.0,4252.0,3358.8
1,max_power_bg_invert,57,1,3,80.0,4253.0,3359.2
1,max_power_bg_invert,58,1,3,80.0,4254.0,3359.2
1,max_power_bg_invert,59,1,3,80.0,4253.0,3359.6
1,max_power_bg_invert,60,1,3,80.0,4251.0,3362.8
1,max_power_bg_invert,61,1,3,80.0,4250.0,3363.2
1,max_power_bg_invert,62,1,3,80.0,4250.0,3364.4
1,max_power_bg_invert,63,1,3,80.0,4250.0,3363.6
1,max_power_bg_invert,64,1,3,80.0,4248.0,3364.0
1,max_power_bg_invert,65,1,3,80.0,4250.0,3362.0
1,max_power_bg_invert,66,1,3,80.0,4251.0,3360.8
1,max_power_bg_invert,67,1,3,80.0,4250.0,3361.2
1,max_power_bg_invert,68,1,3,80.0,4251.0,3360.8
1,max_power_bg_invert,69,1,3,80.0,4250.0,3362.0
1,max_power_bg_invert,70,1,3,80.0,4250.0,3362.0
1,max_power_bg_invert,71,1,3,80.0,4250.0,3362.0
1,max_power_bg_invert,72,1,3,80.0,4248.0,3363.2
1,max_power_bg_invert,73,1,3,80.0,4249.0,3363.2
1,max_power_bg_invert,74,1,3,80.0,4250.0,3362.0
1,max_power_bg_invert,75,1,3,80.0,4250.0,3362.0
1,max_power_bg_invert,76,1,3,80.0,4251.0,3361.2
1,max_power_bg_invert,77,1,3,80.0,4251.0,3361.2
1,max_power_bg_invert,78,1,3,80.0,4251.0,3361.2
1,max_power_bg_invert,79,1,3,80.0,4251.0,3360.8
1,max_power_bg_invert,80,1,3,80.0,4269.0,3342.4
1,max_power_bg_invert,81,1,3,80.0,4274.0,3333.6
1,max_power_bg_invert,82,1,3,80.0,4263.0,3340.8
1,max_power_bg_invert,83,1,3,80.0,4256.0,3342.0
1,max_power_bg_invert,84,1,3,80.0,4261.0,3342.8
1,max_power_bg_invert,85,1,3,80.0,4259.0,3345.2
1,max_power_bg_invert,86,1,3,80.0,4255.0,3348.8
1,max_power_bg_invert,87,1,3,80.0,4257.0,3347.6
1,max_power_bg_invert,88,1,3,80.0,4257.0,3352.0
1,max_power_bg_invert,89,1,3,80.0,4258.0,3352.8
1,max_power_bg_invert,90,1,3,80.0,4255.0,3355.2
1,max_power_bg_invert,0,2,3,72.0,1312.0,3281.6
1,max_power_bg_invert,1,2,3,79.0,4060.0,2943.2
1,max_power_bg_invert,2,2,3,79.0,4190.0,3134.0
1,max_power_bg_invert,3,2,3,79.0,4224.0,3189.2
1,max_power_bg_invert,4,2,3,79.0,4248.0,3229.6
1,max_power_bg_invert,5,2,3,79.0,4257.0,3256.4
1,max_power_bg_invert,6,2,3,79.0,4261.0,3273.2
1,max_power_bg_invert,7,2,3,79.0,4266.0,3284.0
1,max_power_bg_invert,8,2,3,79.0,4273.0,3290.4
1,max_power_bg_invert,9,2,3,79.0,4277.0,3295.6
1,max_power_bg_invert,10,2,3,79.0,4279.0,3304.8
1,max_power_bg_invert,11,2,3,79.0,4283.0,3307.2
1,max_power_bg_invert,12,2,3,79.0,4282.0,3310.4
1,max_power_bg_invert,13,2,3,79.0,4286.0,3313.2
1,max_power_bg_invert,14,2,3,79.0,4285.0,3313.2
1,max_power_bg_invert,15,2,3,79.0,4287.0,3316.8
1,max_power_bg_invert,16,2,3,79.0,4287.0,3318.0
1,max_power_bg_invert,17,2,3,79.0,4287.0,3322.8
1,max_power_bg_invert,18,2,3,79.0,4288.0,3321.2
1,max_power_bg_invert,19,2,3,79.0,4289.0,3324.8
1,max_power_bg_invert,20,2,3,79.0,4289.0,3324.8
1,max_power_bg_invert,21,2,3,79.0,4288.0,3329.6
1,max_power_bg_invert,22,2,3,80.0,4289.0,3328.4
1,max_power_bg_invert,23,2,3,79.0,4289.0,3332.8
1,max_power_bg_invert,24,2,3,79.0,4291.0,3331.6
1,max_power_bg_invert,25,2,3,80.0,4292.0,3332.0
1,max_power_bg_invert,26,2,3,79.0,4293.0,3331.2
1,max_power_bg_invert,27,2,3,79.0,4294.0,3335.6
1,max_power_bg_invert,28,2,3,79.0,4294.0,3335.6
1,max_power_bg_invert,29,2,3,80.0,4296.0,3334.0
1,max_power_bg_invert,30,2,3,80.0,4296.0,3332.0
1,max_power_bg_invert,31,2,3,79.0,4297.0,3335.6
1,max_power_bg_invert,32,2,3,80.0,4297.0,3334.8
1,max_power_bg_invert,33,2,3,80.0,4297.0,3334.0
1,max_power_bg_invert,34,2,3,80.0,4298.0,3334.4
1,max_power_bg_invert,35,2,3,80.0,4298.0,3338.8
1,max_power_bg_invert,36,2,3,80.0,4298.0,3340.0
1,max_power_bg_invert,37,2,3,80.0,4299.0,3339.2
1,max_power_bg_invert,38,2,3,80.0,4298.0,3339.6
1,max_power_bg_invert,39,2,3,79.0,4298.0,3340.0
1,max_power_bg_invert,40,2,3,80.0,4300.0,3360.0
1,max_power_bg_invert,41,2,3,79.0,4295.0,3361.2
1,max_power_bg_invert,42,2,3,80.0,4296.0,3357.2
1,max_power_bg_invert,43,2,3,80.0,4307.0,3350.4
1,max_power_bg_invert,44,2,3,80.0,4306.0,3353.2
1,max_power_bg_invert,45,2,3,80.0,4305.0,3348.0
1,max_power_bg_invert,46,2,3,80.0,4299.0,3349.2
1,max_power_bg_invert,47,2,3,80.0,4299.0,3351.6
1,max_power_bg_invert,48,2,3,80.0,4297.0,3354.8
1,max_power_bg_invert,49,2,3,80.0,4297.0,3354.4
1,max_power_bg_invert,50,2,3,80.0,4298.0,3353.2
1,max_power_bg_invert,51,2,3,80.0,4296.0,3354.4
1,max_power_bg_invert,52,2,3,80.0,4296.0,3355.6
1,max_power_bg_invert,53,2,3,80.0,4299.0,3354.4
1,max_power_bg_invert,54,2,3,80.0,4297.0,3353.6
1,max_power_bg_invert,55,2,3,80.0,4300.0,3354.4
1,max_power_bg_invert,56,2,3,80.0,4298.0,3355.6
1,max_power_bg_invert,57,2,3,80.0,4300.0,3354.4
1,max_power_bg_invert,58,2,3,80.0,4300.0,3354.8
1,max_power_bg_invert,59,2,3,79.0,4300.0,3354.4
1,max_power_bg_invert,60,2,3,80.0,4300.0,3354.0
1,max_power_bg_invert,61,2,3,80.0,4301.0,3352.8
1,max_power_bg_invert,62,2,3,80.0,4300.0,3352.4
1,max_power_bg_invert,63,2,3,80.0,4300.0,3354.0
1,max_power_bg_invert,64,2,3,80.0,4301.0,3352.0
1,max_power_bg_invert,65,2,3,80.0,4300.0,3352.4
1,max_power_bg_invert,66,2,3,80.0,4300.0,3352.4
1,max_power_bg_invert,67,2,3,80.0,4299.0,3352.4
1,max_power_bg_invert,68,2,3,80.0,4297.0,3353.6
1,max_power_bg_invert,69,2,3,80.0,4296.0,3354.0
1,max_power_bg_invert,70,2,3,80.0,4296.0,3354.0
1,max_power_bg_invert,71,2,3,80.0,4294.0,3354.0
1,max_power_bg_invert,72,2,3,79.0,4296.0,3352.8
1,max_power_bg_invert,73,2,3,80.0,4296.0,3352.8
1,max_power_bg_invert,74,2,3,80.0,4296.0,3353.6
1,max_power_bg_invert,75,2,3,80.0,4295.0,3354.0
1,max_power_bg_invert,76,2,3,80.0,4296.0,3354.0
1,max_power_bg_invert,77,2,3,80.0,4295.0,3354.8
1,max_power_bg_invert,78,2,3,80.0,4296.0,3354.4
1,max_power_bg_invert,79,2,3,80.0,4295.0,3354.8
1,max_power_bg_invert,80,2,3,80.0,4330.0,3347.6
1,max_power_bg_invert,81,2,3,80.0,4319.0,3340.8
1,max_power_bg_invert,82,2,3,80.0,4303.0,3353.6
1,max_power_bg_invert,83,2,3,80.0,4299.0,3359.6
1,max_power_bg_invert,84,2,3,80.0,4295.0,3364.0
1,max_power_bg_invert,85,2,3,80.0,4288.0,3367.2
1,max_power_bg_invert,86,2,3,80.0,4294.0,3363.2
1,max_power_bg_invert,87,2,3,80.0,4289.0,3362.0
1,max_power_bg_invert,88,2,3,80.0,4287.0,3361.2
1,max_power_bg_invert,89,2,3,80.0,4283.0,3364.4
1,max_power_bg_invert,90,2,3,80.0,4283.0,3363.2
2,max_power_bg_invert,0,0,1,64.0,950.0,3324.8
2,max_power_bg_invert,1,0,1,72.0,4170.0,2827.6
2,max_power_bg_invert,2,0,1,73.0,4160.0,3107.2
2,max_power_bg_invert,3,0,1,73.0,4151.0,3196.0
2,max_power_bg_invert,4,0,1,73.0,4156.0,3241.6
2,max_power_bg_invert,5,0,1,73.0,4161.0,3267.6
2,max_power_bg_invert,6,0,1,73.0,4161.0,3283.2
2,max_power_bg_invert,7,0,1,73.0,4162.0,3300.0
2,max_power_bg_invert,8,0,1,73.0,4164.0,3309.2
2,max_power_bg_invert,9,0,1,73.0,4161.0,3316.0
2,max_power_bg_invert,10,0,1,73.0,4162.0,3326.8
2,max_power_bg_invert,11,0,1,73.0,4162.0,3330.8
2,max_power_bg_invert,12,0,1,73.0,4162.0,3334.8
2,max_power_bg_invert,13,0,1,73.0,4161.0,3342.4
2,max_power_bg_invert,14,0,1,73.0,4161.0,3343.2
2,max_power_bg_invert,15,0,1,73.0,4161.0,3347.2
2,max_power_bg_invert,16,0,1,73.0,4159.0,3347.6
2,max_power_bg_invert,17,0,1,73.0,4162.0,3349.6
2,max_power_bg_invert,18,0,1,73.0,4163.0,3346.8
2,max_power_bg_invert,19,0,1,73.0,4163.0,3350.8
2,max_power_bg_invert,20,0,1,73.0,4163.0,3350.8
2,max_power_bg_invert,21,0,1,73.0,4162.0,3351.6
2,max_power_bg_invert,22,0,1,73.0,4163.0,3356.4
2,max_power_bg_invert,23,0,1,73.0,4163.0,3356.0
2,max_power_bg_invert,24,0,1,73.0,4164.0,3354.8
2,max_power_bg_invert,25,0,1,73.0,4163.0,3354.8
2,max_power_bg_invert,26,0,1,73.0,4163.0,3358.4
2,max_power_bg_invert,27,0,1,73.0,4163.0,3359.2
2,max_power_bg_invert,28,0,1,73.0,4162.0,3357.6
2,max_power_bg_invert,29,0,1,73.0,4163.0,3361.6
2,max_power_bg_invert,30,0,1,73.0,4162.0,3362.4
2,max_power_bg_invert,31,0,1,73.0,4161.0,3363.2
2,max_power_bg_invert,32,0,1,73.0,4162.0,3363.2
2,max_power_bg_invert,33,0,1,73.0,4162.0,3362.8
2,max_power_bg_invert,34,0,1,73.0,4160.0,3364.0
2,max_power_bg_invert,35,0,1,73.0,4161.0,3364.0
2,max_power_bg_invert,36,0,1,73.0,4161.0,3368.0
2,max_power_bg_invert,37,0,1,73.0,4160.0,3368.8
2,max_power_bg_invert,38,0,1,73.0,4162.0,3367.2
2,max_power_bg_invert,39,0,1,73.0,4161.0,3367.6
2,max_power_bg_invert,40,0,1,73.0,4170.0,3400.0
2,max_power_bg_invert,41,0,1,73.0,4174.0,3384.8
2,max_power_bg_invert,42,0,1,73.0,4162.0,3390.4
2,max_power_bg_invert,43,0,1,73.0,4169.0,3378.0
2,max_power_bg_invert,44,0,1,73.0,4169.0,3380.8
2,max_power_bg_invert,45,0,1,73.0,4164.0,3382.8
2,max_power_bg_invert,46,0,1,73.0,4167.0,3380.0
2,max_power_bg_invert,47,0,1,73.0,4169.0,3379.6
2,max_power_bg_invert,48,0,1,73.0,4169.0,3382.8
2,max_power_bg_invert,49,0,1,73.0,4166.0,3382.8
2,max_power_bg_invert,50,0,1,73.0,4167.0,3386.4
2,max_power_bg_invert,51,0,1,73.0,4167.0,3386.0
2,max_power_bg_invert,52,0,1,73.0,4168.0,3385.6
2,max_power_bg_invert,53,0,1,73.0,4166.0,3390.0
2,max_power_bg_invert,54,0,1,73.0,4169.0,3384.0
2,max_power_bg_invert,55,0,1,73.0,4169.0,3385.2
2,max_power_bg_invert,56,0,1,73.0,4170.0,3383.2
2,max_power_bg_invert,57,0,1,73.0,4170.0,3384.0
2,max_power_bg_invert,58,0,1,73.0,4170.0,3384.4
2,max_power_bg_invert,59,0,1,73.0,4172.0,3383.6
2,max_power_bg_invert,60,0,1,73.0,4171.0,3383.6
2,max_power_bg_invert,61,0,1,73.0,4170.0,3384.0
2,max_power_bg_invert,62,0,1,73.0,4171.0,3387.6
2,max_power_bg_invert,63,0,1,73.0,4171.0,3388.0
2,max_power_bg_invert,64,0,1,73.0,4171.0,3388.0
2,max_power_bg_invert,65,0,1,73.0,4168.0,3388.8
2,max_power_bg_invert,66,0,1,73.0,4167.0,3390.4
2,max_power_bg_invert,67,0,1,73.0,4167.0,3385.6
2,max_power_bg_invert,68,0,1,73.0,4167.0,3386.0
2,max_power_bg_invert,69,0,1,73.0,4167.0,3386.4
2,max_power_bg_invert,70,0,1,73.0,4167.0,3386.0
2,max_power_bg_invert,71,0,1,73.0,4168.0,3389.6
2,max_power_bg_invert,72,0,1,73.0,4168.0,3389.2
2,max_power_bg_invert,73,0,1,73.0,4168.0,3388.8
2,max_power_bg_invert,74,0,1,73.0,4168.0,3388.4
2,max_power_bg_invert,75,0,1,73.0,4167.0,3389.6
2,max_power_bg_invert,76,0,1,73.0,4166.0,3389.2
2,max_power_bg_invert,77,0,1,73.0,4166.0,3389.2
2,max_power_bg_invert,78,0,1,73.0,4165.0,3390.0
2,max_power_bg_invert,79,0,1,73.0,4165.0,3389.2
2,max_power_bg_invert,80,0,1,73.0,4170.0,3377.2
2,max_power_bg_invert,81,0,1,73.0,4165.0,3392.0
2,max_power_bg_invert,82,0,1,73.0,4163.0,3392.4
2,max_power_bg_invert,83,0,1,73.0,4169.0,3391.6
2,max_power_bg_invert,84,0,1,73.0,4169.0,3391.2
2,max_power_bg_invert,85,0,1,73.0,4171.0,3393.2
2,max_power_bg_invert,86,0,1,73.0,4169.0,3394.4
2,max_power_bg_invert,87,0,1,73.0,4167.0,3393.2
2,max_power_bg_invert,88,0,1,73.0,4168.0,3392.8
2,max_power_bg_invert,89,0,1,73.0,4166.0,3395.6
2,max_power_bg_invert,90,0,1,73.0,4165.0,3392.4
2,max_power_bg_invert,0,0,2,64.0,950.0,3313.6
2,max_power_bg_invert,1,0,2,73.0,4030.0,2983.6
2,max_power_bg_invert,2,0,2,73.0,4210.0,3162.4
2,max_power_bg_invert,3,0,2,73.0,4272.0,3240.0
2,max_power_bg_invert,4,0,2,73.0,4294.0,3284.0
2,max_power_bg_invert,5,0,2,73.0,4312.0,3310.0
2,max_power_bg_invert,6,0,2,73.0,4322.0,3326.4
2,max_power_bg_invert,7,0,2,73.0,4332.0,3342.8
2,max_power_bg_invert,8,0,2,73.0,4339.0,3349.6
2,max_power_bg_invert,9,0,2,73.0,4343.0,3356.4
2,max_power_bg_invert,10,0,2,73.0,4345.0,3364.4
2,max_power_bg_invert,11,0,2,73.0,4347.0,3367.6
2,max_power_bg_invert,12,0,2,73.0,4349.0,3371.2
2,max_power_bg_invert,13,0,2,73.0,4350.0,3373.2
2,max_power_bg_invert,14,0,2,73.0,4353.0,3376.8
2,max_power_bg_invert,15,0,2,73.0,4354.0,3374.8
2,max_power_bg_invert,16,0,2,73.0,4356.0,3378.8
2,max_power_bg_invert,17,0,2,73.0,4356.0,3380.0
2,max_power_bg_invert,18,0,2,73.0,4356.0,3383.6
2,max_power_bg_invert,19,0,2,73.0,4358.0,3383.2
2,max_power_bg_invert,20,0,2,73.0,4358.0,3388.0
2,max_power_bg_invert,21,0,2,73.0,4359.0,3388.4
2,max_power_bg_invert,22,0,2,73.0,4360.0,3387.2
2,max_power_bg_invert,23,0,2,73.0,4360.0,3391.2
2,max_power_bg_invert,24,0,2,73.0,4361.0,3390.0
2,max_power_bg_invert,25,0,2,73.0,4360.0,3390.0
2,max_power_bg_invert,26,0,2,73.0,4361.0,3390.8
2,max_power_bg_invert,27,0,2,73.0,4360.0,3390.8
2,max_power_bg_invert,28,0,2,73.0,4361.0,3395.2
2,max_power_bg_invert,29,0,2,73.0,4362.0,3395.2
2,max_power_bg_invert,30,0,2,73.0,4363.0,3394.4
2,max_power_bg_invert,31,0,2,73.0,4365.0,3393.2
2,max_power_bg_invert,32,0,2,73.0,4364.0,3394.4
2,max_power_bg_invert,33,0,2,73.0,4366.0,3393.2
2,max_power_bg_invert,34,0,2,73.0,4367.0,3397.2
2,max_power_bg_invert,35,0,2,73.0,4368.0,3395.6
2,max_power_bg_invert,36,0,2,73.0,4369.0,3395.6
2,max_power_bg_invert,37,0,2,73.0,4369.0,3395.6
2,max_power_bg_invert,38,0,2,73.0,4369.0,3395.6
2,max_power_bg_invert,39,0,2,74.0,4371.0,3394.8
2,max_power_bg_invert,40,0,2,73.0,4390.0,3384.8
2,max_power_bg_invert,41,0,2,73.0,4415.0,3381.2
2,max_power_bg_invert,42,0,2,73.0,4406.0,3388.0
2,max_power_bg_invert,43,0,2,73.0,4407.0,3389.2
2,max_power_bg_invert,44,0,2,73.0,4399.0,3392.0
2,max_power_bg_invert,45,0,2,73.0,4401.0,3392.0
2,max_power_bg_invert,46,0,2,73.0,4395.0,3390.8
2,max_power_bg_invert,47,0,2,73.0,4396.0,3389.2
2,max_power_bg_invert,48,0,2,73.0,4396.0,3387.6
2,max_power_bg_invert,49,0,2,73.0,4392.0,3390.0
2,max_power_bg_invert,50,0,2,73.0,4392.0,3391.2
2,max_power_bg_invert,51,0,2,73.0,4392.0,3390.8
2,max_power_bg_invert,52,0,2,73.0,4391.0,3392.8
2,max_power_bg_invert,53,0,2,73.0,4391.0,3393.6
2,max_power_bg_invert,54,0,2,73.0,4391.0,3394.4
2,max_power_bg_invert,55,0,2,73.0,4389.0,3393.2
2,max_power_bg_invert,56,0,2,74.0,4387.0,3394.4
2,max_power_bg_invert,57,0,2,73.0,4386.0,3394.4
2,max_power_bg_invert,58,0,2,73.0,4387.0,3392.0
2,max_power_bg_invert,59,0,2,74.0,4388.0,3394.8
2,max_power_bg_invert,60,0,2,73.0,4386.0,3396.0
2,max_power_bg_invert,61,0,2,73.0,4386.0,3394.4
2,max_power_bg_invert,62,0,2,73.0,4385.0,3394.4
2,max_power_bg_invert,63,0,2,74.0,4386.0,3394.0
2,max_power_bg_invert,64,0,2,73.0,4386.0,3394.4
2,max_power_bg_invert,65,0,2,73.0,4387.0,3394.0
2,max_power_bg_invert,66,0,2,73.0,4384.0,3395.2
2,max_power_bg_invert,67,0,2,74.0,4383.0,3396.0
2,max_power_bg_invert,68,0,2,74.0,4384.0,3394.8
2,max_power_bg_invert,69,0,2,73.0,4382.0,3395.2
2,max_power_bg_invert,70,0,2,74.0,4382.0,3394.8
2,max_power_bg_invert,71,0,2,73.0,4383.0,3397.6
2,max_power_bg_invert,72,0,2,73.0,4382.0,3398.0
2,max_power_bg_invert,73,0,2,73.0,4383.0,3397.6
2,max_power_bg_invert,74,0,2,73.0,4383.0,3400.4
2,max_power_bg_invert,75,0,2,74.0,4384.0,3399.2
2,max_power_bg_invert,76,0,2,74.0,4384.0,3400.4
2,max_power_bg_invert,77,0,2,74.0,4384.0,3399.6
2,max_power_bg_invert,78,0,2,74.0,4385.0,3398.4
2,max_power_bg_invert,79,0,2,74.0,4385.0,3398.4
2,max_power_bg_invert,80,0,2,74.0,4398.0,3398.0
2,max_power_bg_invert,81,0,2,73.0,4374.0,3396.4
2,max_power_bg_invert,82,0,2,74.0,4366.0,3403.2
2,max_power_bg_invert,83,0,2,73.0,4372.0,3402.4
2,max_power_bg_invert,84,0,2,74.0,4375.0,3403.6
2,max_power_bg_invert,85,0,2,74.0,4374.0,3405.6
2,max_power_bg_invert,86,0,2,74.0,4378.0,3405.2
2,max_power_bg_invert,87,0,2,74.0,4378.0,3407.6
2,max_power_bg_invert,88,0,2,73.0,4378.0,3409.2
2,max_power_bg_invert,89,0,2,74.0,4379.0,3410.4
2,max_power_bg_invert,90,0,2,74.0,4384.0,3408.8
2,max_power_bg_invert,0,0,3,64.0,937.0,3331.6
2,max_power_bg_invert,1,0,3,73.0,3910.0,2956.4
2,max_power_bg_invert,2,0,3,73.0,4074.0,3165.2
2,max_power_bg_invert,3,0,3,73.0,4127.0,3237.2
2,max_power_bg_invert,4,0,3,74.0,4166.0,3268.8
2,max_power_bg_invert,5,0,3,73.0,4185.0,3293.2
2,max_power_bg_invert,6,0,3,73.0,4196.0,3310.8
2,max_power_bg_invert,7,0,3,73.0,4207.0,3320.4
2,max_power_bg_invert,8,0,3,73.0,4210.0,3332.0
2,max_power_bg_invert,9,0,3,73.0,4215.0,3337.6
2,max_power_bg_invert,10,0,3,74.0,4218.0,3338.4
2,max_power_bg_invert,11,0,3,73.0,4217.0,3348.4
2,max_power_bg_invert,12,0,3,73.0,4221.0,3350.8
2,max_power_bg_invert,13,0,3,74.0,4224.0,3354.4
2,max_power_bg_invert,14,0,3,73.0,4229.0,3351.6
2,max_power_bg_invert,15,0,3,74.0,4229.0,3355.2
2,max_power_bg_invert,16,0,3,73.0,4230.0,3361.6
2,max_power_bg_invert,17,0,3,74.0,4231.0,3361.6
2,max_power_bg_invert,18,0,3,73.0,4231.0,3368.4
2,max_power_bg_invert,19,0,3,74.0,4232.0,3367.6
2,max_power_bg_invert,20,0,3,73.0,4232.0,3365.6
2,max_power_bg_invert,21,0,3,73.0,4232.0,3369.2
2,max_power_bg_invert,22,0,3,73.0,4233.0,3370.0
2,max_power_bg_invert,23,0,3,74.0,4233.0,3368.8
2,max_power_bg_invert,24,0,3,74.0,4236.0,3371.6
2,max_power_bg_invert,25,0,3,74.0,4235.0,3372.0
2,max_power_bg_invert,26,0,3,73.0,4236.0,3371.6
2,max_power_bg_invert,27,0,3,74.0,4237.0,3371.6
2,max_power_bg_invert,28,0,3,74.0,4236.0,3371.6
2,max_power_bg_invert,29,0,3,74.0,4238.0,3376.0
2,max_power_bg_invert,30,0,3,74.0,4239.0,3375.6
2,max_power_bg_invert,31,0,3,73.0,4239.0,3375.6
2,max_power_bg_invert,32,0,3,74.0,4239.0,3374.8
2,max_power_bg_invert,33,0,3,74.0,4239.0,3375.2
2,max_power_bg_invert,34,0,3,74.0,4239.0,3374.8
2,max_power_bg_invert,35,0,3,73.0,4239.0,3374.8
2,max_power_bg_invert,36,0,3,74.0,4239.0,3379.6
2,max_power_bg_invert,37,0,3,74.0,4239.0,3380.0
2,max_power_bg_invert,38,0,3,74.0,4240.0,3379.2
2,max_power_bg_invert,39,0,3,74.0,4240.0,3380.4
2,max_power_bg_invert,40,0,3,74.0,4259.0,3405.2
2,max_power_bg_invert,41,0,3,74.0,4224.0,3402.8
2,max_power_bg_invert,42,0,3,74.0,4229.0,3398.0
2,max_power_bg_invert,43,0,3,74.0,4230.0,3390.4
2,max_power_bg_invert,44,0,3,74.0,4238.0,3388.0
2,max_power_bg_invert,45,0,3,73.0,4245.0,3380.4
2,max_power_bg_invert,46,0,3,73.0,4250.0,3378.8
2,max_power_bg_invert,47,0,3,74.0,4248.0,3380.8
2,max_power_bg_invert,48,0,3,74.0,4246.0,3381.6
2,max_power_bg_invert,49,0,3,74.0,4247.0,3382.4
2,max_power_bg_invert,50,0,3,74.0,4249.0,3384.8
2,max_power_bg_invert,51,0,3,74.0,4251.0,3383.2
2,max_power_bg_invert,52,0,3,74.0,4251.0,3384.8
2,max_power_bg_invert,53,0,3,74.0,4250.0,3388.0
2,max_power_bg_invert,54,0,3,74.0,4250.0,3388.4
2,max_power_bg_invert,55,0,3,74.0,4250.0,3393.6
2,max_power_bg_invert,56,0,3,74.0,4249.0,3389.2
2,max_power_bg_invert,57,0,3,74.0,4250.0,3388.0
2,max_power_bg_invert,58,0,3,74.0,4249.0,3393.6
2,max_power_bg_invert,59,0,3,74.0,4249.0,3394.4
2,max_power_bg_invert,60,0,3,74.0,4250.0,3387.6
2,max_power_bg_invert,61,0,3,74.0,4249.0,3387.6
2,max_power_bg_invert,62,0,3,74.0,4249.0,3388.4
2,max_power_bg_invert,63,0,3,74.0,4249.0,3387.2
2,max_power_bg_invert,64,0,3,74.0,4248.0,3388.0
2,max_power_bg_invert,65,0,3,74.0,4249.0,3387.2
2,max_power_bg_invert,66,0,3,74.0,4246.0,3392.0
2,max_power_bg_invert,67,0,3,74.0,4248.0,3390.8
2,max_power_bg_invert,68,0,3,74.0,4249.0,3390.4
2,max_power_bg_invert,69,0,3,74.0,4250.0,3389.6
2,max_power_bg_invert,70,0,3,74.0,4252.0,3388.8
2,max_power_bg_invert,71,0,3,74.0,4252.0,3389.2
2,max_power_bg_invert,72,0,3,74.0,4253.0,3388.4
2,max_power_bg_invert,73,0,3,74.0,4254.0,3390.0
2,max_power_bg_invert,74,0,3,74.0,4255.0,3389.6
2,max_power_bg_invert,75,0,3,74.0,4255.0,3390.0
2,max_power_bg_invert,76,0,3,74.0,4255.0,3389.6
2,max_power_bg_invert,77,0,3,74.0,4256.0,3389.6
2,max_power_bg_invert,78,0,3,74.0,4256.0,3389.6
2,max_power_bg_invert,79,0,3,74.0,4256.0,3394.0
2,max_power_bg_invert,80,0,3,74.0,4220.0,3422.4
2,max_power_bg_invert,81,0,3,74.0,4230.0,3422.4
2,max_power_bg_invert,82,0,3,74.0,4236.0,3420.0
2,max_power_bg_invert,83,0,3,74.0,4241.0,3417.6
2,max_power_bg_invert,84,0,3,74.0,4244.0,3416.8
2,max_power_bg_invert,85,0,3,74.0,4249.0,3414.0
2,max_power_bg_invert,86,0,3,74.0,4243.0,3413.2
2,max_power_bg_invert,87,0,3,74.0,4247.0,3408.8
2,max_power_bg_invert,88,0,3,74.0,4247.0,3406.4
2,max_power_bg_invert,89,0,3,74.0,4250.0,3408.8
2,max_power_bg_invert,90,0,3,74.0,4247.0,3409.2
2,max_power_bg_invert,0,1,2,65.0,925.0,3343.6
2,max_power_bg_invert,1,1,2,74.0,3910.0,3004.8
2,max_power_bg_invert,2,1,2,74.0,4068.0,3196.0
2,max_power_bg_invert,3,1,2,74.0,4141.0,3258.4
2,max_power_bg_invert,4,1,2,74.0,4166.0,3290.8
2,max_power_bg_invert,5,1,2,74.0,4187.0,3306.8
2,max_power_bg_invert,6,1,2,74.0,4186.0,3323.6
2,max_power_bg_invert,7,1,2,74.0,4192.0,3340.0
2,max_power_bg_invert,8,1,2,74.0,4200.0,3346.0
2,max_power_bg_invert,9,1,2,74.0,4206.0,3354.4
2,max_power_bg_invert,10,1,2,74.0,4211.0,3360.8
2,max_power_bg_invert,11,1,2,74.0,4218.0,3362.8
2,max_power_bg_invert,12,1,2,74.0,4223.0,3368.4
2,max_power_bg_invert,13,1,2,74.0,4224.0,3371.2
2,max_power_bg_invert,14,1,2,74.0,4225.0,3375.2
2,max_power_bg_invert,15,1,2,74.0,4227.0,3379.6
2,max_power_bg_invert,16,1,2,74.0,4228.0,3379.6
2,max_power_bg_invert,17,1,2,74.0,4230.0,3383.2
2,max_power_bg_invert,18,1,2,74.0,4231.0,3384.4
2,max_power_bg_invert,19,1,2,74.0,4232.0,3385.2
2,max_power_bg_invert,20,1,2,74.0,4236.0,3387.2
2,max_power_bg_invert,21,1,2,74.0,4237.0,3385.6
2,max_power_bg_invert,22,1,2,74.0,4237.0,3390.4
2,max_power_bg_invert,23,1,2,74.0,4236.0,3390.0
2,max_power_bg_invert,24,1,2,74.0,4237.0,3389.6
2,max_power_bg_invert,25,1,2,74.0,4238.0,3393.2
2,max_power_bg_invert,26,1,2,74.0,4238.0,3392.0
2,max_power_bg_invert,27,1,2,74.0,4237.0,3393.2
2,max_power_bg_invert,28,1,2,75.0,4239.0,3397.2
2,max_power_bg_invert,29,1,2,74.0,4239.0,3397.2
2,max_power_bg_invert,30,1,2,74.0,4239.0,3397.6
2,max_power_bg_invert,31,1,2,74.0,4242.0,3396.8
2,max_power_bg_invert,32,1,2,74.0,4242.0,3396.0
2,max_power_bg_invert,33,1,2,74.0,4242.0,3396.0
2,max_power_bg_invert,34,1,2,74.0,4243.0,3399.2
2,max_power_bg_invert,35,1,2,74.0,4245.0,3396.4
2,max_power_bg_invert,36,1,2,75.0,4245.0,3396.0
2,max_power_bg_invert,37,1,2,74.0,4245.0,3395.6
2,max_power_bg_invert,38,1,2,74.0,4246.0,3395.6
2,max_power_bg_invert,39,1,2,75.0,4247.0,3394.8
2,max_power_bg_invert,40,1,2,74.0,4230.0,3444.8
2,max_power_bg_invert,41,1,2,75.0,4245.0,3430.4
2,max_power_bg_invert,42,1,2,75.0,4241.0,3426.4
2,max_power_bg_invert,43,1,2,75.0,4258.0,3416.0
2,max_power_bg_invert,44,1,2,74.0,4259.0,3412.8
2,max_power_bg_invert,45,1,2,74.0,4261.0,3408.8
2,max_power_bg_invert,46,1,2,75.0,4265.0,3410.4
2,max_power_bg_invert,47,1,2,75.0,4269.0,3406.4
2,max_power_bg_invert,48,1,2,74.0,4268.0,3408.8
2,max_power_bg_invert,49,1,2,75.0,4268.0,3411.2
2,max_power_bg_invert,50,1,2,75.0,4269.0,3411.2
2,max_power_bg_invert,51,1,2,75.0,4267.0,3412.0
2,max_power_bg_invert,52,1,2,74.0,4265.0,3411.6
2,max_power_bg_invert,53,1,2,74.0,4264.0,3410.4
2,max_power_bg_invert,54,1,2,75.0,4265.0,3407.2
2,max_power_bg_invert,55,1,2,75.0,4267.0,3404.8
2,max_power_bg_invert,56,1,2,75.0,4269.0,3402.8
2,max_power_bg_invert,57,1,2,75.0,4268.0,3402.4
2,max_power_bg_invert,58,1,2,75.0,4268.0,3401.6
2,max_power_bg_invert,59,1,2,75.0,4267.0,3402.0
2,max_power_bg_invert,60,1,2,74.0,4267.0,3401.2
2,max_power_bg_invert,61,1,2,75.0,4264.0,3403.2
2,max_power_bg_invert,62,1,2,75.0,4263.0,3403.2
2,max_power_bg_invert,63,1,2,75.0,4262.0,3404.0
2,max_power_bg_invert,64,1,2,75.0,4261.0,3404.8
2,max_power_bg_invert,65,1,2,75.0,4260.0,3405.2
2,max_power_bg_invert,66,1,2,75.0,4258.0,3406.0
2,max_power_bg_invert,67,1,2,75.0,4259.0,3404.0
2,max_power_bg_invert,68,1,2,74.0,4258.0,3404.8
2,max_power_bg_invert,69,1,2,75.0,4256.0,3404.8
2,max_power_bg_invert,70,1,2,75.0,4256.0,3404.4
2,max_power_bg_invert,71,1,2,75.0,4255.0,3404.8
2,max_power_bg_invert,72,1,2,75.0,4253.0,3406.0
2,max_power_bg_invert,73,1,2,75.0,4252.0,3407.2
2,max_power_bg_invert,74,1,2,75.0,4251.0,3407.6
2,max_power_bg_invert,75,1,2,75.0,4250.0,3408.0
2,max_power_bg_invert,76,1,2,75.0,4250.0,3408.8
2,max_power_bg_invert,77,1,2,75.0,4249.0,3408.4
2,max_power_bg_invert,78,1,2,75.0,4249.0,3408.0
2,max_power_bg_invert,79,1,2,75.0,4250.0,3407.6
2,max_power_bg_invert,80,1,2,75.0,4220.0,3400.8
2,max_power_bg_invert,81,1,2,75.0,4239.0,3392.8
2,max_power_bg_invert,82,1,2,75.0,4248.0,3392.8
2,max_power_bg_invert,83,1,2,75.0,4248.0,3397.6
2,max_power_bg_invert,84,1,2,75.0,4255.0,3400.8
2,max_power_bg_invert,85,1,2,75.0,4252.0,3403.6
2,max_power_bg_invert,86,1,2,75.0,4252.0,3404.4
2,max_power_bg_invert,87,1,2,75.0,4251.0,3406.8
2,max_power_bg_invert,88,1,2,75.0,4251.0,3406.4
2,max_power_bg_invert,89,1,2,75.0,4252.0,3406.4
2,max_power_bg_invert,90,1,2,75.0,4254.0,3405.2
2,max_power_bg_invert,0,1,3,65.0,900.0,3336.4
2,max_power_bg_invert,1,1,3,74.0,4130.0,2766.4
2,max_power_bg_invert,2,1,3,74.0,4109.0,3096.0
2,max_power_bg_invert,3,1,3,74.0,4117.0,3191.2
2,max_power_bg_invert,4,1,3,74.0,4115.0,3250.4
2,max_power_bg_invert,5,1,3,74.0,4124.0,3276.8
2,max_power_bg_invert,6,1,3,74.0,4122.0,3294.4
2,max_power_bg_invert,7,1,3,74.0,4126.0,3308.4
2,max_power_bg_invert,8,1,3,74.0,4115.0,3322.8
2,max_power_bg_invert,9,1,3,74.0,4112.0,3330.4
2,max_power_bg_invert,10,1,3,75.0,4113.0,3340.0
2,max_power_bg_invert,11,1,3,74.0,4113.0,3343.6
2,max_power_bg_invert,12,1,3,74.0,4115.0,3348.0
2,max_power_bg_invert,13,1,3,74.0,4115.0,3354.4
2,max_power_bg_invert,14,1,3,74.0,4115.0,3359.6
2,max_power_bg_invert,15,1,3,74.0,4117.0,3358.0
2,max_power_bg_invert,16,1,3,74.0,4116.0,3361.2
2,max_power_bg_invert,17,1,3,74.0,4118.0,3358.4
2,max_power_bg_invert,18,1,3,75.0,4119.0,3361.6
2,max_power_bg_invert,19,1,3,75.0,4115.0,3362.8
2,max_power_bg_invert,20,1,3,74.0,4115.0,3368.0
2,max_power_bg_invert,21,1,3,74.0,4116.0,3366.8
2,max_power_bg_invert,22,1,3,74.0,4115.0,3366.4
2,max_power_bg_invert,23,1,3,74.0,4114.0,3371.6
2,max_power_bg_invert,24,1,3,74.0,4114.0,3370.0
2,max_power_bg_invert,25,1,3,74.0,4113.0,3371.2
2,max_power_bg_invert,26,1,3,74.0,4114.0,3370.8
2,max_power_bg_invert,27,1,3,74.0,4117.0,3369.6
2,max_power_bg_invert,28,1,3,74.0,4116.0,3373.2
2,max_power_bg_invert,29,1,3,74.0,4116.0,3371.6
2,max_power_bg_invert,30,1,3,74.0,4117.0,3371.2
2,max_power_bg_invert,31,1,3,75.0,4118.0,3370.4
2,max_power_bg_invert,32,1,3,74.0,4119.0,3368.8
2,max_power_bg_invert,33,1,3,75.0,4119.0,3373.2
2,max_power_bg_invert,34,1,3,75.0,4119.0,3372.8
2,max_power_bg_invert,35,1,3,75.0,4118.0,3376.0
2,max_power_bg_invert,36,1,3,75.0,4119.0,3375.2
2,max_power_bg_invert,37,1,3,75.0,4117.0,3376.8
2,max_power_bg_invert,38,1,3,75.0,4117.0,3376.8
2,max_power_bg_invert,39,1,3,75.0,4117.0,3376.8
2,max_power_bg_invert,40,1,3,75.0,4140.0,3362.0
2,max_power_bg_invert,41,1,3,75.0,4135.0,3361.6
2,max_power_bg_invert,42,1,3,75.0,4143.0,3357.2
2,max_power_bg_invert,43,1,3,74.0,4133.0,3357.6
2,max_power_bg_invert,44,1,3,75.0,4128.0,3360.4
2,max_power_bg_invert,45,1,3,75.0,4128.0,3362.0
2,max_power_bg_invert,46,1,3,74.0,4127.0,3366.4
2,max_power_bg_invert,47,1,3,75.0,4125.0,3369.6
2,max_power_bg_invert,48,1,3,75.0,4125.0,3368.8
2,max_power_bg_invert,49,1,3,75.0,4124.0,3369.2
2,max_power_bg_invert,50,1,3,74.0,4122.0,3372.0
2,max_power_bg_invert,51,1,3,75.0,4125.0,3372.8
2,max_power_bg_invert,52,1,3,75.0,4123.0,3373.6
2,max_power_bg_invert,53,1,3,75.0,4124.0,3374.4
2,max_power_bg_invert,54,1,3,75.0,4126.0,3376.8
2,max_power_bg_invert,55,1,3,75.0,4125.0,3374.4
2,max_power_bg_invert,56,1,3,75.0,4125.0,3378.4
2,max_power_bg_invert,57,1,3,75.0,4125.0,3378.4
2,max_power_bg_invert,58,1,3,74.0,4123.0,3374.0
2,max_power_bg_invert,59,1,3,75.0,4122.0,3374.0
2,max_power_bg_invert,60,1,3,75.0,4123.0,3373.6
2,max_power_bg_invert,61,1,3,75.0,4122.0,3373.6
2,max_power_bg_invert,62,1,3,75.0,4120.0,3374.4
2,max_power_bg_invert,63,1,3,75.0,4120.0,3378.4
2,max_power_bg_invert,64,1,3,75.0,4119.0,3378.4
2,max_power_bg_invert,65,1,3,75.0,4119.0,3379.2
2,max_power_bg_invert,66,1,3,75.0,4119.0,3379.2
2,max_power_bg_invert,67,1,3,75.0,4120.0,3378.8
2,max_power_bg_invert,68,1,3,75.0,4120.0,3378.8
2,max_power_bg_invert,69,1,3,75.0,4119.0,3379.6
2,max_power_bg_invert,70,1,3,75.0,4119.0,3380.4
2,max_power_bg_invert,71,1,3,75.0,4119.0,3380.8
2,max_power_bg_invert,72,1,3,75.0,4119.0,3382.0
2,max_power_bg_invert,73,1,3,75.0,4119.0,3382.4
2,max_power_bg_invert,74,1,3,75.0,4119.0,3382.0
2,max_power_bg_invert,75,1,3,75.0,4119.0,3382.0
2,max_power_bg_invert,76,1,3,75.0,4118.0,3382.4
2,max_power_bg_invert,77,1,3,75.0,4118.0,3382.0
2,max_power_bg_invert,78,1,3,75.0,4118.0,3382.0
2,max_power_bg_invert,79,1,3,75.0,4118.0,3385.2
2,max_power_bg_invert,80,1,3,75.0,4120.0,3384.8
2,max_power_bg_invert,81,1,3,75.0,4124.0,3384.0
2,max_power_bg_invert,82,1,3,75.0,4124.0,3387.6
2,max_power_bg_invert,83,1,3,75.0,4110.0,3392.4
2,max_power_bg_invert,84,1,3,75.0,4112.0,3390.8
2,max_power_bg_invert,85,1,3,75.0,4113.0,3388.8
2,max_power_bg_invert,86,1,3,75.0,4115.0,3390.8
2,max_power_bg_invert,87,1,3,75.0,4117.0,3392.4
2,max_power_bg_invert,88,1,3,75.0,4120.0,3391.2
2,max_power_bg_invert,89,1,3,75.0,4122.0,3396.4
2,max_power_bg_invert,90,1,3,75.0,4125.0,3392.4
2,max_power_bg_invert,0,2,3,65.0,975.0,3318.0
2,max_power_bg_invert,1,2,3,73.0,3860.0,3014.4
2,max_power_bg_invert,2,2,3,73.0,3990.0,3222.0
2,max_power_bg_invert,3,2,3,74.0,4051.0,3267.2
2,max_power_bg_invert,4,2,3,73.0,4087.0,3302.4
2,max_power_bg_invert,5,2,3,74.0,4095.0,3324.4
2,max_power_bg_invert,6,2,3,73.0,4105.0,3338.4
2,max_power_bg_invert,7,2,3,74.0,4108.0,3352.0
2,max_power_bg_invert,8,2,3,74.0,4112.0,3360.0
2,max_power_bg_invert,9,2,3,73.0,4115.0,3365.6
2,max_power_bg_invert,10,2,3,74.0,4122.0,3368.4
2,max_power_bg_invert,11,2,3,74.0,4125.0,3366.8
2,max_power_bg_invert,12,2,3,73.0,4128.0,3369.6
2,max_power_bg_invert,13,2,3,73.0,4128.0,3373.2
2,max_power_bg_invert,14,2,3,74.0,4127.0,3376.8
2,max_power_bg_invert,15,2,3,74.0,4128.0,3380.4
2,max_power_bg_invert,16,2,3,73.0,4130.0,3378.4
2,max_power_bg_invert,17,2,3,74.0,4133.0,3380.4
2,max_power_bg_invert,18,2,3,74.0,4134.0,3378.4
2,max_power_bg_invert,19,2,3,74.0,4133.0,3379.2
2,max_power_bg_invert,20,2,3,74.0,4133.0,3384.8
2,max_power_bg_invert,21,2,3,74.0,4134.0,3385.6
2,max_power_bg_invert,22,2,3,74.0,4133.0,3386.8
2,max_power_bg_invert,23,2,3,74.0,4133.0,3384.4
2,max_power_bg_invert,24,2,3,74.0,4134.0,3388.0
2,max_power_bg_invert,25,2,3,74.0,4134.0,3388.4
2,max_power_bg_invert,26,2,3,74.0,4136.0,3386.4
2,max_power_bg_invert,27,2,3,74.0,4137.0,3385.2
2,max_power_bg_invert,28,2,3,74.0,4137.0,3389.6
2,max_power_bg_invert,29,2,3,74.0,4138.0,3388.4
2,max_power_bg_invert,30,2,3,74.0,4138.0,3388.0
2,max_power_bg_invert,31,2,3,74.0,4138.0,3387.6
2,max_power_bg_invert,32,2,3,74.0,4139.0,3388.0
2,max_power_bg_invert,33,2,3,74.0,4140.0,3388.4
2,max_power_bg_invert,34,2,3,74.0,4139.0,3387.6
2,max_power_bg_invert,35,2,3,74.0,4139.0,3391.6
2,max_power_bg_invert,36,2,3,74.0,4141.0,3390.4
2,max_power_bg_invert,37,2,3,74.0,4141.0,3389.6
2,max_power_bg_invert,38,2,3,74.0,4141.0,3389.2
2,max_power_bg_invert,39,2,3,74.0,4142.0,3388.8
2,max_power_bg_invert,40,2,3,74.0,4170.0,3391.2
2,max_power_bg_invert,41,2,3,74.0,4170.0,3390.8
2,max_power_bg_invert,42,2,3,74.0,4160.0,3397.2
2,max_power_bg_invert,43,2,3,74.0,4153.0,3402.0
2,max_power_bg_invert,44,2,3,74.0,4153.0,3402.4
2,max_power_bg_invert,45,2,3,74.0,4149.0,3405.6
2,max_power_bg_invert,46,2,3,74.0,4153.0,3402.0
2,max_power_bg_invert,47,2,3,74.0,4156.0,3398.0
2,max_power_bg_invert,48,2,3,74.0,4154.0,3397.2
2,max_power_bg_invert,49,2,3,74.0,4155.0,3396.8
2,max_power_bg_invert,50,2,3,74.0,4152.0,3398.0
2,max_power_bg_invert,51,2,3,74.0,4153.0,3398.4
2,max_power_bg_invert,52,2,3,74.0,4155.0,3395.6
2,max_power_bg_invert,53,2,3,74.0,4155.0,3394.8
2,max_power_bg_invert,54,2,3,74.0,4155.0,3395.2
2,max_power_bg_invert,55,2,3,74.0,4156.0,3394.0
2,max_power_bg_invert,56,2,3,74.0,4159.0,3392.8
2,max_power_bg_invert,57,2,3,74.0,4160.0,3390.8
2,max_power_bg_invert,58,2,3,74.0,4159.0,3390.8
2,max_power_bg_invert,59,2,3,74.0,4160.0,3393.2
2,max_power_bg_invert,60,2,3,74.0,4161.0,3393.6
2,max_power_bg_invert,61,2,3,74.0,4160.0,3394.0
2,max_power_bg_invert,62,2,3,74.0,4160.0,3394.4
2,max_power_bg_invert,63,2,3,74.0,4159.0,3394.4
2,max_power_bg_invert,64,2,3,74.0,4161.0,3392.4
2,max_power_bg_invert,65,2,3,74.0,4162.0,3388.8
2,max_power_bg_invert,66,2,3,74.0,4162.0,3388.8
2,max_power_bg_invert,67,2,3,74.0,4161.0,3387.6
2,max_power_bg_invert,68,2,3,74.0,4161.0,3387.2
2,max_power_bg_invert,69,2,3,74.0,4161.0,3387.2
2,max_power_bg_invert,70,2,3,74.0,4162.0,3386.8
2,max_power_bg_invert,71,2,3,74.0,4161.0,3386.8
2,max_power_bg_invert,72,2,3,74.0,4160.0,3386.8
2,max_power_bg_invert,73,2,3,74.0,4159.0,3387.6
2,max_power_bg_invert,74,2,3,74.0,4158.0,3388.0
2,max_power_bg_invert,75,2,3,74.0,4158.0,3388.0
2,max_power_bg_invert,76,2,3,74.0,4159.0,3387.2
2,max_power_bg_invert,77,2,3,74.0,4159.0,3387.2
2,max_power_bg_invert,78,2,3,74.0,4159.0,3386.8
2,max_power_bg_invert,79,2,3,74.0,4159.0,3387.2
2,max_power_bg_invert,80,2,3,74.0,4180.0,3380.0
2,max_power_bg_invert,81,2,3,74.0,4165.0,3389.6
2,max_power_bg_invert,82,2,3,74.0,4163.0,3393.6
2,max_power_bg_invert,83,2,3,74.0,4153.0,3394.4
2,max_power_bg_invert,84,2,3,74.0,4157.0,3392.4
2,max_power_bg_invert,85,2,3,74.0,4155.0,3391.6
2,max_power_bg_invert,86,2,3,74.0,4159.0,3390.8
2,max_power_bg_invert,87,2,3,74.0,4162.0,3390.8
2,max_power_bg_invert,88,2,3,74.0,4161.0,3391.6
2,max_power_bg_invert,89,2,3,74.0,4163.0,3388.0
2,max_power_bg_invert,90,2,3,74.0,4159.0,3388.0
3,max_power_bg_invert,0,0,1,62.0,750.0,3284.8
3,max_power_bg_invert,1,0,1,70.0,3520.0,3010.8
3,max_power_bg_invert,2,0,1,70.0,3685.0,3188.0
3,max_power_bg_invert,3,0,1,70.0,3737.0,3249.2
3,max_power_bg_invert,4,0,1,70.0,3764.0,3287.6
3,max_power_bg_invert,5,0,1,70.0,3783.0,3293.6
3,max_power_bg_invert,6,0,1,70.0,3798.0,3301.6
3,max_power_bg_invert,7,0,1,70.0,3800.0,3314.8
3,max_power_bg_invert,8,0,1,70.0,3803.0,3316.8
3,max_power_bg_invert,9,0,1,70.0,3810.0,3324.0
3,max_power_bg_invert,10,0,1,70.0,3818.0,3326.8
3,max_power_bg_invert,11,0,1,70.0,3818.0,3331.2
3,max_power_bg_invert,12,0,1,70.0,3819.0,3332.4
3,max_power_bg_invert,13,0,1,70.0,3823.0,3339.6
3,max_power_bg_invert,14,0,1,70.0,3824.0,3343.6
3,max_power_bg_invert,15,0,1,70.0,3825.0,3343.6
3,max_power_bg_invert,16,0,1,70.0,3826.0,3346.4
3,max_power_bg_invert,17,0,1,70.0,3829.0,3344.4
3,max_power_bg_invert,18,0,1,70.0,3828.0,3350.4
3,max_power_bg_invert,19,0,1,70.0,3830.0,3349.6
3,max_power_bg_invert,20,0,1,70.0,3830.0,3350.4
3,max_power_bg_invert,21,0,1,70.0,3832.0,3354.4
3,max_power_bg_invert,22,0,1,70.0,3834.0,3352.4
3,max_power_bg_invert,23,0,1,70.0,3835.0,3352.4
3,max_power_bg_invert,24,0,1,70.0,3834.0,3352.0
3,max_power_bg_invert,25,0,1,70.0,3835.0,3356.0
3,max_power_bg_invert,26,0,1,71.0,3836.0,3354.0
3,max_power_bg_invert,27,0,1,70.0,3836.0,3354.0
3,max_power_bg_invert,28,0,1,70.0,3838.0,3356.8
3,max_power_bg_invert,29,0,1,70.0,3839.0,3356.8
3,max_power_bg_invert,30,0,1,70.0,3839.0,3357.2
3,max_power_bg_invert,31,0,1,70.0,3841.0,3354.8
3,max_power_bg_invert,32,0,1,71.0,3842.0,3355.2
3,max_power_bg_invert,33,0,1,70.0,3843.0,3354.4
3,max_power_bg_invert,34,0,1,70.0,3843.0,3354.8
3,max_power_bg_invert,35,0,1,70.0,3844.0,3357.6
3,max_power_bg_invert,36,0,1,70.0,3844.0,3357.6
3,max_power_bg_invert,37,0,1,70.0,3844.0,3357.6
3,max_power_bg_invert,38,0,1,70.0,3843.0,3358.0
3,max_power_bg_invert,39,0,1,70.0,3843.0,3357.2
3,max_power_bg_invert,40,0,1,70.0,3850.0,3389.6
3,max_power_bg_invert,41,0,1,70.0,3840.0,3385.6
3,max_power_bg_invert,42,0,1,70.0,3841.0,3382.0
3,max_power_bg_invert,43,0,1,71.0,3843.0,3377.6
3,max_power_bg_invert,44,0,1,71.0,3846.0,3370.0
3,max_power_bg_invert,45,0,1,71.0,3838.0,3372.8
3,max_power_bg_invert,46,0,1,71.0,3836.0,3369.2
3,max_power_bg_invert,47,0,1,70.0,3837.0,3369.2
3,max_power_bg_invert,48,0,1,70.0,3840.0,3364.4
3,max_power_bg_invert,49,0,1,70.0,3843.0,3364.4
3,max_power_bg_invert,50,0,1,71.0,3842.0,3368.8
3,max_power_bg_invert,51,0,1,70.0,3842.0,3369.6
3,max_power_bg_invert,52,0,1,71.0,3843.0,3369.6
3,max_power_bg_invert,53,0,1,71.0,3845.0,3369.6
3,max_power_bg_invert,54,0,1,70.0,3845.0,3370.0
3,max_power_bg_invert,55,0,1,70.0,3848.0,3368.8
3,max_power_bg_invert,56,0,1,70.0,3851.0,3368.4
3,max_power_bg_invert,57,0,1,71.0,3852.0,3367.6
3,max_power_bg_invert,58,0,1,71.0,3852.0,3367.2
3,max_power_bg_invert,59,0,1,71.0,3852.0,3366.0
3,max_power_bg_invert,60,0,1,71.0,3850.0,3367.2
3,max_power_bg_invert,61,0,1,71.0,3850.0,3365.6
3,max_power_bg_invert,62,0,1,71.0,3849.0,3365.2
3,max_power_bg_invert,63,0,1,71.0,3850.0,3364.8
3,max_power_bg_invert,64,0,1,71.0,3850.0,3370.0
3,max_power_bg_invert,65,0,1,71.0,3851.0,3364.4
3,max_power_bg_invert,66,0,1,71.0,3852.0,3364.0
3,max_power_bg_invert,67,0,1,71.0,3852.0,3364.8
3,max_power_bg_invert,68,0,1,71.0,3854.0,3363.6
3,max_power_bg_invert,69,0,1,71.0,3852.0,3364.4
3,max_power_bg_invert,70,0,1,71.0,3852.0,3368.0
3,max_power_bg_invert,71,0,1,71.0,3852.0,3368.4
3,max_power_bg_invert,72,0,1,71.0,3852.0,3368.0
3,max_power_bg_invert,73,0,1,71.0,3853.0,3367.2
3,max_power_bg_invert,74,0,1,71.0,3852.0,3368.0
3,max_power_bg_invert,75,0,1,71.0,3852.0,3368.0
3,max_power_bg_invert,76,0,1,71.0,3852.0,3368.0
3,max_power_bg_invert,77,0,1,71.0,3852.0,3369.2
3,max_power_bg_invert,78,0,1,71.0,3852.0,3369.2
3,max_power_bg_invert,79,0,1,71.0,3852.0,3368.4
3,max_power_bg_invert,80,0,1,70.0,3865.0,3370.8
3,max_power_bg_invert,81,0,1,71.0,3877.0,3357.6
3,max_power_bg_invert,82,0,1,71.0,3878.0,3353.2
3,max_power_bg_invert,83,0,1,71.0,3868.0,3363.2
3,max_power_bg_invert,84,0,1,71.0,3862.0,3368.4
3,max_power_bg_invert,85,0,1,71.0,3856.0,3373.6
3,max_power_bg_invert,86,0,1,71.0,3851.0,3375.2
3,max_power_bg_invert,87,0,1,71.0,3852.0,3377.2
3,max_power_bg_invert,88,0,1,71.0,3854.0,3378.4
3,max_power_bg_invert,89,0,1,71.0,3852.0,3378.0
3,max_power_bg_invert,90,0,1,71.0,3854.0,3375.2
3,max_power_bg_invert,0,0,2,63.0,725.0,3368.0
3,max_power_bg_invert,1,0,2,70.0,4050.0,2739.2
3,max_power_bg_invert,2,0,2,70.0,4080.0,3051.6
3,max_power_bg_invert,3,0,2,71.0,4103.0,3142.4
3,max_power_bg_invert,4,0,2,71.0,4092.0,3202.8
3,max_power_bg_invert,5,0,2,71.0,4091.0,3238.8
3,max_power_bg_invert,6,0,2,71.0,4098.0,3255.2
3,max_power_bg_invert,7,0,2,71.0,4092.0,3272.8
3,max_power_bg_invert,8,0,2,71.0,4096.0,3280.8
3,max_power_bg_invert,9,0,2,71.0,4097.0,3292.4
3,max_power_bg_invert,10,0,2,71.0,4090.0,3302.4
3,max_power_bg_invert,11,0,2,71.0,4095.0,3307.2
3,max_power_bg_invert,12,0,2,71.0,4094.0,3311.2
3,max_power_bg_invert,13,0,2,71.0,4092.0,3314.0
3,max_power_bg_invert,14,0,2,71.0,4092.0,3320.0
3,max_power_bg_invert,15,0,2,71.0,4093.0,3320.4
3,max_power_bg_invert,16,0,2,71.0,4092.0,3324.0
3,max_power_bg_invert,17,0,2,71.0,4091.0,3324.8
3,max_power_bg_invert,18,0,2,71.0,4091.0,3329.6
3,max_power_bg_invert,19,0,2,71.0,4091.0,3331.6
3,max_power_bg_invert,20,0,2,71.0,4092.0,3331.2
3,max_power_bg_invert,21,0,2,71.0,4091.0,3336.4
3,max_power_bg_invert,22,0,2,71.0,4090.0,3341.2
3,max_power_bg_invert,23,0,2,71.0,4090.0,3340.4
3,max_power_bg_invert,24,0,2,71.0,4091.0,3338.8
3,max_power_bg_invert,25,0,2,71.0,4093.0,3342.8
3,max_power_bg_invert,26,0,2,71.0,4093.0,3342.8
3,max_power_bg_invert,27,0,2,71.0,4093.0,3343.2
3,max_power_bg_invert,28,0,2,71.0,4093.0,3343.6
3,max_power_bg_invert,29,0,2,71.0,4093.0,3348.8
3,max_power_bg_invert,30,0,2,71.0,4093.0,3348.8
3,max_power_bg_invert,31,0,2,71.0,4094.0,3348.8
3,max_power_bg_invert,32,0,2,71.0,4092.0,3348.4
3,max_power_bg_invert,33,0,2,71.0,4090.0,3354.0
3,max_power_bg_invert,34,0,2,71.0,4090.0,3353.6
3,max_power_bg_invert,35,0,2,71.0,4091.0,3352.0
3,max_power_bg_invert,36,0,2,71.0,4091.0,3352.0
3,max_power_bg_invert,37,0,2,71.0,4090.0,3357.6
3,max_power_bg_invert,38,0,2,71.0,4091.0,3356.8
3,max_power_bg_invert,39,0,2,71.0,4091.0,3356.8
3,max_power_bg_invert,40,0,2,71.0,4090.0,3362.4
3,max_power_bg_invert,41,0,2,71.0,4085.0,3371.2
3,max_power_bg_invert,42,0,2,71.0,4079.0,3376.4
3,max_power_bg_invert,43,0,2,71.0,4069.0,3387.6
3,max_power_bg_invert,44,0,2,71.0,4071.0,3387.2
3,max_power_bg_invert,45,0,2,71.0,4072.0,3388.4
3,max_power_bg_invert,46,0,2,71.0,4085.0,3382.4
3,max_power_bg_invert,47,0,2,71.0,4088.0,3383.2
3,max_power_bg_invert,48,0,2,71.0,4089.0,3382.4
3,max_power_bg_invert,49,0,2,71.0,4090.0,3380.0
3,max_power_bg_invert,50,0,2,71.0,4090.0,3380.4
3,max_power_bg_invert,51,0,2,71.0,4089.0,3382.0
3,max_power_bg_invert,52,0,2,71.0,4088.0,3382.8
3,max_power_bg_invert,53,0,2,71.0,4086.0,3383.2
3,max_power_bg_invert,54,0,2,71.0,4085.0,3382.0
3,max_power_bg_invert,55,0,2,71.0,4085.0,3380.4
3,max_power_bg_invert,56,0,2,71.0,4087.0,3381.6
3,max_power_bg_invert,57,0,2,71.0,4086.0,3380.4
3,max_power_bg_invert,58,0,2,71.0,4088.0,3384.4
3,max_power_bg_invert,59,0,2,71.0,4086.0,3381.2
3,max_power_bg_invert,60,0,2,71.0,4087.0,3386.0
3,max_power_bg_invert,61,0,2,71.0,4087.0,3386.4
3,max_power_bg_invert,62,0,2,71.0,4089.0,3385.6
3,max_power_bg_invert,63,0,2,71.0,4090.0,3385.2
3,max_power_bg_invert,64,0,2,71.0,4090.0,3380.8
3,max_power_bg_invert,65,0,2,71.0,4090.0,3380.8
3,max_power_bg_invert,66,0,2,71.0,4090.0,3385.2
3,max_power_bg_invert,67,0,2,71.0,4091.0,3383.6
3,max_power_bg_invert,68,0,2,71.0,4091.0,3384.0
3,max_power_bg_invert,69,0,2,71.0,4093.0,3382.4
3,max_power_bg_invert,70,0,2,71.0,4094.0,3382.0
3,max_power_bg_invert,71,0,2,71.0,4094.0,3382.0
3,max_power_bg_invert,72,0,2,71.0,4093.0,3383.2
3,max_power_bg_invert,73,0,2,71.0,4093.0,3384.0
3,max_power_bg_invert,74,0,2,71.0,4094.0,3383.2
3,max_power_bg_invert,75,0,2,71.0,4095.0,3382.4
3,max_power_bg_invert,76,0,2,71.0,4096.0,3381.6
3,max_power_bg_invert,77,0,2,71.0,4096.0,3380.8
3,max_power_bg_invert,78,0,2,71.0,4097.0,3380.4
3,max_power_bg_invert,79,0,2,71.0,4096.0,3380.0
3,max_power_bg_invert,80,0,2,71.0,4049.0,3367.6
3,max_power_bg_invert,81,0,2,71.0,4079.0,3370.0
3,max_power_bg_invert,82,0,2,71.0,4073.0,3384.8
3,max_power_bg_invert,83,0,2,71.0,4079.0,3382.0
3,max_power_bg_invert,84,0,2,71.0,4087.0,3377.6
3,max_power_bg_invert,85,0,2,71.0,4093.0,3375.6
3,max_power_bg_invert,86,0,2,71.0,4095.0,3375.6
3,max_power_bg_invert,87,0,2,71.0,4094.0,3376.4
3,max_power_bg_invert,88,0,2,71.0,4095.0,3375.2
3,max_power_bg_invert,89,0,2,71.0,4092.0,3374.0
3,max_power_bg_invert,90,0,2,71.0,4093.0,3372.4
3,max_power_bg_invert,0,0,3,63.0,725.0,3331.2
3,max_power_bg_invert,1,0,3,71.0,3630.0,3015.6
3,max_power_bg_invert,2,0,3,71.0,3810.0,3192.4
3,max_power_bg_invert,3,0,3,71.0,3862.0,3240.8
3,max_power_bg_invert,4,0,3,71.0,3892.0,3272.0
3,max_power_bg_invert,5,0,3,71.0,3906.0,3298.4
3,max_power_bg_invert,6,0,3,71.0,3911.0,3312.0
3,max_power_bg_invert,7,0,3,71.0,3913.0,3320.4
3,max_power_bg_invert,8,0,3,71.0,3920.0,3329.6
3,max_power_bg_invert,9,0,3,71.0,3926.0,3333.2
3,max_power_bg_invert,10,0,3,71.0,3923.0,3338.4
3,max_power_bg_invert,11,0,3,71.0,3928.0,3339.2
3,max_power_bg_invert,12,0,3,71.0,3929.0,3342.8
3,max_power_bg_invert,13,0,3,71.0,3928.0,3349.2
3,max_power_bg_invert,14,0,3,71.0,3931.0,3351.2
3,max_power_bg_invert,15,0,3,71.0,3933.0,3354.4
3,max_power_bg_invert,16,0,3,71.0,3933.0,3353.2
3,max_power_bg_invert,17,0,3,71.0,3933.0,3358.0
3,max_power_bg_invert,18,0,3,71.0,3935.0,3354.8
3,max_power_bg_invert,19,0,3,71.0,3935.0,3357.2
3,max_power_bg_invert,20,0,3,71.0,3936.0,3362.0
3,max_power_bg_invert,21,0,3,71.0,3938.0,3360.8
3,max_power_bg_invert,22,0,3,71.0,3939.0,3358.0
3,max_power_bg_invert,23,0,3,71.0,3937.0,3359.2
3,max_power_bg_invert,24,0,3,71.0,3938.0,3358.4
3,max_power_bg_invert,25,0,3,71.0,3938.0,3362.8
3,max_power_bg_invert,26,0,3,71.0,3939.0,3363.2
3,max_power_bg_invert,27,0,3,71.0,3939.0,3363.6
3,max_power_bg_invert,28,0,3,71.0,3939.0,3362.0
3,max_power_bg_invert,29,0,3,71.0,3939.0,3366.0
3,max_power_bg_invert,30,0,3,71.0,3941.0,3364.8
3,max_power_bg_invert,31,0,3,71.0,3942.0,3363.2
3,max_power_bg_invert,32,0,3,71.0,3942.0,3363.2
3,max_power_bg_invert,33,0,3,71.0,3941.0,3368.4
3,max_power_bg_invert,34,0,3,71.0,3942.0,3368.0
3,max_power_bg_invert,35,0,3,71.0,3942.0,3367.2
3,max_power_bg_invert,36,0,3,71.0,3943.0,3366.4
3,max_power_bg_invert,37,0,3,71.0,3943.0,3365.6
3,max_power_bg_invert,38,0,3,71.0,3945.0,3364.8
3,max_power_bg_invert,39,0,3,72.0,3945.0,3364.4
3,max_power_bg_invert,40,0,3,71.0,3980.0,3382.4
3,max_power_bg_invert,41,0,3,72.0,3985.0,3376.8
3,max_power_bg_invert,42,0,3,71.0,3979.0,3378.4
3,max_power_bg_invert,43,0,3,71.0,3971.0,3377.2
3,max_power_bg_invert,44,0,3,71.0,3971.0,3373.6
3,max_power_bg_invert,45,0,3,71.0,3964.0,3378.8
3,max_power_bg_invert,46,0,3,71.0,3960.0,3383.2
3,max_power_bg_invert,47,0,3,71.0,3953.0,3383.2
3,max_power_bg_invert,48,0,3,71.0,3961.0,3381.6
3,max_power_bg_invert,49,0,3,71.0,3964.0,3376.0
3,max_power_bg_invert,50,0,3,71.0,3965.0,3377.2
3,max_power_bg_invert,51,0,3,71.0,3961.0,3377.6
3,max_power_bg_invert,52,0,3,71.0,3959.0,3376.8
3,max_power_bg_invert,53,0,3,71.0,3959.0,3380.4
3,max_power_bg_invert,54,0,3,71.0,3959.0,3378.8
3,max_power_bg_invert,55,0,3,71.0,3958.0,3379.2
3,max_power_bg_invert,56,0,3,71.0,3958.0,3379.2
3,max_power_bg_invert,57,0,3,71.0,3957.0,3379.6
3,max_power_bg_invert,58,0,3,71.0,3957.0,3379.6
3,max_power_bg_invert,59,0,3,71.0,3956.0,3380.4
3,max_power_bg_invert,60,0,3,71.0,3957.0,3380.4
3,max_power_bg_invert,61,0,3,71.0,3957.0,3375.6
3,max_power_bg_invert,62,0,3,71.0,3958.0,3375.2
3,max_power_bg_invert,63,0,3,71.0,3957.0,3375.6
3,max_power_bg_invert,64,0,3,71.0,3958.0,3379.2
3,max_power_bg_invert,65,0,3,71.0,3958.0,3379.6
3,max_power_bg_invert,66,0,3,71.0,3957.0,3379.2
3,max_power_bg_invert,67,0,3,71.0,3957.0,3379.2
3,max_power_bg_invert,68,0,3,71.0,3957.0,3378.4
3,max_power_bg_invert,69,0,3,71.0,3958.0,3378.0
3,max_power_bg_invert,70,0,3,71.0,3958.0,3377.2
3,max_power_bg_invert,71,0,3,71.0,3957.0,3378.8
3,max_power_bg_invert,72,0,3,71.0,3957.0,3377.6
3,max_power_bg_invert,73,0,3,71.0,3956.0,3378.8
3,max_power_bg_invert,74,0,3,71.0,3955.0,3379.2
3,max_power_bg_invert,75,0,3,71.0,3954.0,3379.2
3,max_power_bg_invert,76,0,3,71.0,3954.0,3378.8
3,max_power_bg_invert,77,0,3,71.0,3954.0,3378.0
3,max_power_bg_invert,78,0,3,71.0,3955.0,3376.4
3,max_power_bg_invert,79,0,3,71.0,3954.0,3376.8
3,max_power_bg_invert,80,0,3,71.0,3955.0,3385.2
3,max_power_bg_invert,81,0,3,72.0,3947.0,3398.4
3,max_power_bg_invert,82,0,3,71.0,3935.0,3406.8
3,max_power_bg_invert,83,0,3,71.0,3933.0,3405.6
3,max_power_bg_invert,84,0,3,72.0,3929.0,3410.8
3,max_power_bg_invert,85,0,3,71.0,3929.0,3409.6
3,max_power_bg_invert,86,0,3,72.0,3926.0,3405.6
3,max_power_bg_invert,87,0,3,72.0,3928.0,3401.2
3,max_power_bg_invert,88,0,3,71.0,3930.0,3399.6
3,max_power_bg_invert,89,0,3,72.0,3929.0,3400.0
3,max_power_bg_invert,90,0,3,72.0,3934.0,3396.4
3,max_power_bg_invert,0,1,2,64.0,812.0,3292.8
3,max_power_bg_invert,1,1,2,71.0,3610.0,2970.8
3,max_power_bg_invert,2,1,2,71.0,3780.0,3170.8
3,max_power_bg_invert,3,1,2,71.0,3834.0,3238.4
3,max_power_bg_invert,4,1,2,71.0,3856.0,3276.8
3,max_power_bg_invert,5,1,2,72.0,3877.0,3303.6
3,max_power_bg_invert,6,1,2,72.0,3893.0,3312.4
3,max_power_bg_invert,7,1,2,72.0,3894.0,3328.8
3,max_power_bg_invert,8,1,2,72.0,3901.0,3334.4
3,max_power_bg_invert,9,1,2,72.0,3910.0,3344.8
3,max_power_bg_invert,10,1,2,72.0,3917.0,3343.2
3,max_power_bg_invert,11,1,2,72.0,3921.0,3344.0
3,max_power_bg_invert,12,1,2,71.0,3921.0,3349.6
3,max_power_bg_invert,13,1,2,72.0,3922.0,3348.4
3,max_power_bg_invert,14,1,2,72.0,3924.0,3350.8
3,max_power_bg_invert,15,1,2,72.0,3925.0,3355.2
3,max_power_bg_invert,16,1,2,72.0,3925.0,3358.8
3,max_power_bg_invert,17,1,2,72.0,3926.0,3362.8
3,max_power_bg_invert,18,1,2,72.0,3928.0,3361.2
3,max_power_bg_invert,19,1,2,72.0,3931.0,3363.2
3,max_power_bg_invert,20,1,2,71.0,3932.0,3361.2
3,max_power_bg_invert,21,1,2,72.0,3933.0,3361.2
3,max_power_bg_invert,22,1,2,71.0,3933.0,3364.8
3,max_power_bg_invert,23,1,2,72.0,3934.0,3365.2
3,max_power_bg_invert,24,1,2,72.0,3935.0,3365.2
3,max_power_bg_invert,25,1,2,72.0,3936.0,3364.0
3,max_power_bg_invert,26,1,2,72.0,3938.0,3362.4
3,max_power_bg_invert,27,1,2,72.0,3937.0,3366.0
3,max_power_bg_invert,28,1,2,72.0,3938.0,3365.2
3,max_power_bg_invert,29,1,2,72.0,3940.0,3364.0
3,max_power_bg_invert,30,1,2,72.0,3941.0,3364.0
3,max_power_bg_invert,31,1,2,72.0,3940.0,3363.6
3,max_power_bg_invert,32,1,2,72.0,3941.0,3369.6
3,max_power_bg_invert,33,1,2,72.0,3941.0,3369.6
3,max_power_bg_invert,34,1,2,72.0,3941.0,3369.6
3,max_power_bg_invert,35,1,2,71.0,3941.0,3370.0
3,max_power_bg_invert,36,1,2,72.0,3942.0,3368.8
3,max_power_bg_invert,37,1,2,71.0,3942.0,3368.0
3,max_power_bg_invert,38,1,2,72.0,3943.0,3372.8
3,max_power_bg_invert,39,1,2,72.0,3943.0,3372.4
3,max_power_bg_invert,40,1,2,72.0,3950.0,3373.6
3,max_power_bg_invert,41,1,2,72.0,3954.0,3377.2
3,max_power_bg_invert,42,1,2,72.0,3955.0,3385.6
3,max_power_bg_invert,43,1,2,72.0,3966.0,3383.2
3,max_power_bg_invert,44,1,2,72.0,3963.0,3385.6
3,max_power_bg_invert,45,1,2,72.0,3962.0,3387.6
3,max_power_bg_invert,46,1,2,72.0,3961.0,3382.8
3,max_power_bg_invert,47,1,2,71.0,3964.0,3382.0
3,max_power_bg_invert,48,1,2,72.0,3968.0,3375.6
3,max_power_bg_invert,49,1,2,72.0,3967.0,3374.4
3,max_power_bg_invert,50,1,2,72.0,3966.0,3374.4
3,max_power_bg_invert,51,1,2,72.0,3963.0,3374.8
3,max_power_bg_invert,52,1,2,71.0,3962.0,3374.8
3,max_power_bg_invert,53,1,2,72.0,3964.0,3374.0
3,max_power_bg_invert,54,1,2,72.0,3967.0,3372.8
3,max_power_bg_invert,55,1,2,72.0,3966.0,3374.0
3,max_power_bg_invert,56,1,2,72.0,3965.0,3375.2
3,max_power_bg_invert,57,1,2,72.0,3964.0,3376.4
3,max_power_bg_invert,58,1,2,72.0,3962.0,3377.2
3,max_power_bg_invert,59,1,2,72.0,3962.0,3377.2
3,max_power_bg_invert,60,1,2,72.0,3962.0,3376.8
3,max_power_bg_invert,61,1,2,72.0,3963.0,3375.2
3,max_power_bg_invert,62,1,2,72.0,3962.0,3377.2
3,max_power_bg_invert,63,1,2,72.0,3961.0,3377.2
3,max_power_bg_invert,64,1,2,72.0,3961.0,3377.6
3,max_power_bg_invert,65,1,2,72.0,3959.0,3378.4
3,max_power_bg_invert,66,1,2,72.0,3958.0,3379.2
3,max_power_bg_invert,67,1,2,72.0,3959.0,3378.4
3,max_power_bg_invert,68,1,2,72.0,3959.0,3378.4
3,max_power_bg_invert,69,1,2,72.0,3957.0,3379.6
3,max_power_bg_invert,70,1,2,72.0,3958.0,3378.8
3,max_power_bg_invert,71,1,2,72.0,3957.0,3378.8
3,max_power_bg_invert,72,1,2,72.0,3957.0,3378.4
3,max_power_bg_invert,73,1,2,72.0,3956.0,3378.0
3,max_power_bg_invert,74,1,2,72.0,3956.0,3378.0
3,max_power_bg_invert,75,1,2,72.0,3955.0,3378.4
3,max_power_bg_invert,76,1,2,72.0,3954.0,3379.2
3,max_power_bg_invert,77,1,2,72.0,3954.0,3379.2
3,max_power_bg_invert,78,1,2,72.0,3955.0,3379.6
3,max_power_bg_invert,79,1,2,72.0,3955.0,3379.2
3,max_power_bg_invert,80,1,2,72.0,3959.0,3388.8
3,max_power_bg_invert,81,1,2,72.0,3932.0,3388.0
3,max_power_bg_invert,82,1,2,72.0,3941.0,3378.4
3,max_power_bg_invert,83,1,2,72.0,3943.0,3373.2
3,max_power_bg_invert,84,1,2,72.0,3939.0,3369.6
3,max_power_bg_invert,85,1,2,72.0,3939.0,3370.4
3,max_power_bg_invert,86,1,2,72.0,3939.0,3371.2
3,max_power_bg_invert,87,1,2,72.0,3938.0,3373.2
3,max_power_bg_invert,88,1,2,72.0,3939.0,3374.0
3,max_power_bg_invert,89,1,2,72.0,3943.0,3373.2
3,max_power_bg_invert,90,1,2,72.0,3943.0,3374.0
3,max_power_bg_invert,0,1,3,64.0,787.0,3325.6
3,max_power_bg_invert,1,1,3,71.0,3530.0,3009.2
3,max_power_bg_invert,2,1,3,71.0,3680.0,3190.4
3,max_power_bg_invert,3,1,3,71.0,3724.0,3244.0
3,max_power_bg_invert,4,1,3,71.0,3741.0,3280.8
3,max_power_bg_invert,5,1,3,72.0,3755.0,3296.0
3,max_power_bg_invert,6,1,3,71.0,3762.0,3313.2
3,max_power_bg_invert,7,1,3,72.0,3766.0,3327.2
3,max_power_bg_invert,8,1,3,72.0,3776.0,3332.4
3,max_power_bg_invert,9,1,3,72.0,3779.0,3342.4
3,max_power_bg_invert,10,1,3,72.0,3776.0,3346.0
3,max_power_bg_invert,11,1,3,71.0,3780.0,3348.0
3,max_power_bg_invert,12,1,3,72.0,3786.0,3346.8
3,max_power_bg_invert,13,1,3,72.0,3787.0,3349.6
3,max_power_bg_invert,14,1,3,72.0,3788.0,3347.6
3,max_power_bg_invert,15,1,3,72.0,3789.0,3352.4
3,max_power_bg_invert,16,1,3,72.0,3790.0,3351.2
3,max_power_bg_invert,17,1,3,71.0,3793.0,3356.0
3,max_power_bg_invert,18,1,3,72.0,3796.0,3354.8
3,max_power_bg_invert,19,1,3,72.0,3797.0,3356.4
3,max_power_bg_invert,20,1,3,72.0,3801.0,3360.4
3,max_power_bg_invert,21,1,3,72.0,3802.0,3360.0
3,max_power_bg_invert,22,1,3,72.0,3803.0,3359.2
3,max_power_bg_invert,23,1,3,71.0,3803.0,3359.2
3,max_power_bg_invert,24,1,3,72.0,3803.0,3363.2
3,max_power_bg_invert,25,1,3,72.0,3802.0,3363.2
3,max_power_bg_invert,26,1,3,72.0,3804.0,3360.8
3,max_power_bg_invert,27,1,3,72.0,3804.0,3361.2
3,max_power_bg_invert,28,1,3,72.0,3804.0,3361.2
3,max_power_bg_invert,29,1,3,72.0,3806.0,3365.2
3,max_power_bg_invert,30,1,3,72.0,3807.0,3364.4
3,max_power_bg_invert,31,1,3,72.0,3806.0,3364.8
3,max_power_bg_invert,32,1,3,72.0,3807.0,3362.8
3,max_power_bg_invert,33,1,3,72.0,3807.0,3364.4
3,max_power_bg_invert,34,1,3,72.0,3807.0,3363.6
3,max_power_bg_invert,35,1,3,72.0,3806.0,3363.2
3,max_power_bg_invert,36,1,3,72.0,3806.0,3362.0
3,max_power_bg_invert,37,1,3,72.0,3806.0,3361.6
3,max_power_bg_invert,38,1,3,72.0,3805.0,3367.2
3,max_power_bg_invert,39,1,3,72.0,3806.0,3367.2
3,max_power_bg_invert,40,1,3,72.0,3790.0,3380.0
3,max_power_bg_invert,41,1,3,72.0,3805.0,3376.8
3,max_power_bg_invert,42,1,3,72.0,3820.0,3374.4
3,max_power_bg_invert,43,1,3,72.0,3812.0,3385.6
3,max_power_bg_invert,44,1,3,72.0,3802.0,3390.0
3,max_power_bg_invert,45,1,3,72.0,3801.0,3385.2
3,max_power_bg_invert,46,1,3,72.0,3801.0,3383.2
3,max_power_bg_invert,47,1,3,72.0,3805.0,3380.0
3,max_power_bg_invert,48,1,3,72.0,3805.0,3379.2
3,max_power_bg_invert,49,1,3,72.0,3809.0,3378.0
3,max_power_bg_invert,50,1,3,72.0,3807.0,3380.4
3,max_power_bg_invert,51,1,3,72.0,3808.0,3380.8
3,max_power_bg_invert,52,1,3,72.0,3806.0,3382.4
3,max_power_bg_invert,53,1,3,72.0,3807.0,3383.2
3,max_power_bg_invert,54,1,3,72.0,3808.0,3382.0
3,max_power_bg_invert,55,1,3,72.0,3807.0,3381.6
3,max_power_bg_invert,56,1,3,72.0,3808.0,3379.2
3,max_power_bg_invert,57,1,3,72.0,3806.0,3379.2
3,max_power_bg_invert,58,1,3,72.0,3807.0,3376.8
3,max_power_bg_invert,59,1,3,72.0,3806.0,3377.2
3,max_power_bg_invert,60,1,3,72.0,3806.0,3374.4
3,max_power_bg_invert,61,1,3,72.0,3808.0,3374.4
3,max_power_bg_invert,62,1,3,72.0,3808.0,3374.8
3,max_power_bg_invert,63,1,3,72.0,3807.0,3375.6
3,max_power_bg_invert,64,1,3,72.0,3808.0,3377.6
3,max_power_bg_invert,65,1,3,72.0,3809.0,3377.6
3,max_power_bg_invert,66,1,3,72.0,3809.0,3378.0
3,max_power_bg_invert,67,1,3,72.0,3810.0,3378.0
3,max_power_bg_invert,68,1,3,72.0,3811.0,3380.8
3,max_power_bg_invert,69,1,3,72.0,3812.0,3374.8
3,max_power_bg_invert,70,1,3,72.0,3812.0,3374.8
3,max_power_bg_invert,71,1,3,72.0,3812.0,3374.4
3,max_power_bg_invert,72,1,3,72.0,3813.0,3373.2
3,max_power_bg_invert,73,1,3,72.0,3814.0,3373.2
3,max_power_bg_invert,74,1,3,72.0,3813.0,3373.6
3,max_power_bg_invert,75,1,3,72.0,3813.0,3373.6
3,max_power_bg_invert,76,1,3,72.0,3813.0,3374.0
3,max_power_bg_invert,77,1,3,72.0,3812.0,3374.4
3,max_power_bg_invert,78,1,3,72.0,3811.0,3379.2
3,max_power_bg_invert,79,1,3,72.0,3810.0,3378.8
3,max_power_bg_invert,80,1,3,72.0,3821.0,3390.0
3,max_power_bg_invert,81,1,3,72.0,3830.0,3392.4
3,max_power_bg_invert,82,1,3,72.0,3820.0,3383.2
3,max_power_bg_invert,83,1,3,72.0,3812.0,3378.0
3,max_power_bg_invert,84,1,3,72.0,3808.0,3376.4
3,max_power_bg_invert,85,1,3,72.0,3808.0,3373.2
3,max_power_bg_invert,86,1,3,72.0,3805.0,3372.0
3,max_power_bg_invert,87,1,3,72.0,3807.0,3366.4
3,max_power_bg_invert,88,1,3,72.0,3806.0,3366.8
3,max_power_bg_invert,89,1,3,72.0,3809.0,3368.8
3,max_power_bg_invert,90,1,3,72.0,3812.0,3369.6
3,max_power_bg_invert,0,2,3,64.0,800.0,3290.0
3,max_power_bg_invert,1,2,3,71.0,3550.0,2981.2
3,max_power_bg_invert,2,2,3,71.0,3735.0,3168.0
3,max_power_bg_invert,3,2,3,71.0,3772.0,3239.6
3,max_power_bg_invert,4,2,3,71.0,3802.0,3274.0
3,max_power_bg_invert,5,2,3,71.0,3816.0,3294.4
3,max_power_bg_invert,6,2,3,71.0,3825.0,3308.8
3,max_power_bg_invert,7,2,3,71.0,3836.0,3312.4
3,max_power_bg_invert,8,2,3,72.0,3837.0,3319.2
3,max_power_bg_invert,9,2,3,71.0,3838.0,3326.0
3,max_power_bg_invert,10,2,3,71.0,3842.0,3327.2
3,max_power_bg_invert,11,2,3,71.0,3840.0,3336.4
3,max_power_bg_invert,12,2,3,72.0,3842.0,3341.2
3,max_power_bg_invert,13,2,3,71.0,3844.0,3338.8
3,max_power_bg_invert,14,2,3,71.0,3846.0,3342.0
3,max_power_bg_invert,15,2,3,71.0,3849.0,3345.6
3,max_power_bg_invert,16,2,3,72.0,3851.0,3345.6
3,max_power_bg_invert,17,2,3,71.0,3854.0,3349.2
3,max_power_bg_invert,18,2,3,71.0,3853.0,3348.4
3,max_power_bg_invert,19,2,3,71.0,3853.0,3352.8
3,max_power_bg_invert,20,2,3,71.0,3853.0,3352.0
3,max_power_bg_invert,21,2,3,71.0,3853.0,3352.8
3,max_power_bg_invert,22,2,3,72.0,3853.0,3355.6
3,max_power_bg_invert,23,2,3,72.0,3852.0,3356.4
3,max_power_bg_invert,24,2,3,72.0,3852.0,3356.0
3,max_power_bg_invert,25,2,3,72.0,3854.0,3356.4
3,max_power_bg_invert,26,2,3,71.0,3855.0,3355.2
3,max_power_bg_invert,27,2,3,72.0,3856.0,3360.8
3,max_power_bg_invert,28,2,3,72.0,3855.0,3361.2
3,max_power_bg_invert,29,2,3,72.0,3856.0,3360.0
3,max_power_bg_invert,30,2,3,72.0,3856.0,3360.4
3,max_power_bg_invert,31,2,3,72.0,3858.0,3358.0
3,max_power_bg_invert,32,2,3,71.0,3858.0,3357.6
3,max_power_bg_invert,33,2,3,72.0,3858.0,3357.6
3,max_power_bg_invert,34,2,3,71.0,3857.0,3362.8
3,max_power_bg_invert,35,2,3,72.0,3858.0,3362.0
3,max_power_bg_invert,36,2,3,72.0,3858.0,3361.6
3,max_power_bg_invert,37,2,3,71.0,3860.0,3360.8
3,max_power_bg_invert,38,2,3,71.0,3859.0,3361.2
3,max_power_bg_invert,39,2,3,72.0,3860.0,3360.4
3,max_power_bg_invert,40,2,3,71.0,3870.0,3343.2
3,max_power_bg_invert,41,2,3,72.0,3850.0,3358.8
3,max_power_bg_invert,42,2,3,72.0,3848.0,3366.8
3,max_power_bg_invert,43,2,3,72.0,3853.0,3363.2
3,max_power_bg_invert,44,2,3,72.0,3857.0,3360.8
3,max_power_bg_invert,45,2,3,72.0,3852.0,3364.4
3,max_power_bg_invert,46,2,3,72.0,3850.0,3369.2
3,max_power_bg_invert,47,2,3,72.0,3852.0,3368.4
3,max_power_bg_invert,48,2,3,72.0,3854.0,3370.8
3,max_power_bg_invert,49,2,3,72.0,3855.0,3364.8
3,max_power_bg_invert,50,2,3,71.0,3855.0,3365.6
3,max_power_bg_invert,51,2,3,72.0,3854.0,3365.2
3,max_power_bg_invert,52,2,3,71.0,3855.0,3363.6
3,max_power_bg_invert,53,2,3,71.0,3857.0,3361.2
3,max_power_bg_invert,54,2,3,71.0,3855.0,3363.6
3,max_power_bg_invert,55,2,3,72.0,3857.0,3363.6
3,max_power_bg_invert,56,2,3,72.0,3860.0,3361.2
3,max_power_bg_invert,57,2,3,72.0,3861.0,3361.6
3,max_power_bg_invert,58,2,3,72.0,3860.0,3362.4
3,max_power_bg_invert,59,2,3,72.0,3862.0,3361.2
3,max_power_bg_invert,60,2,3,72.0,3861.0,3364.0
3,max_power_bg_invert,61,2,3,72.0,3864.0,3363.6
3,max_power_bg_invert,62,2,3,72.0,3863.0,3362.0
3,max_power_bg_invert,63,2,3,72.0,3861.0,3362.8
3,max_power_bg_invert,64,2,3,72.0,3860.0,3362.4
3,max_power_bg_invert,65,2,3,72.0,3860.0,3366.0
3,max_power_bg_invert,66,2,3,72.0,3860.0,3366.0
3,max_power_bg_invert,67,2,3,72.0,3860.0,3368.4
3,max_power_bg_invert,68,2,3,72.0,3861.0,3368.0
3,max_power_bg_invert,69,2,3,72.0,3861.0,3367.6
3,max_power_bg_invert,70,2,3,72.0,3862.0,3368.0
3,max_power_bg_invert,71,2,3,72.0,3861.0,3368.0
3,max_power_bg_invert,72,2,3,72.0,3862.0,3368.0
3,max_power_bg_invert,73,2,3,71.0,3862.0,3366.8
3,max_power_bg_invert,74,2,3,72.0,3862.0,3366.8
3,max_power_bg_invert,75,2,3,71.0,3863.0,3366.0
3,max_power_bg_invert,76,2,3,72.0,3864.0,3365.2
3,max_power_bg_invert,77,2,3,72.0,3864.0,3365.2
3,max_power_bg_invert,78,2,3,72.0,3865.0,3364.8
3,max_power_bg_invert,79,2,3,72.0,3865.0,3365.6
3,max_power_bg_invert,80,2,3,72.0,3886.0,3344.8
3,max_power_bg_invert,81,2,3,72.0,3868.0,3353.2
3,max_power_bg_invert,82,2,3,72.0,3872.0,3362.4
3,max_power_bg_invert,83,2,3,72.0,3871.0,3362.8
3,max_power_bg_invert,84,2,3,72.0,3869.0,3363.2
3,max_power_bg_invert,85,2,3,72.0,3875.0,3360.4
3,max_power_bg_invert,86,2,3,72.0,3874.0,3359.2
3,max_power_bg_invert,87,2,3,72.0,3871.0,3359.6
3,max_power_bg_invert,88,2,3,72.0,3876.0,3358.0
3,max_power_bg_invert,89,2,3,72.0,3879.0,3357.2
3,max_power_bg_invert,90,2,3,72.0,3881.0,3357.6
4,max_power_bg_invert,0,0,1,73.0,1350.0,3109.6
4,max_power_bg_invert,1,0,1,80.0,4230.0,2792.4
4,max_power_bg_invert,2,0,1,80.0,4384.0,2972.4
4,max_power_bg_invert,3,0,1,80.0,4455.0,3026.8
4,max_power_bg_invert,4,0,1,80.0,4487.0,3053.6
4,max_power_bg_invert,5,0,1,80.0,4504.0,3071.2
4,max_power_bg_invert,6,0,1,80.0,4510.0,3083.6
4,max_power_bg_invert,7,0,1,80.0,4523.0,3088.0
4,max_power_bg_invert,8,0,1,81.0,4535.0,3100.4
4,max_power_bg_invert,9,0,1,80.0,4542.0,3104.8
4,max_power_bg_invert,10,0,1,80.0,4548.0,3106.4
4,max_power_bg_invert,11,0,1,80.0,4552.0,3108.0
4,max_power_bg_invert,12,0,1,81.0,4556.0,3108.0
4,max_power_bg_invert,13,0,1,81.0,4559.0,3108.4
4,max_power_bg_invert,14,0,1,80.0,4562.0,3112.4
4,max_power_bg_invert,15,0,1,81.0,4563.0,3111.2
4,max_power_bg_invert,16,0,1,81.0,4564.0,3114.8
4,max_power_bg_invert,17,0,1,81.0,4566.0,3112.8
4,max_power_bg_invert,18,0,1,80.0,4565.0,3116.0
4,max_power_bg_invert,19,0,1,80.0,4567.0,3115.6
4,max_power_bg_invert,20,0,1,80.0,4569.0,3113.2
4,max_power_bg_invert,21,0,1,80.0,4568.0,3118.0
4,max_power_bg_invert,22,0,1,81.0,4567.0,3117.6
4,max_power_bg_invert,23,0,1,81.0,4568.0,3117.6
4,max_power_bg_invert,24,0,1,81.0,4568.0,3116.4
4,max_power_bg_invert,25,0,1,81.0,4568.0,3115.6
4,max_power_bg_invert,26,0,1,80.0,4569.0,3120.4
4,max_power_bg_invert,27,0,1,80.0,4569.0,3120.4
4,max_power_bg_invert,28,0,1,81.0,4569.0,3120.4
4,max_power_bg_invert,29,0,1,80.0,4570.0,3119.6
4,max_power_bg_invert,30,0,1,81.0,4570.0,3119.2
4,max_power_bg_invert,31,0,1,80.0,4571.0,3118.8
4,max_power_bg_invert,32,0,1,81.0,4572.0,3121.6
4,max_power_bg_invert,33,0,1,81.0,4572.0,3121.6
4,max_power_bg_invert,34,0,1,81.0,4574.0,3120.8
4,max_power_bg_invert,35,0,1,81.0,4574.0,3120.4
4,max_power_bg_invert,36,0,1,81.0,4574.0,3120.0
4,max_power_bg_invert,37,0,1,81.0,4575.0,3119.6
4,max_power_bg_invert,38,0,1,81.0,4575.0,3119.6
4,max_power_bg_invert,39,0,1,81.0,4575.0,3120.4
4,max_power_bg_invert,40,0,1,80.0,4590.0,3096.4
4,max_power_bg_invert,41,0,1,81.0,4585.0,3115.2
4,max_power_bg_invert,42,0,1,81.0,4576.0,3132.0
4,max_power_bg_invert,43,0,1,81.0,4574.0,3135.6
4,max_power_bg_invert,44,0,1,81.0,4573.0,3138.8
4,max_power_bg_invert,45,0,1,81.0,4579.0,3136.4
4,max_power_bg_invert,46,0,1,81.0,4578.0,3133.6
4,max_power_bg_invert,47,0,1,81.0,4583.0,3131.2
4,max_power_bg_invert,48,0,1,81.0,4584.0,3130.8
4,max_power_bg_invert,49,0,1,80.0,4581.0,3132.0
4,max_power_bg_invert,50,0,1,81.0,4582.0,3133.6
4,max_power_bg_invert,51,0,1,81.0,4584.0,3130.8
4,max_power_bg_invert,52,0,1,81.0,4586.0,3129.2
4,max_power_bg_invert,53,0,1,81.0,4588.0,3129.2
4,max_power_bg_invert,54,0,1,81.0,4587.0,3129.6
4,max_power_bg_invert,55,0,1,81.0,4589.0,3129.2
4,max_power_bg_invert,56,0,1,81.0,4589.0,3127.2
4,max_power_bg_invert,57,0,1,81.0,4590.0,3126.0
4,max_power_bg_invert,58,0,1,81.0,4589.0,3126.8
4,max_power_bg_invert,59,0,1,81.0,4587.0,3127.6
4,max_power_bg_invert,60,0,1,81.0,4586.0,3127.6
4,max_power_bg_invert,61,0,1,81.0,4586.0,3127.6
4,max_power_bg_invert,62,0,1,81.0,4586.0,3126.8
4,max_power_bg_invert,63,0,1,81.0,4585.0,3132.4
4,max_power_bg_invert,64,0,1,81.0,4585.0,3132.0
4,max_power_bg_invert,65,0,1,81.0,4585.0,3133.2
4,max_power_bg_invert,66,0,1,81.0,4587.0,3131.6
4,max_power_bg_invert,67,0,1,81.0,4587.0,3131.6
4,max_power_bg_invert,68,0,1,81.0,4587.0,3135.6
4,max_power_bg_invert,69,0,1,81.0,4586.0,3136.0
4,max_power_bg_invert,70,0,1,81.0,4587.0,3135.2
4,max_power_bg_invert,71,0,1,81.0,4588.0,3135.2
4,max_power_bg_invert,72,0,1,81.0,4587.0,3134.4
4,max_power_bg_invert,73,0,1,81.0,4587.0,3139.2
4,max_power_bg_invert,74,0,1,81.0,4586.0,3140.0
4,max_power_bg_invert,75,0,1,81.0,4587.0,3139.6
4,max_power_bg_invert,76,0,1,81.0,4587.0,3139.2
4,max_power_bg_invert,77,0,1,81.0,4587.0,3139.2
4,max_power_bg_invert,78,0,1,81.0,4587.0,3139.6
4,max_power_bg_invert,79,0,1,81.0,4587.0,3144.4
4,max_power_bg_invert,80,0,1,81.0,4568.0,3160.4
4,max_power_bg_invert,81,0,1,81.0,4579.0,3149.2
4,max_power_bg_invert,82,0,1,81.0,4582.0,3147.2
4,max_power_bg_invert,83,0,1,81.0,4589.0,3150.8
4,max_power_bg_invert,84,0,1,81.0,4591.0,3148.8
4,max_power_bg_invert,85,0,1,81.0,4589.0,3148.8
4,max_power_bg_invert,86,0,1,81.0,4586.0,3148.0
4,max_power_bg_invert,87,0,1,81.0,4589.0,3148.0
4,max_power_bg_invert,88,0,1,81.0,4587.0,3150.4
4,max_power_bg_invert,89,0,1,81.0,4589.0,3149.2
4,max_power_bg_invert,90,0,1,81.0,4589.0,3147.6
4,max_power_bg_invert,0,0,2,73.0,1325.0,3108.0
4,max_power_bg_invert,1,0,2,80.0,4430.0,2782.0
4,max_power_bg_invert,2,0,2,80.0,4594.0,2968.4
4,max_power_bg_invert,3,0,2,81.0,4675.0,3035.6
4,max_power_bg_invert,4,0,2,80.0,4712.0,3065.2
4,max_power_bg_invert,5,0,2,81.0,4734.0,3078.0
4,max_power_bg_invert,6,0,2,81.0,4741.0,3088.4
4,max_power_bg_invert,7,0,2,80.0,4748.0,3098.4
4,max_power_bg_invert,8,0,2,80.0,4757.0,3106.0
4,max_power_bg_invert,9,0,2,81.0,4760.0,3114.4
4,max_power_bg_invert,10,0,2,81.0,4764.0,3118.0
4,max_power_bg_invert,11,0,2,81.0,4768.0,3118.0
4,max_power_bg_invert,12,0,2,81.0,4769.0,3124.4
4,max_power_bg_invert,13,0,2,81.0,4769.0,3128.4
4,max_power_bg_invert,14,0,2,81.0,4772.0,3130.8
4,max_power_bg_invert,15,0,2,81.0,4774.0,3132.8
4,max_power_bg_invert,16,0,2,81.0,4775.0,3131.6
4,max_power_bg_invert,17,0,2,81.0,4776.0,3135.6
4,max_power_bg_invert,18,0,2,81.0,4777.0,3134.0
4,max_power_bg_invert,19,0,2,81.0,4778.0,3136.4
4,max_power_bg_invert,20,0,2,81.0,4778.0,3141.2
4,max_power_bg_invert,21,0,2,81.0,4780.0,3141.2
4,max_power_bg_invert,22,0,2,81.0,4781.0,3144.4
4,max_power_bg_invert,23,0,2,81.0,4782.0,3144.0
4,max_power_bg_invert,24,0,2,81.0,4782.0,3148.8
4,max_power_bg_invert,25,0,2,81.0,4782.0,3147.6
4,max_power_bg_invert,26,0,2,81.0,4784.0,3150.8
4,max_power_bg_invert,27,0,2,81.0,4783.0,3150.8
4,max_power_bg_invert,28,0,2,81.0,4784.0,3154.0
4,max_power_bg_invert,29,0,2,81.0,4784.0,3154.0
4,max_power_bg_invert,30,0,2,81.0,4785.0,3153.6
4,max_power_bg_invert,31,0,2,81.0,4785.0,3157.6
4,max_power_bg_invert,32,0,2,81.0,4785.0,3157.6
4,max_power_bg_invert,33,0,2,81.0,4787.0,3156.0
4,max_power_bg_invert,34,0,2,81.0,4787.0,3155.6
4,max_power_bg_invert,35,0,2,81.0,4787.0,3160.0
4,max_power_bg_invert,36,0,2,81.0,4788.0,3158.8
4,max_power_bg_invert,37,0,2,81.0,4789.0,3158.0
4,max_power_bg_invert,38,0,2,81.0,4790.0,3157.2
4,max_power_bg_invert,39,0,2,81.0,4789.0,3157.2
4,max_power_bg_invert,40,0,2,81.0,4790.0,3181.6
4,max_power_bg_invert,41,0,2,81.0,4795.0,3185.2
4,max_power_bg_invert,42,0,2,81.0,4793.0,3184.8
4,max_power_bg_invert,43,0,2,81.0,4789.0,3186.0
4,max_power_bg_invert,44,0,2,81.0,4793.0,3184.8
4,max_power_bg_invert,45,0,2,81.0,4791.0,3182.8
4,max_power_bg_invert,46,0,2,81.0,4789.0,3182.4
4,max_power_bg_invert,47,0,2,81.0,4796.0,3179.2
4,max_power_bg_invert,48,0,2,81.0,4796.0,3178.8
4,max_power_bg_invert,49,0,2,81.0,4796.0,3177.6
4,max_power_bg_invert,50,0,2,81.0,4799.0,3176.8
4,max_power_bg_invert,51,0,2,81.0,4798.0,3176.8
4,max_power_bg_invert,52,0,2,81.0,4796.0,3176.8
4,max_power_bg_invert,53,0,2,81.0,4793.0,3177.6
4,max_power_bg_invert,54,0,2,81.0,4793.0,3178.4
4,max_power_bg_invert,55,0,2,81.0,4792.0,3178.4
4,max_power_bg_invert,56,0,2,81.0,4792.0,3177.2
4,max_power_bg_invert,57,0,2,81.0,4793.0,3177.2
4,max_power_bg_invert,58,0,2,81.0,4791.0,3179.2
4,max_power_bg_invert,59,0,2,81.0,4790.0,3180.4
4,max_power_bg_invert,60,0,2,81.0,4792.0,3178.0
4,max_power_bg_invert,61,0,2,81.0,4792.0,3178.0
4,max_power_bg_invert,62,0,2,81.0,4791.0,3177.6
4,max_power_bg_invert,63,0,2,81.0,4792.0,3176.8
4,max_power_bg_invert,64,0,2,81.0,4792.0,3177.2
4,max_power_bg_invert,65,0,2,81.0,4792.0,3177.2
4,max_power_bg_invert,66,0,2,81.0,4792.0,3176.4
4,max_power_bg_invert,67,0,2,81.0,4791.0,3176.8
4,max_power_bg_invert,68,0,2,81.0,4791.0,3177.2
4,max_power_bg_invert,69,0,2,81.0,4793.0,3175.2
4,max_power_bg_invert,70,0,2,81.0,4794.0,3174.4
4,max_power_bg_invert,71,0,2,81.0,4794.0,3174.8
4,max_power_bg_invert,72,0,2,81.0,4795.0,3173.6
4,max_power_bg_invert,73,0,2,81.0,4794.0,3174.0
4,max_power_bg_invert,74,0,2,81.0,4794.0,3174.4
4,max_power_bg_invert,75,0,2,81.0,4794.0,3174.8
4,max_power_bg_invert,76,0,2,81.0,4794.0,3174.0
4,max_power_bg_invert,77,0,2,81.0,4795.0,3173.2
4,max_power_bg_invert,78,0,2,81.0,4795.0,3173.2
4,max_power_bg_invert,79,0,2,81.0,4797.0,3171.6
4,max_power_bg_invert,80,0,2,81.0,4789.0,3194.4
4,max_power_bg_invert,81,0,2,81.0,4784.0,3205.2
4,max_power_bg_invert,82,0,2,81.0,4809.0,3180.0
4,max_power_bg_invert,83,0,2,81.0,4802.0,3185.2
4,max_power_bg_invert,84,0,2,81.0,4799.0,3186.8
4,max_power_bg_invert,85,0,2,81.0,4798.0,3190.0
4,max_power_bg_invert,86,0,2,82.0,4799.0,3189.6
4,max_power_bg_invert,87,0,2,81.0,4799.0,3190.8
4,max_power_bg_invert,88,0,2,81.0,4799.0,3187.2
4,max_power_bg_invert,89,0,2,81.0,4802.0,3186.0
4,max_power_bg_invert,90,0,2,81.0,4799.0,3185.2
4,max_power_bg_invert,0,0,3,74.0,1325.0,3157.2
4,max_power_bg_invert,1,0,3,81.0,4340.0,2739.2
4,max_power_bg_invert,2,0,3,81.0,4515.0,2943.6
4,max_power_bg_invert,3,0,3,81.0,4562.0,3014.8
4,max_power_bg_invert,4,0,3,81.0,4579.0,3059.2
4,max_power_bg_invert,5,0,3,81.0,4600.0,3081.6
4,max_power_bg_invert,6,0,3,81.0,4613.0,3098.4
4,max_power_bg_invert,7,0,3,81.0,4617.0,3106.0
4,max_power_bg_invert,8,0,3,81.0,4623.0,3117.6
4,max_power_bg_invert,9,0,3,81.0,4627.0,3122.8
4,max_power_bg_invert,10,0,3,81.0,4632.0,3124.4
4,max_power_bg_invert,11,0,3,81.0,4632.0,3131.6
4,max_power_bg_invert,12,0,3,81.0,4633.0,3134.0
4,max_power_bg_invert,13,0,3,81.0,4637.0,3136.4
4,max_power_bg_invert,14,0,3,81.0,4640.0,3135.6
4,max_power_bg_invert,15,0,3,81.0,4642.0,3139.2
4,max_power_bg_invert,16,0,3,81.0,4644.0,3142.0
4,max_power_bg_invert,17,0,3,81.0,4648.0,3139.2
4,max_power_bg_invert,18,0,3,82.0,4648.0,3143.6
4,max_power_bg_invert,19,0,3,81.0,4650.0,3141.6
4,max_power_bg_invert,20,0,3,81.0,4650.0,3141.2
4,max_power_bg_invert,21,0,3,81.0,4652.0,3144.8
4,max_power_bg_invert,22,0,3,81.0,4653.0,3144.4
4,max_power_bg_invert,23,0,3,81.0,4652.0,3146.0
4,max_power_bg_invert,24,0,3,81.0,4654.0,3148.8
4,max_power_bg_invert,25,0,3,82.0,4654.0,3148.4
4,max_power_bg_invert,26,0,3,81.0,4653.0,3148.0
4,max_power_bg_invert,27,0,3,82.0,4653.0,3148.4
4,max_power_bg_invert,28,0,3,81.0,4653.0,3147.6
4,max_power_bg_invert,29,0,3,82.0,4654.0,3149.2
4,max_power_bg_invert,30,0,3,82.0,4653.0,3149.6
4,max_power_bg_invert,31,0,3,81.0,4654.0,3149.2
4,max_power_bg_invert,32,0,3,82.0,4654.0,3148.4
4,max_power_bg_invert,33,0,3,81.0,4654.0,3149.2
4,max_power_bg_invert,34,0,3,82.0,4656.0,3148.0
4,max_power_bg_invert,35,0,3,81.0,4656.0,3148.0
4,max_power_bg_invert,36,0,3,82.0,4657.0,3151.6
4,max_power_bg_invert,37,0,3,82.0,4659.0,3150.8
4,max_power_bg_invert,38,0,3,82.0,4659.0,3150.0
4,max_power_bg_invert,39,0,3,81.0,4659.0,3149.6
4,max_power_bg_invert,40,0,3,82.0,4655.0,3177.2
4,max_power_bg_invert,41,0,3,82.0,4672.0,3164.0
4,max_power_bg_invert,42,0,3,82.0,4678.0,3164.0
4,max_power_bg_invert,43,0,3,82.0,4676.0,3167.6
4,max_power_bg_invert,44,0,3,82.0,4673.0,3174.8
4,max_power_bg_invert,45,0,3,82.0,4678.0,3170.0
4,max_power_bg_invert,46,0,3,82.0,4683.0,3168.4
4,max_power_bg_invert,47,0,3,82.0,4681.0,3170.4
4,max_power_bg_invert,48,0,3,82.0,4682.0,3171.2
4,max_power_bg_invert,49,0,3,82.0,4679.0,3171.6
4,max_power_bg_invert,50,0,3,82.0,4681.0,3171.2
4,max_power_bg_invert,51,0,3,82.0,4681.0,3170.8
4,max_power_bg_invert,52,0,3,81.0,4677.0,3173.6
4,max_power_bg_invert,53,0,3,82.0,4677.0,3174.8
4,max_power_bg_invert,54,0,3,82.0,4678.0,3178.4
4,max_power_bg_invert,55,0,3,82.0,4679.0,3177.6
4,max_power_bg_invert,56,0,3,82.0,4678.0,3180.0
4,max_power_bg_invert,57,0,3,82.0,4679.0,3178.8
4,max_power_bg_invert,58,0,3,82.0,4678.0,3180.0
4,max_power_bg_invert,59,0,3,82.0,4679.0,3180.4
4,max_power_bg_invert,60,0,3,82.0,4679.0,3179.2
4,max_power_bg_invert,61,0,3,82.0,4680.0,3178.4
4,max_power_bg_invert,62,0,3,82.0,4680.0,3178.4
4,max_power_bg_invert,63,0,3,82.0,4682.0,3177.2
4,max_power_bg_invert,64,0,3,82.0,4682.0,3177.2
4,max_power_bg_invert,65,0,3,82.0,4682.0,3176.4
4,max_power_bg_invert,66,0,3,82.0,4681.0,3177.2
4,max_power_bg_invert,67,0,3,82.0,4681.0,3176.0
4,max_power_bg_invert,68,0,3,82.0,4681.0,3181.2
4,max_power_bg_invert,69,0,3,82.0,4681.0,3178.8
4,max_power_bg_invert,70,0,3,82.0,4680.0,3179.2
4,max_power_bg_invert,71,0,3,82.0,4681.0,3178.4
4,max_power_bg_invert,72,0,3,82.0,4681.0,3178.0
4,max_power_bg_invert,73,0,3,82.0,4681.0,3176.8
4,max_power_bg_invert,74,0,3,82.0,4681.0,3176.8
4,max_power_bg_invert,75,0,3,82.0,4681.0,3176.8
4,max_power_bg_invert,76,0,3,82.0,4682.0,3176.0
4,max_power_bg_invert,77,0,3,82.0,4681.0,3176.8
4,max_power_bg_invert,78,0,3,82.0,4681.0,3176.8
4,max_power_bg_invert,79,0,3,81.0,4681.0,3176.4
4,max_power_bg_invert,80,0,3,82.0,4650.0,3195.6
4,max_power_bg_invert,81,0,3,82.0,4660.0,3183.2
4,max_power_bg_invert,82,0,3,82.0,4655.0,3187.6
4,max_power_bg_invert,83,0,3,82.0,4674.0,3180.0
4,max_power_bg_invert,84,0,3,82.0,4675.0,3180.8
4,max_power_bg_invert,85,0,3,82.0,4676.0,3182.4
4,max_power_bg_invert,86,0,3,82.0,4676.0,3182.4
4,max_power_bg_invert,87,0,3,82.0,4678.0,3181.6
4,max_power_bg_invert,88,0,3,82.0,4679.0,3182.8
4,max_power_bg_invert,89,0,3,82.0,4679.0,3183.6
4,max_power_bg_invert,90,0,3,82.0,4677.0,3185.2
4,max_power_bg_invert,0,1,2,74.0,1337.0,3117.6
4,max_power_bg_invert,1,1,2,81.0,4310.0,2807.6
4,max_power_bg_invert,2,1,2,82.0,4485.0,2988.4
4,max_power_bg_invert,3,1,2,82.0,4541.0,3056.0
4,max_power_bg_invert,4,1,2,82.0,4569.0,3087.2
4,max_power_bg_invert,5,1,2,82.0,4595.0,3103.2
4,max_power_bg_invert,6,1,2,82.0,4611.0,3115.2
4,max_power_bg_invert,7,1,2,82.0,4627.0,3119.2
4,max_power_bg_invert,8,1,2,82.0,4635.0,3126.4
4,max_power_bg_invert,9,1,2,82.0,4642.0,3132.4
4,max_power_bg_invert,10,1,2,82.0,4645.0,3140.0
4,max_power_bg_invert,11,1,2,82.0,4650.0,3141.6
4,max_power_bg_invert,12,1,2,82.0,4650.0,3146.0
4,max_power_bg_invert,13,1,2,82.0,4652.0,3149.2
4,max_power_bg_invert,14,1,2,82.0,4654.0,3148.0
4,max_power_bg_invert,15,1,2,82.0,4658.0,3150.8
4,max_power_bg_invert,16,1,2,82.0,4659.0,3150.4
4,max_power_bg_invert,17,1,2,82.0,4659.0,3155.2
4,max_power_bg_invert,18,1,2,82.0,4657.0,3157.2
4,max_power_bg_invert,19,1,2,82.0,4657.0,3162.0
4,max_power_bg_invert,20,1,2,82.0,4656.0,3162.4
4,max_power_bg_invert,21,1,2,82.0,4658.0,3160.0
4,max_power_bg_invert,22,1,2,82.0,4657.0,3164.8
4,max_power_bg_invert,23,1,2,82.0,4657.0,3164.0
4,max_power_bg_invert,24,1,2,82.0,4657.0,3164.0
4,max_power_bg_invert,25,1,2,82.0,4657.0,3164.0
4,max_power_bg_invert,26,1,2,82.0,4657.0,3167.6
4,max_power_bg_invert,27,1,2,82.0,4659.0,3166.8
4,max_power_bg_invert,28,1,2,82.0,4658.0,3167.2
4,max_power_bg_invert,29,1,2,82.0,4660.0,3165.6
4,max_power_bg_invert,30,1,2,82.0,4659.0,3166.4
4,max_power_bg_invert,31,1,2,82.0,4661.0,3165.2
4,max_power_bg_invert,32,1,2,82.0,4661.0,3169.6
4,max_power_bg_invert,33,1,2,82.0,4661.0,3169.2
4,max_power_bg_invert,34,1,2,82.0,4662.0,3167.6
4,max_power_bg_invert,35,1,2,82.0,4661.0,3168.8
4,max_power_bg_invert,36,1,2,82.0,4662.0,3166.8
4,max_power_bg_invert,37,1,2,82.0,4662.0,3166.8
4,max_power_bg_invert,38,1,2,82.0,4662.0,3171.2
4,max_power_bg_invert,39,1,2,82.0,4662.0,3170.8
4,max_power_bg_invert,40,1,2,82.0,4651.0,3190.0
4,max_power_bg_invert,41,1,2,82.0,4658.0,3196.4
4,max_power_bg_invert,42,1,2,83.0,4648.0,3200.8
4,max_power_bg_invert,43,1,2,82.0,4649.0,3204.8
4,max_power_bg_invert,44,1,2,83.0,4649.0,3208.8
4,max_power_bg_invert,45,1,2,83.0,4648.0,3210.4
4,max_power_bg_invert,46,1,2,82.0,4653.0,3212.4
4,max_power_bg_invert,47,1,2,82.0,4659.0,3204.8
4,max_power_bg_invert,48,1,2,82.0,4664.0,3204.0
4,max_power_bg_invert,49,1,2,82.0,4666.0,3202.4
4,max_power_bg_invert,50,1,2,83.0,4672.0,3196.8
4,max_power_bg_invert,51,1,2,82.0,4674.0,3196.0
4,max_power_bg_invert,52,1,2,82.0,4677.0,3195.6
4,max_power_bg_invert,53,1,2,83.0,4679.0,3194.8
4,max_power_bg_invert,54,1,2,82.0,4680.0,3194.0
4,max_power_bg_invert,55,1,2,82.0,4680.0,3193.2
4,max_power_bg_invert,56,1,2,82.0,4680.0,3192.4
4,max_power_bg_invert,57,1,2,82.0,4680.0,3192.4
4,max_power_bg_invert,58,1,2,82.0,4680.0,3192.8
4,max_power_bg_invert,59,1,2,83.0,4678.0,3193.6
4,max_power_bg_invert,60,1,2,82.0,4678.0,3193.6
4,max_power_bg_invert,61,1,2,83.0,4680.0,3192.8
4,max_power_bg_invert,62,1,2,82.0,4681.0,3192.0
4,max_power_bg_invert,63,1,2,82.0,4681.0,3192.8
4,max_power_bg_invert,64,1,2,83.0,4681.0,3192.8
4,max_power_bg_invert,65,1,2,82.0,4681.0,3192.4
4,max_power_bg_invert,66,1,2,82.0,4680.0,3193.2
4,max_power_bg_invert,67,1,2,82.0,4680.0,3192.4
4,max_power_bg_invert,68,1,2,82.0,4680.0,3192.0
4,max_power_bg_invert,69,1,2,82.0,4680.0,3192.0
4,max_power_bg_invert,70,1,2,82.0,4681.0,3191.6
4,max_power_bg_invert,71,1,2,82.0,4681.0,3191.2
4,max_power_bg_invert,72,1,2,83.0,4681.0,3190.8
4,max_power_bg_invert,73,1,2,82.0,4681.0,3189.6
4,max_power_bg_invert,74,1,2,82.0,4682.0,3189.6
4,max_power_bg_invert,75,1,2,83.0,4681.0,3190.0
4,max_power_bg_invert,76,1,2,82.0,4682.0,3189.6
4,max_power_bg_invert,77,1,2,82.0,4681.0,3189.6
4,max_power_bg_invert,78,1,2,83.0,4681.0,3189.6
4,max_power_bg_invert,79,1,2,82.0,4681.0,3189.2
4,max_power_bg_invert,80,1,2,83.0,4650.0,3190.0
4,max_power_bg_invert,81,1,2,82.0,4675.0,3179.6
4,max_power_bg_invert,82,1,2,82.0,4675.0,3183.2
4,max_power_bg_invert,83,1,2,83.0,4664.0,3189.6
4,max_power_bg_invert,84,1,2,83.0,4665.0,3189.2
4,max_power_bg_invert,85,1,2,83.0,4661.0,3192.0
4,max_power_bg_invert,86,1,2,83.0,4666.0,3192.0
4,max_power_bg_invert,87,1,2,83.0,4662.0,3193.2
4,max_power_bg_invert,88,1,2,82.0,4665.0,3191.6
4,max_power_bg_invert,89,1,2,83.0,4673.0,3186.4
4,max_power_bg_invert,90,1,2,83.0,4671.0,3190.0
4,max_power_bg_invert,0,1,3,75.0,1325.0,3132.8
4,max_power_bg_invert,1,1,3,82.0,4210.0,2792.0
4,max_power_bg_invert,2,1,3,82.0,4357.0,2972.0
4,max_power_bg_invert,3,1,3,82.0,4417.0,3046.0
4,max_power_bg_invert,4,1,3,82.0,4443.0,3088.8
4,max_power_bg_invert,5,1,3,82.0,4461.0,3106.4
4,max_power_bg_invert,6,1,3,82.0,4475.0,3114.8
4,max_power_bg_invert,7,1,3,82.0,4486.0,3128.4
4,max_power_bg_invert,8,1,3,82.0,4493.0,3132.8
4,max_power_bg_invert,9,1,3,82.0,4496.0,3139.2
4,max_power_bg_invert,10,1,3,82.0,4501.0,3142.8
4,max_power_bg_invert,11,1,3,82.0,4505.0,3148.4
4,max_power_bg_invert,12,1,3,82.0,4509.0,3150.4
4,max_power_bg_invert,13,1,3,82.0,4512.0,3146.8
4,max_power_bg_invert,14,1,3,82.0,4513.0,3150.8
4,max_power_bg_invert,15,1,3,82.0,4517.0,3152.8
4,max_power_bg_invert,16,1,3,82.0,4521.0,3152.8
4,max_power_bg_invert,17,1,3,83.0,4522.0,3156.8
4,max_power_bg_invert,18,1,3,82.0,4523.0,3156.8
4,max_power_bg_invert,19,1,3,82.0,4524.0,3160.8
4,max_power_bg_invert,20,1,3,82.0,4526.0,3160.0
4,max_power_bg_invert,21,1,3,82.0,4527.0,3159.6
4,max_power_bg_invert,22,1,3,83.0,4529.0,3163.2
4,max_power_bg_invert,23,1,3,82.0,4529.0,3162.4
4,max_power_bg_invert,24,1,3,82.0,4529.0,3162.0
4,max_power_bg_invert,25,1,3,82.0,4530.0,3162.0
4,max_power_bg_invert,26,1,3,82.0,4531.0,3162.4
4,max_power_bg_invert,27,1,3,83.0,4530.0,3166.8
4,max_power_bg_invert,28,1,3,82.0,4529.0,3168.0
4,max_power_bg_invert,29,1,3,83.0,4528.0,3167.6
4,max_power_bg_invert,30,1,3,82.0,4530.0,3165.6
4,max_power_bg_invert,31,1,3,83.0,4532.0,3164.0
4,max_power_bg_invert,32,1,3,82.0,4532.0,3164.0
4,max_power_bg_invert,33,1,3,82.0,4531.0,3169.2
4,max_power_bg_invert,34,1,3,82.0,4531.0,3168.4
4,max_power_bg_invert,35,1,3,83.0,4531.0,3167.2
4,max_power_bg_invert,36,1,3,82.0,4531.0,3167.2
4,max_power_bg_invert,37,1,3,83.0,4531.0,3167.2
4,max_power_bg_invert,38,1,3,82.0,4531.0,3167.2
4,max_power_bg_invert,39,1,3,83.0,4533.0,3165.6
4,max_power_bg_invert,40,1,3,82.0,4520.0,3181.2
4,max_power_bg_invert,41,1,3,82.0,4529.0,3173.6
4,max_power_bg_invert,42,1,3,83.0,4529.0,3171.2
4,max_power_bg_invert,43,1,3,83.0,4533.0,3167.6
4,max_power_bg_invert,44,1,3,83.0,4520.0,3180.4
4,max_power_bg_invert,45,1,3,83.0,4525.0,3175.6
4,max_power_bg_invert,46,1,3,82.0,4528.0,3174.4
4,max_power_bg_invert,47,1,3,82.0,4529.0,3174.4
4,max_power_bg_invert,48,1,3,83.0,4531.0,3174.8
4,max_power_bg_invert,49,1,3,83.0,4531.0,3173.6
4,max_power_bg_invert,50,1,3,83.0,4534.0,3172.4
4,max_power_bg_invert,51,1,3,83.0,4535.0,3173.6
4,max_power_bg_invert,52,1,3,82.0,4537.0,3172.8
4,max_power_bg_invert,53,1,3,82.0,4538.0,3169.2
4,max_power_bg_invert,54,1,3,83.0,4539.0,3172.4
4,max_power_bg_invert,55,1,3,83.0,4540.0,3172.4
4,max_power_bg_invert,56,1,3,83.0,4540.0,3171.6
4,max_power_bg_invert,57,1,3,83.0,4540.0,3170.8
4,max_power_bg_invert,58,1,3,83.0,4541.0,3170.8
4,max_power_bg_invert,59,1,3,83.0,4541.0,3176.4
4,max_power_bg_invert,60,1,3,83.0,4542.0,3175.2
4,max_power_bg_invert,61,1,3,83.0,4543.0,3173.2
4,max_power_bg_invert,62,1,3,83.0,4544.0,3172.8
4,max_power_bg_invert,63,1,3,83.0,4545.0,3176.4
4,max_power_bg_invert,64,1,3,83.0,4546.0,3176.0
4,max_power_bg_invert,65,1,3,83.0,4546.0,3176.0
4,max_power_bg_invert,66,1,3,83.0,4545.0,3176.8
4,max_power_bg_invert,67,1,3,83.0,4545.0,3177.2
4,max_power_bg_invert,68,1,3,83.0,4545.0,3178.0
4,max_power_bg_invert,69,1,3,83.0,4546.0,3182.8
4,max_power_bg_invert,70,1,3,83.0,4544.0,3183.2
4,max_power_bg_invert,71,1,3,83.0,4543.0,3184.0
4,max_power_bg_invert,72,1,3,83.0,4544.0,3184.0
4,max_power_bg_invert,73,1,3,83.0,4544.0,3183.2
4,max_power_bg_invert,74,1,3,83.0,4543.0,3184.0
4,max_power_bg_invert,75,1,3,83.0,4544.0,3183.2
4,max_power_bg_invert,76,1,3,83.0,4544.0,3183.2
4,max_power_bg_invert,77,1,3,83.0,4543.0,3184.0
4,max_power_bg_invert,78,1,3,83.0,4543.0,3184.0
4,max_power_bg_invert,79,1,3,83.0,4543.0,3188.8
4,max_power_bg_invert,80,1,3,83.0,4530.0,3201.2
4,max_power_bg_invert,81,1,3,83.0,4555.0,3197.2
4,max_power_bg_invert,82,1,3,83.0,4553.0,3194.4
4,max_power_bg_invert,83,1,3,83.0,4556.0,3189.2
4,max_power_bg_invert,84,1,3,83.0,4553.0,3194.8
4,max_power_bg_invert,85,1,3,83.0,4547.0,3197.6
4,max_power_bg_invert,86,1,3,83.0,4550.0,3193.2
4,max_power_bg_invert,87,1,3,83.0,4551.0,3192.8
4,max_power_bg_invert,88,1,3,83.0,4553.0,3192.4
4,max_power_bg_invert,89,1,3,83.0,4554.0,3195.2
4,max_power_bg_invert,90,1,3,83.0,4555.0,3196.4
4,max_power_bg_invert,0,2,3,75.0,1350.0,3132.4
4,max_power_bg_invert,1,2,3,81.0,4250.0,2756.0
4,max_power_bg_invert,2,2,3,82.0,4400.0,2976.4
4,max_power_bg_invert,3,2,3,82.0,4465.0,3042.4
4,max_power_bg_invert,4,2,3,82.0,4500.0,3077.6
4,max_power_bg_invert,5,2,3,82.0,4516.0,3091.6
4,max_power_bg_invert,6,2,3,82.0,4529.0,3105.2
4,max_power_bg_invert,7,2,3,82.0,4535.0,3115.6
4,max_power_bg_invert,8,2,3,82.0,4541.0,3125.6
4,max_power_bg_invert,9,2,3,82.0,4544.0,3124.8
4,max_power_bg_invert,10,2,3,82.0,4549.0,3130.0
4,max_power_bg_invert,11,2,3,82.0,4549.0,3133.2
4,max_power_bg_invert,12,2,3,82.0,4552.0,3134.8
4,max_power_bg_invert,13,2,3,82.0,4553.0,3138.4
4,max_power_bg_invert,14,2,3,82.0,4555.0,3142.4
4,max_power_bg_invert,15,2,3,82.0,4560.0,3140.8
4,max_power_bg_invert,16,2,3,82.0,4564.0,3144.4
4,max_power_bg_invert,17,2,3,82.0,4566.0,3149.2
4,max_power_bg_invert,18,2,3,82.0,4568.0,3147.2
4,max_power_bg_invert,19,2,3,82.0,4569.0,3146.4
4,max_power_bg_invert,20,2,3,82.0,4570.0,3150.8
4,max_power_bg_invert,21,2,3,82.0,4572.0,3150.8
4,max_power_bg_invert,22,2,3,82.0,4573.0,3150.0
4,max_power_bg_invert,23,2,3,82.0,4574.0,3154.4
4,max_power_bg_invert,24,2,3,82.0,4574.0,3154.0
4,max_power_bg_invert,25,2,3,82.0,4576.0,3154.0
4,max_power_bg_invert,26,2,3,82.0,4577.0,3153.2
4,max_power_bg_invert,27,2,3,82.0,4578.0,3152.4
4,max_power_bg_invert,28,2,3,82.0,4578.0,3156.8
4,max_power_bg_invert,29,2,3,82.0,4578.0,3156.4
4,max_power_bg_invert,30,2,3,82.0,4578.0,3156.4
4,max_power_bg_invert,31,2,3,82.0,4579.0,3156.0
4,max_power_bg_invert,32,2,3,82.0,4580.0,3154.8
4,max_power_bg_invert,33,2,3,82.0,4581.0,3154.4
4,max_power_bg_invert,34,2,3,82.0,4581.0,3158.8
4,max_power_bg_invert,35,2,3,82.0,4581.0,3158.8
4,max_power_bg_invert,36,2,3,82.0,4582.0,3158.0
4,max_power_bg_invert,37,2,3,82.0,4583.0,3158.0
4,max_power_bg_invert,38,2,3,82.0,4582.0,3158.0
4,max_power_bg_invert,39,2,3,82.0,4582.0,3158.4
4,max_power_bg_invert,40,2,3,82.0,4550.0,3216.4
4,max_power_bg_invert,41,2,3,82.0,4575.0,3209.2
4,max_power_bg_invert,42,2,3,82.0,4589.0,3194.8
4,max_power_bg_invert,43,2,3,82.0,4587.0,3188.8
4,max_power_bg_invert,44,2,3,82.0,4583.0,3188.4
4,max_power_bg_invert,45,2,3,82.0,4584.0,3191.6
4,max_power_bg_invert,46,2,3,82.0,4586.0,3191.6
4,max_power_bg_invert,47,2,3,82.0,4588.0,3188.8
4,max_power_bg_invert,48,2,3,82.0,4590.0,3194.0
4,max_power_bg_invert,49,2,3,82.0,4590.0,3193.2
4,max_power_bg_invert,50,2,3,82.0,4586.0,3193.2
4,max_power_bg_invert,51,2,3,82.0,4584.0,3192.8
4,max_power_bg_invert,52,2,3,82.0,4585.0,3196.4
4,max_power_bg_invert,53,2,3,82.0,4584.0,3197.2
4,max_power_bg_invert,54,2,3,82.0,4582.0,3198.0
4,max_power_bg_invert,55,2,3,82.0,4583.0,3195.6
4,max_power_bg_invert,56,2,3,82.0,4584.0,3196.0
4,max_power_bg_invert,57,2,3,82.0,4583.0,3196.4
4,max_power_bg_invert,58,2,3,82.0,4584.0,3195.6
4,max_power_bg_invert,59,2,3,82.0,4586.0,3194.4
4,max_power_bg_invert,60,2,3,82.0,4585.0,3194.0
4,max_power_bg_invert,61,2,3,82.0,4586.0,3193.2
4,max_power_bg_invert,62,2,3,82.0,4587.0,3193.2
4,max_power_bg_invert,63,2,3,82.0,4588.0,3191.6
4,max_power_bg_invert,64,2,3,82.0,4589.0,3191.6
4,max_power_bg_invert,65,2,3,82.0,4587.0,3196.4
4,max_power_bg_invert,66,2,3,82.0,4587.0,3196.4
4,max_power_bg_invert,67,2,3,82.0,4587.0,3196.4
4,max_power_bg_invert,68,2,3,82.0,4586.0,3196.8
4,max_power_bg_invert,69,2,3,82.0,4586.0,3196.0
4,max_power_bg_invert,70,2,3,82.0,4587.0,3195.2
4,max_power_bg_invert,71,2,3,82.0,4587.0,3194.4
4,max_power_bg_invert,72,2,3,83.0,4587.0,3194.0
4,max_power_bg_invert,73,2,3,82.0,4587.0,3193.2
4,max_power_bg_invert,74,2,3,82.0,4587.0,3194.0
4,max_power_bg_invert,75,2,3,82.0,4588.0,3192.8
4,max_power_bg_invert,76,2,3,82.0,4588.0,3192.8
4,max_power_bg_invert,77,2,3,82.0,4588.0,3192.8
4,max_power_bg_invert,78,2,3,82.0,4590.0,3192.0
4,max_power_bg_invert,79,2,3,82.0,4590.0,3191.2
4,max_power_bg_invert,80,2,3,82.0,4579.0,3177.2
4,max_power_bg_invert,81,2,3,82.0,4579.0,3190.0
4,max_power_bg_invert,82,2,3,82.0,4573.0,3197.6
4,max_power_bg_invert,83,2,3,82.0,4572.0,3194.0
4,max_power_bg_invert,84,2,3,82.0,4579.0,3188.8
4,max_power_bg_invert,85,2,3,82.0,4582.0,3187.2
4,max_power_bg_invert,86,2,3,82.0,4585.0,3188.4
4,max_power_bg_invert,87,2,3,83.0,4584.0,3189.6
4,max_power_bg_invert,88,2,3,82.0,4585.0,3188.4
4,max_power_bg_invert,89,2,3,83.0,4584.0,3190.4
4,max_power_bg_invert,90,2,3,82.0,4584.0,3191.2
5,max_power_bg_invert,0,0,1,73.0,1162.0,3044.8
5,max_power_bg_invert,1,0,1,80.0,3950.0,2686.0
5,max_power_bg_invert,2,0,1,80.0,4080.0,2907.6
5,max_power_bg_invert,3,0,1,80.0,4124.0,2974.0
5,max_power_bg_invert,4,0,1,81.0,4153.0,3006.8
5,max_power_bg_invert,5,0,1,81.0,4167.0,3026.0
5,max_power_bg_invert,6,0,1,81.0,4181.0,3046.8
5,max_power_bg_invert,7,0,1,81.0,4194.0,3050.8
5,max_power_bg_invert,8,0,1,81.0,4202.0,3056.8
5,max_power_bg_invert,9,0,1,81.0,4209.0,3059.6
5,max_power_bg_invert,10,0,1,81.0,4209.0,3069.2
5,max_power_bg_invert,11,0,1,81.0,4211.0,3074.4
5,max_power_bg_invert,12,0,1,81.0,4211.0,3078.4
5,max_power_bg_invert,13,0,1,81.0,4211.0,3084.8
5,max_power_bg_invert,14,0,1,81.0,4213.0,3089.2
5,max_power_bg_invert,15,0,1,81.0,4214.0,3093.2
5,max_power_bg_invert,16,0,1,81.0,4217.0,3090.8
5,max_power_bg_invert,17,0,1,81.0,4220.0,3092.8
5,max_power_bg_invert,18,0,1,81.0,4221.0,3097.6
5,max_power_bg_invert,19,0,1,81.0,4222.0,3096.4
5,max_power_bg_invert,20,0,1,81.0,4225.0,3098.4
5,max_power_bg_invert,21,0,1,81.0,4225.0,3097.6
5,max_power_bg_invert,22,0,1,81.0,4226.0,3102.8
5,max_power_bg_invert,23,0,1,81.0,4229.0,3100.8
5,max_power_bg_invert,24,0,1,81.0,4232.0,3104.8
5,max_power_bg_invert,25,0,1,81.0,4233.0,3103.2
5,max_power_bg_invert,26,0,1,81.0,4235.0,3107.2
5,max_power_bg_invert,27,0,1,81.0,4236.0,3108.4
5,max_power_bg_invert,28,0,1,81.0,4238.0,3105.6
5,max_power_bg_invert,29,0,1,81.0,4238.0,3112.8
5,max_power_bg_invert,30,0,1,81.0,4239.0,3112.0
5,max_power_bg_invert,31,0,1,81.0,4239.0,3112.4
5,max_power_bg_invert,32,0,1,81.0,4239.0,3116.4
5,max_power_bg_invert,33,0,1,81.0,4240.0,3116.0
5,max_power_bg_invert,34,0,1,81.0,4241.0,3114.4
5,max_power_bg_invert,35,0,1,81.0,4241.0,3114.0
5,max_power_bg_invert,36,0,1,81.0,4243.0,3113.2
5,max_power_bg_invert,37,0,1,81.0,4244.0,3116.8
5,max_power_bg_invert,38,0,1,81.0,4246.0,3116.0
5,max_power_bg_invert,39,0,1,81.0,4246.0,3115.6
5,max_power_bg_invert,40,0,1,81.0,4250.0,3129.2
5,max_power_bg_invert,41,0,1,81.0,4275.0,3118.4
5,max_power_bg_invert,42,0,1,81.0,4253.0,3125.2
5,max_power_bg_invert,43,0,1,81.0,4256.0,3126.8
5,max_power_bg_invert,44,0,1,81.0,4253.0,3128.4
5,max_power_bg_invert,45,0,1,81.0,4250.0,3132.8
5,max_power_bg_invert,46,0,1,81.0,4253.0,3130.0
5,max_power_bg_invert,47,0,1,81.0,4250.0,3132.0
5,max_power_bg_invert,48,0,1,81.0,4251.0,3132.0
5,max_power_bg_invert,49,0,1,81.0,4253.0,3132.0
5,max_power_bg_invert,50,0,1,81.0,4249.0,3134.4
5,max_power_bg_invert,51,0,1,81.0,4248.0,3134.4
5,max_power_bg_invert,52,0,1,81.0,4249.0,3132.8
5,max_power_bg_invert,53,0,1,81.0,4249.0,3132.4
5,max_power_bg_invert,54,0,1,81.0,4248.0,3132.0
5,max_power_bg_invert,55,0,1,81.0,4248.0,3131.6
5,max_power_bg_invert,56,0,1,81.0,4250.0,3130.4
5,max_power_bg_invert,57,0,1,81.0,4249.0,3130.0
5,max_power_bg_invert,58,0,1,81.0,4250.0,3127.6
5,max_power_bg_invert,59,0,1,81.0,4250.0,3127.6
5,max_power_bg_invert,60,0,1,81.0,4250.0,3127.2
5,max_power_bg_invert,61,0,1,81.0,4249.0,3127.2
5,max_power_bg_invert,62,0,1,81.0,4250.0,3127.6
5,max_power_bg_invert,63,0,1,81.0,4250.0,3128.0
5,max_power_bg_invert,64,0,1,81.0,4249.0,3128.4
5,max_power_bg_invert,65,0,1,81.0,4249.0,3128.4
5,max_power_bg_invert,66,0,1,81.0,4249.0,3127.6
5,max_power_bg_invert,67,0,1,81.0,4249.0,3127.2
5,max_power_bg_invert,68,0,1,81.0,4248.0,3127.6
5,max_power_bg_invert,69,0,1,81.0,4247.0,3128.0
5,max_power_bg_invert,70,0,1,81.0,4247.0,3128.4
5,max_power_bg_invert,71,0,1,81.0,4248.0,3127.2
5,max_power_bg_invert,72,0,1,81.0,4248.0,3126.4
5,max_power_bg_invert,73,0,1,81.0,4249.0,3125.6
5,max_power_bg_invert,74,0,1,81.0,4249.0,3126.0
5,max_power_bg_invert,75,0,1,81.0,4249.0,3125.2
5,max_power_bg_invert,76,0,1,81.0,4250.0,3125.2
5,max_power_bg_invert,77,0,1,81.0,4249.0,3124.4
5,max_power_bg_invert,78,0,1,81.0,4249.0,3124.4
5,max_power_bg_invert,79,0,1,81.0,4250.0,3124.4
5,max_power_bg_invert,80,0,1,81.0,4229.0,3102.4
5,max_power_bg_invert,81,0,1,81.0,4229.0,3119.6
5,max_power_bg_invert,82,0,1,81.0,4231.0,3118.0
5,max_power_bg_invert,83,0,1,81.0,4251.0,3114.8
5,max_power_bg_invert,84,0,1,81.0,4248.0,3111.2
5,max_power_bg_invert,85,0,1,81.0,4250.0,3111.6
5,max_power_bg_invert,86,0,1,81.0,4252.0,3111.6
5,max_power_bg_invert,87,0,1,81.0,4252.0,3112.8
5,max_power_bg_invert,88,0,1,81.0,4250.0,3113.6
5,max_power_bg_invert,89,0,1,81.0,4245.0,3115.6
5,max_power_bg_invert,90,0,1,81.0,4242.0,3115.6
5,max_power_bg_invert,0,0,2,73.0,1150.0,3074.4
5,max_power_bg_invert,1,0,2,81.0,4120.0,2763.6
5,max_power_bg_invert,2,0,2,81.0,4294.0,2937.6
5,max_power_bg_invert,3,0,2,81.0,4365.0,3007.2
5,max_power_bg_invert,4,0,2,81.0,4394.0,3044.0
5,max_power_bg_invert,5,0,2,81.0,4410.0,3063.6
5,max_power_bg_invert,6,0,2,82.0,4422.0,3075.2
5,max_power_bg_invert,7,0,2,81.0,4432.0,3080.0
5,max_power_bg_invert,8,0,2,81.0,4442.0,3089.6
5,max_power_bg_invert,9,0,2,82.0,4451.0,3089.6
5,max_power_bg_invert,10,0,2,81.0,4459.0,3095.2
5,max_power_bg_invert,11,0,2,82.0,4464.0,3094.8
5,max_power_bg_invert,12,0,2,81.0,4467.0,3095.6
5,max_power_bg_invert,13,0,2,81.0,4472.0,3098.0
5,max_power_bg_invert,14,0,2,82.0,4473.0,3095.6
5,max_power_bg_invert,15,0,2,82.0,4473.0,3099.2
5,max_power_bg_invert,16,0,2,82.0,4473.0,3104.4
5,max_power_bg_invert,17,0,2,82.0,4475.0,3102.8
5,max_power_bg_invert,18,0,2,82.0,4477.0,3100.8
5,max_power_bg_invert,19,0,2,82.0,4480.0,3104.0
5,max_power_bg_invert,20,0,2,82.0,4482.0,3102.4
5,max_power_bg_invert,21,0,2,82.0,4482.0,3102.4
5,max_power_bg_invert,22,0,2,82.0,4482.0,3106.0
5,max_power_bg_invert,23,0,2,82.0,4481.0,3106.4
5,max_power_bg_invert,24,0,2,82.0,4483.0,3104.4
5,max_power_bg_invert,25,0,2,82.0,4485.0,3102.8
5,max_power_bg_invert,26,0,2,82.0,4486.0,3107.2
5,max_power_bg_invert,27,0,2,82.0,4487.0,3105.6
5,max_power_bg_invert,28,0,2,82.0,4488.0,3104.4
5,max_power_bg_invert,29,0,2,82.0,4489.0,3104.0
5,max_power_bg_invert,30,0,2,82.0,4490.0,3103.2
5,max_power_bg_invert,31,0,2,82.0,4490.0,3103.2
5,max_power_bg_invert,32,0,2,82.0,4491.0,3108.0
5,max_power_bg_invert,33,0,2,82.0,4491.0,3107.6
5,max_power_bg_invert,34,0,2,82.0,4491.0,3108.0
5,max_power_bg_invert,35,0,2,82.0,4492.0,3107.6
5,max_power_bg_invert,36,0,2,82.0,4493.0,3106.8
5,max_power_bg_invert,37,0,2,82.0,4493.0,3106.8
5,max_power_bg_invert,38,0,2,82.0,4493.0,3107.6
5,max_power_bg_invert,39,0,2,82.0,4494.0,3108.0
5,max_power_bg_invert,40,0,2,82.0,4520.0,3124.4
5,max_power_bg_invert,41,0,2,82.0,4530.0,3116.0
5,max_power_bg_invert,42,0,2,82.0,4506.0,3127.2
5,max_power_bg_invert,43,0,2,82.0,4510.0,3112.8
5,max_power_bg_invert,44,0,2,82.0,4512.0,3104.8
5,max_power_bg_invert,45,0,2,82.0,4515.0,3099.6
5,max_power_bg_invert,46,0,2,82.0,4516.0,3098.4
5,max_power_bg_invert,47,0,2,82.0,4515.0,3096.8
5,max_power_bg_invert,48,0,2,82.0,4510.0,3103.2
5,max_power_bg_invert,49,0,2,82.0,4507.0,3103.6
5,max_power_bg_invert,50,0,2,82.0,4509.0,3103.2
5,max_power_bg_invert,51,0,2,82.0,4512.0,3101.2
5,max_power_bg_invert,52,0,2,82.0,4511.0,3106.8
5,max_power_bg_invert,53,0,2,82.0,4509.0,3110.8
5,max_power_bg_invert,54,0,2,82.0,4509.0,3111.2
5,max_power_bg_invert,55,0,2,82.0,4508.0,3117.6
5,max_power_bg_invert,56,0,2,82.0,4512.0,3115.2
5,max_power_bg_invert,57,0,2,82.0,4511.0,3116.0
5,max_power_bg_invert,58,0,2,82.0,4512.0,3119.6
5,max_power_bg_invert,59,0,2,82.0,4512.0,3119.6
5,max_power_bg_invert,60,0,2,82.0,4512.0,3119.6
5,max_power_bg_invert,61,0,2,82.0,4513.0,3118.0
5,max_power_bg_invert,62,0,2,82.0,4512.0,3122.0
5,max_power_bg_invert,63,0,2,82.0,4512.0,3122.0
5,max_power_bg_invert,64,0,2,82.0,4512.0,3121.6
5,max_power_bg_invert,65,0,2,82.0,4513.0,3120.4
5,max_power_bg_invert,66,0,2,82.0,4512.0,3120.8
5,max_power_bg_invert,67,0,2,82.0,4515.0,3118.8
5,max_power_bg_invert,68,0,2,82.0,4515.0,3122.8
5,max_power_bg_invert,69,0,2,82.0,4513.0,3123.2
5,max_power_bg_invert,70,0,2,82.0,4514.0,3122.4
5,max_power_bg_invert,71,0,2,82.0,4514.0,3122.0
5,max_power_bg_invert,72,0,2,82.0,4514.0,3121.6
5,max_power_bg_invert,73,0,2,82.0,4515.0,3120.0
5,max_power_bg_invert,74,0,2,82.0,4515.0,3119.6
5,max_power_bg_invert,75,0,2,82.0,4515.0,3119.2
5,max_power_bg_invert,76,0,2,82.0,4515.0,3118.8
5,max_power_bg_invert,77,0,2,82.0,4514.0,3123.2
5,max_power_bg_invert,78,0,2,82.0,4514.0,3123.2
5,max_power_bg_invert,79,0,2,82.0,4514.0,3122.8
5,max_power_bg_invert,80,0,2,82.0,4530.0,3113.6
5,max_power_bg_invert,81,0,2,82.0,4505.0,3132.8
5,max_power_bg_invert,82,0,2,82.0,4510.0,3138.8
5,max_power_bg_invert,83,0,2,82.0,4512.0,3140.8
5,max_power_bg_invert,84,0,2,82.0,4508.0,3142.0
5,max_power_bg_invert,85,0,2,82.0,4510.0,3136.8
5,max_power_bg_invert,86,0,2,82.0,4508.0,3134.0
5,max_power_bg_invert,87,0,2,82.0,4512.0,3127.6
5,max_power_bg_invert,88,0,2,82.0,4510.0,3130.0
5,max_power_bg_invert,89,0,2,82.0,4509.0,3128.0
5,max_power_bg_invert,90,0,2,82.0,4510.0,3128.8
5,max_power_bg_invert,0,0,3,74.0,1137.0,3096.0
5,max_power_bg_invert,1,0,3,82.0,4330.0,2594.4
5,max_power_bg_invert,2,0,3,82.0,4350.0,2863.6
5,max_power_bg_invert,3,0,3,82.0,4344.0,2954.4
5,max_power_bg_invert,4,0,3,82.0,4343.0,2998.4
5,max_power_bg_invert,5,0,3,82.0,4344.0,3024.4
5,max_power_bg_invert,6,0,3,82.0,4345.0,3041.2
5,max_power_bg_invert,7,0,3,82.0,4345.0,3053.2
5,max_power_bg_invert,8,0,3,82.0,4350.0,3059.6
5,max_power_bg_invert,9,0,3,82.0,4356.0,3066.8
5,max_power_bg_invert,10,0,3,82.0,4358.0,3075.6
5,max_power_bg_invert,11,0,3,82.0,4359.0,3077.6
5,max_power_bg_invert,12,0,3,82.0,4359.0,3080.4
5,max_power_bg_invert,13,0,3,82.0,4356.0,3085.2
5,max_power_bg_invert,14,0,3,82.0,4356.0,3083.6
5,max_power_bg_invert,15,0,3,82.0,4358.0,3087.6
5,max_power_bg_invert,16,0,3,82.0,4360.0,3086.0
5,max_power_bg_invert,17,0,3,82.0,4360.0,3090.4
5,max_power_bg_invert,18,0,3,82.0,4359.0,3090.0
5,max_power_bg_invert,19,0,3,82.0,4359.0,3094.8
5,max_power_bg_invert,20,0,3,82.0,4361.0,3094.4
5,max_power_bg_invert,21,0,3,82.0,4361.0,3092.8
5,max_power_bg_invert,22,0,3,82.0,4362.0,3097.2
5,max_power_bg_invert,23,0,3,82.0,4363.0,3097.2
5,max_power_bg_invert,24,0,3,82.0,4362.0,3097.6
5,max_power_bg_invert,25,0,3,82.0,4363.0,3101.6
5,max_power_bg_invert,26,0,3,82.0,4363.0,3101.2
5,max_power_bg_invert,27,0,3,82.0,4364.0,3101.2
5,max_power_bg_invert,28,0,3,82.0,4364.0,3105.2
5,max_power_bg_invert,29,0,3,82.0,4363.0,3105.2
5,max_power_bg_invert,30,0,3,82.0,4363.0,3104.8
5,max_power_bg_invert,31,0,3,82.0,4362.0,3109.6
5,max_power_bg_invert,32,0,3,82.0,4363.0,3109.2
5,max_power_bg_invert,33,0,3,82.0,4363.0,3109.2
5,max_power_bg_invert,34,0,3,82.0,4363.0,3113.6
5,max_power_bg_invert,35,0,3,82.0,4364.0,3113.2
5,max_power_bg_invert,36,0,3,82.0,4364.0,3112.4
5,max_power_bg_invert,37,0,3,82.0,4363.0,3113.2
5,max_power_bg_invert,38,0,3,82.0,4363.0,3112.8
5,max_power_bg_invert,39,0,3,82.0,4364.0,3117.2
5,max_power_bg_invert,40,0,3,82.0,4356.0,3120.4
5,max_power_bg_invert,41,0,3,82.0,4368.0,3131.6
5,max_power_bg_invert,42,0,3,82.0,4358.0,3134.0
5,max_power_bg_invert,43,0,3,82.0,4359.0,3132.0
5,max_power_bg_invert,44,0,3,82.0,4358.0,3132.4
5,max_power_bg_invert,45,0,3,82.0,4362.0,3129.2
5,max_power_bg_invert,46,0,3,82.0,4361.0,3130.0
5,max_power_bg_invert,47,0,3,82.0,4360.0,3132.0
5,max_power_bg_invert,48,0,3,82.0,4364.0,3132.0
5,max_power_bg_invert,49,0,3,82.0,4363.0,3131.6
5,max_power_bg_invert,50,0,3,82.0,4365.0,3130.8
5,max_power_bg_invert,51,0,3,83.0,4365.0,3130.4
5,max_power_bg_invert,52,0,3,83.0,4366.0,3130.0
5,max_power_bg_invert,53,0,3,83.0,4366.0,3132.0
5,max_power_bg_invert,54,0,3,83.0,4366.0,3130.8
5,max_power_bg_invert,55,0,3,83.0,4364.0,3131.6
5,max_power_bg_invert,56,0,3,83.0,4361.0,3132.4
5,max_power_bg_invert,57,0,3,83.0,4361.0,3132.8
5,max_power_bg_invert,58,0,3,82.0,4361.0,3130.8
5,max_power_bg_invert,59,0,3,82.0,4360.0,3130.8
5,max_power_bg_invert,60,0,3,82.0,4359.0,3129.6
5,max_power_bg_invert,61,0,3,82.0,4360.0,3128.8
5,max_power_bg_invert,62,0,3,82.0,4362.0,3129.6
5,max_power_bg_invert,63,0,3,82.0,4364.0,3129.6
5,max_power_bg_invert,64,0,3,82.0,4363.0,3130.0
5,max_power_bg_invert,65,0,3,83.0,4364.0,3129.2
5,max_power_bg_invert,66,0,3,83.0,4363.0,3128.8
5,max_power_bg_invert,67,0,3,82.0,4363.0,3127.6
5,max_power_bg_invert,68,0,3,82.0,4363.0,3127.2
5,max_power_bg_invert,69,0,3,82.0,4363.0,3126.4
5,max_power_bg_invert,70,0,3,82.0,4365.0,3125.6
5,max_power_bg_invert,71,0,3,82.0,4366.0,3124.8
5,max_power_bg_invert,72,0,3,82.0,4366.0,3124.4
5,max_power_bg_invert,73,0,3,83.0,4365.0,3124.8
5,max_power_bg_invert,74,0,3,82.0,4365.0,3124.4
5,max_power_bg_invert,75,0,3,83.0,4365.0,3124.0
5,max_power_bg_invert,76,0,3,82.0,4365.0,3123.6
5,max_power_bg_invert,77,0,3,82.0,4364.0,3123.6
5,max_power_bg_invert,78,0,3,83.0,4364.0,3124.0
5,max_power_bg_invert,79,0,3,83.0,4364.0,3124.8
5,max_power_bg_invert,80,0,3,83.0,4342.0,3119.2
5,max_power_bg_invert,81,0,3,83.0,4368.0,3110.0
5,max_power_bg_invert,82,0,3,83.0,4375.0,3104.4
5,max_power_bg_invert,83,0,3,83.0,4371.0,3110.0
5,max_power_bg_invert,84,0,3,82.0,4365.0,3115.6
5,max_power_bg_invert,85,0,3,83.0,4368.0,3111.2
5,max_power_bg_invert,86,0,3,83.0,4370.0,3112.8
5,max_power_bg_invert,87,0,3,82.0,4370.0,3114.4
5,max_power_bg_invert,88,0,3,83.0,4367.0,3115.2
5,max_power_bg_invert,89,0,3,83.0,4368.0,3116.8
5,max_power_bg_invert,90,0,3,83.0,4367.0,3117.2
5,max_power_bg_invert,0,1,2,74.0,1162.0,3101.2
5,max_power_bg_invert,1,1,2,82.0,4310.0,2529.2
5,max_power_bg_invert,2,1,2,82.0,4339.0,2818.8
5,max_power_bg_invert,3,1,2,83.0,4348.0,2920.4
5,max_power_bg_invert,4,1,2,83.0,4356.0,2972.4
5,max_power_bg_invert,5,1,2,82.0,4353.0,3004.8
5,max_power_bg_invert,6,1,2,83.0,4359.0,3025.6
5,max_power_bg_invert,7,1,2,83.0,4352.0,3044.0
5,max_power_bg_invert,8,1,2,83.0,4356.0,3051.6
5,max_power_bg_invert,9,1,2,83.0,4357.0,3061.6
5,max_power_bg_invert,10,1,2,83.0,4356.0,3071.6
5,max_power_bg_invert,11,1,2,83.0,4355.0,3074.0
5,max_power_bg_invert,12,1,2,83.0,4358.0,3078.0
5,max_power_bg_invert,13,1,2,83.0,4358.0,3080.8
5,max_power_bg_invert,14,1,2,82.0,4359.0,3086.4
5,max_power_bg_invert,15,1,2,83.0,4360.0,3084.4
5,max_power_bg_invert,16,1,2,83.0,4358.0,3090.8
5,max_power_bg_invert,17,1,2,83.0,4359.0,3089.6
5,max_power_bg_invert,18,1,2,83.0,4361.0,3093.2
5,max_power_bg_invert,19,1,2,83.0,4362.0,3091.2
5,max_power_bg_invert,20,1,2,83.0,4361.0,3096.8
5,max_power_bg_invert,21,1,2,83.0,4360.0,3098.8
5,max_power_bg_invert,22,1,2,83.0,4359.0,3099.2
5,max_power_bg_invert,23,1,2,83.0,4358.0,3099.6
5,max_power_bg_invert,24,1,2,83.0,4358.0,3103.6
5,max_power_bg_invert,25,1,2,83.0,4358.0,3101.2
5,max_power_bg_invert,26,1,2,83.0,4358.0,3102.0
5,max_power_bg_invert,27,1,2,83.0,4358.0,3101.6
5,max_power_bg_invert,28,1,2,83.0,4357.0,3106.4
5,max_power_bg_invert,29,1,2,83.0,4357.0,3107.2
5,max_power_bg_invert,30,1,2,83.0,4358.0,3106.4
5,max_power_bg_invert,31,1,2,83.0,4357.0,3107.2
5,max_power_bg_invert,32,1,2,83.0,4357.0,3111.2
5,max_power_bg_invert,33,1,2,83.0,4358.0,3110.8
5,max_power_bg_invert,34,1,2,83.0,4358.0,3111.6
5,max_power_bg_invert,35,1,2,83.0,4359.0,3110.0
5,max_power_bg_invert,36,1,2,83.0,4359.0,3112.4
5,max_power_bg_invert,37,1,2,83.0,4360.0,3115.6
5,max_power_bg_invert,38,1,2,83.0,4361.0,3115.2
5,max_power_bg_invert,39,1,2,83.0,4361.0,3115.2
5,max_power_bg_invert,40,1,2,83.0,4360.0,3167.6
5,max_power_bg_invert,41,1,2,83.0,4380.0,3147.6
5,max_power_bg_invert,42,1,2,83.0,4386.0,3138.8
5,max_power_bg_invert,43,1,2,83.0,4384.0,3139.6
5,max_power_bg_invert,44,1,2,83.0,4375.0,3149.6
5,max_power_bg_invert,45,1,2,83.0,4371.0,3150.8
5,max_power_bg_invert,46,1,2,83.0,4366.0,3156.0
5,max_power_bg_invert,47,1,2,83.0,4362.0,3157.6
5,max_power_bg_invert,48,1,2,83.0,4361.0,3159.2
5,max_power_bg_invert,49,1,2,83.0,4364.0,3156.8
5,max_power_bg_invert,50,1,2,83.0,4364.0,3157.2
5,max_power_bg_invert,51,1,2,83.0,4367.0,3156.4
5,max_power_bg_invert,52,1,2,83.0,4367.0,3157.6
5,max_power_bg_invert,53,1,2,83.0,4368.0,3156.8
5,max_power_bg_invert,54,1,2,83.0,4371.0,3155.6
5,max_power_bg_invert,55,1,2,83.0,4371.0,3156.0
5,max_power_bg_invert,56,1,2,83.0,4370.0,3156.4
5,max_power_bg_invert,57,1,2,83.0,4371.0,3154.8
5,max_power_bg_invert,58,1,2,83.0,4372.0,3154.4
5,max_power_bg_invert,59,1,2,83.0,4372.0,3154.4
5,max_power_bg_invert,60,1,2,83.0,4373.0,3152.8
5,max_power_bg_invert,61,1,2,83.0,4374.0,3151.6
5,max_power_bg_invert,62,1,2,83.0,4374.0,3152.0
5,max_power_bg_invert,63,1,2,83.0,4373.0,3152.4
5,max_power_bg_invert,64,1,2,83.0,4373.0,3152.4
5,max_power_bg_invert,65,1,2,83.0,4374.0,3151.2
5,max_power_bg_invert,66,1,2,83.0,4374.0,3150.0
5,max_power_bg_invert,67,1,2,83.0,4374.0,3150.0
5,max_power_bg_invert,68,1,2,83.0,4374.0,3149.6
5,max_power_bg_invert,69,1,2,83.0,4373.0,3150.8
5,max_power_bg_invert,70,1,2,83.0,4373.0,3150.0
5,max_power_bg_invert,71,1,2,83.0,4375.0,3148.8
5,max_power_bg_invert,72,1,2,83.0,4375.0,3148.0
5,max_power_bg_invert,73,1,2,83.0,4375.0,3148.0
5,max_power_bg_invert,74,1,2,83.0,4375.0,3148.0
5,max_power_bg_invert,75,1,2,83.0,4376.0,3147.6
5,max_power_bg_invert,76,1,2,83.0,4376.0,3147.2
5,max_power_bg_invert,77,1,2,83.0,4376.0,3147.6
5,max_power_bg_invert,78,1,2,83.0,4375.0,3148.0
5,max_power_bg_invert,79,1,2,83.0,4375.0,3147.2
5,max_power_bg_invert,80,1,2,83.0,4367.0,3136.0
5,max_power_bg_invert,81,1,2,83.0,4378.0,3133.6
5,max_power_bg_invert,82,1,2,83.0,4382.0,3133.6
5,max_power_bg_invert,83,1,2,83.0,4381.0,3138.4
5,max_power_bg_invert,84,1,2,83.0,4377.0,3142.0
5,max_power_bg_invert,85,1,2,83.0,4374.0,3142.0
5,max_power_bg_invert,86,1,2,83.0,4373.0,3142.8
5,max_power_bg_invert,87,1,2,83.0,4374.0,3142.0
5,max_power_bg_invert,88,1,2,83.0,4373.0,3142.4
5,max_power_bg_invert,89,1,2,83.0,4375.0,3139.6
5,max_power_bg_invert,90,1,2,83.0,4375.0,3138.8
5,max_power_bg_invert,0,1,3,74.0,1175.0,3112.4
5,max_power_bg_invert,1,1,3,82.0,3910.0,2772.4
5,max_power_bg_invert,2,1,3,83.0,4057.0,2952.4
5,max_power_bg_invert,3,1,3,83.0,4110.0,3026.4
5,max_power_bg_invert,4,1,3,83.0,4141.0,3066.8
5,max_power_bg_invert,5,1,3,83.0,4161.0,3081.2
5,max_power_bg_invert,6,1,3,83.0,4168.0,3093.2
5,max_power_bg_invert,7,1,3,83.0,4176.0,3099.2
5,max_power_bg_invert,8,1,3,83.0,4185.0,3104.4
5,max_power_bg_invert,9,1,3,83.0,4189.0,3110.8
5,max_power_bg_invert,10,1,3,83.0,4192.0,3114.4
5,max_power_bg_invert,11,1,3,83.0,4197.0,3115.2
5,max_power_bg_invert,12,1,3,83.0,4196.0,3119.2
5,max_power_bg_invert,13,1,3,83.0,4199.0,3120.4
5,max_power_bg_invert,14,1,3,83.0,4201.0,3122.0
5,max_power_bg_invert,15,1,3,83.0,4202.0,3120.8
5,max_power_bg_invert,16,1,3,83.0,4201.0,3122.8
5,max_power_bg_invert,17,1,3,83.0,4201.0,3122.4
5,max_power_bg_invert,18,1,3,83.0,4204.0,3125.2
5,max_power_bg_invert,19,1,3,83.0,4205.0,3125.6
5,max_power_bg_invert,20,1,3,83.0,4205.0,3125.2
5,max_power_bg_invert,21,1,3,83.0,4204.0,3128.0
5,max_power_bg_invert,22,1,3,83.0,4205.0,3127.2
5,max_power_bg_invert,23,1,3,83.0,4205.0,3127.6
5,max_power_bg_invert,24,1,3,83.0,4206.0,3126.8
5,max_power_bg_invert,25,1,3,83.0,4207.0,3129.2
5,max_power_bg_invert,26,1,3,83.0,4208.0,3128.0
5,max_power_bg_invert,27,1,3,83.0,4207.0,3127.2
5,max_power_bg_invert,28,1,3,83.0,4207.0,3126.8
5,max_power_bg_invert,29,1,3,83.0,4208.0,3126.8
5,max_power_bg_invert,30,1,3,83.0,4209.0,3126.0
5,max_power_bg_invert,31,1,3,83.0,4208.0,3130.8
5,max_power_bg_invert,32,1,3,83.0,4207.0,3130.8
5,max_power_bg_invert,33,1,3,83.0,4208.0,3129.6
5,max_power_bg_invert,34,1,3,83.0,4207.0,3129.6
5,max_power_bg_invert,35,1,3,83.0,4207.0,3129.6
5,max_power_bg_invert,36,1,3,83.0,4207.0,3129.2
5,max_power_bg_invert,37,1,3,83.0,4207.0,3128.8
5,max_power_bg_invert,38,1,3,83.0,4208.0,3128.8
5,max_power_bg_invert,39,1,3,83.0,4208.0,3128.8
5,max_power_bg_invert,40,1,3,83.0,4230.0,3105.2
5,max_power_bg_invert,41,1,3,83.0,4255.0,3102.4
5,max_power_bg_invert,42,1,3,83.0,4246.0,3103.2
5,max_power_bg_invert,43,1,3,83.0,4235.0,3116.0
5,max_power_bg_invert,44,1,3,83.0,4226.0,3119.6
5,max_power_bg_invert,45,1,3,83.0,4230.0,3115.6
5,max_power_bg_invert,46,1,3,83.0,4232.0,3118.8
5,max_power_bg_invert,47,1,3,83.0,4228.0,3118.8
5,max_power_bg_invert,48,1,3,83.0,4228.0,3116.0
5,max_power_bg_invert,49,1,3,83.0,4228.0,3117.2
5,max_power_bg_invert,50,1,3,83.0,4227.0,3122.0
5,max_power_bg_invert,51,1,3,83.0,4226.0,3123.6
5,max_power_bg_invert,52,1,3,83.0,4227.0,3125.6
5,max_power_bg_invert,53,1,3,83.0,4229.0,3128.8
5,max_power_bg_invert,54,1,3,83.0,4228.0,3128.4
5,max_power_bg_invert,55,1,3,83.0,4226.0,3127.6
5,max_power_bg_invert,56,1,3,83.0,4230.0,3126.8
5,max_power_bg_invert,57,1,3,83.0,4231.0,3130.4
5,max_power_bg_invert,58,1,3,83.0,4232.0,3130.0
5,max_power_bg_invert,59,1,3,83.0,4231.0,3134.8
5,max_power_bg_invert,60,1,3,83.0,4229.0,3135.6
5,max_power_bg_invert,61,1,3,83.0,4228.0,3136.4
5,max_power_bg_invert,62,1,3,83.0,4228.0,3137.2
5,max_power_bg_invert,63,1,3,83.0,4227.0,3138.8
5,max_power_bg_invert,64,1,3,83.0,4228.0,3138.8
5,max_power_bg_invert,65,1,3,83.0,4227.0,3138.8
5,max_power_bg_invert,66,1,3,83.0,4228.0,3144.4
5,max_power_bg_invert,67,1,3,83.0,4228.0,3144.0
5,max_power_bg_invert,68,1,3,83.0,4228.0,3144.0
5,max_power_bg_invert,69,1,3,83.0,4226.0,3145.2
5,max_power_bg_invert,70,1,3,83.0,4226.0,3145.2
5,max_power_bg_invert,71,1,3,83.0,4227.0,3144.8
5,max_power_bg_invert,72,1,3,83.0,4226.0,3145.2
5,max_power_bg_invert,73,1,3,83.0,4226.0,3145.2
5,max_power_bg_invert,74,1,3,83.0,4228.0,3144.0
5,max_power_bg_invert,75,1,3,83.0,4228.0,3143.6
5,max_power_bg_invert,76,1,3,83.0,4229.0,3143.6
5,max_power_bg_invert,77,1,3,83.0,4228.0,3144.0
5,max_power_bg_invert,78,1,3,83.0,4228.0,3144.0
5,max_power_bg_invert,79,1,3,84.0,4228.0,3144.0
5,max_power_bg_invert,80,1,3,83.0,4240.0,3142.0
5,max_power_bg_invert,81,1,3,83.0,4235.0,3146.0
5,max_power_bg_invert,82,1,3,83.0,4223.0,3158.4
5,max_power_bg_invert,83,1,3,83.0,4225.0,3158.0
5,max_power_bg_invert,84,1,3,83.0,4226.0,3154.8
5,max_power_bg_invert,85,1,3,83.0,4223.0,3153.6
5,max_power_bg_invert,86,1,3,83.0,4218.0,3153.2
5,max_power_bg_invert,87,1,3,83.0,4217.0,3150.8
5,max_power_bg_invert,88,1,3,83.0,4215.0,3152.4
5,max_power_bg_invert,89,1,3,83.0,4219.0,3152.8
5,max_power_bg_invert,90,1,3,83.0,4216.0,3153.6
5,max_power_bg_invert,0,2,3,75.0,1162.0,3106.8
5,max_power_bg_invert,1,2,3,82.0,3950.0,2710.0
5,max_power_bg_invert,2,2,3,83.0,4085.0,2925.6
5,max_power_bg_invert,3,2,3,83.0,4148.0,2984.0
5,max_power_bg_invert,4,2,3,83.0,4179.0,3017.6
5,max_power_bg_invert,5,2,3,83.0,4202.0,3038.4
5,max_power_bg_invert,6,2,3,83.0,4208.0,3052.4
5,max_power_bg_invert,7,2,3,83.0,4213.0,3066.4
5,max_power_bg_invert,8,2,3,83.0,4220.0,3072.4
5,max_power_bg_invert,9,2,3,83.0,4225.0,3078.4
5,max_power_bg_invert,10,2,3,83.0,4226.0,3090.0
5,max_power_bg_invert,11,2,3,83.0,4229.0,3096.0
5,max_power_bg_invert,12,2,3,83.0,4229.0,3100.4
5,max_power_bg_invert,13,2,3,83.0,4233.0,3102.4
5,max_power_bg_invert,14,2,3,83.0,4232.0,3103.2
5,max_power_bg_invert,15,2,3,83.0,4235.0,3107.6
5,max_power_bg_invert,16,2,3,83.0,4237.0,3105.2
5,max_power_bg_invert,17,2,3,83.0,4238.0,3110.0
5,max_power_bg_invert,18,2,3,83.0,4239.0,3110.8
5,max_power_bg_invert,19,2,3,83.0,4242.0,3113.6
5,max_power_bg_invert,20,2,3,83.0,4245.0,3112.4
5,max_power_bg_invert,21,2,3,83.0,4246.0,3111.6
5,max_power_bg_invert,22,2,3,83.0,4248.0,3114.8
5,max_power_bg_invert,23,2,3,83.0,4249.0,3114.0
5,max_power_bg_invert,24,2,3,83.0,4249.0,3113.6
5,max_power_bg_invert,25,2,3,83.0,4250.0,3113.2
5,max_power_bg_invert,26,2,3,83.0,4251.0,3117.2
5,max_power_bg_invert,27,2,3,83.0,4252.0,3117.2
5,max_power_bg_invert,28,2,3,83.0,4251.0,3118.4
5,max_power_bg_invert,29,2,3,83.0,4253.0,3117.2
5,max_power_bg_invert,30,2,3,83.0,4252.0,3118.0
5,max_power_bg_invert,31,2,3,83.0,4252.0,3118.0
5,max_power_bg_invert,32,2,3,83.0,4254.0,3121.2
5,max_power_bg_invert,33,2,3,83.0,4254.0,3121.6
5,max_power_bg_invert,34,2,3,83.0,4255.0,3121.2
5,max_power_bg_invert,35,2,3,83.0,4257.0,3120.8
5,max_power_bg_invert,36,2,3,83.0,4257.0,3126.0
5,max_power_bg_invert,37,2,3,83.0,4258.0,3125.2
5,max_power_bg_invert,38,2,3,83.0,4259.0,3125.2
5,max_power_bg_invert,39,2,3,83.0,4260.0,3125.2
5,max_power_bg_invert,40,2,3,83.0,4310.0,3107.2
5,max_power_bg_invert,41,2,3,83.0,4300.0,3133.2
5,max_power_bg_invert,42,2,3,83.0,4286.0,3142.8
5,max_power_bg_invert,43,2,3,83.0,4289.0,3150.4
5,max_power_bg_invert,44,2,3,83.0,4289.0,3153.2
5,max_power_bg_invert,45,2,3,83.0,4288.0,3154.4
5,max_power_bg_invert,46,2,3,83.0,4286.0,3156.4
5,max_power_bg_invert,47,2,3,83.0,4283.0,3155.6
5,max_power_bg_invert,48,2,3,83.0,4282.0,3156.0
5,max_power_bg_invert,49,2,3,83.0,4278.0,3158.0
5,max_power_bg_invert,50,2,3,83.0,4282.0,3157.6
5,max_power_bg_invert,51,2,3,83.0,4281.0,3159.2
5,max_power_bg_invert,52,2,3,83.0,4281.0,3158.4
5,max_power_bg_invert,53,2,3,83.0,4281.0,3157.2
5,max_power_bg_invert,54,2,3,83.0,4283.0,3155.6
5,max_power_bg_invert,55,2,3,83.0,4283.0,3158.0
5,max_power_bg_invert,56,2,3,83.0,4284.0,3156.8
5,max_power_bg_invert,57,2,3,83.0,4284.0,3156.8
5,max_power_bg_invert,58,2,3,83.0,4283.0,3158.4
5,max_power_bg_invert,59,2,3,83.0,4283.0,3158.4
5,max_power_bg_invert,60,2,3,83.0,4283.0,3156.4
5,max_power_bg_invert,61,2,3,83.0,4282.0,3156.8
5,max_power_bg_invert,62,2,3,83.0,4281.0,3156.8
5,max_power_bg_invert,63,2,3,83.0,4279.0,3157.6
5,max_power_bg_invert,64,2,3,83.0,4277.0,3157.6
5,max_power_bg_invert,65,2,3,83.0,4276.0,3158.8
5,max_power_bg_invert,66,2,3,83.0,4275.0,3159.6
5,max_power_bg_invert,67,2,3,83.0,4276.0,3158.8
5,max_power_bg_invert,68,2,3,83.0,4275.0,3159.2
5,max_power_bg_invert,69,2,3,83.0,4275.0,3159.2
5,max_power_bg_invert,70,2,3,83.0,4274.0,3159.2
5,max_power_bg_invert,71,2,3,83.0,4274.0,3158.0
5,max_power_bg_invert,72,2,3,83.0,4274.0,3158.0
5,max_power_bg_invert,73,2,3,83.0,4273.0,3158.4
5,max_power_bg_invert,74,2,3,83.0,4273.0,3158.0
5,max_power_bg_invert,75,2,3,83.0,4272.0,3158.4
5,max_power_bg_invert,76,2,3,83.0,4272.0,3158.0
5,max_power_bg_invert,77,2,3,83.0,4272.0,3157.6
5,max_power_bg_invert,78,2,3,83.0,4272.0,3157.2
5,max_power_bg_invert,79,2,3,83.0,4272.0,3157.2
5,max_power_bg_invert,80,2,3,83.0,4260.0,3156.4
5,max_power_bg_invert,81,2,3,83.0,4265.0,3149.2
5,max_power_bg_invert,82,2,3,83.0,4263.0,3156.8
5,max_power_bg_invert,83,2,3,83.0,4261.0,3155.6
5,max_power_bg_invert,84,2,3,83.0,4263.0,3157.6
5,max_power_bg_invert,85,2,3,83.0,4264.0,3156.8
5,max_power_bg_invert,86,2,3,83.0,4263.0,3158.4
5,max_power_bg_invert,87,2,3,83.0,4262.0,3158.8
5,max_power_bg_invert,88,2,3,83.0,4256.0,3160.0
5,max_power_bg_invert,89,2,3,83.0,4255.0,3161.6
5,max_power_bg_invert,90,2,3,83.0,4256.0,3162.0
6,max_power_bg_invert,0,0,1,66.0,1300.0,3256.8
6,max_power_bg_invert,1,0,1,72.0,4390.0,2738.0
6,max_power_bg_invert,2,0,1,73.0,4425.0,3008.0
6,max_power_bg_invert,3,0,1,73.0,4420.0,3092.8
6,max_power_bg_invert,4,0,1,73.0,4407.0,3148.8
6,max_power_bg_invert,5,0,1,73.0,4406.0,3184.0
6,max_power_bg_invert,6,0,1,73.0,4405.0,3201.6
6,max_power_bg_invert,7,0,1,73.0,4402.0,3217.2
6,max_power_bg_invert,8,0,1,73.0,4401.0,3228.8
6,max_power_bg_invert,9,0,1,73.0,4397.0,3238.0
6,max_power_bg_invert,10,0,1,73.0,4396.0,3243.6
6,max_power_bg_invert,11,0,1,73.0,4397.0,3248.0
6,max_power_bg_invert,12,0,1,73.0,4395.0,3251.2
6,max_power_bg_invert,13,0,1,73.0,4398.0,3253.2
6,max_power_bg_invert,14,0,1,73.0,4397.0,3258.8
6,max_power_bg_invert,15,0,1,73.0,4397.0,3258.4
6,max_power_bg_invert,16,0,1,73.0,4399.0,3261.2
6,max_power_bg_invert,17,0,1,73.0,4399.0,3262.0
6,max_power_bg_invert,18,0,1,73.0,4401.0,3265.2
6,max_power_bg_invert,19,0,1,73.0,4401.0,3265.6
6,max_power_bg_invert,20,0,1,73.0,4400.0,3266.4
6,max_power_bg_invert,21,0,1,73.0,4400.0,3271.2
6,max_power_bg_invert,22,0,1,73.0,4400.0,3270.8
6,max_power_bg_invert,23,0,1,73.0,4401.0,3270.0
6,max_power_bg_invert,24,0,1,73.0,4399.0,3270.4
6,max_power_bg_invert,25,0,1,73.0,4398.0,3271.6
6,max_power_bg_invert,26,0,1,73.0,4397.0,3276.8
6,max_power_bg_invert,27,0,1,73.0,4398.0,3276.4
6,max_power_bg_invert,28,0,1,73.0,4397.0,3277.6
6,max_power_bg_invert,29,0,1,73.0,4397.0,3278.0
6,max_power_bg_invert,30,0,1,73.0,4397.0,3277.6
6,max_power_bg_invert,31,0,1,73.0,4397.0,3278.0
6,max_power_bg_invert,32,0,1,73.0,4398.0,3283.2
6,max_power_bg_invert,33,0,1,73.0,4397.0,3282.8
6,max_power_bg_invert,34,0,1,73.0,4398.0,3281.6
6,max_power_bg_invert,35,0,1,73.0,4398.0,3282.0
6,max_power_bg_invert,36,0,1,73.0,4398.0,3282.0
6,max_power_bg_invert,37,0,1,73.0,4398.0,3282.0
6,max_power_bg_invert,38,0,1,73.0,4397.0,3286.8
6,max_power_bg_invert,39,0,1,73.0,4396.0,3288.0
6,max_power_bg_invert,40,0,1,73.0,4379.0,3330.8
6,max_power_bg_invert,41,0,1,73.0,4385.0,3336.8
6,max_power_bg_invert,42,0,1,73.0,4386.0,3332.0
6,max_power_bg_invert,43,0,1,73.0,4384.0,3328.4
6,max_power_bg_invert,44,0,1,73.0,4377.0,3332.8
6,max_power_bg_invert,45,0,1,73.0,4376.0,3333.6
6,max_power_bg_invert,46,0,1,73.0,4378.0,3334.0
6,max_power_bg_invert,47,0,1,73.0,4378.0,3334.0
6,max_power_bg_invert,48,0,1,73.0,4374.0,3340.4
6,max_power_bg_invert,49,0,1,73.0,4377.0,3339.6
6,max_power_bg_invert,50,0,1,73.0,4379.0,3337.6
6,max_power_bg_invert,51,0,1,73.0,4380.0,3338.0
6,max_power_bg_invert,52,0,1,73.0,4381.0,3336.4
6,max_power_bg_invert,53,0,1,73.0,4386.0,3333.2
6,max_power_bg_invert,54,0,1,73.0,4388.0,3331.2
6,max_power_bg_invert,55,0,1,73.0,4389.0,3330.4
6,max_power_bg_invert,56,0,1,73.0,4389.0,3328.8
6,max_power_bg_invert,57,0,1,73.0,4389.0,3325.6
6,max_power_bg_invert,58,0,1,73.0,4389.0,3326.0
6,max_power_bg_invert,59,0,1,73.0,4389.0,3326.4
6,max_power_bg_invert,60,0,1,73.0,4392.0,3323.6
6,max_power_bg_invert,61,0,1,73.0,4392.0,3323.2
6,max_power_bg_invert,62,0,1,73.0,4392.0,3322.4
6,max_power_bg_invert,63,0,1,73.0,4394.0,3320.8
6,max_power_bg_invert,64,0,1,73.0,4394.0,3320.0
6,max_power_bg_invert,65,0,1,73.0,4392.0,3320.0
6,max_power_bg_invert,66,0,1,73.0,4392.0,3319.2
6,max_power_bg_invert,67,0,1,73.0,4391.0,3319.2
6,max_power_bg_invert,68,0,1,73.0,4391.0,3318.8
6,max_power_bg_invert,69,0,1,73.0,4392.0,3317.6
6,max_power_bg_invert,70,0,1,73.0,4394.0,3317.2
6,max_power_bg_invert,71,0,1,73.0,4395.0,3316.0
6,max_power_bg_invert,72,0,1,73.0,4396.0,3314.8
6,max_power_bg_invert,73,0,1,73.0,4396.0,3314.8
6,max_power_bg_invert,74,0,1,73.0,4396.0,3314.8
6,max_power_bg_invert,75,0,1,73.0,4397.0,3314.4
6,max_power_bg_invert,76,0,1,74.0,4398.0,3313.6
6,max_power_bg_invert,77,0,1,73.0,4399.0,3312.8
6,max_power_bg_invert,78,0,1,73.0,4399.0,3312.8
6,max_power_bg_invert,79,0,1,74.0,4400.0,3312.0
6,max_power_bg_invert,80,0,1,74.0,4360.0,3336.0
6,max_power_bg_invert,81,0,1,73.0,4379.0,3322.0
6,max_power_bg_invert,82,0,1,73.0,4389.0,3310.8
6,max_power_bg_invert,83,0,1,73.0,4389.0,3314.8
6,max_power_bg_invert,84,0,1,73.0,4393.0,3318.4
6,max_power_bg_invert,85,0,1,74.0,4389.0,3317.6
6,max_power_bg_invert,86,0,1,73.0,4388.0,3315.2
6,max_power_bg_invert,87,0,1,73.0,4389.0,3312.8
6,max_power_bg_invert,88,0,1,74.0,4389.0,3311.6
6,max_power_bg_invert,89,0,1,74.0,4390.0,3310.4
6,max_power_bg_invert,90,0,1,73.0,4393.0,3310.0
6,max_power_bg_invert,0,0,2,67.0,1337.0,3230.0
6,max_power_bg_invert,1,0,2,73.0,4320.0,2844.8
6,max_power_bg_invert,2,0,2,73.0,4485.0,3073.2
6,max_power_bg_invert,3,0,2,73.0,4531.0,3144.8
6,max_power_bg_invert,4,0,2,73.0,4543.0,3202.4
6,max_power_bg_invert,5,0,2,73.0,4557.0,3229.2
6,max_power_bg_invert,6,0,2,73.0,4564.0,3251.2
6,max_power_bg_invert,7,0,2,73.0,4570.0,3259.6
6,max_power_bg_invert,8,0,2,73.0,4574.0,3268.0
6,max_power_bg_invert,9,0,2,73.0,4578.0,3273.2
6,max_power_bg_invert,10,0,2,73.0,4582.0,3274.4
6,max_power_bg_invert,11,0,2,73.0,4587.0,3274.4
6,max_power_bg_invert,12,0,2,73.0,4590.0,3283.6
6,max_power_bg_invert,13,0,2,73.0,4592.0,3283.6
6,max_power_bg_invert,14,0,2,73.0,4592.0,3288.0
6,max_power_bg_invert,15,0,2,73.0,4593.0,3291.6
6,max_power_bg_invert,16,0,2,73.0,4595.0,3294.8
6,max_power_bg_invert,17,0,2,73.0,4595.0,3294.8
6,max_power_bg_invert,18,0,2,73.0,4596.0,3298.4
6,max_power_bg_invert,19,0,2,73.0,4599.0,3296.0
6,max_power_bg_invert,20,0,2,73.0,4601.0,3295.2
6,max_power_bg_invert,21,0,2,73.0,4602.0,3299.2
6,max_power_bg_invert,22,0,2,73.0,4605.0,3296.8
6,max_power_bg_invert,23,0,2,73.0,4606.0,3296.0
6,max_power_bg_invert,24,0,2,74.0,4606.0,3300.4
6,max_power_bg_invert,25,0,2,73.0,4606.0,3300.0
6,max_power_bg_invert,26,0,2,73.0,4607.0,3299.6
6,max_power_bg_invert,27,0,2,74.0,4609.0,3298.4
6,max_power_bg_invert,28,0,2,73.0,4609.0,3298.8
6,max_power_bg_invert,29,0,2,73.0,4610.0,3302.8
6,max_power_bg_invert,30,0,2,73.0,4611.0,3301.6
6,max_power_bg_invert,31,0,2,73.0,4610.0,3303.6
6,max_power_bg_invert,32,0,2,73.0,4610.0,3303.6
6,max_power_bg_invert,33,0,2,73.0,4609.0,3304.4
6,max_power_bg_invert,34,0,2,73.0,4610.0,3302.8
6,max_power_bg_invert,35,0,2,74.0,4612.0,3302.0
6,max_power_bg_invert,36,0,2,74.0,4611.0,3306.8
6,max_power_bg_invert,37,0,2,73.0,4610.0,3306.8
6,max_power_bg_invert,38,0,2,74.0,4610.0,3306.4
6,max_power_bg_invert,39,0,2,74.0,4610.0,3306.4
6,max_power_bg_invert,40,0,2,73.0,4631.0,3306.4
6,max_power_bg_invert,41,0,2,73.0,4630.0,3308.0
6,max_power_bg_invert,42,0,2,74.0,4620.0,3301.6
6,max_power_bg_invert,43,0,2,74.0,4615.0,3300.8
6,max_power_bg_invert,44,0,2,74.0,4614.0,3306.0
6,max_power_bg_invert,45,0,2,74.0,4610.0,3306.8
6,max_power_bg_invert,46,0,2,74.0,4607.0,3307.6
6,max_power_bg_invert,47,0,2,73.0,4610.0,3308.4
6,max_power_bg_invert,48,0,2,74.0,4612.0,3308.4
6,max_power_bg_invert,49,0,2,74.0,4613.0,3308.4
6,max_power_bg_invert,50,0,2,74.0,4609.0,3308.8
6,max_power_bg_invert,51,0,2,74.0,4606.0,3314.4
6,max_power_bg_invert,52,0,2,74.0,4605.0,3314.0
6,max_power_bg_invert,53,0,2,74.0,4607.0,3313.2
6,max_power_bg_invert,54,0,2,74.0,4608.0,3312.0
6,max_power_bg_invert,55,0,2,74.0,4608.0,3312.4
6,max_power_bg_invert,56,0,2,74.0,4607.0,3316.8
6,max_power_bg_invert,57,0,2,74.0,4611.0,3315.6
6,max_power_bg_invert,58,0,2,74.0,4612.0,3314.4
6,max_power_bg_invert,59,0,2,73.0,4612.0,3318.4
6,max_power_bg_invert,60,0,2,74.0,4614.0,3316.0
6,max_power_bg_invert,61,0,2,74.0,4614.0,3316.0
6,max_power_bg_invert,62,0,2,74.0,4612.0,3316.0
6,max_power_bg_invert,63,0,2,74.0,4613.0,3321.2
6,max_power_bg_invert,64,0,2,74.0,4613.0,3320.8
6,max_power_bg_invert,65,0,2,74.0,4613.0,3320.8
6,max_power_bg_invert,66,0,2,74.0,4614.0,3319.2
6,max_power_bg_invert,67,0,2,74.0,4614.0,3324.0
6,max_power_bg_invert,68,0,2,74.0,4614.0,3324.4
6,max_power_bg_invert,69,0,2,74.0,4614.0,3323.6
6,max_power_bg_invert,70,0,2,74.0,4613.0,3324.0
6,max_power_bg_invert,71,0,2,74.0,4614.0,3322.8
6,max_power_bg_invert,72,0,2,74.0,4614.0,3323.2
6,max_power_bg_invert,73,0,2,74.0,4614.0,3323.6
6,max_power_bg_invert,74,0,2,74.0,4613.0,3328.4
6,max_power_bg_invert,75,0,2,74.0,4614.0,3328.0
6,max_power_bg_invert,76,0,2,74.0,4613.0,3328.4
6,max_power_bg_invert,77,0,2,74.0,4614.0,3328.0
6,max_power_bg_invert,78,0,2,74.0,4613.0,3328.8
6,max_power_bg_invert,79,0,2,74.0,4613.0,3329.2
6,max_power_bg_invert,80,0,2,74.0,4589.0,3344.8
6,max_power_bg_invert,81,0,2,74.0,4594.0,3353.6
6,max_power_bg_invert,82,0,2,74.0,4596.0,3359.2
6,max_power_bg_invert,83,0,2,74.0,4597.0,3358.0
6,max_power_bg_invert,84,0,2,74.0,4602.0,3353.6
6,max_power_bg_invert,85,0,2,74.0,4601.0,3355.6
6,max_power_bg_invert,86,0,2,74.0,4605.0,3352.4
6,max_power_bg_invert,87,0,2,74.0,4607.0,3351.2
6,max_power_bg_invert,88,0,2,74.0,4609.0,3348.4
6,max_power_bg_invert,89,0,2,74.0,4606.0,3348.8
6,max_power_bg_invert,90,0,2,74.0,4605.0,3347.6
6,max_power_bg_invert,0,0,3,67.0,1325.0,3241.6
6,max_power_bg_invert,1,0,3,73.0,4200.0,2933.2
6,max_power_bg_invert,2,0,3,74.0,4352.0,3102.4
6,max_power_bg_invert,3,0,3,73.0,4410.0,3174.8
6,max_power_bg_invert,4,0,3,74.0,4425.0,3212.8
6,max_power_bg_invert,5,0,3,73.0,4436.0,3236.0
6,max_power_bg_invert,6,0,3,74.0,4443.0,3250.4
6,max_power_bg_invert,7,0,3,74.0,4454.0,3258.8
6,max_power_bg_invert,8,0,3,74.0,4464.0,3261.2
6,max_power_bg_invert,9,0,3,74.0,4465.0,3267.2
6,max_power_bg_invert,10,0,3,74.0,4471.0,3270.8
6,max_power_bg_invert,11,0,3,74.0,4473.0,3273.2
6,max_power_bg_invert,12,0,3,74.0,4475.0,3277.6
6,max_power_bg_invert,13,0,3,74.0,4476.0,3284.0
6,max_power_bg_invert,14,0,3,74.0,4477.0,3287.6
6,max_power_bg_invert,15,0,3,74.0,4479.0,3286.0
6,max_power_bg_invert,16,0,3,74.0,4482.0,3288.8
6,max_power_bg_invert,17,0,3,74.0,4481.0,3290.8
6,max_power_bg_invert,18,0,3,74.0,4482.0,3294.4
6,max_power_bg_invert,19,0,3,74.0,4482.0,3293.6
6,max_power_bg_invert,20,0,3,74.0,4482.0,3293.6
6,max_power_bg_invert,21,0,3,74.0,4482.0,3298.8
6,max_power_bg_invert,22,0,3,74.0,4483.0,3297.6
6,max_power_bg_invert,23,0,3,74.0,4483.0,3297.2
6,max_power_bg_invert,24,0,3,74.0,4485.0,3296.0
6,max_power_bg_invert,25,0,3,74.0,4485.0,3301.2
6,max_power_bg_invert,26,0,3,74.0,4485.0,3300.4
6,max_power_bg_invert,27,0,3,74.0,4485.0,3300.4
6,max_power_bg_invert,28,0,3,74.0,4485.0,3301.2
6,max_power_bg_invert,29,0,3,74.0,4487.0,3299.6
6,max_power_bg_invert,30,0,3,74.0,4487.0,3299.2
6,max_power_bg_invert,31,0,3,74.0,4487.0,3298.4
6,max_power_bg_invert,32,0,3,74.0,4488.0,3301.6
6,max_power_bg_invert,33,0,3,74.0,4488.0,3301.6
6,max_power_bg_invert,34,0,3,74.0,4489.0,3301.6
6,max_power_bg_invert,35,0,3,74.0,4489.0,3302.0
6,max_power_bg_invert,36,0,3,74.0,4489.0,3301.6
6,max_power_bg_invert,37,0,3,74.0,4489.0,3301.6
6,max_power_bg_invert,38,0,3,74.0,4488.0,3302.0
6,max_power_bg_invert,39,0,3,74.0,4488.0,3302.0
6,max_power_bg_invert,40,0,3,74.0,4500.0,3314.4
6,max_power_bg_invert,41,0,3,74.0,4490.0,3326.0
6,max_power_bg_invert,42,0,3,74.0,4490.0,3320.8
6,max_power_bg_invert,43,0,3,74.0,4487.0,3324.0
6,max_power_bg_invert,44,0,3,74.0,4493.0,3316.8
6,max_power_bg_invert,45,0,3,74.0,4489.0,3317.6
6,max_power_bg_invert,46,0,3,74.0,4491.0,3315.6
6,max_power_bg_invert,47,0,3,74.0,4488.0,3316.0
6,max_power_bg_invert,48,0,3,74.0,4488.0,3314.0
6,max_power_bg_invert,49,0,3,74.0,4493.0,3313.2
6,max_power_bg_invert,50,0,3,74.0,4492.0,3313.2
6,max_power_bg_invert,51,0,3,74.0,4492.0,3313.6
6,max_power_bg_invert,52,0,3,74.0,4490.0,3314.0
6,max_power_bg_invert,53,0,3,74.0,4494.0,3310.8
6,max_power_bg_invert,54,0,3,74.0,4495.0,3311.6
6,max_power_bg_invert,55,0,3,74.0,4496.0,3309.6
6,max_power_bg_invert,56,0,3,74.0,4496.0,3309.6
6,max_power_bg_invert,57,0,3,74.0,4497.0,3308.8
6,max_power_bg_invert,58,0,3,74.0,4496.0,3313.6
6,max_power_bg_invert,59,0,3,74.0,4496.0,3314.4
6,max_power_bg_invert,60,0,3,74.0,4497.0,3313.2
6,max_power_bg_invert,61,0,3,74.0,4496.0,3313.6
6,max_power_bg_invert,62,0,3,74.0,4496.0,3313.6
6,max_power_bg_invert,63,0,3,74.0,4494.0,3318.4
6,max_power_bg_invert,64,0,3,74.0,4494.0,3318.0
6,max_power_bg_invert,65,0,3,74.0,4492.0,3318.0
6,max_power_bg_invert,66,0,3,74.0,4494.0,3318.0
6,max_power_bg_invert,67,0,3,74.0,4493.0,3319.2
6,max_power_bg_invert,68,0,3,74.0,4494.0,3318.4
6,max_power_bg_invert,69,0,3,74.0,4494.0,3323.6
6,max_power_bg_invert,70,0,3,74.0,4494.0,3324.0
6,max_power_bg_invert,71,0,3,74.0,4493.0,3324.8
6,max_power_bg_invert,72,0,3,74.0,4494.0,3324.0
6,max_power_bg_invert,73,0,3,74.0,4496.0,3323.2
6,max_power_bg_invert,74,0,3,74.0,4496.0,3322.8
6,max_power_bg_invert,75,0,3,74.0,4497.0,3321.2
6,max_power_bg_invert,76,0,3,74.0,4496.0,3326.4
6,max_power_bg_invert,77,0,3,74.0,4497.0,3325.6
6,max_power_bg_invert,78,0,3,74.0,4497.0,3325.2
6,max_power_bg_invert,79,0,3,74.0,4496.0,3325.6
6,max_power_bg_invert,80,0,3,74.0,4510.0,3324.8
6,max_power_bg_invert,81,0,3,74.0,4500.0,3331.2
6,max_power_bg_invert,82,0,3,74.0,4493.0,3343.6
6,max_power_bg_invert,83,0,3,74.0,4492.0,3343.6
6,max_power_bg_invert,84,0,3,74.0,4489.0,3346.0
6,max_power_bg_invert,85,0,3,75.0,4496.0,3342.8
6,max_power_bg_invert,86,0,3,74.0,4502.0,3341.2
6,max_power_bg_invert,87,0,3,74.0,4502.0,3340.4
6,max_power_bg_invert,88,0,3,74.0,4501.0,3341.2
6,max_power_bg_invert,89,0,3,74.0,4497.0,3341.6
6,max_power_bg_invert,90,0,3,75.0,4497.0,3343.2
6,max_power_bg_invert,0,1,2,67.0,1337.0,3262.4
6,max_power_bg_invert,1,1,2,74.0,4460.0,2686.4
6,max_power_bg_invert,2,1,2,74.0,4475.0,2983.2
6,max_power_bg_invert,3,1,2,74.0,4479.0,3085.6
6,max_power_bg_invert,4,1,2,74.0,4479.0,3152.0
6,max_power_bg_invert,5,1,2,74.0,4487.0,3183.6
6,max_power_bg_invert,6,1,2,74.0,4489.0,3212.4
6,max_power_bg_invert,7,1,2,74.0,4486.0,3228.0
6,max_power_bg_invert,8,1,2,74.0,4484.0,3245.2
6,max_power_bg_invert,9,1,2,74.0,4481.0,3256.0
6,max_power_bg_invert,10,1,2,74.0,4479.0,3266.8
6,max_power_bg_invert,11,1,2,74.0,4480.0,3269.2
6,max_power_bg_invert,12,1,2,74.0,4481.0,3280.8
6,max_power_bg_invert,13,1,2,74.0,4475.0,3290.4
6,max_power_bg_invert,14,1,2,74.0,4475.0,3296.0
6,max_power_bg_invert,15,1,2,74.0,4474.0,3295.6
6,max_power_bg_invert,16,1,2,74.0,4475.0,3299.6
6,max_power_bg_invert,17,1,2,74.0,4477.0,3303.6
6,max_power_bg_invert,18,1,2,75.0,4477.0,3302.8
6,max_power_bg_invert,19,1,2,74.0,4478.0,3306.4
6,max_power_bg_invert,20,1,2,74.0,4478.0,3306.8
6,max_power_bg_invert,21,1,2,74.0,4478.0,3312.0
6,max_power_bg_invert,22,1,2,74.0,4478.0,3311.6
6,max_power_bg_invert,23,1,2,75.0,4478.0,3311.6
6,max_power_bg_invert,24,1,2,74.0,4478.0,3316.4
6,max_power_bg_invert,25,1,2,75.0,4479.0,3315.2
6,max_power_bg_invert,26,1,2,74.0,4478.0,3315.2
6,max_power_bg_invert,27,1,2,75.0,4480.0,3314.8
6,max_power_bg_invert,28,1,2,75.0,4480.0,3318.4
6,max_power_bg_invert,29,1,2,75.0,4481.0,3317.6
6,max_power_bg_invert,30,1,2,74.0,4481.0,3317.2
6,max_power_bg_invert,31,1,2,75.0,4480.0,3318.4
6,max_power_bg_invert,32,1,2,75.0,4481.0,3318.0
6,max_power_bg_invert,33,1,2,74.0,4481.0,3318.0
6,max_power_bg_invert,34,1,2,75.0,4481.0,3322.4
6,max_power_bg_invert,35,1,2,75.0,4482.0,3321.6
6,max_power_bg_invert,36,1,2,75.0,4482.0,3321.6
6,max_power_bg_invert,37,1,2,75.0,4482.0,3321.2
6,max_power_bg_invert,38,1,2,75.0,4482.0,3320.8
6,max_power_bg_invert,39,1,2,75.0,4481.0,3321.2
6,max_power_bg_invert,40,1,2,75.0,4480.0,3360.0
6,max_power_bg_invert,41,1,2,75.0,4510.0,3332.4
6,max_power_bg_invert,42,1,2,75.0,4510.0,3333.6
6,max_power_bg_invert,43,1,2,74.0,4499.0,3336.0
6,max_power_bg_invert,44,1,2,75.0,4497.0,3334.0
6,max_power_bg_invert,45,1,2,74.0,4489.0,3339.6
6,max_power_bg_invert,46,1,2,75.0,4484.0,3338.0
6,max_power_bg_invert,47,1,2,75.0,4484.0,3338.4
6,max_power_bg_invert,48,1,2,75.0,4484.0,3336.8
6,max_power_bg_invert,49,1,2,75.0,4484.0,3336.4
6,max_power_bg_invert,50,1,2,75.0,4486.0,3337.2
6,max_power_bg_invert,51,1,2,75.0,4488.0,3334.4
6,max_power_bg_invert,52,1,2,75.0,4489.0,3333.2
6,max_power_bg_invert,53,1,2,75.0,4486.0,3334.0
6,max_power_bg_invert,54,1,2,75.0,4487.0,3333.6
6,max_power_bg_invert,55,1,2,74.0,4487.0,3332.4
6,max_power_bg_invert,56,1,2,75.0,4489.0,3330.8
6,max_power_bg_invert,57,1,2,75.0,4489.0,3330.4
6,max_power_bg_invert,58,1,2,75.0,4488.0,3330.8
6,max_power_bg_invert,59,1,2,75.0,4490.0,3329.6
6,max_power_bg_invert,60,1,2,75.0,4491.0,3328.4
6,max_power_bg_invert,61,1,2,75.0,4494.0,3326.8
6,max_power_bg_invert,62,1,2,75.0,4494.0,3327.6
6,max_power_bg_invert,63,1,2,75.0,4496.0,3326.8
6,max_power_bg_invert,64,1,2,75.0,4497.0,3325.6
6,max_power_bg_invert,65,1,2,75.0,4497.0,3325.2
6,max_power_bg_invert,66,1,2,75.0,4498.0,3325.2
6,max_power_bg_invert,67,1,2,75.0,4497.0,3324.4
6,max_power_bg_invert,68,1,2,75.0,4497.0,3324.8
6,max_power_bg_invert,69,1,2,75.0,4497.0,3324.4
6,max_power_bg_invert,70,1,2,75.0,4496.0,3324.4
6,max_power_bg_invert,71,1,2,75.0,4496.0,3324.4
6,max_power_bg_invert,72,1,2,75.0,4496.0,3324.0
6,max_power_bg_invert,73,1,2,75.0,4496.0,3323.6
6,max_power_bg_invert,74,1,2,75.0,4497.0,3322.4
6,max_power_bg_invert,75,1,2,75.0,4496.0,3322.8
6,max_power_bg_invert,76,1,2,75.0,4496.0,3322.0
6,max_power_bg_invert,77,1,2,75.0,4496.0,3321.6
6,max_power_bg_invert,78,1,2,75.0,4496.0,3320.8
6,max_power_bg_invert,79,1,2,75.0,4496.0,3320.4
6,max_power_bg_invert,80,1,2,75.0,4459.0,3320.4
6,max_power_bg_invert,81,1,2,75.0,4464.0,3328.0
6,max_power_bg_invert,82,1,2,75.0,4456.0,3324.4
6,max_power_bg_invert,83,1,2,75.0,4459.0,3328.4
6,max_power_bg_invert,84,1,2,75.0,4459.0,3324.4
6,max_power_bg_invert,85,1,2,75.0,4459.0,3324.4
6,max_power_bg_invert,86,1,2,75.0,4466.0,3320.0
6,max_power_bg_invert,87,1,2,75.0,4469.0,3319.6
6,max_power_bg_invert,88,1,2,75.0,4471.0,3318.4
6,max_power_bg_invert,89,1,2,75.0,4473.0,3318.8
6,max_power_bg_invert,90,1,2,75.0,4474.0,3319.6
6,max_power_bg_invert,0,1,3,67.0,1300.0,3258.8
6,max_power_bg_invert,1,1,3,74.0,3980.0,2947.2
6,max_power_bg_invert,2,1,3,74.0,4163.0,3126.4
6,max_power_bg_invert,3,1,3,74.0,4217.0,3205.6
6,max_power_bg_invert,4,1,3,74.0,4251.0,3234.0
6,max_power_bg_invert,5,1,3,74.0,4265.0,3257.2
6,max_power_bg_invert,6,1,3,74.0,4275.0,3267.6
6,max_power_bg_invert,7,1,3,74.0,4285.0,3278.4
6,max_power_bg_invert,8,1,3,74.0,4293.0,3281.2
6,max_power_bg_invert,9,1,3,74.0,4296.0,3288.0
6,max_power_bg_invert,10,1,3,74.0,4298.0,3289.2
6,max_power_bg_invert,11,1,3,75.0,4299.0,3291.2
6,max_power_bg_invert,12,1,3,75.0,4300.0,3296.8
6,max_power_bg_invert,13,1,3,74.0,4303.0,3301.2
6,max_power_bg_invert,14,1,3,75.0,4303.0,3306.0
6,max_power_bg_invert,15,1,3,75.0,4305.0,3304.8
6,max_power_bg_invert,16,1,3,75.0,4308.0,3306.8
6,max_power_bg_invert,17,1,3,75.0,4309.0,3305.6
6,max_power_bg_invert,18,1,3,75.0,4310.0,3309.6
6,max_power_bg_invert,19,1,3,75.0,4309.0,3309.2
6,max_power_bg_invert,20,1,3,74.0,4311.0,3308.4
6,max_power_bg_invert,21,1,3,74.0,4312.0,3310.8
6,max_power_bg_invert,22,1,3,74.0,4313.0,3308.8
6,max_power_bg_invert,23,1,3,75.0,4315.0,3308.4
6,max_power_bg_invert,24,1,3,75.0,4315.0,3308.8
6,max_power_bg_invert,25,1,3,75.0,4314.0,3308.8
6,max_power_bg_invert,26,1,3,74.0,4315.0,3312.4
6,max_power_bg_invert,27,1,3,75.0,4315.0,3311.6
6,max_power_bg_invert,28,1,3,75.0,4315.0,3311.6
6,max_power_bg_invert,29,1,3,75.0,4316.0,3309.6
6,max_power_bg_invert,30,1,3,75.0,4317.0,3309.2
6,max_power_bg_invert,31,1,3,75.0,4318.0,3309.2
6,max_power_bg_invert,32,1,3,75.0,4318.0,3313.6
6,max_power_bg_invert,33,1,3,75.0,4318.0,3312.8
6,max_power_bg_invert,34,1,3,75.0,4318.0,3312.8
6,max_power_bg_invert,35,1,3,75.0,4319.0,3312.0
6,max_power_bg_invert,36,1,3,75.0,4320.0,3311.2
6,max_power_bg_invert,37,1,3,75.0,4321.0,3310.4
6,max_power_bg_invert,38,1,3,75.0,4321.0,3310.0
6,max_power_bg_invert,39,1,3,75.0,4322.0,3310.0
6,max_power_bg_invert,40,1,3,75.0,4340.0,3316.0
6,max_power_bg_invert,41,1,3,75.0,4360.0,3301.6
6,max_power_bg_invert,42,1,3,75.0,4350.0,3304.4
6,max_power_bg_invert,43,1,3,75.0,4348.0,3303.2
6,max_power_bg_invert,44,1,3,74.0,4348.0,3304.4
6,max_power_bg_invert,45,1,3,75.0,4347.0,3305.2
6,max_power_bg_invert,46,1,3,75.0,4343.0,3308.0
6,max_power_bg_invert,47,1,3,75.0,4344.0,3308.8
6,max_power_bg_invert,48,1,3,75.0,4338.0,3310.4
6,max_power_bg_invert,49,1,3,75.0,4339.0,3310.8
6,max_power_bg_invert,50,1,3,75.0,4341.0,3310.0
6,max_power_bg_invert,51,1,3,75.0,4341.0,3309.2
6,max_power_bg_invert,52,1,3,75.0,4340.0,3310.0
6,max_power_bg_invert,53,1,3,75.0,4337.0,3310.0
6,max_power_bg_invert,54,1,3,75.0,4336.0,3311.6
6,max_power_bg_invert,55,1,3,75.0,4338.0,3310.4
6,max_power_bg_invert,56,1,3,75.0,4337.0,3309.2
6,max_power_bg_invert,57,1,3,75.0,4339.0,3308.0
6,max_power_bg_invert,58,1,3,75.0,4338.0,3309.2
6,max_power_bg_invert,59,1,3,75.0,4337.0,3308.8
6,max_power_bg_invert,60,1,3,75.0,4339.0,3311.2
6,max_power_bg_invert,61,1,3,75.0,4341.0,3310.0
6,max_power_bg_invert,62,1,3,75.0,4342.0,3310.0
6,max_power_bg_invert,63,1,3,75.0,4343.0,3309.2
6,max_power_bg_invert,64,1,3,75.0,4344.0,3307.6
6,max_power_bg_invert,65,1,3,75.0,4345.0,3307.2
6,max_power_bg_invert,66,1,3,75.0,4345.0,3306.8
6,max_power_bg_invert,67,1,3,75.0,4345.0,3307.2
6,max_power_bg_invert,68,1,3,75.0,4346.0,3306.4
6,max_power_bg_invert,69,1,3,75.0,4347.0,3305.6
6,max_power_bg_invert,70,1,3,75.0,4348.0,3310.0
6,max_power_bg_invert,71,1,3,75.0,4348.0,3309.2
6,max_power_bg_invert,72,1,3,75.0,4349.0,3308.8
6,max_power_bg_invert,73,1,3,75.0,4350.0,3308.4
6,max_power_bg_invert,74,1,3,75.0,4349.0,3308.8
6,max_power_bg_invert,75,1,3,75.0,4349.0,3309.2
6,max_power_bg_invert,76,1,3,75.0,4349.0,3309.6
6,max_power_bg_invert,77,1,3,75.0,4349.0,3310.0
6,max_power_bg_invert,78,1,3,75.0,4348.0,3315.6
6,max_power_bg_invert,79,1,3,75.0,4348.0,3316.0
6,max_power_bg_invert,80,1,3,75.0,4350.0,3338.0
6,max_power_bg_invert,81,1,3,75.0,4350.0,3330.0
6,max_power_bg_invert,82,1,3,75.0,4343.0,3332.8
6,max_power_bg_invert,83,1,3,75.0,4342.0,3336.4
6,max_power_bg_invert,84,1,3,75.0,4348.0,3329.2
6,max_power_bg_invert,85,1,3,75.0,4342.0,3329.6
6,max_power_bg_invert,86,1,3,75.0,4344.0,3329.6
6,max_power_bg_invert,87,1,3,75.0,4345.0,3331.2
6,max_power_bg_invert,88,1,3,75.0,4346.0,3331.2
6,max_power_bg_invert,89,1,3,75.0,4343.0,3332.8
6,max_power_bg_invert,90,1,3,75.0,4341.0,3334.4
6,max_power_bg_invert,0,2,3,67.0,1325.0,3280.8
6,max_power_bg_invert,1,2,3,73.0,4090.0,2907.6
6,max_power_bg_invert,2,2,3,74.0,4230.0,3129.6
6,max_power_bg_invert,3,2,3,74.0,4268.0,3198.0
6,max_power_bg_invert,4,2,3,74.0,4297.0,3235.2
6,max_power_bg_invert,5,2,3,74.0,4312.0,3258.0
6,max_power_bg_invert,6,2,3,74.0,4322.0,3268.8
6,max_power_bg_invert,7,2,3,74.0,4333.0,3275.2
6,max_power_bg_invert,8,2,3,74.0,4339.0,3280.0
6,max_power_bg_invert,9,2,3,74.0,4342.0,3288.8
6,max_power_bg_invert,10,2,3,74.0,4345.0,3297.6
6,max_power_bg_invert,11,2,3,74.0,4350.0,3301.2
6,max_power_bg_invert,12,2,3,74.0,4350.0,3303.6
6,max_power_bg_invert,13,2,3,74.0,4351.0,3307.6
6,max_power_bg_invert,14,2,3,74.0,4353.0,3304.4
6,max_power_bg_invert,15,2,3,74.0,4356.0,3306.8
6,max_power_bg_invert,16,2,3,74.0,4355.0,3306.8
6,max_power_bg_invert,17,2,3,74.0,4356.0,3310.4
6,max_power_bg_invert,18,2,3,74.0,4357.0,3309.6
6,max_power_bg_invert,19,2,3,74.0,4357.0,3312.8
6,max_power_bg_invert,20,2,3,74.0,4358.0,3312.0
6,max_power_bg_invert,21,2,3,74.0,4361.0,3311.2
6,max_power_bg_invert,22,2,3,74.0,4363.0,3316.0
6,max_power_bg_invert,23,2,3,74.0,4364.0,3315.6
6,max_power_bg_invert,24,2,3,74.0,4365.0,3314.4
6,max_power_bg_invert,25,2,3,74.0,4365.0,3314.4
6,max_power_bg_invert,26,2,3,74.0,4366.0,3318.0
6,max_power_bg_invert,27,2,3,74.0,4367.0,3317.6
6,max_power_bg_invert,28,2,3,74.0,4367.0,3317.6
6,max_power_bg_invert,29,2,3,74.0,4367.0,3317.6
6,max_power_bg_invert,30,2,3,74.0,4368.0,3316.8
6,max_power_bg_invert,31,2,3,74.0,4368.0,3316.8
6,max_power_bg_invert,32,2,3,74.0,4367.0,3316.4
6,max_power_bg_invert,33,2,3,74.0,4368.0,3320.4
6,max_power_bg_invert,34,2,3,74.0,4368.0,3320.0
6,max_power_bg_invert,35,2,3,74.0,4368.0,3319.6
6,max_power_bg_invert,36,2,3,74.0,4368.0,3319.2
6,max_power_bg_invert,37,2,3,74.0,4368.0,3318.4
6,max_power_bg_invert,38,2,3,74.0,4368.0,3318.0
6,max_power_bg_invert,39,2,3,74.0,4368.0,3317.6
6,max_power_bg_invert,40,2,3,74.0,4430.0,3301.6
6,max_power_bg_invert,41,2,3,74.0,4390.0,3318.4
6,max_power_bg_invert,42,2,3,74.0,4376.0,3326.8
6,max_power_bg_invert,43,2,3,74.0,4382.0,3323.2
6,max_power_bg_invert,44,2,3,74.0,4379.0,3324.8
6,max_power_bg_invert,45,2,3,74.0,4386.0,3323.2
6,max_power_bg_invert,46,2,3,74.0,4389.0,3321.6
6,max_power_bg_invert,47,2,3,74.0,4388.0,3321.6
6,max_power_bg_invert,48,2,3,74.0,4389.0,3322.0
6,max_power_bg_invert,49,2,3,74.0,4393.0,3318.4
6,max_power_bg_invert,50,2,3,74.0,4394.0,3316.0
6,max_power_bg_invert,51,2,3,74.0,4394.0,3315.6
6,max_power_bg_invert,52,2,3,74.0,4393.0,3315.6
6,max_power_bg_invert,53,2,3,74.0,4394.0,3314.4
6,max_power_bg_invert,54,2,3,74.0,4392.0,3316.0
6,max_power_bg_invert,55,2,3,74.0,4392.0,3315.2
6,max_power_bg_invert,56,2,3,74.0,4392.0,3315.6
6,max_power_bg_invert,57,2,3,74.0,4392.0,3315.6
6,max_power_bg_invert,58,2,3,74.0,4391.0,3316.0
6,max_power_bg_invert,59,2,3,74.0,4392.0,3314.8
6,max_power_bg_invert,60,2,3,75.0,4390.0,3315.6
6,max_power_bg_invert,61,2,3,74.0,4390.0,3315.2
6,max_power_bg_invert,62,2,3,74.0,4389.0,3315.2
6,max_power_bg_invert,63,2,3,74.0,4388.0,3316.4
6,max_power_bg_invert,64,2,3,74.0,4388.0,3316.8
6,max_power_bg_invert,65,2,3,74.0,4388.0,3316.4
6,max_power_bg_invert,66,2,3,74.0,4387.0,3316.8
6,max_power_bg_invert,67,2,3,74.0,4387.0,3316.8
6,max_power_bg_invert,68,2,3,74.0,4387.0,3316.8
6,max_power_bg_invert,69,2,3,74.0,4386.0,3316.8
6,max_power_bg_invert,70,2,3,74.0,4386.0,3316.8
6,max_power_bg_invert,71,2,3,74.0,4387.0,3316.8
6,max_power_bg_invert,72,2,3,75.0,4387.0,3316.4
6,max_power_bg_invert,73,2,3,75.0,4387.0,3316.8
6,max_power_bg_invert,74,2,3,74.0,4387.0,3316.4
6,max_power_bg_invert,75,2,3,75.0,4388.0,3316.0
6,max_power_bg_invert,76,2,3,74.0,4388.0,3316.0
6,max_power_bg_invert,77,2,3,74.0,4388.0,3315.6
6,max_power_bg_invert,78,2,3,74.0,4389.0,3315.2
6,max_power_bg_invert,79,2,3,75.0,4388.0,3316.0
6,max_power_bg_invert,80,2,3,74.0,4390.0,3288.8
6,max_power_bg_invert,81,2,3,75.0,4370.0,3308.8
6,max_power_bg_invert,82,2,3,74.0,4370.0,3317.6
6,max_power_bg_invert,83,2,3,74.0,4371.0,3317.2
6,max_power_bg_invert,84,2,3,75.0,4371.0,3318.4
6,max_power_bg_invert,85,2,3,74.0,4369.0,3316.4
6,max_power_bg_invert,86,2,3,75.0,4375.0,3313.6
6,max_power_bg_invert,87,2,3,75.0,4378.0,3313.2
6,max_power_bg_invert,88,2,3,74.0,4378.0,3313.2
6,max_power_bg_invert,89,2,3,75.0,4378.0,3316.4
6,max_power_bg_invert,90,2,3,74.0,4382.0,3314.8
7,max_power_bg_invert,0,0,1,66.0,1237.0,3260.4
7,max_power_bg_invert,1,0,1,72.0,3990.0,2984.4
7,max_power_bg_invert,2,0,1,72.0,4140.0,3142.8
7,max_power_bg_invert,3,0,1,72.0,4206.0,3188.0
7,max_power_bg_invert,4,0,1,72.0,4233.0,3218.8
7,max_power_bg_invert,5,0,1,72.0,4246.0,3230.8
7,max_power_bg_invert,6,0,1,72.0,4259.0,3243.6
7,max_power_bg_invert,7,0,1,72.0,4269.0,3252.8
7,max_power_bg_invert,8,0,1,72.0,4271.0,3260.8
7,max_power_bg_invert,9,0,1,72.0,4274.0,3262.8
7,max_power_bg_invert,10,0,1,72.0,4275.0,3265.6
7,max_power_bg_invert,11,0,1,72.0,4280.0,3267.6
7,max_power_bg_invert,12,0,1,72.0,4277.0,3272.0
7,max_power_bg_invert,13,0,1,72.0,4281.0,3275.2
7,max_power_bg_invert,14,0,1,72.0,4282.0,3278.8
7,max_power_bg_invert,15,0,1,72.0,4286.0,3277.2
7,max_power_bg_invert,16,0,1,72.0,4284.0,3280.4
7,max_power_bg_invert,17,0,1,72.0,4287.0,3278.8
7,max_power_bg_invert,18,0,1,72.0,4286.0,3278.0
7,max_power_bg_invert,19,0,1,72.0,4289.0,3280.8
7,max_power_bg_invert,20,0,1,72.0,4291.0,3279.2
7,max_power_bg_invert,21,0,1,72.0,4293.0,3282.8
7,max_power_bg_invert,22,0,1,72.0,4294.0,3281.6
7,max_power_bg_invert,23,0,1,72.0,4295.0,3280.8
7,max_power_bg_invert,24,0,1,72.0,4296.0,3285.2
7,max_power_bg_invert,25,0,1,72.0,4296.0,3284.8
7,max_power_bg_invert,26,0,1,72.0,4296.0,3289.2
7,max_power_bg_invert,27,0,1,72.0,4296.0,3288.8
7,max_power_bg_invert,28,0,1,72.0,4296.0,3288.8
7,max_power_bg_invert,29,0,1,73.0,4298.0,3292.8
7,max_power_bg_invert,30,0,1,72.0,4298.0,3292.4
7,max_power_bg_invert,31,0,1,72.0,4298.0,3292.4
7,max_power_bg_invert,32,0,1,72.0,4298.0,3298.0
7,max_power_bg_invert,33,0,1,72.0,4299.0,3297.2
7,max_power_bg_invert,34,0,1,72.0,4299.0,3296.8
7,max_power_bg_invert,35,0,1,72.0,4299.0,3297.2
7,max_power_bg_invert,36,0,1,73.0,4300.0,3301.6
7,max_power_bg_invert,37,0,1,72.0,4300.0,3301.6
7,max_power_bg_invert,38,0,1,72.0,4300.0,3301.2
7,max_power_bg_invert,39,0,1,73.0,4300.0,3300.8
7,max_power_bg_invert,40,0,1,72.0,4320.0,3323.2
7,max_power_bg_invert,41,0,1,72.0,4324.0,3319.6
7,max_power_bg_invert,42,0,1,72.0,4320.0,3322.4
7,max_power_bg_invert,43,0,1,73.0,4310.0,3325.6
7,max_power_bg_invert,44,0,1,72.0,4308.0,3327.6
7,max_power_bg_invert,45,0,1,72.0,4308.0,3331.6
7,max_power_bg_invert,46,0,1,73.0,4308.0,3330.0
7,max_power_bg_invert,47,0,1,73.0,4306.0,3330.0
7,max_power_bg_invert,48,0,1,73.0,4306.0,3328.8
7,max_power_bg_invert,49,0,1,72.0,4304.0,3330.4
7,max_power_bg_invert,50,0,1,73.0,4302.0,3332.0
7,max_power_bg_invert,51,0,1,73.0,4305.0,3330.4
7,max_power_bg_invert,52,0,1,73.0,4303.0,3330.8
7,max_power_bg_invert,53,0,1,73.0,4305.0,3330.4
7,max_power_bg_invert,54,0,1,73.0,4304.0,3332.0
7,max_power_bg_invert,55,0,1,73.0,4303.0,3331.6
7,max_power_bg_invert,56,0,1,72.0,4304.0,3330.4
7,max_power_bg_invert,57,0,1,73.0,4305.0,3329.2
7,max_power_bg_invert,58,0,1,73.0,4304.0,3329.6
7,max_power_bg_invert,59,0,1,73.0,4306.0,3328.8
7,max_power_bg_invert,60,0,1,73.0,4306.0,3327.2
7,max_power_bg_invert,61,0,1,73.0,4307.0,3326.8
7,max_power_bg_invert,62,0,1,73.0,4308.0,3325.6
7,max_power_bg_invert,63,0,1,73.0,4308.0,3326.0
7,max_power_bg_invert,64,0,1,73.0,4309.0,3324.8
7,max_power_bg_invert,65,0,1,73.0,4308.0,3326.0
7,max_power_bg_invert,66,0,1,73.0,4308.0,3325.2
7,max_power_bg_invert,67,0,1,73.0,4309.0,3324.0
7,max_power_bg_invert,68,0,1,73.0,4310.0,3323.6
7,max_power_bg_invert,69,0,1,73.0,4310.0,3322.8
7,max_power_bg_invert,70,0,1,73.0,4310.0,3322.4
7,max_power_bg_invert,71,0,1,73.0,4310.0,3322.0
7,max_power_bg_invert,72,0,1,73.0,4312.0,3320.0
7,max_power_bg_invert,73,0,1,73.0,4312.0,3319.6
7,max_power_bg_invert,74,0,1,73.0,4313.0,3319.6
7,max_power_bg_invert,75,0,1,73.0,4313.0,3320.4
7,max_power_bg_invert,76,0,1,73.0,4313.0,3320.4
7,max_power_bg_invert,77,0,1,73.0,4313.0,3320.0
7,max_power_bg_invert,78,0,1,73.0,4313.0,3320.4
7,max_power_bg_invert,79,0,1,73.0,4315.0,3319.6
7,max_power_bg_invert,80,0,1,73.0,4371.0,3280.4
7,max_power_bg_invert,81,0,1,73.0,4340.0,3299.2
7,max_power_bg_invert,82,0,1,73.0,4330.0,3304.4
7,max_power_bg_invert,83,0,1,73.0,4320.0,3312.4
7,max_power_bg_invert,84,0,1,73.0,4324.0,3310.4
7,max_power_bg_invert,85,0,1,73.0,4323.0,3310.8
7,max_power_bg_invert,86,0,1,73.0,4323.0,3308.0
7,max_power_bg_invert,87,0,1,73.0,4324.0,3308.4
7,max_power_bg_invert,88,0,1,73.0,4324.0,3308.4
7,max_power_bg_invert,89,0,1,73.0,4326.0,3308.8
7,max_power_bg_invert,90,0,1,73.0,4328.0,3306.8
7,max_power_bg_invert,0,0,2,66.0,1275.0,3235.6
7,max_power_bg_invert,1,0,2,72.0,4230.0,2892.0
7,max_power_bg_invert,2,0,2,72.0,4368.0,3082.8
7,max_power_bg_invert,3,0,2,73.0,4431.0,3166.0
7,max_power_bg_invert,4,0,2,73.0,4461.0,3201.2
7,max_power_bg_invert,5,0,2,73.0,4489.0,3222.4
7,max_power_bg_invert,6,0,2,72.0,4500.0,3235.6
7,max_power_bg_invert,7,0,2,73.0,4504.0,3245.2
7,max_power_bg_invert,8,0,2,73.0,4512.0,3250.4
7,max_power_bg_invert,9,0,2,73.0,4514.0,3259.6
7,max_power_bg_invert,10,0,2,73.0,4519.0,3260.8
7,max_power_bg_invert,11,0,2,73.0,4524.0,3267.2
7,max_power_bg_invert,12,0,2,73.0,4527.0,3270.0
7,max_power_bg_invert,13,0,2,73.0,4530.0,3272.4
7,max_power_bg_invert,14,0,2,73.0,4533.0,3270.4
7,max_power_bg_invert,15,0,2,73.0,4536.0,3272.4
7,max_power_bg_invert,16,0,2,73.0,4537.0,3270.4
7,max_power_bg_invert,17,0,2,73.0,4536.0,3275.6
7,max_power_bg_invert,18,0,2,73.0,4540.0,3273.2
7,max_power_bg_invert,19,0,2,73.0,4541.0,3275.6
7,max_power_bg_invert,20,0,2,73.0,4541.0,3275.2
7,max_power_bg_invert,21,0,2,73.0,4542.0,3274.4
7,max_power_bg_invert,22,0,2,73.0,4543.0,3278.4
7,max_power_bg_invert,23,0,2,73.0,4545.0,3276.8
7,max_power_bg_invert,24,0,2,73.0,4544.0,3277.6
7,max_power_bg_invert,25,0,2,73.0,4545.0,3276.4
7,max_power_bg_invert,26,0,2,73.0,4545.0,3281.2
7,max_power_bg_invert,27,0,2,73.0,4546.0,3280.4
7,max_power_bg_invert,28,0,2,73.0,4546.0,3280.0
7,max_power_bg_invert,29,0,2,73.0,4546.0,3279.2
7,max_power_bg_invert,30,0,2,73.0,4546.0,3278.8
7,max_power_bg_invert,31,0,2,73.0,4547.0,3278.8
7,max_power_bg_invert,32,0,2,73.0,4547.0,3278.0
7,max_power_bg_invert,33,0,2,73.0,4548.0,3282.4
7,max_power_bg_invert,34,0,2,73.0,4549.0,3281.2
7,max_power_bg_invert,35,0,2,73.0,4550.0,3280.8
7,max_power_bg_invert,36,0,2,73.0,4550.0,3280.0
7,max_power_bg_invert,37,0,2,73.0,4551.0,3278.8
7,max_power_bg_invert,38,0,2,73.0,4551.0,3278.8
7,max_power_bg_invert,39,0,2,73.0,4551.0,3278.8
7,max_power_bg_invert,40,0,2,73.0,4540.0,3311.2
7,max_power_bg_invert,41,0,2,73.0,4539.0,3310.0
7,max_power_bg_invert,42,0,2,73.0,4524.0,3325.6
7,max_power_bg_invert,43,0,2,73.0,4530.0,3319.6
7,max_power_bg_invert,44,0,2,73.0,4530.0,3326.4
7,max_power_bg_invert,45,0,2,73.0,4532.0,3325.2
7,max_power_bg_invert,46,0,2,73.0,4535.0,3325.6
7,max_power_bg_invert,47,0,2,73.0,4534.0,3324.0
7,max_power_bg_invert,48,0,2,73.0,4534.0,3321.6
7,max_power_bg_invert,49,0,2,73.0,4534.0,3324.4
7,max_power_bg_invert,50,0,2,73.0,4535.0,3323.2
7,max_power_bg_invert,51,0,2,73.0,4531.0,3324.4
7,max_power_bg_invert,52,0,2,73.0,4532.0,3324.4
7,max_power_bg_invert,53,0,2,73.0,4532.0,3329.6
7,max_power_bg_invert,54,0,2,73.0,4530.0,3329.6
7,max_power_bg_invert,55,0,2,73.0,4532.0,3328.4
7,max_power_bg_invert,56,0,2,73.0,4533.0,3328.4
7,max_power_bg_invert,57,0,2,73.0,4536.0,3326.8
7,max_power_bg_invert,58,0,2,73.0,4538.0,3324.4
7,max_power_bg_invert,59,0,2,73.0,4540.0,3322.8
7,max_power_bg_invert,60,0,2,73.0,4540.0,3323.2
7,max_power_bg_invert,61,0,2,73.0,4540.0,3322.4
7,max_power_bg_invert,62,0,2,73.0,4542.0,3321.6
7,max_power_bg_invert,63,0,2,73.0,4544.0,3320.8
7,max_power_bg_invert,64,0,2,73.0,4544.0,3321.6
7,max_power_bg_invert,65,0,2,73.0,4545.0,3321.2
7,max_power_bg_invert,66,0,2,73.0,4544.0,3321.2
7,max_power_bg_invert,67,0,2,73.0,4544.0,3325.6
7,max_power_bg_invert,68,0,2,73.0,4544.0,3324.8
7,max_power_bg_invert,69,0,2,73.0,4544.0,3324.8
7,max_power_bg_invert,70,0,2,73.0,4544.0,3324.0
7,max_power_bg_invert,71,0,2,73.0,4544.0,3323.6
7,max_power_bg_invert,72,0,2,73.0,4544.0,3323.2
7,max_power_bg_invert,73,0,2,73.0,4544.0,3324.0
7,max_power_bg_invert,74,0,2,73.0,4545.0,3324.0
7,max_power_bg_invert,75,0,2,73.0,4545.0,3323.6
7,max_power_bg_invert,76,0,2,73.0,4545.0,3323.2
7,max_power_bg_invert,77,0,2,73.0,4545.0,3322.0
7,max_power_bg_invert,78,0,2,73.0,4545.0,3322.0
7,max_power_bg_invert,79,0,2,73.0,4546.0,3321.2
7,max_power_bg_invert,80,0,2,73.0,4530.0,3328.0
7,max_power_bg_invert,81,0,2,73.0,4545.0,3323.6
7,max_power_bg_invert,82,0,2,73.0,4544.0,3326.8
7,max_power_bg_invert,83,0,2,73.0,4538.0,3333.2
7,max_power_bg_invert,84,0,2,73.0,4542.0,3334.8
7,max_power_bg_invert,85,0,2,73.0,4547.0,3327.6
7,max_power_bg_invert,86,0,2,73.0,4547.0,3325.2
7,max_power_bg_invert,87,0,2,73.0,4548.0,3328.4
7,max_power_bg_invert,88,0,2,73.0,4551.0,3326.8
7,max_power_bg_invert,89,0,2,73.0,4552.0,3329.2
7,max_power_bg_invert,90,0,2,73.0,4549.0,3330.8
7,max_power_bg_invert,0,0,3,67.0,1237.0,3259.2
7,max_power_bg_invert,1,0,3,72.0,4070.0,2927.2
7,max_power_bg_invert,2,0,3,73.0,4231.0,3110.4
7,max_power_bg_invert,3,0,3,73.0,4293.0,3184.0
7,max_power_bg_invert,4,0,3,73.0,4317.0,3221.6
7,max_power_bg_invert,5,0,3,73.0,4342.0,3231.2
7,max_power_bg_invert,6,0,3,73.0,4355.0,3243.6
7,max_power_bg_invert,7,0,3,73.0,4363.0,3255.2
7,max_power_bg_invert,8,0,3,73.0,4369.0,3264.0
7,max_power_bg_invert,9,0,3,73.0,4371.0,3274.0
7,max_power_bg_invert,10,0,3,73.0,4375.0,3275.6
7,max_power_bg_invert,11,0,3,73.0,4380.0,3277.2
7,max_power_bg_invert,12,0,3,73.0,4382.0,3281.2
7,max_power_bg_invert,13,0,3,73.0,4386.0,3284.4
7,max_power_bg_invert,14,0,3,73.0,4388.0,3283.2
7,max_power_bg_invert,15,0,3,73.0,4390.0,3287.2
7,max_power_bg_invert,16,0,3,73.0,4392.0,3292.0
7,max_power_bg_invert,17,0,3,73.0,4393.0,3291.6
7,max_power_bg_invert,18,0,3,73.0,4397.0,3288.8
7,max_power_bg_invert,19,0,3,73.0,4397.0,3293.2
7,max_power_bg_invert,20,0,3,73.0,4398.0,3292.8
7,max_power_bg_invert,21,0,3,73.0,4400.0,3295.6
7,max_power_bg_invert,22,0,3,74.0,4400.0,3295.2
7,max_power_bg_invert,23,0,3,73.0,4399.0,3295.6
7,max_power_bg_invert,24,0,3,73.0,4397.0,3296.4
7,max_power_bg_invert,25,0,3,73.0,4399.0,3295.2
7,max_power_bg_invert,26,0,3,73.0,4398.0,3300.8
7,max_power_bg_invert,27,0,3,73.0,4398.0,3300.8
7,max_power_bg_invert,28,0,3,73.0,4398.0,3300.8
7,max_power_bg_invert,29,0,3,73.0,4399.0,3300.0
7,max_power_bg_invert,30,0,3,73.0,4400.0,3303.6
7,max_power_bg_invert,31,0,3,73.0,4400.0,3303.2
7,max_power_bg_invert,32,0,3,73.0,4400.0,3303.2
7,max_power_bg_invert,33,0,3,73.0,4400.0,3303.2
7,max_power_bg_invert,34,0,3,73.0,4401.0,3302.0
7,max_power_bg_invert,35,0,3,73.0,4399.0,3307.6
7,max_power_bg_invert,36,0,3,73.0,4401.0,3305.6
7,max_power_bg_invert,37,0,3,73.0,4402.0,3304.8
7,max_power_bg_invert,38,0,3,73.0,4402.0,3304.8
7,max_power_bg_invert,39,0,3,73.0,4403.0,3309.2
7,max_power_bg_invert,40,0,3,73.0,4430.0,3308.8
7,max_power_bg_invert,41,0,3,73.0,4415.0,3334.8
7,max_power_bg_invert,42,0,3,73.0,4413.0,3343.6
7,max_power_bg_invert,43,0,3,73.0,4405.0,3354.4
7,max_power_bg_invert,44,0,3,73.0,4410.0,3349.2
7,max_power_bg_invert,45,0,3,73.0,4416.0,3342.8
7,max_power_bg_invert,46,0,3,73.0,4416.0,3340.0
7,max_power_bg_invert,47,0,3,73.0,4416.0,3338.8
7,max_power_bg_invert,48,0,3,73.0,4417.0,3340.0
7,max_power_bg_invert,49,0,3,73.0,4417.0,3341.2
7,max_power_bg_invert,50,0,3,73.0,4418.0,3338.8
7,max_power_bg_invert,51,0,3,73.0,4417.0,3338.0
7,max_power_bg_invert,52,0,3,73.0,4416.0,3338.4
7,max_power_bg_invert,53,0,3,73.0,4414.0,3338.4
7,max_power_bg_invert,54,0,3,73.0,4414.0,3337.6
7,max_power_bg_invert,55,0,3,73.0,4415.0,3337.6
7,max_power_bg_invert,56,0,3,73.0,4415.0,3337.6
7,max_power_bg_invert,57,0,3,73.0,4414.0,3337.6
7,max_power_bg_invert,58,0,3,73.0,4413.0,3338.0
7,max_power_bg_invert,59,0,3,73.0,4414.0,3337.6
7,max_power_bg_invert,60,0,3,73.0,4415.0,3337.6
7,max_power_bg_invert,61,0,3,74.0,4414.0,3337.2
7,max_power_bg_invert,62,0,3,73.0,4414.0,3337.6
7,max_power_bg_invert,63,0,3,73.0,4414.0,3338.0
7,max_power_bg_invert,64,0,3,73.0,4415.0,3336.8
7,max_power_bg_invert,65,0,3,73.0,4415.0,3337.2
7,max_power_bg_invert,66,0,3,73.0,4414.0,3337.2
7,max_power_bg_invert,67,0,3,73.0,4413.0,3337.2
7,max_power_bg_invert,68,0,3,73.0,4412.0,3336.8
7,max_power_bg_invert,69,0,3,73.0,4412.0,3336.0
7,max_power_bg_invert,70,0,3,73.0,4412.0,3334.8
7,max_power_bg_invert,71,0,3,73.0,4412.0,3334.8
7,max_power_bg_invert,72,0,3,73.0,4412.0,3334.4
7,max_power_bg_invert,73,0,3,73.0,4413.0,3334.0
7,max_power_bg_invert,74,0,3,73.0,4413.0,3333.6
7,max_power_bg_invert,75,0,3,73.0,4413.0,3332.8
7,max_power_bg_invert,76,0,3,74.0,4413.0,3332.8
7,max_power_bg_invert,77,0,3,73.0,4414.0,3332.4
7,max_power_bg_invert,78,0,3,73.0,4415.0,3332.4
7,max_power_bg_invert,79,0,3,73.0,4415.0,3331.6
7,max_power_bg_invert,80,0,3,73.0,4430.0,3338.0
7,max_power_bg_invert,81,0,3,73.0,4430.0,3342.8
7,max_power_bg_invert,82,0,3,74.0,4426.0,3336.4
7,max_power_bg_invert,83,0,3,74.0,4425.0,3333.2
7,max_power_bg_invert,84,0,3,74.0,4432.0,3326.0
7,max_power_bg_invert,85,0,3,74.0,4433.0,3326.8
7,max_power_bg_invert,86,0,3,73.0,4436.0,3324.4
7,max_power_bg_invert,87,0,3,73.0,4437.0,3321.6
7,max_power_bg_invert,88,0,3,73.0,4438.0,3322.0
7,max_power_bg_invert,89,0,3,74.0,4435.0,3324.4
7,max_power_bg_invert,90,0,3,74.0,4433.0,3324.4
7,max_power_bg_invert,0,1,2,67.0,1237.0,3276.0
7,max_power_bg_invert,1,1,2,73.0,4420.0,2737.6
7,max_power_bg_invert,2,1,2,73.0,4419.0,3036.8
7,max_power_bg_invert,3,1,2,74.0,4420.0,3129.6
7,max_power_bg_invert,4,1,2,74.0,4412.0,3180.0
7,max_power_bg_invert,5,1,2,74.0,4424.0,3209.2
7,max_power_bg_invert,6,1,2,74.0,4425.0,3235.2
7,max_power_bg_invert,7,1,2,74.0,4420.0,3250.4
7,max_power_bg_invert,8,1,2,74.0,4420.0,3258.0
7,max_power_bg_invert,9,1,2,74.0,4422.0,3266.4
7,max_power_bg_invert,10,1,2,74.0,4422.0,3268.8
7,max_power_bg_invert,11,1,2,74.0,4423.0,3272.0
7,max_power_bg_invert,12,1,2,74.0,4423.0,3276.8
7,max_power_bg_invert,13,1,2,74.0,4422.0,3280.4
7,max_power_bg_invert,14,1,2,74.0,4424.0,3285.6
7,max_power_bg_invert,15,1,2,74.0,4424.0,3290.0
7,max_power_bg_invert,16,1,2,74.0,4425.0,3289.6
7,max_power_bg_invert,17,1,2,74.0,4425.0,3295.2
7,max_power_bg_invert,18,1,2,74.0,4426.0,3294.0
7,max_power_bg_invert,19,1,2,74.0,4427.0,3298.0
7,max_power_bg_invert,20,1,2,74.0,4426.0,3298.4
7,max_power_bg_invert,21,1,2,74.0,4426.0,3297.2
7,max_power_bg_invert,22,1,2,74.0,4427.0,3296.8
7,max_power_bg_invert,23,1,2,74.0,4428.0,3300.8
7,max_power_bg_invert,24,1,2,74.0,4426.0,3301.2
7,max_power_bg_invert,25,1,2,74.0,4427.0,3300.4
7,max_power_bg_invert,26,1,2,74.0,4427.0,3300.4
7,max_power_bg_invert,27,1,2,74.0,4426.0,3305.6
7,max_power_bg_invert,28,1,2,74.0,4426.0,3306.0
7,max_power_bg_invert,29,1,2,74.0,4424.0,3306.4
7,max_power_bg_invert,30,1,2,74.0,4424.0,3306.4
7,max_power_bg_invert,31,1,2,74.0,4423.0,3307.2
7,max_power_bg_invert,32,1,2,74.0,4423.0,3306.8
7,max_power_bg_invert,33,1,2,74.0,4423.0,3306.8
7,max_power_bg_invert,34,1,2,74.0,4422.0,3311.2
7,max_power_bg_invert,35,1,2,74.0,4422.0,3311.2
7,max_power_bg_invert,36,1,2,74.0,4422.0,3310.4
7,max_power_bg_invert,37,1,2,74.0,4422.0,3310.0
7,max_power_bg_invert,38,1,2,74.0,4422.0,3309.6
7,max_power_bg_invert,39,1,2,74.0,4422.0,3310.0
7,max_power_bg_invert,40,1,2,74.0,4410.0,3349.2
7,max_power_bg_invert,41,1,2,74.0,4419.0,3342.4
7,max_power_bg_invert,42,1,2,74.0,4423.0,3334.8
7,max_power_bg_invert,43,1,2,74.0,4432.0,3328.0
7,max_power_bg_invert,44,1,2,74.0,4432.0,3326.4
7,max_power_bg_invert,45,1,2,74.0,4433.0,3324.0
7,max_power_bg_invert,46,1,2,74.0,4431.0,3324.0
7,max_power_bg_invert,47,1,2,74.0,4431.0,3323.6
7,max_power_bg_invert,48,1,2,74.0,4431.0,3323.2
7,max_power_bg_invert,49,1,2,74.0,4429.0,3322.4
7,max_power_bg_invert,50,1,2,74.0,4428.0,3322.8
7,max_power_bg_invert,51,1,2,74.0,4429.0,3322.0
7,max_power_bg_invert,52,1,2,74.0,4425.0,3324.0
7,max_power_bg_invert,53,1,2,74.0,4424.0,3324.8
7,max_power_bg_invert,54,1,2,74.0,4421.0,3325.6
7,max_power_bg_invert,55,1,2,74.0,4421.0,3326.0
7,max_power_bg_invert,56,1,2,74.0,4420.0,3324.8
7,max_power_bg_invert,57,1,2,74.0,4420.0,3325.2
7,max_power_bg_invert,58,1,2,74.0,4421.0,3325.2
7,max_power_bg_invert,59,1,2,74.0,4419.0,3327.2
7,max_power_bg_invert,60,1,2,74.0,4419.0,3327.2
7,max_power_bg_invert,61,1,2,74.0,4419.0,3327.2
7,max_power_bg_invert,62,1,2,74.0,4419.0,3327.2
7,max_power_bg_invert,63,1,2,74.0,4419.0,3326.4
7,max_power_bg_invert,64,1,2,74.0,4420.0,3326.0
7,max_power_bg_invert,65,1,2,74.0,4420.0,3324.8
7,max_power_bg_invert,66,1,2,74.0,4420.0,3324.0
7,max_power_bg_invert,67,1,2,74.0,4421.0,3322.8
7,max_power_bg_invert,68,1,2,74.0,4420.0,3322.8
7,max_power_bg_invert,69,1,2,74.0,4419.0,3323.2
7,max_power_bg_invert,70,1,2,74.0,4419.0,3322.4
7,max_power_bg_invert,71,1,2,74.0,4418.0,3322.8
7,max_power_bg_invert,72,1,2,74.0,4418.0,3322.4
7,max_power_bg_invert,73,1,2,74.0,4418.0,3321.2
7,max_power_bg_invert,74,1,2,74.0,4419.0,3320.8
7,max_power_bg_invert,75,1,2,74.0,4418.0,3320.4
7,max_power_bg_invert,76,1,2,74.0,4418.0,3320.0
7,max_power_bg_invert,77,1,2,74.0,4417.0,3320.4
7,max_power_bg_invert,78,1,2,74.0,4418.0,3319.2
7,max_power_bg_invert,79,1,2,74.0,4417.0,3319.6
7,max_power_bg_invert,80,1,2,74.0,4419.0,3316.0
7,max_power_bg_invert,81,1,2,74.0,4405.0,3311.6
7,max_power_bg_invert,82,1,2,74.0,4413.0,3312.0
7,max_power_bg_invert,83,1,2,74.0,4420.0,3306.4
7,max_power_bg_invert,84,1,2,74.0,4408.0,3309.6
7,max_power_bg_invert,85,1,2,74.0,4410.0,3312.0
7,max_power_bg_invert,86,1,2,74.0,4413.0,3310.4
7,max_power_bg_invert,87,1,2,74.0,4416.0,3308.4
7,max_power_bg_invert,88,1,2,74.0,4418.0,3308.0
7,max_power_bg_invert,89,1,2,74.0,4419.0,3308.8
7,max_power_bg_invert,90,1,2,74.0,4417.0,3308.8
7,max_power_bg_invert,0,1,3,67.0,1275.0,3252.8
7,max_power_bg_invert,1,1,3,73.0,4000.0,2972.4
7,max_power_bg_invert,2,1,3,73.0,4110.0,3145.2
7,max_power_bg_invert,3,1,3,74.0,4155.0,3208.4
7,max_power_bg_invert,4,1,3,74.0,4182.0,3236.4
7,max_power_bg_invert,5,1,3,74.0,4195.0,3253.2
7,max_power_bg_invert,6,1,3,74.0,4206.0,3267.6
7,max_power_bg_invert,7,1,3,74.0,4216.0,3273.2
7,max_power_bg_invert,8,1,3,74.0,4226.0,3277.2
7,max_power_bg_invert,9,1,3,74.0,4232.0,3282.4
7,max_power_bg_invert,10,1,3,74.0,4238.0,3282.8
7,max_power_bg_invert,11,1,3,74.0,4244.0,3282.8
7,max_power_bg_invert,12,1,3,74.0,4245.0,3286.8
7,max_power_bg_invert,13,1,3,74.0,4248.0,3290.0
7,max_power_bg_invert,14,1,3,74.0,4248.0,3287.6
7,max_power_bg_invert,15,1,3,74.0,4252.0,3291.6
7,max_power_bg_invert,16,1,3,74.0,4255.0,3295.2
7,max_power_bg_invert,17,1,3,74.0,4256.0,3293.2
7,max_power_bg_invert,18,1,3,74.0,4256.0,3293.6
7,max_power_bg_invert,19,1,3,74.0,4259.0,3297.2
7,max_power_bg_invert,20,1,3,74.0,4262.0,3295.6
7,max_power_bg_invert,21,1,3,74.0,4262.0,3294.0
7,max_power_bg_invert,22,1,3,74.0,4264.0,3291.6
7,max_power_bg_invert,23,1,3,74.0,4263.0,3296.8
7,max_power_bg_invert,24,1,3,74.0,4264.0,3296.4
7,max_power_bg_invert,25,1,3,74.0,4265.0,3295.6
7,max_power_bg_invert,26,1,3,74.0,4264.0,3296.0
7,max_power_bg_invert,27,1,3,74.0,4264.0,3295.6
7,max_power_bg_invert,28,1,3,74.0,4265.0,3300.0
7,max_power_bg_invert,29,1,3,74.0,4267.0,3298.8
7,max_power_bg_invert,30,1,3,74.0,4267.0,3298.8
7,max_power_bg_invert,31,1,3,74.0,4266.0,3300.0
7,max_power_bg_invert,32,1,3,74.0,4267.0,3299.2
7,max_power_bg_invert,33,1,3,74.0,4267.0,3299.2
7,max_power_bg_invert,34,1,3,74.0,4268.0,3298.0
7,max_power_bg_invert,35,1,3,74.0,4269.0,3297.6
7,max_power_bg_invert,36,1,3,74.0,4270.0,3297.2
7,max_power_bg_invert,37,1,3,74.0,4270.0,3298.0
7,max_power_bg_invert,38,1,3,74.0,4270.0,3302.8
7,max_power_bg_invert,39,1,3,74.0,4270.0,3303.2
7,max_power_bg_invert,40,1,3,74.0,4300.0,3306.0
7,max_power_bg_invert,41,1,3,74.0,4305.0,3299.6
7,max_power_bg_invert,42,1,3,74.0,4300.0,3301.6
7,max_power_bg_invert,43,1,3,74.0,4289.0,3306.8
7,max_power_bg_invert,44,1,3,74.0,4277.0,3314.0
7,max_power_bg_invert,45,1,3,74.0,4272.0,3317.2
7,max_power_bg_invert,46,1,3,74.0,4273.0,3318.0
7,max_power_bg_invert,47,1,3,74.0,4275.0,3317.2
7,max_power_bg_invert,48,1,3,74.0,4277.0,3314.8
7,max_power_bg_invert,49,1,3,74.0,4274.0,3317.2
7,max_power_bg_invert,50,1,3,74.0,4269.0,3318.0
7,max_power_bg_invert,51,1,3,74.0,4270.0,3316.8
7,max_power_bg_invert,52,1,3,74.0,4269.0,3314.8
7,max_power_bg_invert,53,1,3,74.0,4270.0,3314.0
7,max_power_bg_invert,54,1,3,74.0,4270.0,3314.8
7,max_power_bg_invert,55,1,3,74.0,4271.0,3314.4
7,max_power_bg_invert,56,1,3,74.0,4273.0,3314.8
7,max_power_bg_invert,57,1,3,74.0,4274.0,3314.0
7,max_power_bg_invert,58,1,3,74.0,4274.0,3314.8
7,max_power_bg_invert,59,1,3,74.0,4274.0,3314.0
7,max_power_bg_invert,60,1,3,74.0,4272.0,3315.2
7,max_power_bg_invert,61,1,3,74.0,4271.0,3316.0
7,max_power_bg_invert,62,1,3,74.0,4270.0,3316.0
7,max_power_bg_invert,63,1,3,74.0,4270.0,3316.4
7,max_power_bg_invert,64,1,3,74.0,4272.0,3316.0
7,max_power_bg_invert,65,1,3,74.0,4273.0,3314.0
7,max_power_bg_invert,66,1,3,74.0,4271.0,3314.4
7,max_power_bg_invert,67,1,3,74.0,4271.0,3314.4
7,max_power_bg_invert,68,1,3,74.0,4271.0,3314.8
7,max_power_bg_invert,69,1,3,74.0,4272.0,3319.2
7,max_power_bg_invert,70,1,3,74.0,4272.0,3318.4
7,max_power_bg_invert,71,1,3,74.0,4273.0,3317.6
7,max_power_bg_invert,72,1,3,74.0,4273.0,3316.8
7,max_power_bg_invert,73,1,3,74.0,4273.0,3316.4
7,max_power_bg_invert,74,1,3,74.0,4272.0,3316.8
7,max_power_bg_invert,75,1,3,74.0,4273.0,3316.0
7,max_power_bg_invert,76,1,3,74.0,4273.0,3316.4
7,max_power_bg_invert,77,1,3,74.0,4272.0,3322.0
7,max_power_bg_invert,78,1,3,74.0,4272.0,3321.2
7,max_power_bg_invert,79,1,3,74.0,4272.0,3320.8
7,max_power_bg_invert,80,1,3,74.0,4237.0,3362.4
7,max_power_bg_invert,81,1,3,74.0,4253.0,3347.6
7,max_power_bg_invert,82,1,3,74.0,4259.0,3348.0
7,max_power_bg_invert,83,1,3,74.0,4276.0,3339.2
7,max_power_bg_invert,84,1,3,74.0,4268.0,3348.0
7,max_power_bg_invert,85,1,3,74.0,4265.0,3349.2
7,max_power_bg_invert,86,1,3,74.0,4264.0,3347.6
7,max_power_bg_invert,87,1,3,74.0,4268.0,3346.4
7,max_power_bg_invert,88,1,3,74.0,4269.0,3346.8
7,max_power_bg_invert,89,1,3,74.0,4265.0,3348.8
7,max_power_bg_invert,90,1,3,74.0,4265.0,3346.4
7,max_power_bg_invert,0,2,3,67.0,1287.0,3262.0
7,max_power_bg_invert,1,2,3,73.0,3980.0,2990.8
7,max_power_bg_invert,2,2,3,73.0,4170.0,3148.4
7,max_power_bg_invert,3,2,3,73.0,4210.0,3207.2
7,max_power_bg_invert,4,2,3,73.0,4238.0,3231.6
7,max_power_bg_invert,5,2,3,73.0,4253.0,3251.2
7,max_power_bg_invert,6,2,3,73.0,4264.0,3264.0
7,max_power_bg_invert,7,2,3,73.0,4273.0,3272.8
7,max_power_bg_invert,8,2,3,73.0,4275.0,3281.6
7,max_power_bg_invert,9,2,3,73.0,4279.0,3289.2
7,max_power_bg_invert,10,2,3,73.0,4284.0,3292.4
7,max_power_bg_invert,11,2,3,73.0,4285.0,3298.8
7,max_power_bg_invert,12,2,3,73.0,4293.0,3298.0
7,max_power_bg_invert,13,2,3,73.0,4299.0,3299.6
7,max_power_bg_invert,14,2,3,73.0,4300.0,3296.4
7,max_power_bg_invert,15,2,3,73.0,4301.0,3300.8
7,max_power_bg_invert,16,2,3,73.0,4301.0,3300.8
7,max_power_bg_invert,17,2,3,73.0,4306.0,3302.4
7,max_power_bg_invert,18,2,3,73.0,4306.0,3303.2
7,max_power_bg_invert,19,2,3,73.0,4307.0,3302.8
7,max_power_bg_invert,20,2,3,73.0,4308.0,3307.2
7,max_power_bg_invert,21,2,3,73.0,4309.0,3306.4
7,max_power_bg_invert,22,2,3,73.0,4311.0,3305.6
7,max_power_bg_invert,23,2,3,74.0,4313.0,3304.0
7,max_power_bg_invert,24,2,3,73.0,4314.0,3307.2
7,max_power_bg_invert,25,2,3,73.0,4316.0,3306.0
7,max_power_bg_invert,26,2,3,73.0,4316.0,3305.2
7,max_power_bg_invert,27,2,3,73.0,4317.0,3304.0
7,max_power_bg_invert,28,2,3,73.0,4317.0,3303.2
7,max_power_bg_invert,29,2,3,73.0,4318.0,3302.8
7,max_power_bg_invert,30,2,3,73.0,4317.0,3307.6
7,max_power_bg_invert,31,2,3,73.0,4318.0,3307.2
7,max_power_bg_invert,32,2,3,73.0,4319.0,3306.4
7,max_power_bg_invert,33,2,3,73.0,4321.0,3305.2
7,max_power_bg_invert,34,2,3,73.0,4321.0,3304.8
7,max_power_bg_invert,35,2,3,73.0,4323.0,3303.6
7,max_power_bg_invert,36,2,3,73.0,4323.0,3302.8
7,max_power_bg_invert,37,2,3,73.0,4323.0,3302.4
7,max_power_bg_invert,38,2,3,73.0,4324.0,3302.0
7,max_power_bg_invert,39,2,3,73.0,4324.0,3306.8
7,max_power_bg_invert,40,2,3,73.0,4312.0,3324.8
7,max_power_bg_invert,41,2,3,73.0,4316.0,3320.4
7,max_power_bg_invert,42,2,3,74.0,4327.0,3314.4
7,max_power_bg_invert,43,2,3,73.0,4325.0,3314.4
7,max_power_bg_invert,44,2,3,73.0,4324.0,3314.8
7,max_power_bg_invert,45,2,3,73.0,4324.0,3315.2
7,max_power_bg_invert,46,2,3,73.0,4326.0,3314.8
7,max_power_bg_invert,47,2,3,73.0,4326.0,3316.8
7,max_power_bg_invert,48,2,3,73.0,4330.0,3313.2
7,max_power_bg_invert,49,2,3,73.0,4333.0,3310.4
7,max_power_bg_invert,50,2,3,73.0,4333.0,3310.8
7,max_power_bg_invert,51,2,3,73.0,4332.0,3312.8
7,max_power_bg_invert,52,2,3,73.0,4334.0,3311.6
7,max_power_bg_invert,53,2,3,74.0,4334.0,3312.0
7,max_power_bg_invert,54,2,3,73.0,4335.0,3310.8
7,max_power_bg_invert,55,2,3,74.0,4333.0,3311.2
7,max_power_bg_invert,56,2,3,73.0,4331.0,3312.4
7,max_power_bg_invert,57,2,3,73.0,4329.0,3313.2
7,max_power_bg_invert,58,2,3,73.0,4328.0,3314.0
7,max_power_bg_invert,59,2,3,73.0,4326.0,3314.8
7,max_power_bg_invert,60,2,3,73.0,4324.0,3314.8
7,max_power_bg_invert,61,2,3,73.0,4323.0,3315.2
7,max_power_bg_invert,62,2,3,74.0,4324.0,3314.0
7,max_power_bg_invert,63,2,3,74.0,4325.0,3313.6
7,max_power_bg_invert,64,2,3,74.0,4326.0,3313.6
7,max_power_bg_invert,65,2,3,73.0,4325.0,3314.0
7,max_power_bg_invert,66,2,3,73.0,4326.0,3312.4
7,max_power_bg_invert,67,2,3,73.0,4326.0,3312.4
7,max_power_bg_invert,68,2,3,73.0,4325.0,3311.6
7,max_power_bg_invert,69,2,3,74.0,4326.0,3311.2
7,max_power_bg_invert,70,2,3,73.0,4327.0,3310.0
7,max_power_bg_invert,71,2,3,73.0,4325.0,3311.6
7,max_power_bg_invert,72,2,3,73.0,4327.0,3310.4
7,max_power_bg_invert,73,2,3,74.0,4326.0,3310.8
7,max_power_bg_invert,74,2,3,74.0,4326.0,3310.0
7,max_power_bg_invert,75,2,3,73.0,4326.0,3310.4
7,max_power_bg_invert,76,2,3,73.0,4326.0,3310.4
7,max_power_bg_invert,77,2,3,74.0,4327.0,3309.2
7,max_power_bg_invert,78,2,3,74.0,4327.0,3309.6
7,max_power_bg_invert,79,2,3,74.0,4327.0,3309.6
7,max_power_bg_invert,80,2,3,74.0,4347.0,3312.8
7,max_power_bg_invert,81,2,3,73.0,4351.0,3299.6
7,max_power_bg_invert,82,2,3,74.0,4344.0,3300.0
7,max_power_bg_invert,83,2,3,74.0,4333.0,3306.0
7,max_power_bg_invert,84,2,3,74.0,4328.0,3308.0
7,max_power_bg_invert,85,2,3,73.0,4325.0,3308.4
7,max_power_bg_invert,86,2,3,74.0,4327.0,3306.8
7,max_power_bg_invert,87,2,3,73.0,4333.0,3305.2
7,max_power_bg_invert,88,2,3,74.0,4330.0,3306.8
7,max_power_bg_invert,89,2,3,74.0,4328.0,3307.2
7,max_power_bg_invert,90,2,3,73.0,4329.0,3309.2
8,max_power_bg_invert,0,0,1,63.0,1300.0,3092.8
8,max_power_bg_invert,1,0,1,71.0,4130.0,2774.0
8,max_power_bg_invert,2,0,1,71.0,4284.0,2960.0
8,max_power_bg_invert,3,0,1,71.0,4358.0,3038.8
8,max_power_bg_invert,4,0,1,71.0,4397.0,3066.4
8,max_power_bg_invert,5,0,1,71.0,4412.0,3084.0
8,max_power_bg_invert,6,0,1,71.0,4425.0,3094.4
8,max_power_bg_invert,7,0,1,72.0,4436.0,3100.8
8,max_power_bg_invert,8,0,1,71.0,4443.0,3113.6
8,max_power_bg_invert,9,0,1,71.0,4444.0,3121.2
8,max_power_bg_invert,10,0,1,71.0,4449.0,3125.6
8,max_power_bg_invert,11,0,1,71.0,4452.0,3128.4
8,max_power_bg_invert,12,0,1,71.0,4452.0,3132.0
8,max_power_bg_invert,13,0,1,71.0,4455.0,3135.2
8,max_power_bg_invert,14,0,1,71.0,4456.0,3139.6
8,max_power_bg_invert,15,0,1,72.0,4458.0,3144.0
8,max_power_bg_invert,16,0,1,72.0,4460.0,3142.4
8,max_power_bg_invert,17,0,1,72.0,4459.0,3149.2
8,max_power_bg_invert,18,0,1,72.0,4461.0,3147.6
8,max_power_bg_invert,19,0,1,72.0,4463.0,3151.2
8,max_power_bg_invert,20,0,1,72.0,4466.0,3149.2
8,max_power_bg_invert,21,0,1,72.0,4467.0,3148.4
8,max_power_bg_invert,22,0,1,72.0,4467.0,3148.4
8,max_power_bg_invert,23,0,1,72.0,4466.0,3154.4
8,max_power_bg_invert,24,0,1,72.0,4466.0,3155.2
8,max_power_bg_invert,25,0,1,72.0,4465.0,3155.2
8,max_power_bg_invert,26,0,1,72.0,4467.0,3154.8
8,max_power_bg_invert,27,0,1,72.0,4466.0,3160.0
8,max_power_bg_invert,28,0,1,72.0,4467.0,3160.4
8,max_power_bg_invert,29,0,1,72.0,4469.0,3158.4
8,max_power_bg_invert,30,0,1,72.0,4470.0,3157.2
8,max_power_bg_invert,31,0,1,72.0,4470.0,3157.6
8,max_power_bg_invert,32,0,1,72.0,4471.0,3157.2
8,max_power_bg_invert,33,0,1,72.0,4472.0,3156.4
8,max_power_bg_invert,34,0,1,72.0,4472.0,3160.4
8,max_power_bg_invert,35,0,1,72.0,4473.0,3159.6
8,max_power_bg_invert,36,0,1,72.0,4472.0,3160.0
8,max_power_bg_invert,37,0,1,72.0,4473.0,3158.4
8,max_power_bg_invert,38,0,1,72.0,4474.0,3156.8
8,max_power_bg_invert,39,0,1,72.0,4475.0,3155.6
8,max_power_bg_invert,40,0,1,72.0,4460.0,3164.0
8,max_power_bg_invert,41,0,1,72.0,4455.0,3161.2
8,max_power_bg_invert,42,0,1,72.0,4462.0,3158.8
8,max_power_bg_invert,43,0,1,72.0,4476.0,3149.2
8,max_power_bg_invert,44,0,1,72.0,4479.0,3157.6
8,max_power_bg_invert,45,0,1,72.0,4483.0,3155.6
8,max_power_bg_invert,46,0,1,72.0,4482.0,3155.2
8,max_power_bg_invert,47,0,1,72.0,4482.0,3156.0
8,max_power_bg_invert,48,0,1,72.0,4480.0,3155.6
8,max_power_bg_invert,49,0,1,72.0,4483.0,3154.4
8,max_power_bg_invert,50,0,1,72.0,4481.0,3156.0
8,max_power_bg_invert,51,0,1,72.0,4487.0,3154.0
8,max_power_bg_invert,52,0,1,72.0,4488.0,3153.2
8,max_power_bg_invert,53,0,1,72.0,4486.0,3154.0
8,max_power_bg_invert,54,0,1,72.0,4485.0,3154.8
8,max_power_bg_invert,55,0,1,72.0,4485.0,3153.6
8,max_power_bg_invert,56,0,1,72.0,4487.0,3158.0
8,max_power_bg_invert,57,0,1,72.0,4486.0,3158.8
8,max_power_bg_invert,58,0,1,72.0,4486.0,3158.8
8,max_power_bg_invert,59,0,1,72.0,4487.0,3158.0
8,max_power_bg_invert,60,0,1,72.0,4488.0,3161.2
8,max_power_bg_invert,61,0,1,72.0,4487.0,3161.6
8,max_power_bg_invert,62,0,1,72.0,4487.0,3160.8
8,max_power_bg_invert,63,0,1,72.0,4486.0,3162.0
8,max_power_bg_invert,64,0,1,72.0,4485.0,3167.2
8,max_power_bg_invert,65,0,1,72.0,4485.0,3168.0
8,max_power_bg_invert,66,0,1,72.0,4486.0,3166.0
8,max_power_bg_invert,67,0,1,72.0,4486.0,3166.4
8,max_power_bg_invert,68,0,1,72.0,4487.0,3165.2
8,max_power_bg_invert,69,0,1,72.0,4488.0,3163.2
8,max_power_bg_invert,70,0,1,72.0,4489.0,3168.4
8,max_power_bg_invert,71,0,1,72.0,4488.0,3168.8
8,max_power_bg_invert,72,0,1,72.0,4487.0,3169.2
8,max_power_bg_invert,73,0,1,72.0,4487.0,3170.0
8,max_power_bg_invert,74,0,1,72.0,4487.0,3169.2
8,max_power_bg_invert,75,0,1,72.0,4488.0,3168.4
8,max_power_bg_invert,76,0,1,72.0,4487.0,3168.4
8,max_power_bg_invert,77,0,1,72.0,4488.0,3166.8
8,max_power_bg_invert,78,0,1,72.0,4487.0,3167.2
8,max_power_bg_invert,79,0,1,72.0,4486.0,3167.2
8,max_power_bg_invert,80,0,1,72.0,4480.0,3151.2
8,max_power_bg_invert,81,0,1,72.0,4465.0,3155.2
8,max_power_bg_invert,82,0,1,72.0,4472.0,3164.0
8,max_power_bg_invert,83,0,1,72.0,4479.0,3168.0
8,max_power_bg_invert,84,0,1,72.0,4483.0,3166.8
8,max_power_bg_invert,85,0,1,72.0,4482.0,3168.0
8,max_power_bg_invert,86,0,1,72.0,4483.0,3169.6
8,max_power_bg_invert,87,0,1,72.0,4480.0,3170.4
8,max_power_bg_invert,88,0,1,72.0,4477.0,3172.4
8,max_power_bg_invert,89,0,1,72.0,4474.0,3174.0
8,max_power_bg_invert,90,0,1,72.0,4477.0,3174.4
8,max_power_bg_invert,0,0,2,0.0,0.0,0.0
8,max_power_bg_invert,1,0,2,0.0,0.0,0.0
8,max_power_bg_invert,2,0,2,71.0,4750.0,3117.2
8,max_power_bg_invert,3,0,2,72.0,4705.0,3150.4
8,max_power_bg_invert,4,0,2,72.0,4685.0,3180.0
8,max_power_bg_invert,5,0,2,72.0,4694.0,3186.4
8,max_power_bg_invert,6,0,2,72.0,4697.0,3188.4
8,max_power_bg_invert,7,0,2,72.0,4700.0,3184.4
8,max_power_bg_invert,8,0,2,72.0,4701.0,3186.4
8,max_power_bg_invert,9,0,2,72.0,4703.0,3191.6
8,max_power_bg_invert,10,0,2,72.0,4709.0,3190.4
8,max_power_bg_invert,11,0,2,72.0,4707.0,3191.2
8,max_power_bg_invert,12,0,2,72.0,4702.0,3192.4
8,max_power_bg_invert,13,0,2,72.0,4702.0,3192.0
8,max_power_bg_invert,14,0,2,72.0,4703.0,3190.8
8,max_power_bg_invert,15,0,2,72.0,4702.0,3188.8
8,max_power_bg_invert,16,0,2,72.0,4698.0,3197.6
8,max_power_bg_invert,17,0,2,72.0,4696.0,3199.6
8,max_power_bg_invert,18,0,2,72.0,4696.0,3198.0
8,max_power_bg_invert,19,0,2,72.0,4695.0,3197.2
8,max_power_bg_invert,20,0,2,72.0,4696.0,3196.0
8,max_power_bg_invert,21,0,2,72.0,4694.0,3196.8
8,max_power_bg_invert,22,0,2,72.0,4695.0,3197.2
8,max_power_bg_invert,23,0,2,72.0,4697.0,3196.4
8,max_power_bg_invert,24,0,2,72.0,4696.0,3196.8
8,max_power_bg_invert,25,0,2,72.0,4696.0,3196.0
8,max_power_bg_invert,26,0,2,72.0,4697.0,3195.2
8,max_power_bg_invert,27,0,2,72.0,4698.0,3194.4
8,max_power_bg_invert,28,0,2,72.0,4698.0,3194.0
8,max_power_bg_invert,29,0,2,72.0,4698.0,3194.4
8,max_power_bg_invert,30,0,2,72.0,4697.0,3194.4
8,max_power_bg_invert,31,0,2,72.0,4697.0,3194.0
8,max_power_bg_invert,32,0,2,72.0,4696.0,3193.2
8,max_power_bg_invert,33,0,2,72.0,4696.0,3193.6
8,max_power_bg_invert,34,0,2,72.0,4697.0,3191.6
8,max_power_bg_invert,35,0,2,72.0,4696.0,3192.4
8,max_power_bg_invert,36,0,2,72.0,4696.0,3192.4
8,max_power_bg_invert,37,0,2,72.0,4695.0,3193.2
8,max_power_bg_invert,38,0,2,72.0,4695.0,3192.8
8,max_power_bg_invert,39,0,2,72.0,4695.0,3192.4
8,max_power_bg_invert,40,0,2,72.0,4700.0,3202.8
8,max_power_bg_invert,41,0,2,72.0,4715.0,3189.2
8,max_power_bg_invert,42,0,2,72.0,4706.0,3189.2
8,max_power_bg_invert,43,0,2,72.0,4697.0,3190.0
8,max_power_bg_invert,44,0,2,72.0,4704.0,3188.4
8,max_power_bg_invert,45,0,2,73.0,4700.0,3190.8
8,max_power_bg_invert,46,0,2,72.0,4700.0,3191.2
8,max_power_bg_invert,47,0,2,72.0,4697.0,3188.8
8,max_power_bg_invert,48,0,2,72.0,4698.0,3185.2
8,max_power_bg_invert,49,0,2,72.0,4698.0,3184.0
8,max_power_bg_invert,50,0,2,72.0,4698.0,3183.6
8,max_power_bg_invert,51,0,2,72.0,4699.0,3184.8
8,max_power_bg_invert,52,0,2,72.0,4699.0,3185.6
8,max_power_bg_invert,53,0,2,72.0,4700.0,3186.0
8,max_power_bg_invert,54,0,2,72.0,4699.0,3186.8
8,max_power_bg_invert,55,0,2,72.0,4700.0,3187.6
8,max_power_bg_invert,56,0,2,72.0,4699.0,3188.8
8,max_power_bg_invert,57,0,2,72.0,4699.0,3188.0
8,max_power_bg_invert,58,0,2,72.0,4700.0,3186.8
8,max_power_bg_invert,59,0,2,72.0,4700.0,3187.2
8,max_power_bg_invert,60,0,2,72.0,4700.0,3186.4
8,max_power_bg_invert,61,0,2,72.0,4701.0,3186.0
8,max_power_bg_invert,62,0,2,72.0,4700.0,3186.8
8,max_power_bg_invert,63,0,2,72.0,4700.0,3186.4
8,max_power_bg_invert,64,0,2,73.0,4698.0,3186.4
8,max_power_bg_invert,65,0,2,72.0,4699.0,3186.0
8,max_power_bg_invert,66,0,2,72.0,4698.0,3186.8
8,max_power_bg_invert,67,0,2,72.0,4700.0,3185.6
8,max_power_bg_invert,68,0,2,72.0,4700.0,3185.2
8,max_power_bg_invert,69,0,2,72.0,4699.0,3186.0
8,max_power_bg_invert,70,0,2,72.0,4699.0,3185.2
8,max_power_bg_invert,71,0,2,72.0,4700.0,3184.4
8,max_power_bg_invert,72,0,2,72.0,4701.0,3183.6
8,max_power_bg_invert,73,0,2,72.0,4701.0,3182.8
8,max_power_bg_invert,74,0,2,72.0,4702.0,3182.4
8,max_power_bg_invert,75,0,2,72.0,4702.0,3182.4
8,max_power_bg_invert,76,0,2,72.0,4701.0,3182.8
8,max_power_bg_invert,77,0,2,72.0,4701.0,3182.8
8,max_power_bg_invert,78,0,2,73.0,4701.0,3183.2
8,max_power_bg_invert,79,0,2,72.0,4700.0,3184.4
8,max_power_bg_invert,80,0,2,73.0,4740.0,3159.2
8,max_power_bg_invert,81,0,2,72.0,4705.0,3169.2
8,max_power_bg_invert,82,0,2,73.0,4700.0,3180.8
8,max_power_bg_invert,83,0,2,72.0,4702.0,3176.4
8,max_power_bg_invert,84,0,2,72.0,4700.0,3176.4
8,max_power_bg_invert,85,0,2,72.0,4705.0,3175.6
8,max_power_bg_invert,86,0,2,72.0,4702.0,3175.6
8,max_power_bg_invert,87,0,2,72.0,4701.0,3175.6
8,max_power_bg_invert,88,0,2,72.0,4701.0,3172.0
8,max_power_bg_invert,89,0,2,73.0,4696.0,3175.6
8,max_power_bg_invert,90,0,2,72.0,4695.0,3177.2
8,max_power_bg_invert,0,0,3,64.0,1275.0,3116.0
8,max_power_bg_invert,1,0,3,72.0,4220.0,2716.0
8,max_power_bg_invert,2,0,3,72.0,4400.0,2931.2
8,max_power_bg_invert,3,0,3,72.0,4448.0,3001.2
8,max_power_bg_invert,4,0,3,72.0,4474.0,3040.4
8,max_power_bg_invert,5,0,3,72.0,4485.0,3066.4
8,max_power_bg_invert,6,0,3,72.0,4494.0,3078.0
8,max_power_bg_invert,7,0,3,72.0,4504.0,3095.6
8,max_power_bg_invert,8,0,3,72.0,4511.0,3099.2
8,max_power_bg_invert,9,0,3,72.0,4517.0,3105.2
8,max_power_bg_invert,10,0,3,72.0,4524.0,3110.0
8,max_power_bg_invert,11,0,3,72.0,4529.0,3116.4
8,max_power_bg_invert,12,0,3,72.0,4533.0,3119.6
8,max_power_bg_invert,13,0,3,72.0,4536.0,3123.2
8,max_power_bg_invert,14,0,3,72.0,4538.0,3126.8
8,max_power_bg_invert,15,0,3,72.0,4540.0,3130.8
8,max_power_bg_invert,16,0,3,72.0,4542.0,3133.2
8,max_power_bg_invert,17,0,3,72.0,4543.0,3137.2
8,max_power_bg_invert,18,0,3,73.0,4546.0,3135.6
8,max_power_bg_invert,19,0,3,72.0,4548.0,3138.8
8,max_power_bg_invert,20,0,3,72.0,4550.0,3142.8
8,max_power_bg_invert,21,0,3,73.0,4553.0,3140.0
8,max_power_bg_invert,22,0,3,72.0,4553.0,3145.2
8,max_power_bg_invert,23,0,3,73.0,4555.0,3143.2
8,max_power_bg_invert,24,0,3,73.0,4556.0,3148.4
8,max_power_bg_invert,25,0,3,72.0,4557.0,3148.0
8,max_power_bg_invert,26,0,3,72.0,4558.0,3146.8
8,max_power_bg_invert,27,0,3,73.0,4557.0,3150.4
8,max_power_bg_invert,28,0,3,73.0,4558.0,3149.6
8,max_power_bg_invert,29,0,3,72.0,4558.0,3149.6
8,max_power_bg_invert,30,0,3,73.0,4559.0,3153.6
8,max_power_bg_invert,31,0,3,73.0,4559.0,3154.0
8,max_power_bg_invert,32,0,3,72.0,4558.0,3154.4
8,max_power_bg_invert,33,0,3,73.0,4559.0,3153.2
8,max_power_bg_invert,34,0,3,73.0,4559.0,3158.0
8,max_power_bg_invert,35,0,3,72.0,4560.0,3157.6
8,max_power_bg_invert,36,0,3,73.0,4562.0,3156.8
8,max_power_bg_invert,37,0,3,73.0,4561.0,3157.6
8,max_power_bg_invert,38,0,3,73.0,4561.0,3157.6
8,max_power_bg_invert,39,0,3,73.0,4562.0,3156.8
8,max_power_bg_invert,40,0,3,73.0,4569.0,3187.2
8,max_power_bg_invert,41,0,3,73.0,4539.0,3194.8
8,max_power_bg_invert,42,0,3,73.0,4539.0,3196.0
8,max_power_bg_invert,43,0,3,73.0,4548.0,3190.8
8,max_power_bg_invert,44,0,3,72.0,4546.0,3186.8
8,max_power_bg_invert,45,0,3,73.0,4542.0,3188.0
8,max_power_bg_invert,46,0,3,73.0,4549.0,3185.2
8,max_power_bg_invert,47,0,3,73.0,4546.0,3187.2
8,max_power_bg_invert,48,0,3,73.0,4545.0,3189.2
8,max_power_bg_invert,49,0,3,73.0,4547.0,3187.6
8,max_power_bg_invert,50,0,3,73.0,4550.0,3186.4
8,max_power_bg_invert,51,0,3,73.0,4552.0,3184.4
8,max_power_bg_invert,52,0,3,73.0,4554.0,3184.0
8,max_power_bg_invert,53,0,3,73.0,4557.0,3182.4
8,max_power_bg_invert,54,0,3,73.0,4558.0,3181.2
8,max_power_bg_invert,55,0,3,73.0,4558.0,3181.6
8,max_power_bg_invert,56,0,3,73.0,4559.0,3180.4
8,max_power_bg_invert,57,0,3,73.0,4557.0,3181.2
8,max_power_bg_invert,58,0,3,73.0,4558.0,3179.6
8,max_power_bg_invert,59,0,3,73.0,4559.0,3179.6
8,max_power_bg_invert,60,0,3,73.0,4559.0,3178.8
8,max_power_bg_invert,61,0,3,73.0,4558.0,3178.8
8,max_power_bg_invert,62,0,3,73.0,4560.0,3177.2
8,max_power_bg_invert,63,0,3,73.0,4560.0,3178.0
8,max_power_bg_invert,64,0,3,73.0,4561.0,3178.0
8,max_power_bg_invert,65,0,3,73.0,4562.0,3177.6
8,max_power_bg_invert,66,0,3,73.0,4562.0,3177.2
8,max_power_bg_invert,67,0,3,73.0,4562.0,3177.2
8,max_power_bg_invert,68,0,3,73.0,4562.0,3177.6
8,max_power_bg_invert,69,0,3,73.0,4564.0,3175.6
8,max_power_bg_invert,70,0,3,73.0,4564.0,3175.6
8,max_power_bg_invert,71,0,3,73.0,4564.0,3175.6
8,max_power_bg_invert,72,0,3,73.0,4565.0,3174.8
8,max_power_bg_invert,73,0,3,73.0,4565.0,3174.8
8,max_power_bg_invert,74,0,3,73.0,4565.0,3175.6
8,max_power_bg_invert,75,0,3,73.0,4565.0,3175.2
8,max_power_bg_invert,76,0,3,73.0,4564.0,3175.6
8,max_power_bg_invert,77,0,3,73.0,4564.0,3175.2
8,max_power_bg_invert,78,0,3,73.0,4565.0,3174.8
8,max_power_bg_invert,79,0,3,73.0,4564.0,3174.8
8,max_power_bg_invert,80,0,3,73.0,4610.0,3136.0
8,max_power_bg_invert,81,0,3,73.0,4599.0,3152.8
8,max_power_bg_invert,82,0,3,73.0,4589.0,3155.6
8,max_power_bg_invert,83,0,3,73.0,4587.0,3155.6
8,max_power_bg_invert,84,0,3,73.0,4581.0,3159.2
8,max_power_bg_invert,85,0,3,73.0,4583.0,3158.8
8,max_power_bg_invert,86,0,3,73.0,4581.0,3159.6
8,max_power_bg_invert,87,0,3,73.0,4578.0,3161.6
8,max_power_bg_invert,88,0,3,73.0,4579.0,3162.0
8,max_power_bg_invert,89,0,3,73.0,4575.0,3160.8
8,max_power_bg_invert,90,0,3,73.0,4574.0,3164.4
8,max_power_bg_invert,0,1,2,64.0,1337.0,3100.0
8,max_power_bg_invert,1,1,2,72.0,4250.0,2737.6
8,max_power_bg_invert,2,1,2,72.0,4394.0,2945.2
8,max_power_bg_invert,3,1,2,73.0,4437.0,3034.0
8,max_power_bg_invert,4,1,2,73.0,4471.0,3065.2
8,max_power_bg_invert,5,1,2,73.0,4477.0,3098.8
8,max_power_bg_invert,6,1,2,73.0,4486.0,3109.6
8,max_power_bg_invert,7,1,2,73.0,4495.0,3119.6
8,max_power_bg_invert,8,1,2,73.0,4506.0,3126.0
8,max_power_bg_invert,9,1,2,73.0,4511.0,3134.4
8,max_power_bg_invert,10,1,2,73.0,4516.0,3144.0
8,max_power_bg_invert,11,1,2,73.0,4525.0,3144.8
8,max_power_bg_invert,12,1,2,73.0,4533.0,3144.4
8,max_power_bg_invert,13,1,2,73.0,4535.0,3146.8
8,max_power_bg_invert,14,1,2,73.0,4538.0,3148.8
8,max_power_bg_invert,15,1,2,73.0,4543.0,3146.0
8,max_power_bg_invert,16,1,2,73.0,4546.0,3150.4
8,max_power_bg_invert,17,1,2,73.0,4546.0,3148.8
8,max_power_bg_invert,18,1,2,73.0,4547.0,3152.4
8,max_power_bg_invert,19,1,2,73.0,4549.0,3150.8
8,max_power_bg_invert,20,1,2,73.0,4551.0,3152.0
8,max_power_bg_invert,21,1,2,73.0,4551.0,3152.4
8,max_power_bg_invert,22,1,2,73.0,4552.0,3151.2
8,max_power_bg_invert,23,1,2,73.0,4553.0,3156.4
8,max_power_bg_invert,24,1,2,73.0,4554.0,3155.2
8,max_power_bg_invert,25,1,2,73.0,4556.0,3154.0
8,max_power_bg_invert,26,1,2,73.0,4555.0,3154.4
8,max_power_bg_invert,27,1,2,73.0,4555.0,3153.6
8,max_power_bg_invert,28,1,2,73.0,4557.0,3157.2
8,max_power_bg_invert,29,1,2,73.0,4558.0,3158.0
8,max_power_bg_invert,30,1,2,73.0,4558.0,3158.0
8,max_power_bg_invert,31,1,2,73.0,4558.0,3158.0
8,max_power_bg_invert,32,1,2,73.0,4558.0,3158.0
8,max_power_bg_invert,33,1,2,73.0,4558.0,3156.8
8,max_power_bg_invert,34,1,2,73.0,4558.0,3156.8
8,max_power_bg_invert,35,1,2,73.0,4557.0,3162.4
8,max_power_bg_invert,36,1,2,73.0,4557.0,3162.0
8,max_power_bg_invert,37,1,2,73.0,4558.0,3161.6
8,max_power_bg_invert,38,1,2,73.0,4558.0,3161.6
8,max_power_bg_invert,39,1,2,73.0,4559.0,3160.8
8,max_power_bg_invert,40,1,2,73.0,4590.0,3160.8
8,max_power_bg_invert,41,1,2,73.0,4595.0,3160.4
8,max_power_bg_invert,42,1,2,73.0,4596.0,3162.8
8,max_power_bg_invert,43,1,2,73.0,4589.0,3167.2
8,max_power_bg_invert,44,1,2,73.0,4589.0,3168.0
8,max_power_bg_invert,45,1,2,73.0,4589.0,3160.0
8,max_power_bg_invert,46,1,2,73.0,4585.0,3162.0
8,max_power_bg_invert,47,1,2,73.0,4576.0,3167.6
8,max_power_bg_invert,48,1,2,73.0,4579.0,3167.2
8,max_power_bg_invert,49,1,2,73.0,4579.0,3167.2
8,max_power_bg_invert,50,1,2,73.0,4578.0,3168.8
8,max_power_bg_invert,51,1,2,73.0,4578.0,3168.8
8,max_power_bg_invert,52,1,2,73.0,4577.0,3168.0
8,max_power_bg_invert,53,1,2,73.0,4578.0,3168.0
8,max_power_bg_invert,54,1,2,73.0,4576.0,3168.4
8,max_power_bg_invert,55,1,2,73.0,4576.0,3168.4
8,max_power_bg_invert,56,1,2,73.0,4577.0,3168.4
8,max_power_bg_invert,57,1,2,73.0,4577.0,3166.8
8,max_power_bg_invert,58,1,2,73.0,4579.0,3165.2
8,max_power_bg_invert,59,1,2,73.0,4579.0,3165.2
8,max_power_bg_invert,60,1,2,73.0,4578.0,3164.4
8,max_power_bg_invert,61,1,2,73.0,4578.0,3166.8
8,max_power_bg_invert,62,1,2,73.0,4576.0,3167.2
8,max_power_bg_invert,63,1,2,73.0,4576.0,3171.2
8,max_power_bg_invert,64,1,2,73.0,4575.0,3172.8
8,max_power_bg_invert,65,1,2,73.0,4576.0,3172.0
8,max_power_bg_invert,66,1,2,73.0,4575.0,3172.8
8,max_power_bg_invert,67,1,2,73.0,4576.0,3172.4
8,max_power_bg_invert,68,1,2,73.0,4577.0,3176.0
8,max_power_bg_invert,69,1,2,73.0,4577.0,3176.0
8,max_power_bg_invert,70,1,2,73.0,4578.0,3175.2
8,max_power_bg_invert,71,1,2,73.0,4577.0,3174.8
8,max_power_bg_invert,72,1,2,73.0,4579.0,3174.4
8,max_power_bg_invert,73,1,2,73.0,4579.0,3178.4
8,max_power_bg_invert,74,1,2,73.0,4579.0,3178.8
8,max_power_bg_invert,75,1,2,73.0,4578.0,3179.6
8,max_power_bg_invert,76,1,2,73.0,4578.0,3179.2
8,max_power_bg_invert,77,1,2,73.0,4578.0,3178.8
8,max_power_bg_invert,78,1,2,73.0,4578.0,3179.2
8,max_power_bg_invert,79,1,2,73.0,4579.0,3183.2
8,max_power_bg_invert,80,1,2,73.0,4560.0,3181.2
8,max_power_bg_invert,81,1,2,73.0,4568.0,3198.8
8,max_power_bg_invert,82,1,2,73.0,4568.0,3200.0
8,max_power_bg_invert,83,1,2,73.0,4571.0,3202.8
8,max_power_bg_invert,84,1,2,73.0,4565.0,3212.8
8,max_power_bg_invert,85,1,2,73.0,4563.0,3210.4
8,max_power_bg_invert,86,1,2,73.0,4567.0,3210.0
8,max_power_bg_invert,87,1,2,73.0,4567.0,3209.6
8,max_power_bg_invert,88,1,2,73.0,4568.0,3206.8
8,max_power_bg_invert,89,1,2,73.0,4572.0,3204.0
8,max_power_bg_invert,90,1,2,73.0,4574.0,3202.4
8,max_power_bg_invert,0,1,3,64.0,1287.0,3110.4
8,max_power_bg_invert,1,1,3,72.0,4410.0,2538.8
8,max_power_bg_invert,2,1,3,73.0,4414.0,2864.0
8,max_power_bg_invert,3,1,3,73.0,4444.0,2948.8
8,max_power_bg_invert,4,1,3,73.0,4443.0,3012.8
8,max_power_bg_invert,5,1,3,73.0,4434.0,3047.2
8,max_power_bg_invert,6,1,3,73.0,4432.0,3071.2
8,max_power_bg_invert,7,1,3,73.0,4435.0,3086.4
8,max_power_bg_invert,8,1,3,73.0,4434.0,3101.6
8,max_power_bg_invert,9,1,3,73.0,4434.0,3108.0
8,max_power_bg_invert,10,1,3,73.0,4432.0,3119.2
8,max_power_bg_invert,11,1,3,73.0,4432.0,3121.2
8,max_power_bg_invert,12,1,3,73.0,4435.0,3129.6
8,max_power_bg_invert,13,1,3,73.0,4438.0,3130.8
8,max_power_bg_invert,14,1,3,73.0,4438.0,3136.8
8,max_power_bg_invert,15,1,3,73.0,4441.0,3139.6
8,max_power_bg_invert,16,1,3,73.0,4442.0,3144.0
8,max_power_bg_invert,17,1,3,73.0,4445.0,3142.0
8,max_power_bg_invert,18,1,3,73.0,4444.0,3147.2
8,max_power_bg_invert,19,1,3,73.0,4443.0,3148.8
8,max_power_bg_invert,20,1,3,73.0,4443.0,3153.2
8,max_power_bg_invert,21,1,3,73.0,4440.0,3156.8
8,max_power_bg_invert,22,1,3,73.0,4439.0,3160.8
8,max_power_bg_invert,23,1,3,73.0,4441.0,3158.8
8,max_power_bg_invert,24,1,3,73.0,4441.0,3164.0
8,max_power_bg_invert,25,1,3,73.0,4441.0,3164.0
8,max_power_bg_invert,26,1,3,73.0,4441.0,3163.6
8,max_power_bg_invert,27,1,3,73.0,4439.0,3164.8
8,max_power_bg_invert,28,1,3,73.0,4439.0,3170.0
8,max_power_bg_invert,29,1,3,73.0,4439.0,3169.6
8,max_power_bg_invert,30,1,3,73.0,4439.0,3169.6
8,max_power_bg_invert,31,1,3,73.0,4439.0,3169.2
8,max_power_bg_invert,32,1,3,73.0,4438.0,3173.6
8,max_power_bg_invert,33,1,3,73.0,4438.0,3173.2
8,max_power_bg_invert,34,1,3,73.0,4438.0,3173.2
8,max_power_bg_invert,35,1,3,73.0,4438.0,3172.4
8,max_power_bg_invert,36,1,3,73.0,4437.0,3172.4
8,max_power_bg_invert,37,1,3,73.0,4438.0,3172.0
8,max_power_bg_invert,38,1,3,73.0,4438.0,3172.4
8,max_power_bg_invert,39,1,3,73.0,4437.0,3177.2
8,max_power_bg_invert,40,1,3,73.0,4470.0,3177.6
8,max_power_bg_invert,41,1,3,73.0,4450.0,3180.8
8,max_power_bg_invert,42,1,3,73.0,4450.0,3183.2
8,max_power_bg_invert,43,1,3,73.0,4447.0,3186.0
8,max_power_bg_invert,44,1,3,73.0,4444.0,3186.0
8,max_power_bg_invert,45,1,3,73.0,4449.0,3182.4
8,max_power_bg_invert,46,1,3,73.0,4453.0,3182.0
8,max_power_bg_invert,47,1,3,73.0,4452.0,3183.6
8,max_power_bg_invert,48,1,3,73.0,4446.0,3185.6
8,max_power_bg_invert,49,1,3,73.0,4446.0,3188.4
8,max_power_bg_invert,50,1,3,73.0,4447.0,3189.2
8,max_power_bg_invert,51,1,3,73.0,4447.0,3188.8
8,max_power_bg_invert,52,1,3,73.0,4448.0,3185.6
8,max_power_bg_invert,53,1,3,73.0,4450.0,3184.0
8,max_power_bg_invert,54,1,3,73.0,4449.0,3184.8
8,max_power_bg_invert,55,1,3,73.0,4449.0,3183.6
8,max_power_bg_invert,56,1,3,73.0,4447.0,3184.8
8,max_power_bg_invert,57,1,3,73.0,4444.0,3187.6
8,max_power_bg_invert,58,1,3,74.0,4440.0,3188.0
8,max_power_bg_invert,59,1,3,73.0,4441.0,3187.2
8,max_power_bg_invert,60,1,3,73.0,4441.0,3187.2
8,max_power_bg_invert,61,1,3,73.0,4441.0,3187.6
8,max_power_bg_invert,62,1,3,73.0,4443.0,3185.6
8,max_power_bg_invert,63,1,3,73.0,4441.0,3186.8
8,max_power_bg_invert,64,1,3,73.0,4441.0,3186.8
8,max_power_bg_invert,65,1,3,73.0,4440.0,3186.4
8,max_power_bg_invert,66,1,3,73.0,4442.0,3186.0
8,max_power_bg_invert,67,1,3,73.0,4443.0,3185.2
8,max_power_bg_invert,68,1,3,73.0,4444.0,3184.4
8,max_power_bg_invert,69,1,3,73.0,4445.0,3184.0
8,max_power_bg_invert,70,1,3,73.0,4445.0,3184.0
8,max_power_bg_invert,71,1,3,73.0,4444.0,3185.2
8,max_power_bg_invert,72,1,3,73.0,4444.0,3186.0
8,max_power_bg_invert,73,1,3,73.0,4444.0,3185.6
8,max_power_bg_invert,74,1,3,73.0,4444.0,3186.0
8,max_power_bg_invert,75,1,3,73.0,4443.0,3186.0
8,max_power_bg_invert,76,1,3,73.0,4444.0,3185.6
8,max_power_bg_invert,77,1,3,73.0,4444.0,3186.0
8,max_power_bg_invert,78,1,3,73.0,4444.0,3186.8
8,max_power_bg_invert,79,1,3,73.0,4444.0,3186.4
8,max_power_bg_invert,80,1,3,73.0,4460.0,3172.8
8,max_power_bg_invert,81,1,3,73.0,4434.0,3178.0
8,max_power_bg_invert,82,1,3,73.0,4439.0,3178.4
8,max_power_bg_invert,83,1,3,73.0,4437.0,3184.0
8,max_power_bg_invert,84,1,3,73.0,4434.0,3182.0
8,max_power_bg_invert,85,1,3,73.0,4432.0,3188.0
8,max_power_bg_invert,86,1,3,73.0,4434.0,3188.8
8,max_power_bg_invert,87,1,3,73.0,4436.0,3188.4
8,max_power_bg_invert,88,1,3,73.0,4430.0,3188.4
8,max_power_bg_invert,89,1,3,73.0,4429.0,3189.2
8,max_power_bg_invert,90,1,3,73.0,4429.0,3190.0
8,max_power_bg_invert,0,2,3,64.0,1337.0,3094.8
8,max_power_bg_invert,1,2,3,72.0,4190.0,2784.4
8,max_power_bg_invert,2,2,3,72.0,4354.0,2968.0
8,max_power_bg_invert,3,2,3,72.0,4389.0,3034.8
8,max_power_bg_invert,4,2,3,73.0,4407.0,3074.8
8,max_power_bg_invert,5,2,3,72.0,4422.0,3098.4
8,max_power_bg_invert,6,2,3,72.0,4429.0,3110.8
8,max_power_bg_invert,7,2,3,72.0,4433.0,3126.0
8,max_power_bg_invert,8,2,3,72.0,4442.0,3130.8
8,max_power_bg_invert,9,2,3,72.0,4445.0,3139.6
8,max_power_bg_invert,10,2,3,72.0,4452.0,3142.4
8,max_power_bg_invert,11,2,3,72.0,4455.0,3141.6
8,max_power_bg_invert,12,2,3,72.0,4460.0,3143.6
8,max_power_bg_invert,13,2,3,73.0,4462.0,3146.4
8,max_power_bg_invert,14,2,3,73.0,4463.0,3150.8
8,max_power_bg_invert,15,2,3,73.0,4467.0,3149.2
8,max_power_bg_invert,16,2,3,73.0,4467.0,3152.0
8,max_power_bg_invert,17,2,3,72.0,4469.0,3150.0
8,max_power_bg_invert,18,2,3,73.0,4470.0,3154.0
8,max_power_bg_invert,19,2,3,73.0,4471.0,3153.2
8,max_power_bg_invert,20,2,3,73.0,4472.0,3153.2
8,max_power_bg_invert,21,2,3,73.0,4472.0,3158.8
8,max_power_bg_invert,22,2,3,73.0,4471.0,3159.2
8,max_power_bg_invert,23,2,3,73.0,4473.0,3158.8
8,max_power_bg_invert,24,2,3,73.0,4473.0,3158.8
8,max_power_bg_invert,25,2,3,73.0,4472.0,3158.8
8,max_power_bg_invert,26,2,3,73.0,4471.0,3164.8
8,max_power_bg_invert,27,2,3,73.0,4471.0,3164.8
8,max_power_bg_invert,28,2,3,73.0,4472.0,3164.4
8,max_power_bg_invert,29,2,3,73.0,4474.0,3162.8
8,max_power_bg_invert,30,2,3,73.0,4476.0,3161.6
8,max_power_bg_invert,31,2,3,72.0,4476.0,3161.2
8,max_power_bg_invert,32,2,3,73.0,4476.0,3165.2
8,max_power_bg_invert,33,2,3,73.0,4476.0,3165.2
8,max_power_bg_invert,34,2,3,73.0,4475.0,3165.2
8,max_power_bg_invert,35,2,3,73.0,4476.0,3164.4
8,max_power_bg_invert,36,2,3,73.0,4476.0,3163.6
8,max_power_bg_invert,37,2,3,73.0,4478.0,3163.2
8,max_power_bg_invert,38,2,3,73.0,4477.0,3162.8
8,max_power_bg_invert,39,2,3,73.0,4476.0,3162.8
8,max_power_bg_invert,40,2,3,73.0,4480.0,3157.2
8,max_power_bg_invert,41,2,3,73.0,4495.0,3160.4
8,max_power_bg_invert,42,2,3,73.0,4496.0,3157.2
8,max_power_bg_invert,43,2,3,73.0,4497.0,3154.0
8,max_power_bg_invert,44,2,3,73.0,4487.0,3162.4
8,max_power_bg_invert,45,2,3,73.0,4486.0,3162.0
8,max_power_bg_invert,46,2,3,73.0,4489.0,3163.2
8,max_power_bg_invert,47,2,3,73.0,4493.0,3163.2
8,max_power_bg_invert,48,2,3,73.0,4487.0,3164.8
8,max_power_bg_invert,49,2,3,73.0,4488.0,3164.0
8,max_power_bg_invert,50,2,3,73.0,4487.0,3165.6
8,max_power_bg_invert,51,2,3,73.0,4483.0,3168.0
8,max_power_bg_invert,52,2,3,73.0,4484.0,3168.0
8,max_power_bg_invert,53,2,3,73.0,4484.0,3169.2
8,max_power_bg_invert,54,2,3,73.0,4482.0,3170.8
8,max_power_bg_invert,55,2,3,73.0,4481.0,3172.0
8,max_power_bg_invert,56,2,3,73.0,4480.0,3172.8
8,max_power_bg_invert,57,2,3,73.0,4479.0,3172.8
8,max_power_bg_invert,58,2,3,73.0,4476.0,3175.2
8,max_power_bg_invert,59,2,3,73.0,4475.0,3174.0
8,max_power_bg_invert,60,2,3,73.0,4476.0,3174.8
8,max_power_bg_invert,61,2,3,73.0,4475.0,3174.8
8,max_power_bg_invert,62,2,3,73.0,4475.0,3174.4
8,max_power_bg_invert,63,2,3,73.0,4475.0,3174.0
8,max_power_bg_invert,64,2,3,73.0,4475.0,3173.6
8,max_power_bg_invert,65,2,3,73.0,4475.0,3173.6
8,max_power_bg_invert,66,2,3,73.0,4475.0,3175.2
8,max_power_bg_invert,67,2,3,73.0,4475.0,3175.6
8,max_power_bg_invert,68,2,3,73.0,4475.0,3175.2
8,max_power_bg_invert,69,2,3,73.0,4476.0,3174.0
8,max_power_bg_invert,70,2,3,73.0,4477.0,3173.6
8,max_power_bg_invert,71,2,3,73.0,4479.0,3172.4
8,max_power_bg_invert,72,2,3,73.0,4480.0,3171.6
8,max_power_bg_invert,73,2,3,73.0,4480.0,3172.0
8,max_power_bg_invert,74,2,3,73.0,4480.0,3171.2
8,max_power_bg_invert,75,2,3,73.0,4480.0,3171.2
8,max_power_bg_invert,76,2,3,73.0,4480.0,3170.8
8,max_power_bg_invert,77,2,3,73.0,4480.0,3170.4
8,max_power_bg_invert,78,2,3,73.0,4479.0,3170.4
8,max_power_bg_invert,79,2,3,73.0,4480.0,3170.0
8,max_power_bg_invert,80,2,3,73.0,4450.0,3223.6
8,max_power_bg_invert,81,2,3,73.0,4465.0,3204.4
8,max_power_bg_invert,82,2,3,73.0,4470.0,3190.0
8,max_power_bg_invert,83,2,3,73.0,4471.0,3187.6
8,max_power_bg_invert,84,2,3,73.0,4465.0,3196.0
8,max_power_bg_invert,85,2,3,73.0,4464.0,3200.4
8,max_power_bg_invert,86,2,3,73.0,4471.0,3202.8
8,max_power_bg_invert,87,2,3,73.0,4479.0,3199.6
8,max_power_bg_invert,88,2,3,73.0,4485.0,3196.0
8,max_power_bg_invert,89,2,3,73.0,4481.0,3196.4
8,max_power_bg_invert,90,2,3,73.0,4478.0,3199.6
9,max_power_bg_invert,0,0,1,62.0,1150.0,3072.4
9,max_power_bg_invert,1,0,1,69.0,3880.0,2720.0
9,max_power_bg_invert,2,0,1,69.0,4034.0,2927.2
9,max_power_bg_invert,3,0,1,69.0,4096.0,2982.4
9,max_power_bg_invert,4,0,1,69.0,4128.0,3018.4
9,max_power_bg_invert,5,0,1,69.0,4146.0,3042.0
9,max_power_bg_invert,6,0,1,69.0,4149.0,3063.2
9,max_power_bg_invert,7,0,1,69.0,4154.0,3078.4
9,max_power_bg_invert,8,0,1,69.0,4156.0,3086.0
9,max_power_bg_invert,9,0,1,69.0,4159.0,3092.8
9,max_power_bg_invert,10,0,1,69.0,4161.0,3094.8
9,max_power_bg_invert,11,0,1,69.0,4164.0,3097.6
9,max_power_bg_invert,12,0,1,69.0,4165.0,3101.6
9,max_power_bg_invert,13,0,1,69.0,4167.0,3104.4
9,max_power_bg_invert,14,0,1,69.0,4170.0,3108.4
9,max_power_bg_invert,15,0,1,70.0,4169.0,3114.4
9,max_power_bg_invert,16,0,1,69.0,4171.0,3111.6
9,max_power_bg_invert,17,0,1,69.0,4174.0,3115.6
9,max_power_bg_invert,18,0,1,69.0,4174.0,3113.2
9,max_power_bg_invert,19,0,1,69.0,4175.0,3116.0
9,max_power_bg_invert,20,0,1,69.0,4176.0,3116.8
9,max_power_bg_invert,21,0,1,69.0,4177.0,3114.4
9,max_power_bg_invert,22,0,1,69.0,4177.0,3114.4
9,max_power_bg_invert,23,0,1,69.0,4176.0,3119.6
9,max_power_bg_invert,24,0,1,69.0,4176.0,3122.0
9,max_power_bg_invert,25,0,1,69.0,4177.0,3120.4
9,max_power_bg_invert,26,0,1,69.0,4178.0,3119.6
9,max_power_bg_invert,27,0,1,69.0,4180.0,3122.8
9,max_power_bg_invert,28,0,1,69.0,4182.0,3121.6
9,max_power_bg_invert,29,0,1,69.0,4182.0,3120.8
9,max_power_bg_invert,30,0,1,69.0,4182.0,3120.8
9,max_power_bg_invert,31,0,1,69.0,4182.0,3120.8
9,max_power_bg_invert,32,0,1,69.0,4181.0,3120.8
9,max_power_bg_invert,33,0,1,69.0,4181.0,3121.2
9,max_power_bg_invert,34,0,1,69.0,4180.0,3126.0
9,max_power_bg_invert,35,0,1,69.0,4181.0,3125.6
9,max_power_bg_invert,36,0,1,69.0,4181.0,3125.6
9,max_power_bg_invert,37,0,1,69.0,4180.0,3125.6
9,max_power_bg_invert,38,0,1,69.0,4181.0,3124.8
9,max_power_bg_invert,39,0,1,69.0,4181.0,3125.2
9,max_power_bg_invert,40,0,1,69.0,4220.0,3108.8
9,max_power_bg_invert,41,0,1,69.0,4209.0,3117.6
9,max_power_bg_invert,42,0,1,69.0,4206.0,3123.2
9,max_power_bg_invert,43,0,1,69.0,4192.0,3128.0
9,max_power_bg_invert,44,0,1,69.0,4185.0,3136.0
9,max_power_bg_invert,45,0,1,69.0,4186.0,3132.8
9,max_power_bg_invert,46,0,1,70.0,4186.0,3132.0
9,max_power_bg_invert,47,0,1,69.0,4187.0,3130.8
9,max_power_bg_invert,48,0,1,70.0,4185.0,3132.4
9,max_power_bg_invert,49,0,1,70.0,4184.0,3134.0
9,max_power_bg_invert,50,0,1,69.0,4184.0,3134.8
9,max_power_bg_invert,51,0,1,70.0,4184.0,3134.4
9,max_power_bg_invert,52,0,1,69.0,4182.0,3137.2
9,max_power_bg_invert,53,0,1,69.0,4183.0,3135.6
9,max_power_bg_invert,54,0,1,70.0,4183.0,3133.6
9,max_power_bg_invert,55,0,1,70.0,4183.0,3133.6
9,max_power_bg_invert,56,0,1,70.0,4183.0,3133.2
9,max_power_bg_invert,57,0,1,70.0,4182.0,3134.0
9,max_power_bg_invert,58,0,1,69.0,4180.0,3134.4
9,max_power_bg_invert,59,0,1,69.0,4182.0,3132.4
9,max_power_bg_invert,60,0,1,69.0,4184.0,3131.6
9,max_power_bg_invert,61,0,1,70.0,4185.0,3133.2
9,max_power_bg_invert,62,0,1,70.0,4187.0,3131.2
9,max_power_bg_invert,63,0,1,69.0,4187.0,3131.2
9,max_power_bg_invert,64,0,1,69.0,4188.0,3130.8
9,max_power_bg_invert,65,0,1,69.0,4188.0,3131.2
9,max_power_bg_invert,66,0,1,70.0,4187.0,3132.4
9,max_power_bg_invert,67,0,1,70.0,4187.0,3137.6
9,max_power_bg_invert,68,0,1,70.0,4187.0,3138.8
9,max_power_bg_invert,69,0,1,69.0,4188.0,3138.0
9,max_power_bg_invert,70,0,1,70.0,4186.0,3138.4
9,max_power_bg_invert,71,0,1,69.0,4186.0,3138.4
9,max_power_bg_invert,72,0,1,70.0,4186.0,3138.0
9,max_power_bg_invert,73,0,1,69.0,4185.0,3143.2
9,max_power_bg_invert,74,0,1,70.0,4186.0,3142.4
9,max_power_bg_invert,75,0,1,70.0,4186.0,3142.0
9,max_power_bg_invert,76,0,1,70.0,4186.0,3141.2
9,max_power_bg_invert,77,0,1,70.0,4185.0,3142.4
9,max_power_bg_invert,78,0,1,70.0,4185.0,3142.0
9,max_power_bg_invert,79,0,1,70.0,4186.0,3140.8
9,max_power_bg_invert,80,0,1,70.0,4230.0,3144.8
9,max_power_bg_invert,81,0,1,70.0,4234.0,3136.0
9,max_power_bg_invert,82,0,1,70.0,4220.0,3148.0
9,max_power_bg_invert,83,0,1,70.0,4217.0,3144.4
9,max_power_bg_invert,84,0,1,70.0,4212.0,3145.6
9,max_power_bg_invert,85,0,1,70.0,4208.0,3148.0
9,max_power_bg_invert,86,0,1,70.0,4207.0,3144.0
9,max_power_bg_invert,87,0,1,70.0,4207.0,3141.2
9,max_power_bg_invert,88,0,1,70.0,4205.0,3142.0
9,max_power_bg_invert,89,0,1,70.0,4205.0,3142.8
9,max_power_bg_invert,90,0,1,70.0,4203.0,3142.8
9,max_power_bg_invert,0,0,2,62.0,1137.0,3100.0
9,max_power_bg_invert,1,0,2,69.0,4110.0,2771.6
9,max_power_bg_invert,2,0,2,69.0,4257.0,2950.4
9,max_power_bg_invert,3,0,2,70.0,4310.0,3019.2
9,max_power_bg_invert,4,0,2,70.0,4338.0,3054.8
9,max_power_bg_invert,5,0,2,70.0,4361.0,3074.0
9,max_power_bg_invert,6,0,2,70.0,4370.0,3082.8
9,max_power_bg_invert,7,0,2,70.0,4373.0,3096.0
9,max_power_bg_invert,8,0,2,70.0,4380.0,3102.0
9,max_power_bg_invert,9,0,2,70.0,4377.0,3113.6
9,max_power_bg_invert,10,0,2,70.0,4380.0,3116.8
9,max_power_bg_invert,11,0,2,70.0,4382.0,3121.2
9,max_power_bg_invert,12,0,2,70.0,4380.0,3128.0
9,max_power_bg_invert,13,0,2,70.0,4380.0,3132.0
9,max_power_bg_invert,14,0,2,70.0,4382.0,3135.2
9,max_power_bg_invert,15,0,2,70.0,4384.0,3135.6
9,max_power_bg_invert,16,0,2,70.0,4383.0,3138.8
9,max_power_bg_invert,17,0,2,70.0,4386.0,3138.4
9,max_power_bg_invert,18,0,2,70.0,4386.0,3143.6
9,max_power_bg_invert,19,0,2,70.0,4389.0,3143.2
9,max_power_bg_invert,20,0,2,70.0,4388.0,3144.0
9,max_power_bg_invert,21,0,2,70.0,4388.0,3146.8
9,max_power_bg_invert,22,0,2,70.0,4389.0,3146.8
9,max_power_bg_invert,23,0,2,70.0,4389.0,3145.2
9,max_power_bg_invert,24,0,2,70.0,4389.0,3144.8
9,max_power_bg_invert,25,0,2,70.0,4390.0,3144.0
9,max_power_bg_invert,26,0,2,70.0,4390.0,3148.4
9,max_power_bg_invert,27,0,2,70.0,4390.0,3147.6
9,max_power_bg_invert,28,0,2,70.0,4390.0,3147.6
9,max_power_bg_invert,29,0,2,70.0,4390.0,3147.6
9,max_power_bg_invert,30,0,2,70.0,4390.0,3147.6
9,max_power_bg_invert,31,0,2,70.0,4391.0,3146.4
9,max_power_bg_invert,32,0,2,70.0,4391.0,3151.2
9,max_power_bg_invert,33,0,2,70.0,4390.0,3150.8
9,max_power_bg_invert,34,0,2,70.0,4390.0,3150.8
9,max_power_bg_invert,35,0,2,70.0,4390.0,3150.4
9,max_power_bg_invert,36,0,2,70.0,4389.0,3151.2
9,max_power_bg_invert,37,0,2,70.0,4390.0,3150.4
9,max_power_bg_invert,38,0,2,70.0,4390.0,3150.8
9,max_power_bg_invert,39,0,2,70.0,4391.0,3150.0
9,max_power_bg_invert,40,0,2,70.0,4430.0,3117.6
9,max_power_bg_invert,41,0,2,70.0,4435.0,3134.0
9,max_power_bg_invert,42,0,2,70.0,4427.0,3147.2
9,max_power_bg_invert,43,0,2,70.0,4423.0,3143.2
9,max_power_bg_invert,44,0,2,70.0,4422.0,3140.0
9,max_power_bg_invert,45,0,2,70.0,4418.0,3143.2
9,max_power_bg_invert,46,0,2,70.0,4419.0,3145.2
9,max_power_bg_invert,47,0,2,70.0,4419.0,3146.4
9,max_power_bg_invert,48,0,2,70.0,4417.0,3146.4
9,max_power_bg_invert,49,0,2,70.0,4415.0,3148.0
9,max_power_bg_invert,50,0,2,70.0,4414.0,3147.2
9,max_power_bg_invert,51,0,2,70.0,4415.0,3147.6
9,max_power_bg_invert,52,0,2,70.0,4414.0,3148.0
9,max_power_bg_invert,53,0,2,70.0,4416.0,3144.8
9,max_power_bg_invert,54,0,2,70.0,4417.0,3144.4
9,max_power_bg_invert,55,0,2,70.0,4414.0,3151.6
9,max_power_bg_invert,56,0,2,70.0,4418.0,3150.4
9,max_power_bg_invert,57,0,2,70.0,4417.0,3149.2
9,max_power_bg_invert,58,0,2,70.0,4418.0,3148.0
9,max_power_bg_invert,59,0,2,70.0,4417.0,3146.4
9,max_power_bg_invert,60,0,2,70.0,4417.0,3146.4
9,max_power_bg_invert,61,0,2,70.0,4417.0,3147.6
9,max_power_bg_invert,62,0,2,71.0,4417.0,3151.2
9,max_power_bg_invert,63,0,2,70.0,4415.0,3151.6
9,max_power_bg_invert,64,0,2,70.0,4413.0,3152.0
9,max_power_bg_invert,65,0,2,70.0,4413.0,3152.0
9,max_power_bg_invert,66,0,2,70.0,4412.0,3152.4
9,max_power_bg_invert,67,0,2,70.0,4412.0,3157.2
9,max_power_bg_invert,68,0,2,70.0,4412.0,3157.2
9,max_power_bg_invert,69,0,2,70.0,4411.0,3157.6
9,max_power_bg_invert,70,0,2,70.0,4411.0,3156.8
9,max_power_bg_invert,71,0,2,70.0,4411.0,3156.4
9,max_power_bg_invert,72,0,2,70.0,4412.0,3156.0
9,max_power_bg_invert,73,0,2,70.0,4413.0,3155.6
9,max_power_bg_invert,74,0,2,70.0,4412.0,3155.6
9,max_power_bg_invert,75,0,2,70.0,4413.0,3155.6
9,max_power_bg_invert,76,0,2,70.0,4413.0,3155.2
9,max_power_bg_invert,77,0,2,70.0,4412.0,3160.4
9,max_power_bg_invert,78,0,2,70.0,4412.0,3160.0
9,max_power_bg_invert,79,0,2,70.0,4412.0,3160.0
9,max_power_bg_invert,80,0,2,71.0,4420.0,3182.8
9,max_power_bg_invert,81,0,2,70.0,4415.0,3173.6
9,max_power_bg_invert,82,0,2,70.0,4420.0,3171.2
9,max_power_bg_invert,83,0,2,70.0,4417.0,3172.0
9,max_power_bg_invert,84,0,2,70.0,4414.0,3172.0
9,max_power_bg_invert,85,0,2,70.0,4413.0,3170.8
9,max_power_bg_invert,86,0,2,70.0,4411.0,3174.0
9,max_power_bg_invert,87,0,2,71.0,4410.0,3173.6
9,max_power_bg_invert,88,0,2,70.0,4412.0,3171.2
9,max_power_bg_invert,89,0,2,71.0,4414.0,3169.6
9,max_power_bg_invert,90,0,2,70.0,4411.0,3170.8
9,max_power_bg_invert,0,0,3,63.0,1187.0,3072.0
9,max_power_bg_invert,1,0,3,70.0,3970.0,2724.8
9,max_power_bg_invert,2,0,3,70.0,4130.0,2928.4
9,max_power_bg_invert,3,0,3,70.0,4172.0,3008.0
9,max_power_bg_invert,4,0,3,70.0,4187.0,3050.4
9,max_power_bg_invert,5,0,3,70.0,4191.0,3078.8
9,max_power_bg_invert,6,0,3,70.0,4203.0,3093.2
9,max_power_bg_invert,7,0,3,70.0,4213.0,3102.8
9,max_power_bg_invert,8,0,3,70.0,4214.0,3111.2
9,max_power_bg_invert,9,0,3,70.0,4219.0,3118.4
9,max_power_bg_invert,10,0,3,70.0,4223.0,3118.4
9,max_power_bg_invert,11,0,3,70.0,4229.0,3123.6
9,max_power_bg_invert,12,0,3,70.0,4234.0,3124.4
9,max_power_bg_invert,13,0,3,70.0,4234.0,3128.4
9,max_power_bg_invert,14,0,3,70.0,4237.0,3129.6
9,max_power_bg_invert,15,0,3,70.0,4240.0,3132.8
9,max_power_bg_invert,16,0,3,70.0,4244.0,3131.2
9,max_power_bg_invert,17,0,3,71.0,4245.0,3135.2
9,max_power_bg_invert,18,0,3,70.0,4247.0,3134.0
9,max_power_bg_invert,19,0,3,70.0,4249.0,3137.2
9,max_power_bg_invert,20,0,3,71.0,4250.0,3136.4
9,max_power_bg_invert,21,0,3,70.0,4252.0,3136.0
9,max_power_bg_invert,22,0,3,71.0,4251.0,3140.8
9,max_power_bg_invert,23,0,3,70.0,4252.0,3140.4
9,max_power_bg_invert,24,0,3,70.0,4253.0,3138.8
9,max_power_bg_invert,25,0,3,71.0,4256.0,3136.4
9,max_power_bg_invert,26,0,3,71.0,4255.0,3141.2
9,max_power_bg_invert,27,0,3,71.0,4255.0,3141.6
9,max_power_bg_invert,28,0,3,71.0,4255.0,3141.2
9,max_power_bg_invert,29,0,3,70.0,4254.0,3141.2
9,max_power_bg_invert,30,0,3,71.0,4255.0,3140.8
9,max_power_bg_invert,31,0,3,71.0,4255.0,3140.8
9,max_power_bg_invert,32,0,3,70.0,4257.0,3140.0
9,max_power_bg_invert,33,0,3,71.0,4257.0,3144.8
9,max_power_bg_invert,34,0,3,71.0,4258.0,3144.4
9,max_power_bg_invert,35,0,3,71.0,4258.0,3144.0
9,max_power_bg_invert,36,0,3,71.0,4257.0,3144.0
9,max_power_bg_invert,37,0,3,71.0,4259.0,3142.4
9,max_power_bg_invert,38,0,3,71.0,4261.0,3142.4
9,max_power_bg_invert,39,0,3,71.0,4262.0,3141.6
9,max_power_bg_invert,40,0,3,71.0,4250.0,3161.6
9,max_power_bg_invert,41,0,3,71.0,4250.0,3151.2
9,max_power_bg_invert,42,0,3,71.0,4273.0,3143.2
9,max_power_bg_invert,43,0,3,71.0,4269.0,3149.6
9,max_power_bg_invert,44,0,3,71.0,4275.0,3142.8
9,max_power_bg_invert,45,0,3,71.0,4283.0,3140.8
9,max_power_bg_invert,46,0,3,71.0,4282.0,3138.4
9,max_power_bg_invert,47,0,3,71.0,4279.0,3139.2
9,max_power_bg_invert,48,0,3,71.0,4277.0,3143.2
9,max_power_bg_invert,49,0,3,71.0,4275.0,3144.8
9,max_power_bg_invert,50,0,3,70.0,4276.0,3144.4
9,max_power_bg_invert,51,0,3,71.0,4278.0,3143.6
9,max_power_bg_invert,52,0,3,71.0,4279.0,3143.2
9,max_power_bg_invert,53,0,3,71.0,4280.0,3142.8
9,max_power_bg_invert,54,0,3,71.0,4279.0,3143.2
9,max_power_bg_invert,55,0,3,71.0,4280.0,3142.8
9,max_power_bg_invert,56,0,3,71.0,4278.0,3144.0
9,max_power_bg_invert,57,0,3,71.0,4276.0,3145.2
9,max_power_bg_invert,58,0,3,70.0,4277.0,3145.6
9,max_power_bg_invert,59,0,3,71.0,4278.0,3145.2
9,max_power_bg_invert,60,0,3,71.0,4279.0,3144.8
9,max_power_bg_invert,61,0,3,71.0,4280.0,3144.4
9,max_power_bg_invert,62,0,3,71.0,4282.0,3142.8
9,max_power_bg_invert,63,0,3,71.0,4282.0,3143.2
9,max_power_bg_invert,64,0,3,71.0,4279.0,3144.0
9,max_power_bg_invert,65,0,3,71.0,4279.0,3143.2
9,max_power_bg_invert,66,0,3,71.0,4280.0,3142.8
9,max_power_bg_invert,67,0,3,71.0,4280.0,3142.8
9,max_power_bg_invert,68,0,3,71.0,4280.0,3147.6
9,max_power_bg_invert,69,0,3,71.0,4281.0,3146.8
9,max_power_bg_invert,70,0,3,71.0,4280.0,3146.4
9,max_power_bg_invert,71,0,3,71.0,4278.0,3147.6
9,max_power_bg_invert,72,0,3,71.0,4277.0,3148.4
9,max_power_bg_invert,73,0,3,71.0,4277.0,3149.2
9,max_power_bg_invert,74,0,3,71.0,4277.0,3148.4
9,max_power_bg_invert,75,0,3,71.0,4276.0,3154.4
9,max_power_bg_invert,76,0,3,71.0,4276.0,3154.4
9,max_power_bg_invert,77,0,3,71.0,4276.0,3153.2
9,max_power_bg_invert,78,0,3,71.0,4276.0,3153.2
9,max_power_bg_invert,79,0,3,71.0,4276.0,3153.2
9,max_power_bg_invert,80,0,3,71.0,4320.0,3163.2
9,max_power_bg_invert,81,0,3,71.0,4295.0,3173.6
9,max_power_bg_invert,82,0,3,71.0,4300.0,3166.8
9,max_power_bg_invert,83,0,3,71.0,4294.0,3169.6
9,max_power_bg_invert,84,0,3,71.0,4293.0,3172.8
9,max_power_bg_invert,85,0,3,71.0,4293.0,3174.8
9,max_power_bg_invert,86,0,3,71.0,4288.0,3178.4
9,max_power_bg_invert,87,0,3,71.0,4288.0,3178.4
9,max_power_bg_invert,88,0,3,71.0,4290.0,3176.4
9,max_power_bg_invert,89,0,3,71.0,4289.0,3175.2
9,max_power_bg_invert,90,0,3,71.0,4286.0,3176.0
9,max_power_bg_invert,0,1,2,63.0,1162.0,3113.6
9,max_power_bg_invert,1,1,2,70.0,3940.0,2807.2
9,max_power_bg_invert,2,1,2,70.0,4105.0,2991.2
9,max_power_bg_invert,3,1,2,70.0,4158.0,3052.8
9,max_power_bg_invert,4,1,2,71.0,4179.0,3083.2
9,max_power_bg_invert,5,1,2,70.0,4197.0,3098.8
9,max_power_bg_invert,6,1,2,71.0,4208.0,3104.4
9,max_power_bg_invert,7,1,2,71.0,4219.0,3109.6
9,max_power_bg_invert,8,1,2,71.0,4228.0,3114.0
9,max_power_bg_invert,9,1,2,71.0,4239.0,3119.6
9,max_power_bg_invert,10,1,2,70.0,4244.0,3118.8
9,max_power_bg_invert,11,1,2,71.0,4243.0,3122.0
9,max_power_bg_invert,12,1,2,71.0,4244.0,3129.2
9,max_power_bg_invert,13,1,2,70.0,4245.0,3128.4
9,max_power_bg_invert,14,1,2,71.0,4251.0,3128.8
9,max_power_bg_invert,15,1,2,71.0,4250.0,3132.4
9,max_power_bg_invert,16,1,2,71.0,4252.0,3135.6
9,max_power_bg_invert,17,1,2,71.0,4255.0,3134.0
9,max_power_bg_invert,18,1,2,71.0,4255.0,3136.4
9,max_power_bg_invert,19,1,2,71.0,4256.0,3141.2
9,max_power_bg_invert,20,1,2,71.0,4256.0,3140.4
9,max_power_bg_invert,21,1,2,71.0,4255.0,3146.0
9,max_power_bg_invert,22,1,2,71.0,4256.0,3144.8
9,max_power_bg_invert,23,1,2,71.0,4257.0,3143.6
9,max_power_bg_invert,24,1,2,71.0,4256.0,3148.8
9,max_power_bg_invert,25,1,2,71.0,4258.0,3147.6
9,max_power_bg_invert,26,1,2,71.0,4259.0,3146.8
9,max_power_bg_invert,27,1,2,71.0,4260.0,3151.2
9,max_power_bg_invert,28,1,2,71.0,4260.0,3150.0
9,max_power_bg_invert,29,1,2,71.0,4261.0,3150.0
9,max_power_bg_invert,30,1,2,71.0,4262.0,3154.0
9,max_power_bg_invert,31,1,2,71.0,4264.0,3152.8
9,max_power_bg_invert,32,1,2,71.0,4262.0,3153.6
9,max_power_bg_invert,33,1,2,71.0,4263.0,3152.0
9,max_power_bg_invert,34,1,2,71.0,4264.0,3156.8
9,max_power_bg_invert,35,1,2,71.0,4264.0,3156.4
9,max_power_bg_invert,36,1,2,71.0,4264.0,3156.0
9,max_power_bg_invert,37,1,2,71.0,4265.0,3155.2
9,max_power_bg_invert,38,1,2,71.0,4266.0,3154.8
9,max_power_bg_invert,39,1,2,71.0,4265.0,3155.2
9,max_power_bg_invert,40,1,2,71.0,4270.0,3174.8
9,max_power_bg_invert,41,1,2,71.0,4295.0,3167.2
9,max_power_bg_invert,42,1,2,71.0,4293.0,3163.6
9,max_power_bg_invert,43,1,2,71.0,4297.0,3158.8
9,max_power_bg_invert,44,1,2,71.0,4293.0,3160.4
9,max_power_bg_invert,45,1,2,71.0,4289.0,3160.4
9,max_power_bg_invert,46,1,2,71.0,4285.0,3162.4
9,max_power_bg_invert,47,1,2,71.0,4284.0,3162.4
9,max_power_bg_invert,48,1,2,71.0,4282.0,3164.0
9,max_power_bg_invert,49,1,2,71.0,4282.0,3163.2
9,max_power_bg_invert,50,1,2,71.0,4286.0,3162.0
9,max_power_bg_invert,51,1,2,71.0,4284.0,3163.6
9,max_power_bg_invert,52,1,2,71.0,4284.0,3163.2
9,max_power_bg_invert,53,1,2,71.0,4285.0,3162.0
9,max_power_bg_invert,54,1,2,71.0,4282.0,3162.0
9,max_power_bg_invert,55,1,2,71.0,4281.0,3162.8
9,max_power_bg_invert,56,1,2,71.0,4280.0,3163.2
9,max_power_bg_invert,57,1,2,71.0,4281.0,3163.6
9,max_power_bg_invert,58,1,2,71.0,4282.0,3162.8
9,max_power_bg_invert,59,1,2,71.0,4283.0,3163.2
9,max_power_bg_invert,60,1,2,71.0,4281.0,3165.2
9,max_power_bg_invert,61,1,2,71.0,4281.0,3164.8
9,max_power_bg_invert,62,1,2,71.0,4280.0,3164.8
9,max_power_bg_invert,63,1,2,71.0,4282.0,3163.2
9,max_power_bg_invert,64,1,2,71.0,4281.0,3164.0
9,max_power_bg_invert,65,1,2,71.0,4281.0,3164.4
9,max_power_bg_invert,66,1,2,71.0,4280.0,3165.6
9,max_power_bg_invert,67,1,2,71.0,4281.0,3166.0
9,max_power_bg_invert,68,1,2,71.0,4281.0,3164.8
9,max_power_bg_invert,69,1,2,71.0,4281.0,3165.2
9,max_power_bg_invert,70,1,2,71.0,4280.0,3165.6
9,max_power_bg_invert,71,1,2,71.0,4280.0,3165.2
9,max_power_bg_invert,72,1,2,71.0,4279.0,3165.6
9,max_power_bg_invert,73,1,2,71.0,4279.0,3165.6
9,max_power_bg_invert,74,1,2,71.0,4279.0,3166.0
9,max_power_bg_invert,75,1,2,71.0,4279.0,3166.8
9,max_power_bg_invert,76,1,2,71.0,4280.0,3166.4
9,max_power_bg_invert,77,1,2,71.0,4281.0,3165.6
9,max_power_bg_invert,78,1,2,71.0,4281.0,3166.0
9,max_power_bg_invert,79,1,2,71.0,4282.0,3165.2
9,max_power_bg_invert,80,1,2,71.0,4270.0,3189.2
9,max_power_bg_invert,81,1,2,71.0,4264.0,3185.6
9,max_power_bg_invert,82,1,2,71.0,4275.0,3178.0
9,max_power_bg_invert,83,1,2,71.0,4269.0,3175.6
9,max_power_bg_invert,84,1,2,71.0,4269.0,3175.2
9,max_power_bg_invert,85,1,2,71.0,4272.0,3169.2
9,max_power_bg_invert,86,1,2,71.0,4274.0,3167.2
9,max_power_bg_invert,87,1,2,71.0,4273.0,3169.2
9,max_power_bg_invert,88,1,2,71.0,4274.0,3167.6
9,max_power_bg_invert,89,1,2,71.0,4277.0,3166.4
9,max_power_bg_invert,90,1,2,71.0,4280.0,3165.2
9,max_power_bg_invert,0,1,3,63.0,1125.0,3103.2
9,max_power_bg_invert,1,1,3,70.0,3780.0,2788.0
9,max_power_bg_invert,2,1,3,71.0,3936.0,2966.4
9,max_power_bg_invert,3,1,3,71.0,4006.0,3026.4
9,max_power_bg_invert,4,1,3,70.0,4038.0,3059.6
9,max_power_bg_invert,5,1,3,71.0,4057.0,3077.2
9,max_power_bg_invert,6,1,3,71.0,4070.0,3087.6
9,max_power_bg_invert,7,1,3,71.0,4083.0,3095.2
9,max_power_bg_invert,8,1,3,71.0,4093.0,3104.4
9,max_power_bg_invert,9,1,3,71.0,4097.0,3105.2
9,max_power_bg_invert,10,1,3,71.0,4102.0,3115.2
9,max_power_bg_invert,11,1,3,71.0,4109.0,3116.4
9,max_power_bg_invert,12,1,3,71.0,4113.0,3120.0
9,max_power_bg_invert,13,1,3,71.0,4116.0,3125.2
9,max_power_bg_invert,14,1,3,71.0,4118.0,3123.6
9,max_power_bg_invert,15,1,3,71.0,4119.0,3128.4
9,max_power_bg_invert,16,1,3,71.0,4121.0,3132.4
9,max_power_bg_invert,17,1,3,71.0,4119.0,3132.8
9,max_power_bg_invert,18,1,3,71.0,4119.0,3134.0
9,max_power_bg_invert,19,1,3,71.0,4121.0,3139.6
9,max_power_bg_invert,20,1,3,71.0,4119.0,3139.2
9,max_power_bg_invert,21,1,3,71.0,4119.0,3138.4
9,max_power_bg_invert,22,1,3,71.0,4119.0,3143.2
9,max_power_bg_invert,23,1,3,71.0,4121.0,3142.0
9,max_power_bg_invert,24,1,3,71.0,4123.0,3140.4
9,max_power_bg_invert,25,1,3,71.0,4124.0,3140.0
9,max_power_bg_invert,26,1,3,71.0,4126.0,3143.6
9,max_power_bg_invert,27,1,3,71.0,4127.0,3144.0
9,max_power_bg_invert,28,1,3,71.0,4129.0,3143.2
9,max_power_bg_invert,29,1,3,71.0,4129.0,3142.8
9,max_power_bg_invert,30,1,3,71.0,4130.0,3142.0
9,max_power_bg_invert,31,1,3,71.0,4131.0,3141.2
9,max_power_bg_invert,32,1,3,71.0,4130.0,3146.8
9,max_power_bg_invert,33,1,3,71.0,4130.0,3146.4
9,max_power_bg_invert,34,1,3,71.0,4131.0,3145.6
9,max_power_bg_invert,35,1,3,71.0,4130.0,3145.2
9,max_power_bg_invert,36,1,3,71.0,4131.0,3144.8
9,max_power_bg_invert,37,1,3,71.0,4132.0,3144.4
9,max_power_bg_invert,38,1,3,71.0,4132.0,3144.4
9,max_power_bg_invert,39,1,3,71.0,4133.0,3143.2
9,max_power_bg_invert,40,1,3,71.0,4150.0,3159.2
9,max_power_bg_invert,41,1,3,71.0,4150.0,3148.4
9,max_power_bg_invert,42,1,3,71.0,4149.0,3145.2
9,max_power_bg_invert,43,1,3,71.0,4153.0,3143.2
9,max_power_bg_invert,44,1,3,71.0,4155.0,3142.8
9,max_power_bg_invert,45,1,3,71.0,4155.0,3145.6
9,max_power_bg_invert,46,1,3,71.0,4154.0,3147.6
9,max_power_bg_invert,47,1,3,71.0,4160.0,3145.2
9,max_power_bg_invert,48,1,3,71.0,4162.0,3143.2
9,max_power_bg_invert,49,1,3,71.0,4159.0,3145.6
9,max_power_bg_invert,50,1,3,71.0,4156.0,3148.4
9,max_power_bg_invert,51,1,3,71.0,4154.0,3148.8
9,max_power_bg_invert,52,1,3,71.0,4155.0,3148.4
9,max_power_bg_invert,53,1,3,71.0,4155.0,3147.6
9,max_power_bg_invert,54,1,3,71.0,4154.0,3149.2
9,max_power_bg_invert,55,1,3,71.0,4155.0,3150.0
9,max_power_bg_invert,56,1,3,71.0,4154.0,3149.6
9,max_power_bg_invert,57,1,3,71.0,4155.0,3147.6
9,max_power_bg_invert,58,1,3,71.0,4155.0,3148.4
9,max_power_bg_invert,59,1,3,71.0,4156.0,3146.8
9,max_power_bg_invert,60,1,3,71.0,4155.0,3146.4
9,max_power_bg_invert,61,1,3,71.0,4155.0,3147.6
9,max_power_bg_invert,62,1,3,71.0,4155.0,3147.2
9,max_power_bg_invert,63,1,3,71.0,4155.0,3147.2
9,max_power_bg_invert,64,1,3,71.0,4155.0,3146.8
9,max_power_bg_invert,65,1,3,71.0,4156.0,3146.0
9,max_power_bg_invert,66,1,3,71.0,4155.0,3147.2
9,max_power_bg_invert,67,1,3,71.0,4155.0,3146.8
9,max_power_bg_invert,68,1,3,71.0,4154.0,3147.6
9,max_power_bg_invert,69,1,3,71.0,4154.0,3148.0
9,max_power_bg_invert,70,1,3,71.0,4154.0,3148.4
9,max_power_bg_invert,71,1,3,71.0,4154.0,3148.4
9,max_power_bg_invert,72,1,3,71.0,4154.0,3148.4
9,max_power_bg_invert,73,1,3,71.0,4154.0,3148.4
9,max_power_bg_invert,74,1,3,71.0,4152.0,3148.4
9,max_power_bg_invert,75,1,3,71.0,4152.0,3148.4
9,max_power_bg_invert,76,1,3,71.0,4152.0,3148.0
9,max_power_bg_invert,77,1,3,71.0,4151.0,3148.4
9,max_power_bg_invert,78,1,3,71.0,4151.0,3148.0
9,max_power_bg_invert,79,1,3,71.0,4151.0,3147.2
9,max_power_bg_invert,80,1,3,71.0,4145.0,3140.8
9,max_power_bg_invert,81,1,3,71.0,4137.0,3146.0
9,max_power_bg_invert,82,1,3,71.0,4131.0,3148.4
9,max_power_bg_invert,83,1,3,71.0,4138.0,3144.4
9,max_power_bg_invert,84,1,3,71.0,4137.0,3142.0
9,max_power_bg_invert,85,1,3,71.0,4141.0,3144.0
9,max_power_bg_invert,86,1,3,71.0,4142.0,3144.4
9,max_power_bg_invert,87,1,3,71.0,4146.0,3138.8
9,max_power_bg_invert,88,1,3,71.0,4144.0,3141.2
9,max_power_bg_invert,89,1,3,71.0,4144.0,3139.2
9,max_power_bg_invert,90,1,3,71.0,4145.0,3139.6
9,max_power_bg_invert,0,2,3,63.0,1137.0,3089.2
9,max_power_bg_invert,1,2,3,70.0,3880.0,2768.8
9,max_power_bg_invert,2,2,3,70.0,4021.0,2950.4
9,max_power_bg_invert,3,2,3,70.0,4062.0,3022.4
9,max_power_bg_invert,4,2,3,70.0,4097.0,3047.2
9,max_power_bg_invert,5,2,3,70.0,4116.0,3067.6
9,max_power_bg_invert,6,2,3,70.0,4125.0,3078.8
9,max_power_bg_invert,7,2,3,70.0,4132.0,3088.4
9,max_power_bg_invert,8,2,3,70.0,4137.0,3102.4
9,max_power_bg_invert,9,2,3,70.0,4144.0,3107.2
9,max_power_bg_invert,10,2,3,70.0,4148.0,3115.6
9,max_power_bg_invert,11,2,3,70.0,4150.0,3118.0
9,max_power_bg_invert,12,2,3,71.0,4154.0,3122.8
9,max_power_bg_invert,13,2,3,70.0,4157.0,3124.8
9,max_power_bg_invert,14,2,3,71.0,4158.0,3128.8
9,max_power_bg_invert,15,2,3,70.0,4161.0,3131.6
9,max_power_bg_invert,16,2,3,70.0,4164.0,3134.0
9,max_power_bg_invert,17,2,3,71.0,4166.0,3134.4
9,max_power_bg_invert,18,2,3,70.0,4167.0,3138.4
9,max_power_bg_invert,19,2,3,71.0,4169.0,3137.6
9,max_power_bg_invert,20,2,3,71.0,4171.0,3142.4
9,max_power_bg_invert,21,2,3,71.0,4172.0,3141.2
9,max_power_bg_invert,22,2,3,70.0,4173.0,3140.4
9,max_power_bg_invert,23,2,3,70.0,4174.0,3144.8
9,max_power_bg_invert,24,2,3,70.0,4174.0,3145.2
9,max_power_bg_invert,25,2,3,70.0,4175.0,3144.4
9,max_power_bg_invert,26,2,3,70.0,4175.0,3143.6
9,max_power_bg_invert,27,2,3,71.0,4175.0,3148.4
9,max_power_bg_invert,28,2,3,70.0,4177.0,3146.8
9,max_power_bg_invert,29,2,3,71.0,4178.0,3146.0
9,max_power_bg_invert,30,2,3,70.0,4178.0,3145.2
9,max_power_bg_invert,31,2,3,71.0,4178.0,3145.2
9,max_power_bg_invert,32,2,3,71.0,4179.0,3148.8
9,max_power_bg_invert,33,2,3,71.0,4178.0,3149.2
9,max_power_bg_invert,34,2,3,71.0,4178.0,3148.8
9,max_power_bg_invert,35,2,3,71.0,4178.0,3148.4
9,max_power_bg_invert,36,2,3,71.0,4178.0,3148.0
9,max_power_bg_invert,37,2,3,71.0,4179.0,3147.6
9,max_power_bg_invert,38,2,3,71.0,4179.0,3147.6
9,max_power_bg_invert,39,2,3,71.0,4179.0,3147.6
9,max_power_bg_invert,40,2,3,71.0,4210.0,3139.6
9,max_power_bg_invert,41,2,3,71.0,4194.0,3147.2
9,max_power_bg_invert,42,2,3,71.0,4193.0,3149.6
9,max_power_bg_invert,43,2,3,70.0,4197.0,3156.0
9,max_power_bg_invert,44,2,3,71.0,4204.0,3155.2
9,max_power_bg_invert,45,2,3,71.0,4196.0,3160.0
9,max_power_bg_invert,46,2,3,71.0,4195.0,3160.4
9,max_power_bg_invert,47,2,3,71.0,4194.0,3162.0
9,max_power_bg_invert,48,2,3,71.0,4194.0,3162.0
9,max_power_bg_invert,49,2,3,70.0,4193.0,3161.6
9,max_power_bg_invert,50,2,3,71.0,4194.0,3162.4
9,max_power_bg_invert,51,2,3,71.0,4193.0,3161.6
9,max_power_bg_invert,52,2,3,70.0,4192.0,3160.8
9,max_power_bg_invert,53,2,3,71.0,4191.0,3161.6
9,max_power_bg_invert,54,2,3,71.0,4191.0,3162.0
9,max_power_bg_invert,55,2,3,71.0,4191.0,3161.6
9,max_power_bg_invert,56,2,3,71.0,4189.0,3163.2
9,max_power_bg_invert,57,2,3,71.0,4190.0,3162.4
9,max_power_bg_invert,58,2,3,70.0,4191.0,3161.6
9,max_power_bg_invert,59,2,3,71.0,4192.0,3162.4
9,max_power_bg_invert,60,2,3,71.0,4192.0,3163.2
9,max_power_bg_invert,61,2,3,71.0,4193.0,3162.0
9,max_power_bg_invert,62,2,3,71.0,4192.0,3162.4
9,max_power_bg_invert,63,2,3,71.0,4192.0,3161.6
9,max_power_bg_invert,64,2,3,71.0,4193.0,3160.8
9,max_power_bg_invert,65,2,3,71.0,4192.0,3160.0
9,max_power_bg_invert,66,2,3,71.0,4192.0,3160.4
9,max_power_bg_invert,67,2,3,71.0,4192.0,3159.2
9,max_power_bg_invert,68,2,3,71.0,4193.0,3159.2
9,max_power_bg_invert,69,2,3,71.0,4193.0,3159.2
9,max_power_bg_invert,70,2,3,71.0,4194.0,3158.4
9,max_power_bg_invert,71,2,3,71.0,4193.0,3158.4
9,max_power_bg_invert,72,2,3,71.0,4192.0,3158.4
9,max_power_bg_invert,73,2,3,71.0,4192.0,3158.8
9,max_power_bg_invert,74,2,3,71.0,4192.0,3158.8
9,max_power_bg_invert,75,2,3,71.0,4192.0,3158.4
9,max_power_bg_invert,76,2,3,71.0,4192.0,3158.8
9,max_power_bg_invert,77,2,3,71.0,4191.0,3158.8
9,max_power_bg_invert,78,2,3,71.0,4191.0,3158.4
9,max_power_bg_invert,79,2,3,71.0,4191.0,3158.8
9,max_power_bg_invert,80,2,3,71.0,4210.0,3144.4
9,max_power_bg_invert,81,2,3,71.0,4204.0,3152.4
9,max_power_bg_invert,82,2,3,71.0,4210.0,3151.6
9,max_power_bg_invert,83,2,3,71.0,4210.0,3156.8
9,max_power_bg_invert,84,2,3,71.0,4210.0,3158.4
9,max_power_bg_invert,85,2,3,71.0,4208.0,3164.4
9,max_power_bg_invert,86,2,3,71.0,4199.0,3166.8
9,max_power_bg_invert,87,2,3,71.0,4198.0,3166.8
9,max_power_bg_invert,88,2,3,71.0,4199.0,3164.8
9,max_power_bg_invert,89,2,3,71.0,4203.0,3162.4
9,max_power_bg_invert,90,2,3,71.0,4199.0,3165.2
10,max_power_bg_invert,0,0,1,65.0,1012.0,3255.6
10,max_power_bg_invert,1,0,1,72.0,3910.0,2904.8
10,max_power_bg_invert,2,0,1,73.0,4026.0,3108.0
10,max_power_bg_invert,3,0,1,73.0,4089.0,3179.2
10,max_power_bg_invert,4,0,1,73.0,4120.0,3208.0
10,max_power_bg_invert,5,0,1,73.0,4138.0,3230.4
10,max_power_bg_invert,6,0,1,73.0,4150.0,3239.2
10,max_power_bg_invert,7,0,1,73.0,4157.0,3248.0
10,max_power_bg_invert,8,0,1,73.0,4162.0,3258.8
10,max_power_bg_invert,9,0,1,73.0,4167.0,3267.2
10,max_power_bg_invert,10,0,1,73.0,4173.0,3267.6
10,max_power_bg_invert,11,0,1,73.0,4176.0,3270.4
10,max_power_bg_invert,12,0,1,73.0,4182.0,3272.4
10,max_power_bg_invert,13,0,1,73.0,4183.0,3276.0
10,max_power_bg_invert,14,0,1,73.0,4185.0,3277.2
10,max_power_bg_invert,15,0,1,73.0,4188.0,3280.8
10,max_power_bg_invert,16,0,1,73.0,4188.0,3279.6
10,max_power_bg_invert,17,0,1,73.0,4190.0,3282.8
10,max_power_bg_invert,18,0,1,73.0,4193.0,3281.6
10,max_power_bg_invert,19,0,1,73.0,4196.0,3280.8
10,max_power_bg_invert,20,0,1,73.0,4200.0,3282.4
10,max_power_bg_invert,21,0,1,73.0,4200.0,3282.4
10,max_power_bg_invert,22,0,1,73.0,4201.0,3281.6
10,max_power_bg_invert,23,0,1,73.0,4202.0,3285.6
10,max_power_bg_invert,24,0,1,73.0,4201.0,3286.0
10,max_power_bg_invert,25,0,1,73.0,4201.0,3286.0
10,max_power_bg_invert,26,0,1,73.0,4202.0,3286.4
10,max_power_bg_invert,27,0,1,73.0,4202.0,3290.8
10,max_power_bg_invert,28,0,1,73.0,4202.0,3290.8
10,max_power_bg_invert,29,0,1,73.0,4202.0,3289.6
10,max_power_bg_invert,30,0,1,73.0,4202.0,3288.8
10,max_power_bg_invert,31,0,1,73.0,4201.0,3289.2
10,max_power_bg_invert,32,0,1,73.0,4200.0,3288.4
10,max_power_bg_invert,33,0,1,73.0,4203.0,3286.8
10,max_power_bg_invert,34,0,1,73.0,4203.0,3290.8
10,max_power_bg_invert,35,0,1,73.0,4203.0,3290.4
10,max_power_bg_invert,36,0,1,73.0,4203.0,3290.4
10,max_power_bg_invert,37,0,1,73.0,4203.0,3290.4
10,max_power_bg_invert,38,0,1,73.0,4204.0,3290.0
10,max_power_bg_invert,39,0,1,73.0,4205.0,3289.2
10,max_power_bg_invert,40,0,1,73.0,4230.0,3302.0
10,max_power_bg_invert,41,0,1,73.0,4214.0,3292.8
10,max_power_bg_invert,42,0,1,73.0,4217.0,3288.4
10,max_power_bg_invert,43,0,1,73.0,4212.0,3294.0
10,max_power_bg_invert,44,0,1,73.0,4218.0,3287.6
10,max_power_bg_invert,45,0,1,73.0,4211.0,3290.4
10,max_power_bg_invert,46,0,1,73.0,4211.0,3296.4
10,max_power_bg_invert,47,0,1,73.0,4211.0,3302.4
10,max_power_bg_invert,48,0,1,73.0,4215.0,3301.2
10,max_power_bg_invert,49,0,1,73.0,4214.0,3300.8
10,max_power_bg_invert,50,0,1,73.0,4215.0,3305.2
10,max_power_bg_invert,51,0,1,73.0,4219.0,3303.2
10,max_power_bg_invert,52,0,1,73.0,4221.0,3303.6
10,max_power_bg_invert,53,0,1,73.0,4220.0,3303.6
10,max_power_bg_invert,54,0,1,73.0,4219.0,3302.8
10,max_power_bg_invert,55,0,1,73.0,4219.0,3307.2
10,max_power_bg_invert,56,0,1,73.0,4219.0,3307.2
10,max_power_bg_invert,57,0,1,73.0,4217.0,3308.8
10,max_power_bg_invert,58,0,1,73.0,4218.0,3308.4
10,max_power_bg_invert,59,0,1,73.0,4219.0,3307.2
10,max_power_bg_invert,60,0,1,73.0,4219.0,3312.8
10,max_power_bg_invert,61,0,1,73.0,4219.0,3312.4
10,max_power_bg_invert,62,0,1,73.0,4218.0,3312.8
10,max_power_bg_invert,63,0,1,73.0,4219.0,3311.2
10,max_power_bg_invert,64,0,1,73.0,4218.0,3311.2
10,max_power_bg_invert,65,0,1,73.0,4220.0,3310.8
10,max_power_bg_invert,66,0,1,73.0,4219.0,3312.0
10,max_power_bg_invert,67,0,1,74.0,4219.0,3312.4
10,max_power_bg_invert,68,0,1,73.0,4219.0,3312.4
10,max_power_bg_invert,69,0,1,74.0,4219.0,3312.4
10,max_power_bg_invert,70,0,1,73.0,4219.0,3312.8
10,max_power_bg_invert,71,0,1,73.0,4219.0,3318.0
10,max_power_bg_invert,72,0,1,73.0,4218.0,3318.0
10,max_power_bg_invert,73,0,1,73.0,4217.0,3318.4
10,max_power_bg_invert,74,0,1,73.0,4219.0,3316.8
10,max_power_bg_invert,75,0,1,73.0,4219.0,3316.4
10,max_power_bg_invert,76,0,1,73.0,4220.0,3316.0
10,max_power_bg_invert,77,0,1,73.0,4220.0,3316.0
10,max_power_bg_invert,78,0,1,73.0,4220.0,3316.4
10,max_power_bg_invert,79,0,1,73.0,4221.0,3314.8
10,max_power_bg_invert,80,0,1,73.0,4232.0,3294.0
10,max_power_bg_invert,81,0,1,73.0,4211.0,3320.8
10,max_power_bg_invert,82,0,1,73.0,4210.0,3321.6
10,max_power_bg_invert,83,0,1,73.0,4205.0,3320.4
10,max_power_bg_invert,84,0,1,73.0,4212.0,3316.0
10,max_power_bg_invert,85,0,1,73.0,4212.0,3316.8
10,max_power_bg_invert,86,0,1,74.0,4214.0,3316.8
10,max_power_bg_invert,87,0,1,73.0,4215.0,3315.2
10,max_power_bg_invert,88,0,1,73.0,4212.0,3316.8
10,max_power_bg_invert,89,0,1,73.0,4210.0,3319.6
10,max_power_bg_invert,90,0,1,73.0,4208.0,3318.4
10,max_power_bg_invert,0,0,2,65.0,1075.0,3226.0
10,max_power_bg_invert,1,0,2,73.0,4090.0,2868.4
10,max_power_bg_invert,2,0,2,73.0,4265.0,3096.8
10,max_power_bg_invert,3,0,2,73.0,4324.0,3162.8
10,max_power_bg_invert,4,0,2,73.0,4358.0,3201.6
10,max_power_bg_invert,5,0,2,74.0,4377.0,3227.2
10,max_power_bg_invert,6,0,2,74.0,4393.0,3244.0
10,max_power_bg_invert,7,0,2,74.0,4398.0,3253.2
10,max_power_bg_invert,8,0,2,74.0,4405.0,3263.2
10,max_power_bg_invert,9,0,2,73.0,4413.0,3267.6
10,max_power_bg_invert,10,0,2,74.0,4411.0,3279.6
10,max_power_bg_invert,11,0,2,74.0,4411.0,3284.8
10,max_power_bg_invert,12,0,2,73.0,4415.0,3287.6
10,max_power_bg_invert,13,0,2,73.0,4416.0,3290.4
10,max_power_bg_invert,14,0,2,74.0,4421.0,3292.0
10,max_power_bg_invert,15,0,2,74.0,4421.0,3291.2
10,max_power_bg_invert,16,0,2,73.0,4424.0,3293.6
10,max_power_bg_invert,17,0,2,74.0,4424.0,3297.6
10,max_power_bg_invert,18,0,2,73.0,4424.0,3297.6
10,max_power_bg_invert,19,0,2,74.0,4427.0,3299.6
10,max_power_bg_invert,20,0,2,73.0,4427.0,3300.0
10,max_power_bg_invert,21,0,2,74.0,4428.0,3298.8
10,max_power_bg_invert,22,0,2,74.0,4430.0,3301.6
10,max_power_bg_invert,23,0,2,73.0,4431.0,3301.2
10,max_power_bg_invert,24,0,2,73.0,4431.0,3303.2
10,max_power_bg_invert,25,0,2,74.0,4432.0,3307.2
10,max_power_bg_invert,26,0,2,74.0,4433.0,3306.4
10,max_power_bg_invert,27,0,2,74.0,4433.0,3306.4
10,max_power_bg_invert,28,0,2,74.0,4431.0,3306.8
10,max_power_bg_invert,29,0,2,74.0,4430.0,3306.8
10,max_power_bg_invert,30,0,2,74.0,4430.0,3311.2
10,max_power_bg_invert,31,0,2,74.0,4431.0,3310.8
10,max_power_bg_invert,32,0,2,73.0,4431.0,3310.0
10,max_power_bg_invert,33,0,2,74.0,4431.0,3309.6
10,max_power_bg_invert,34,0,2,74.0,4431.0,3308.4
10,max_power_bg_invert,35,0,2,74.0,4431.0,3308.4
10,max_power_bg_invert,36,0,2,74.0,4433.0,3307.2
10,max_power_bg_invert,37,0,2,74.0,4433.0,3306.4
10,max_power_bg_invert,38,0,2,74.0,4433.0,3311.2
10,max_power_bg_invert,39,0,2,74.0,4434.0,3310.4
10,max_power_bg_invert,40,0,2,74.0,4440.0,3301.6
10,max_power_bg_invert,41,0,2,74.0,4445.0,3310.0
10,max_power_bg_invert,42,0,2,74.0,4456.0,3304.4
10,max_power_bg_invert,43,0,2,74.0,4456.0,3298.0
10,max_power_bg_invert,44,0,2,74.0,4455.0,3296.4
10,max_power_bg_invert,45,0,2,74.0,4452.0,3299.2
10,max_power_bg_invert,46,0,2,74.0,4449.0,3304.4
10,max_power_bg_invert,47,0,2,74.0,4444.0,3307.6
10,max_power_bg_invert,48,0,2,74.0,4445.0,3306.4
10,max_power_bg_invert,49,0,2,74.0,4447.0,3308.0
10,max_power_bg_invert,50,0,2,74.0,4448.0,3307.2
10,max_power_bg_invert,51,0,2,74.0,4451.0,3306.8
10,max_power_bg_invert,52,0,2,74.0,4448.0,3306.4
10,max_power_bg_invert,53,0,2,74.0,4450.0,3306.0
10,max_power_bg_invert,54,0,2,74.0,4452.0,3305.6
10,max_power_bg_invert,55,0,2,74.0,4450.0,3305.2
10,max_power_bg_invert,56,0,2,74.0,4450.0,3307.2
10,max_power_bg_invert,57,0,2,74.0,4451.0,3305.6
10,max_power_bg_invert,58,0,2,74.0,4450.0,3306.8
10,max_power_bg_invert,59,0,2,74.0,4449.0,3308.0
10,max_power_bg_invert,60,0,2,74.0,4449.0,3306.8
10,max_power_bg_invert,61,0,2,74.0,4449.0,3306.8
10,max_power_bg_invert,62,0,2,74.0,4448.0,3306.8
10,max_power_bg_invert,63,0,2,74.0,4447.0,3307.6
10,max_power_bg_invert,64,0,2,74.0,4446.0,3307.6
10,max_power_bg_invert,65,0,2,74.0,4447.0,3307.6
10,max_power_bg_invert,66,0,2,74.0,4446.0,3307.2
10,max_power_bg_invert,67,0,2,74.0,4447.0,3306.0
10,max_power_bg_invert,68,0,2,74.0,4448.0,3304.8
10,max_power_bg_invert,69,0,2,74.0,4449.0,3304.0
10,max_power_bg_invert,70,0,2,74.0,4449.0,3305.6
10,max_power_bg_invert,71,0,2,74.0,4449.0,3306.0
10,max_power_bg_invert,72,0,2,74.0,4449.0,3306.0
10,max_power_bg_invert,73,0,2,74.0,4450.0,3305.6
10,max_power_bg_invert,74,0,2,74.0,4451.0,3304.8
10,max_power_bg_invert,75,0,2,74.0,4450.0,3305.6
10,max_power_bg_invert,76,0,2,74.0,4450.0,3305.6
10,max_power_bg_invert,77,0,2,74.0,4451.0,3305.6
10,max_power_bg_invert,78,0,2,74.0,4451.0,3304.8
10,max_power_bg_invert,79,0,2,74.0,4450.0,3305.2
10,max_power_bg_invert,80,0,2,74.0,4469.0,3288.4
10,max_power_bg_invert,81,0,2,74.0,4465.0,3305.2
10,max_power_bg_invert,82,0,2,74.0,4462.0,3304.4
10,max_power_bg_invert,83,0,2,74.0,4466.0,3298.0
10,max_power_bg_invert,84,0,2,74.0,4463.0,3302.8
10,max_power_bg_invert,85,0,2,74.0,4459.0,3300.0
10,max_power_bg_invert,86,0,2,74.0,4454.0,3302.0
10,max_power_bg_invert,87,0,2,74.0,4460.0,3299.2
10,max_power_bg_invert,88,0,2,74.0,4455.0,3302.4
10,max_power_bg_invert,89,0,2,74.0,4456.0,3301.6
10,max_power_bg_invert,90,0,2,74.0,4453.0,3310.0
10,max_power_bg_invert,0,0,3,66.0,1050.0,3228.8
10,max_power_bg_invert,1,0,3,73.0,3990.0,2958.8
10,max_power_bg_invert,2,0,3,74.0,4149.0,3134.4
10,max_power_bg_invert,3,0,3,74.0,4213.0,3177.2
10,max_power_bg_invert,4,0,3,74.0,4233.0,3213.2
10,max_power_bg_invert,5,0,3,74.0,4238.0,3243.2
10,max_power_bg_invert,6,0,3,74.0,4250.0,3256.4
10,max_power_bg_invert,7,0,3,74.0,4258.0,3266.0
10,max_power_bg_invert,8,0,3,74.0,4266.0,3269.2
10,max_power_bg_invert,9,0,3,74.0,4272.0,3275.6
10,max_power_bg_invert,10,0,3,74.0,4275.0,3283.6
10,max_power_bg_invert,11,0,3,74.0,4278.0,3286.8
10,max_power_bg_invert,12,0,3,74.0,4282.0,3289.6
10,max_power_bg_invert,13,0,3,74.0,4288.0,3292.0
10,max_power_bg_invert,14,0,3,74.0,4289.0,3294.4
10,max_power_bg_invert,15,0,3,74.0,4290.0,3294.4
10,max_power_bg_invert,16,0,3,74.0,4291.0,3300.4
10,max_power_bg_invert,17,0,3,74.0,4292.0,3299.2
10,max_power_bg_invert,18,0,3,74.0,4292.0,3305.2
10,max_power_bg_invert,19,0,3,74.0,4292.0,3302.8
10,max_power_bg_invert,20,0,3,74.0,4292.0,3309.2
10,max_power_bg_invert,21,0,3,74.0,4294.0,3310.4
10,max_power_bg_invert,22,0,3,74.0,4294.0,3310.4
10,max_power_bg_invert,23,0,3,74.0,4295.0,3314.4
10,max_power_bg_invert,24,0,3,74.0,4294.0,3314.8
10,max_power_bg_invert,25,0,3,74.0,4294.0,3314.4
10,max_power_bg_invert,26,0,3,74.0,4295.0,3313.6
10,max_power_bg_invert,27,0,3,74.0,4294.0,3313.6
10,max_power_bg_invert,28,0,3,74.0,4293.0,3318.4
10,max_power_bg_invert,29,0,3,74.0,4293.0,3318.4
10,max_power_bg_invert,30,0,3,74.0,4292.0,3318.4
10,max_power_bg_invert,31,0,3,74.0,4293.0,3318.0
10,max_power_bg_invert,32,0,3,74.0,4293.0,3317.6
10,max_power_bg_invert,33,0,3,74.0,4293.0,3318.0
10,max_power_bg_invert,34,0,3,74.0,4293.0,3317.6
10,max_power_bg_invert,35,0,3,74.0,4292.0,3322.8
10,max_power_bg_invert,36,0,3,74.0,4293.0,3322.0
10,max_power_bg_invert,37,0,3,74.0,4294.0,3321.6
10,max_power_bg_invert,38,0,3,74.0,4294.0,3320.8
10,max_power_bg_invert,39,0,3,74.0,4294.0,3322.4
10,max_power_bg_invert,40,0,3,74.0,4339.0,3282.4
10,max_power_bg_invert,41,0,3,74.0,4315.0,3310.0
10,max_power_bg_invert,42,0,3,74.0,4316.0,3316.8
10,max_power_bg_invert,43,0,3,74.0,4320.0,3319.2
10,max_power_bg_invert,44,0,3,74.0,4316.0,3324.0
10,max_power_bg_invert,45,0,3,74.0,4322.0,3320.0
10,max_power_bg_invert,46,0,3,74.0,4323.0,3319.6
10,max_power_bg_invert,47,0,3,74.0,4319.0,3324.0
10,max_power_bg_invert,48,0,3,74.0,4318.0,3326.4
10,max_power_bg_invert,49,0,3,74.0,4319.0,3325.6
10,max_power_bg_invert,50,0,3,74.0,4315.0,3327.6
10,max_power_bg_invert,51,0,3,74.0,4312.0,3330.0
10,max_power_bg_invert,52,0,3,74.0,4312.0,3330.8
10,max_power_bg_invert,53,0,3,74.0,4313.0,3329.6
10,max_power_bg_invert,54,0,3,74.0,4312.0,3330.8
10,max_power_bg_invert,55,0,3,74.0,4310.0,3330.4
10,max_power_bg_invert,56,0,3,74.0,4311.0,3330.0
10,max_power_bg_invert,57,0,3,74.0,4311.0,3330.4
10,max_power_bg_invert,58,0,3,74.0,4310.0,3331.2
10,max_power_bg_invert,59,0,3,74.0,4310.0,3331.6
10,max_power_bg_invert,60,0,3,74.0,4309.0,3332.0
10,max_power_bg_invert,61,0,3,74.0,4309.0,3332.0
10,max_power_bg_invert,62,0,3,74.0,4310.0,3331.6
10,max_power_bg_invert,63,0,3,74.0,4309.0,3331.6
10,max_power_bg_invert,64,0,3,74.0,4310.0,3330.8
10,max_power_bg_invert,65,0,3,74.0,4311.0,3329.6
10,max_power_bg_invert,66,0,3,74.0,4310.0,3329.2
10,max_power_bg_invert,67,0,3,74.0,4312.0,3328.4
10,max_power_bg_invert,68,0,3,74.0,4312.0,3327.6
10,max_power_bg_invert,69,0,3,74.0,4311.0,3328.0
10,max_power_bg_invert,70,0,3,74.0,4312.0,3328.0
10,max_power_bg_invert,71,0,3,74.0,4312.0,3328.0
10,max_power_bg_invert,72,0,3,74.0,4313.0,3326.4
10,max_power_bg_invert,73,0,3,74.0,4313.0,3326.8
10,max_power_bg_invert,74,0,3,74.0,4313.0,3326.0
10,max_power_bg_invert,75,0,3,75.0,4312.0,3326.8
10,max_power_bg_invert,76,0,3,74.0,4311.0,3327.2
10,max_power_bg_invert,77,0,3,74.0,4310.0,3327.6
10,max_power_bg_invert,78,0,3,74.0,4311.0,3327.2
10,max_power_bg_invert,79,0,3,74.0,4311.0,3326.8
10,max_power_bg_invert,80,0,3,74.0,4280.0,3342.4
10,max_power_bg_invert,81,0,3,74.0,4300.0,3334.4
10,max_power_bg_invert,82,0,3,74.0,4300.0,3330.8
10,max_power_bg_invert,83,0,3,74.0,4312.0,3318.4
10,max_power_bg_invert,84,0,3,74.0,4302.0,3325.2
10,max_power_bg_invert,85,0,3,74.0,4301.0,3324.4
10,max_power_bg_invert,86,0,3,74.0,4300.0,3323.2
10,max_power_bg_invert,87,0,3,74.0,4296.0,3323.6
10,max_power_bg_invert,88,0,3,74.0,4297.0,3320.0
10,max_power_bg_invert,89,0,3,74.0,4301.0,3320.4
10,max_power_bg_invert,90,0,3,74.0,4302.0,3319.2
10,max_power_bg_invert,0,1,2,66.0,1037.0,3242.8
10,max_power_bg_invert,1,1,2,73.0,3980.0,2924.8
10,max_power_bg_invert,2,1,2,74.0,4170.0,3118.8
10,max_power_bg_invert,3,1,2,74.0,4224.0,3179.6
10,max_power_bg_invert,4,1,2,74.0,4251.0,3214.0
10,max_power_bg_invert,5,1,2,74.0,4267.0,3233.6
10,max_power_bg_invert,6,1,2,74.0,4277.0,3243.6
10,max_power_bg_invert,7,1,2,74.0,4282.0,3254.4
10,max_power_bg_invert,8,1,2,74.0,4284.0,3260.8
10,max_power_bg_invert,9,1,2,74.0,4288.0,3266.8
10,max_power_bg_invert,10,1,2,74.0,4290.0,3275.2
10,max_power_bg_invert,11,1,2,74.0,4293.0,3278.4
10,max_power_bg_invert,12,1,2,74.0,4290.0,3284.0
10,max_power_bg_invert,13,1,2,74.0,4293.0,3287.2
10,max_power_bg_invert,14,1,2,74.0,4297.0,3285.2
10,max_power_bg_invert,15,1,2,74.0,4295.0,3292.4
10,max_power_bg_invert,16,1,2,74.0,4297.0,3292.4
10,max_power_bg_invert,17,1,2,74.0,4299.0,3296.0
10,max_power_bg_invert,18,1,2,74.0,4299.0,3296.0
10,max_power_bg_invert,19,1,2,74.0,4300.0,3300.4
10,max_power_bg_invert,20,1,2,74.0,4302.0,3298.8
10,max_power_bg_invert,21,1,2,74.0,4304.0,3298.0
10,max_power_bg_invert,22,1,2,74.0,4305.0,3302.8
10,max_power_bg_invert,23,1,2,74.0,4306.0,3301.2
10,max_power_bg_invert,24,1,2,74.0,4307.0,3300.0
10,max_power_bg_invert,25,1,2,74.0,4306.0,3301.2
10,max_power_bg_invert,26,1,2,74.0,4305.0,3306.0
10,max_power_bg_invert,27,1,2,74.0,4307.0,3303.2
10,max_power_bg_invert,28,1,2,74.0,4306.0,3304.0
10,max_power_bg_invert,29,1,2,74.0,4307.0,3303.6
10,max_power_bg_invert,30,1,2,74.0,4307.0,3302.8
10,max_power_bg_invert,31,1,2,74.0,4307.0,3302.8
10,max_power_bg_invert,32,1,2,74.0,4307.0,3302.0
10,max_power_bg_invert,33,1,2,74.0,4307.0,3306.8
10,max_power_bg_invert,34,1,2,74.0,4308.0,3308.0
10,max_power_bg_invert,35,1,2,74.0,4308.0,3307.6
10,max_power_bg_invert,36,1,2,74.0,4308.0,3307.6
10,max_power_bg_invert,37,1,2,74.0,4309.0,3307.6
10,max_power_bg_invert,38,1,2,74.0,4311.0,3306.0
10,max_power_bg_invert,39,1,2,74.0,4311.0,3306.0
10,max_power_bg_invert,40,1,2,74.0,4330.0,3304.8
10,max_power_bg_invert,41,1,2,74.0,4320.0,3314.4
10,max_power_bg_invert,42,1,2,74.0,4313.0,3315.2
10,max_power_bg_invert,43,1,2,74.0,4322.0,3317.2
10,max_power_bg_invert,44,1,2,74.0,4318.0,3322.4
10,max_power_bg_invert,45,1,2,74.0,4322.0,3322.0
10,max_power_bg_invert,46,1,2,74.0,4321.0,3324.4
10,max_power_bg_invert,47,1,2,74.0,4323.0,3324.8
10,max_power_bg_invert,48,1,2,74.0,4323.0,3326.4
10,max_power_bg_invert,49,1,2,74.0,4323.0,3325.6
10,max_power_bg_invert,50,1,2,74.0,4323.0,3322.8
10,max_power_bg_invert,51,1,2,74.0,4322.0,3323.2
10,max_power_bg_invert,52,1,2,74.0,4325.0,3320.4
10,max_power_bg_invert,53,1,2,74.0,4325.0,3317.6
10,max_power_bg_invert,54,1,2,74.0,4324.0,3318.4
10,max_power_bg_invert,55,1,2,74.0,4325.0,3318.4
10,max_power_bg_invert,56,1,2,74.0,4325.0,3318.0
10,max_power_bg_invert,57,1,2,74.0,4325.0,3317.2
10,max_power_bg_invert,58,1,2,74.0,4323.0,3316.4
10,max_power_bg_invert,59,1,2,74.0,4323.0,3315.6
10,max_power_bg_invert,60,1,2,74.0,4323.0,3315.6
10,max_power_bg_invert,61,1,2,74.0,4324.0,3314.8
10,max_power_bg_invert,62,1,2,74.0,4324.0,3314.0
10,max_power_bg_invert,63,1,2,74.0,4323.0,3312.8
10,max_power_bg_invert,64,1,2,74.0,4322.0,3312.8
10,max_power_bg_invert,65,1,2,75.0,4323.0,3312.0
10,max_power_bg_invert,66,1,2,74.0,4323.0,3311.6
10,max_power_bg_invert,67,1,2,74.0,4323.0,3311.6
10,max_power_bg_invert,68,1,2,74.0,4323.0,3311.2
10,max_power_bg_invert,69,1,2,75.0,4322.0,3311.2
10,max_power_bg_invert,70,1,2,74.0,4322.0,3310.8
10,max_power_bg_invert,71,1,2,75.0,4322.0,3310.4
10,max_power_bg_invert,72,1,2,75.0,4321.0,3310.8
10,max_power_bg_invert,73,1,2,74.0,4321.0,3309.6
10,max_power_bg_invert,74,1,2,75.0,4321.0,3309.2
10,max_power_bg_invert,75,1,2,75.0,4323.0,3308.8
10,max_power_bg_invert,76,1,2,74.0,4323.0,3309.6
10,max_power_bg_invert,77,1,2,74.0,4323.0,3310.0
10,max_power_bg_invert,78,1,2,74.0,4324.0,3308.8
10,max_power_bg_invert,79,1,2,74.0,4324.0,3309.6
10,max_power_bg_invert,80,1,2,74.0,4274.0,3353.2
10,max_power_bg_invert,81,1,2,74.0,4301.0,3330.0
10,max_power_bg_invert,82,1,2,74.0,4314.0,3327.2
10,max_power_bg_invert,83,1,2,75.0,4328.0,3316.4
10,max_power_bg_invert,84,1,2,74.0,4329.0,3315.2
10,max_power_bg_invert,85,1,2,75.0,4322.0,3318.0
10,max_power_bg_invert,86,1,2,75.0,4320.0,3327.2
10,max_power_bg_invert,87,1,2,74.0,4319.0,3325.6
10,max_power_bg_invert,88,1,2,74.0,4320.0,3322.4
10,max_power_bg_invert,89,1,2,74.0,4327.0,3316.4
10,max_power_bg_invert,90,1,2,75.0,4326.0,3316.8
10,max_power_bg_invert,0,1,3,66.0,1087.0,3198.4
10,max_power_bg_invert,1,1,3,74.0,3900.0,2862.0
10,max_power_bg_invert,2,1,3,74.0,4055.0,3069.6
10,max_power_bg_invert,3,1,3,74.0,4089.0,3137.6
10,max_power_bg_invert,4,1,3,74.0,4112.0,3179.6
10,max_power_bg_invert,5,1,3,74.0,4128.0,3203.6
10,max_power_bg_invert,6,1,3,74.0,4142.0,3217.2
10,max_power_bg_invert,7,1,3,74.0,4147.0,3227.2
10,max_power_bg_invert,8,1,3,74.0,4153.0,3234.0
10,max_power_bg_invert,9,1,3,74.0,4156.0,3242.0
10,max_power_bg_invert,10,1,3,74.0,4157.0,3251.6
10,max_power_bg_invert,11,1,3,74.0,4162.0,3255.6
10,max_power_bg_invert,12,1,3,74.0,4169.0,3255.2
10,max_power_bg_invert,13,1,3,74.0,4170.0,3258.4
10,max_power_bg_invert,14,1,3,74.0,4170.0,3259.2
10,max_power_bg_invert,15,1,3,75.0,4173.0,3260.8
10,max_power_bg_invert,16,1,3,74.0,4175.0,3261.2
10,max_power_bg_invert,17,1,3,74.0,4175.0,3265.2
10,max_power_bg_invert,18,1,3,74.0,4175.0,3265.2
10,max_power_bg_invert,19,1,3,74.0,4175.0,3269.6
10,max_power_bg_invert,20,1,3,74.0,4174.0,3269.6
10,max_power_bg_invert,21,1,3,74.0,4174.0,3269.6
10,max_power_bg_invert,22,1,3,75.0,4174.0,3273.2
10,max_power_bg_invert,23,1,3,74.0,4173.0,3274.4
10,max_power_bg_invert,24,1,3,74.0,4172.0,3274.4
10,max_power_bg_invert,25,1,3,74.0,4170.0,3275.6
10,max_power_bg_invert,26,1,3,74.0,4170.0,3280.8
10,max_power_bg_invert,27,1,3,75.0,4169.0,3280.4
10,max_power_bg_invert,28,1,3,74.0,4169.0,3280.0
10,max_power_bg_invert,29,1,3,75.0,4170.0,3280.4
10,max_power_bg_invert,30,1,3,74.0,4171.0,3285.6
10,max_power_bg_invert,31,1,3,75.0,4172.0,3283.6
10,max_power_bg_invert,32,1,3,74.0,4172.0,3284.0
10,max_power_bg_invert,33,1,3,75.0,4173.0,3288.0
10,max_power_bg_invert,34,1,3,75.0,4173.0,3287.6
10,max_power_bg_invert,35,1,3,74.0,4173.0,3288.0
10,max_power_bg_invert,36,1,3,75.0,4174.0,3286.8
10,max_power_bg_invert,37,1,3,75.0,4174.0,3292.0
10,max_power_bg_invert,38,1,3,75.0,4174.0,3292.0
10,max_power_bg_invert,39,1,3,75.0,4174.0,3291.6
10,max_power_bg_invert,40,1,3,75.0,4190.0,3333.2
10,max_power_bg_invert,41,1,3,74.0,4190.0,3328.0
10,max_power_bg_invert,42,1,3,75.0,4186.0,3331.6
10,max_power_bg_invert,43,1,3,74.0,4182.0,3332.8
10,max_power_bg_invert,44,1,3,75.0,4181.0,3337.2
10,max_power_bg_invert,45,1,3,75.0,4179.0,3336.8
10,max_power_bg_invert,46,1,3,75.0,4179.0,3339.2
10,max_power_bg_invert,47,1,3,75.0,4178.0,3336.4
10,max_power_bg_invert,48,1,3,75.0,4177.0,3335.2
10,max_power_bg_invert,49,1,3,74.0,4181.0,3334.0
10,max_power_bg_invert,50,1,3,74.0,4185.0,3332.8
10,max_power_bg_invert,51,1,3,74.0,4187.0,3329.2
10,max_power_bg_invert,52,1,3,75.0,4188.0,3327.6
10,max_power_bg_invert,53,1,3,75.0,4186.0,3330.0
10,max_power_bg_invert,54,1,3,74.0,4186.0,3330.0
10,max_power_bg_invert,55,1,3,74.0,4184.0,3332.0
10,max_power_bg_invert,56,1,3,74.0,4183.0,3330.8
10,max_power_bg_invert,57,1,3,74.0,4184.0,3331.6
10,max_power_bg_invert,58,1,3,74.0,4183.0,3332.0
10,max_power_bg_invert,59,1,3,75.0,4183.0,3331.2
10,max_power_bg_invert,60,1,3,74.0,4183.0,3330.8
10,max_power_bg_invert,61,1,3,74.0,4182.0,3330.8
10,max_power_bg_invert,62,1,3,75.0,4182.0,3332.0
10,max_power_bg_invert,63,1,3,74.0,4180.0,3333.6
10,max_power_bg_invert,64,1,3,75.0,4179.0,3333.2
10,max_power_bg_invert,65,1,3,75.0,4178.0,3332.8
10,max_power_bg_invert,66,1,3,75.0,4176.0,3333.6
10,max_power_bg_invert,67,1,3,75.0,4177.0,3332.8
10,max_power_bg_invert,68,1,3,74.0,4177.0,3332.8
10,max_power_bg_invert,69,1,3,74.0,4176.0,3333.6
10,max_power_bg_invert,70,1,3,74.0,4176.0,3334.4
10,max_power_bg_invert,71,1,3,75.0,4175.0,3335.6
10,max_power_bg_invert,72,1,3,74.0,4175.0,3334.4
10,max_power_bg_invert,73,1,3,75.0,4175.0,3333.6
10,max_power_bg_invert,74,1,3,75.0,4174.0,3334.4
10,max_power_bg_invert,75,1,3,75.0,4174.0,3334.4
10,max_power_bg_invert,76,1,3,75.0,4172.0,3335.2
10,max_power_bg_invert,77,1,3,75.0,4173.0,3334.8
10,max_power_bg_invert,78,1,3,75.0,4172.0,3334.4
10,max_power_bg_invert,79,1,3,75.0,4172.0,3334.0
10,max_power_bg_invert,80,1,3,74.0,4180.0,3336.0
10,max_power_bg_invert,81,1,3,75.0,4169.0,3343.2
10,max_power_bg_invert,82,1,3,74.0,4179.0,3338.4
10,max_power_bg_invert,83,1,3,75.0,4169.0,3338.8
10,max_power_bg_invert,84,1,3,75.0,4169.0,3336.4
10,max_power_bg_invert,85,1,3,75.0,4171.0,3336.4
10,max_power_bg_invert,86,1,3,75.0,4172.0,3338.0
10,max_power_bg_invert,87,1,3,75.0,4169.0,3339.2
10,max_power_bg_invert,88,1,3,75.0,4172.0,3338.0
10,max_power_bg_invert,89,1,3,75.0,4173.0,3338.4
10,max_power_bg_invert,90,1,3,75.0,4172.0,3338.8
10,max_power_bg_invert,0,2,3,66.0,1062.0,3240.8
10,max_power_bg_invert,1,2,3,73.0,3900.0,2949.6
10,max_power_bg_invert,2,2,3,74.0,4036.0,3124.8
10,max_power_bg_invert,3,2,3,74.0,4089.0,3197.2
10,max_power_bg_invert,4,2,3,74.0,4123.0,3227.2
10,max_power_bg_invert,5,2,3,74.0,4144.0,3248.8
10,max_power_bg_invert,6,2,3,74.0,4152.0,3261.6
10,max_power_bg_invert,7,2,3,74.0,4163.0,3270.4
10,max_power_bg_invert,8,2,3,74.0,4164.0,3278.8
10,max_power_bg_invert,9,2,3,74.0,4171.0,3284.0
10,max_power_bg_invert,10,2,3,74.0,4177.0,3284.8
10,max_power_bg_invert,11,2,3,74.0,4179.0,3288.8
10,max_power_bg_invert,12,2,3,74.0,4183.0,3292.0
10,max_power_bg_invert,13,2,3,74.0,4187.0,3295.6
10,max_power_bg_invert,14,2,3,74.0,4186.0,3299.6
10,max_power_bg_invert,15,2,3,74.0,4188.0,3298.0
10,max_power_bg_invert,16,2,3,74.0,4191.0,3302.4
10,max_power_bg_invert,17,2,3,74.0,4192.0,3302.0
10,max_power_bg_invert,18,2,3,74.0,4197.0,3304.0
10,max_power_bg_invert,19,2,3,74.0,4199.0,3303.6
10,max_power_bg_invert,20,2,3,74.0,4199.0,3303.2
10,max_power_bg_invert,21,2,3,74.0,4200.0,3306.8
10,max_power_bg_invert,22,2,3,74.0,4202.0,3306.4
10,max_power_bg_invert,23,2,3,74.0,4201.0,3306.8
10,max_power_bg_invert,24,2,3,74.0,4202.0,3306.0
10,max_power_bg_invert,25,2,3,74.0,4203.0,3310.4
10,max_power_bg_invert,26,2,3,74.0,4203.0,3310.4
10,max_power_bg_invert,27,2,3,74.0,4203.0,3310.0
10,max_power_bg_invert,28,2,3,74.0,4204.0,3310.0
10,max_power_bg_invert,29,2,3,74.0,4204.0,3309.6
10,max_power_bg_invert,30,2,3,74.0,4205.0,3308.4
10,max_power_bg_invert,31,2,3,74.0,4205.0,3308.4
10,max_power_bg_invert,32,2,3,74.0,4206.0,3313.6
10,max_power_bg_invert,33,2,3,74.0,4207.0,3312.8
10,max_power_bg_invert,34,2,3,74.0,4208.0,3312.0
10,max_power_bg_invert,35,2,3,74.0,4208.0,3311.6
10,max_power_bg_invert,36,2,3,74.0,4209.0,3310.8
10,max_power_bg_invert,37,2,3,74.0,4210.0,3310.0
10,max_power_bg_invert,38,2,3,74.0,4211.0,3309.6
10,max_power_bg_invert,39,2,3,74.0,4211.0,3309.6
10,max_power_bg_invert,40,2,3,74.0,4210.0,3328.4
10,max_power_bg_invert,41,2,3,74.0,4224.0,3333.6
10,max_power_bg_invert,42,2,3,74.0,4227.0,3325.2
10,max_power_bg_invert,43,2,3,74.0,4230.0,3325.6
10,max_power_bg_invert,44,2,3,74.0,4224.0,3328.0
10,max_power_bg_invert,45,2,3,74.0,4218.0,3330.4
10,max_power_bg_invert,46,2,3,74.0,4217.0,3330.0
10,max_power_bg_invert,47,2,3,74.0,4220.0,3326.8
10,max_power_bg_invert,48,2,3,74.0,4219.0,3329.2
10,max_power_bg_invert,49,2,3,74.0,4220.0,3326.4
10,max_power_bg_invert,50,2,3,74.0,4220.0,3325.6
10,max_power_bg_invert,51,2,3,74.0,4220.0,3323.2
10,max_power_bg_invert,52,2,3,74.0,4217.0,3324.4
10,max_power_bg_invert,53,2,3,74.0,4216.0,3324.8
10,max_power_bg_invert,54,2,3,74.0,4217.0,3324.0
10,max_power_bg_invert,55,2,3,74.0,4218.0,3324.0
10,max_power_bg_invert,56,2,3,74.0,4218.0,3323.2
10,max_power_bg_invert,57,2,3,74.0,4217.0,3326.0
10,max_power_bg_invert,58,2,3,74.0,4217.0,3326.0
10,max_power_bg_invert,59,2,3,74.0,4214.0,3327.2
10,max_power_bg_invert,60,2,3,74.0,4214.0,3327.2
10,max_power_bg_invert,61,2,3,74.0,4214.0,3327.6
10,max_power_bg_invert,62,2,3,74.0,4213.0,3328.0
10,max_power_bg_invert,63,2,3,74.0,4214.0,3328.4
10,max_power_bg_invert,64,2,3,74.0,4214.0,3327.6
10,max_power_bg_invert,65,2,3,74.0,4213.0,3328.0
10,max_power_bg_invert,66,2,3,74.0,4213.0,3327.6
10,max_power_bg_invert,67,2,3,74.0,4212.0,3328.4
10,max_power_bg_invert,68,2,3,74.0,4214.0,3326.8
10,max_power_bg_invert,69,2,3,74.0,4213.0,3327.2
10,max_power_bg_invert,70,2,3,74.0,4213.0,3326.8
10,max_power_bg_invert,71,2,3,74.0,4214.0,3326.0
10,max_power_bg_invert,72,2,3,74.0,4215.0,3324.4
10,max_power_bg_invert,73,2,3,74.0,4216.0,3323.2
10,max_power_bg_invert,74,2,3,74.0,4215.0,3323.6
10,max_power_bg_invert,75,2,3,74.0,4215.0,3323.2
10,max_power_bg_invert,76,2,3,74.0,4215.0,3323.2
10,max_power_bg_invert,77,2,3,74.0,4214.0,3323.6
10,max_power_bg_invert,78,2,3,74.0,4213.0,3323.6
10,max_power_bg_invert,79,2,3,74.0,4214.0,3323.2
10,max_power_bg_invert,80,2,3,74.0,4261.0,3286.8
10,max_power_bg_invert,81,2,3,74.0,4245.0,3283.2
10,max_power_bg_invert,82,2,3,74.0,4240.0,3304.4
10,max_power_bg_invert,83,2,3,74.0,4237.0,3306.8
10,max_power_bg_invert,84,2,3,74.0,4232.0,3312.0
10,max_power_bg_invert,85,2,3,74.0,4223.0,3317.6
10,max_power_bg_invert,86,2,3,74.0,4221.0,3322.4
10,max_power_bg_invert,87,2,3,74.0,4220.0,3326.0
10,max_power_bg_invert,88,2,3,74.0,4222.0,3326.0
10,max_power_bg_invert,89,2,3,74.0,4221.0,3325.6
10,max_power_bg_invert,90,2,3,74.0,4223.0,3329.6
11,max_power_bg_invert,0,0,1,64.0,875.0,3219.2
11,max_power_bg_invert,1,0,1,71.0,3590.0,2932.8
11,max_power_bg_invert,2,0,1,71.0,3735.0,3107.2
11,max_power_bg_invert,3,0,1,71.0,3803.0,3141.6
11,max_power_bg_invert,4,0,1,71.0,3825.0,3179.2
11,max_power_bg_invert,5,0,1,71.0,3832.0,3211.2
11,max_power_bg_invert,6,0,1,71.0,3840.0,3225.2
11,max_power_bg_invert,7,0,1,71.0,3852.0,3229.6
11,max_power_bg_invert,8,0,1,71.0,3858.0,3238.8
11,max_power_bg_invert,9,0,1,71.0,3862.0,3246.4
11,max_power_bg_invert,10,0,1,71.0,3868.0,3252.4
11,max_power_bg_invert,11,0,1,71.0,3870.0,3254.0
11,max_power_bg_invert,12,0,1,71.0,3871.0,3253.2
11,max_power_bg_invert,13,0,1,71.0,3874.0,3256.4
11,max_power_bg_invert,14,0,1,71.0,3877.0,3258.0
11,max_power_bg_invert,15,0,1,71.0,3875.0,3259.2
11,max_power_bg_invert,16,0,1,72.0,3875.0,3262.8
11,max_power_bg_invert,17,0,1,71.0,3874.0,3263.6
11,max_power_bg_invert,18,0,1,71.0,3875.0,3267.2
11,max_power_bg_invert,19,0,1,71.0,3876.0,3266.0
11,max_power_bg_invert,20,0,1,71.0,3876.0,3266.0
11,max_power_bg_invert,21,0,1,71.0,3877.0,3270.8
11,max_power_bg_invert,22,0,1,71.0,3879.0,3269.2
11,max_power_bg_invert,23,0,1,71.0,3878.0,3269.2
11,max_power_bg_invert,24,0,1,71.0,3880.0,3268.4
11,max_power_bg_invert,25,0,1,71.0,3881.0,3273.2
11,max_power_bg_invert,26,0,1,71.0,3882.0,3273.2
11,max_power_bg_invert,27,0,1,71.0,3884.0,3271.6
11,max_power_bg_invert,28,0,1,71.0,3882.0,3273.2
11,max_power_bg_invert,29,0,1,71.0,3884.0,3272.8
11,max_power_bg_invert,30,0,1,72.0,3883.0,3273.6
11,max_power_bg_invert,31,0,1,72.0,3882.0,3278.0
11,max_power_bg_invert,32,0,1,71.0,3882.0,3278.0
11,max_power_bg_invert,33,0,1,71.0,3881.0,3278.8
11,max_power_bg_invert,34,0,1,71.0,3881.0,3279.2
11,max_power_bg_invert,35,0,1,72.0,3880.0,3278.4
11,max_power_bg_invert,36,0,1,72.0,3881.0,3277.6
11,max_power_bg_invert,37,0,1,72.0,3881.0,3277.2
11,max_power_bg_invert,38,0,1,71.0,3882.0,3276.4
11,max_power_bg_invert,39,0,1,72.0,3882.0,3276.0
11,max_power_bg_invert,40,0,1,71.0,3870.0,3283.2
11,max_power_bg_invert,41,0,1,72.0,3870.0,3296.8
11,max_power_bg_invert,42,0,1,72.0,3876.0,3290.8
11,max_power_bg_invert,43,0,1,72.0,3879.0,3288.8
11,max_power_bg_invert,44,0,1,72.0,3885.0,3288.4
11,max_power_bg_invert,45,0,1,72.0,3886.0,3288.4
11,max_power_bg_invert,46,0,1,71.0,3885.0,3288.8
11,max_power_bg_invert,47,0,1,71.0,3883.0,3292.0
11,max_power_bg_invert,48,0,1,72.0,3884.0,3290.0
11,max_power_bg_invert,49,0,1,71.0,3885.0,3290.4
11,max_power_bg_invert,50,0,1,72.0,3884.0,3289.2
11,max_power_bg_invert,51,0,1,71.0,3887.0,3287.6
11,max_power_bg_invert,52,0,1,71.0,3887.0,3287.2
11,max_power_bg_invert,53,0,1,71.0,3889.0,3286.8
11,max_power_bg_invert,54,0,1,71.0,3889.0,3287.2
11,max_power_bg_invert,55,0,1,72.0,3890.0,3285.6
11,max_power_bg_invert,56,0,1,72.0,3891.0,3284.8
11,max_power_bg_invert,57,0,1,72.0,3890.0,3283.6
11,max_power_bg_invert,58,0,1,72.0,3889.0,3284.4
11,max_power_bg_invert,59,0,1,72.0,3889.0,3285.2
11,max_power_bg_invert,60,0,1,72.0,3890.0,3284.4
11,max_power_bg_invert,61,0,1,72.0,3892.0,3283.2
11,max_power_bg_invert,62,0,1,72.0,3890.0,3283.6
11,max_power_bg_invert,63,0,1,72.0,3891.0,3284.0
11,max_power_bg_invert,64,0,1,71.0,3891.0,3283.2
11,max_power_bg_invert,65,0,1,72.0,3892.0,3282.0
11,max_power_bg_invert,66,0,1,72.0,3890.0,3283.2
11,max_power_bg_invert,67,0,1,72.0,3890.0,3283.6
11,max_power_bg_invert,68,0,1,72.0,3889.0,3284.0
11,max_power_bg_invert,69,0,1,72.0,3890.0,3283.6
11,max_power_bg_invert,70,0,1,71.0,3891.0,3282.8
11,max_power_bg_invert,71,0,1,72.0,3891.0,3282.8
11,max_power_bg_invert,72,0,1,72.0,3891.0,3282.8
11,max_power_bg_invert,73,0,1,72.0,3891.0,3282.0
11,max_power_bg_invert,74,0,1,72.0,3891.0,3281.2
11,max_power_bg_invert,75,0,1,72.0,3891.0,3280.8
11,max_power_bg_invert,76,0,1,72.0,3891.0,3280.4
11,max_power_bg_invert,77,0,1,72.0,3891.0,3280.8
11,max_power_bg_invert,78,0,1,72.0,3891.0,3281.2
11,max_power_bg_invert,79,0,1,72.0,3892.0,3280.8
11,max_power_bg_invert,80,0,1,72.0,3890.0,3282.4
11,max_power_bg_invert,81,0,1,72.0,3880.0,3288.8
11,max_power_bg_invert,82,0,1,72.0,3882.0,3286.0
11,max_power_bg_invert,83,0,1,72.0,3879.0,3288.8
11,max_power_bg_invert,84,0,1,72.0,3883.0,3288.4
11,max_power_bg_invert,85,0,1,72.0,3879.0,3286.0
11,max_power_bg_invert,86,0,1,72.0,3877.0,3287.2
11,max_power_bg_invert,87,0,1,72.0,3878.0,3287.6
11,max_power_bg_invert,88,0,1,72.0,3881.0,3284.4
11,max_power_bg_invert,89,0,1,72.0,3880.0,3285.2
11,max_power_bg_invert,90,0,1,72.0,3878.0,3285.6
11,max_power_bg_invert,0,0,2,64.0,825.0,3224.4
11,max_power_bg_invert,1,0,2,71.0,3780.0,2920.8
11,max_power_bg_invert,2,0,2,71.0,3945.0,3102.4
11,max_power_bg_invert,3,0,2,71.0,4006.0,3162.8
11,max_power_bg_invert,4,0,2,71.0,4033.0,3195.2
11,max_power_bg_invert,5,0,2,71.0,4055.0,3214.0
11,max_power_bg_invert,6,0,2,71.0,4064.0,3227.6
11,max_power_bg_invert,7,0,2,71.0,4069.0,3235.6
11,max_power_bg_invert,8,0,2,71.0,4073.0,3238.8
11,max_power_bg_invert,9,0,2,71.0,4081.0,3243.6
11,max_power_bg_invert,10,0,2,71.0,4087.0,3244.8
11,max_power_bg_invert,11,0,2,71.0,4090.0,3248.4
11,max_power_bg_invert,12,0,2,72.0,4093.0,3252.0
11,max_power_bg_invert,13,0,2,71.0,4099.0,3254.4
11,max_power_bg_invert,14,0,2,71.0,4102.0,3257.2
11,max_power_bg_invert,15,0,2,71.0,4103.0,3256.8
11,max_power_bg_invert,16,0,2,71.0,4105.0,3261.2
11,max_power_bg_invert,17,0,2,71.0,4106.0,3265.2
11,max_power_bg_invert,18,0,2,71.0,4105.0,3265.6
11,max_power_bg_invert,19,0,2,71.0,4105.0,3270.0
11,max_power_bg_invert,20,0,2,71.0,4106.0,3269.2
11,max_power_bg_invert,21,0,2,72.0,4108.0,3272.8
11,max_power_bg_invert,22,0,2,72.0,4107.0,3272.4
11,max_power_bg_invert,23,0,2,71.0,4108.0,3276.0
11,max_power_bg_invert,24,0,2,72.0,4108.0,3275.6
11,max_power_bg_invert,25,0,2,71.0,4111.0,3273.6
11,max_power_bg_invert,26,0,2,72.0,4112.0,3277.6
11,max_power_bg_invert,27,0,2,72.0,4114.0,3275.2
11,max_power_bg_invert,28,0,2,71.0,4114.0,3276.0
11,max_power_bg_invert,29,0,2,71.0,4115.0,3280.0
11,max_power_bg_invert,30,0,2,72.0,4115.0,3280.0
11,max_power_bg_invert,31,0,2,72.0,4115.0,3280.0
11,max_power_bg_invert,32,0,2,72.0,4116.0,3284.8
11,max_power_bg_invert,33,0,2,71.0,4116.0,3284.0
11,max_power_bg_invert,34,0,2,72.0,4117.0,3284.4
11,max_power_bg_invert,35,0,2,72.0,4117.0,3284.4
11,max_power_bg_invert,36,0,2,71.0,4118.0,3283.6
11,max_power_bg_invert,37,0,2,72.0,4119.0,3288.0
11,max_power_bg_invert,38,0,2,72.0,4119.0,3288.4
11,max_power_bg_invert,39,0,2,71.0,4118.0,3289.2
11,max_power_bg_invert,40,0,2,71.0,4130.0,3309.2
11,max_power_bg_invert,41,0,2,72.0,4144.0,3297.6
11,max_power_bg_invert,42,0,2,72.0,4146.0,3303.2
11,max_power_bg_invert,43,0,2,72.0,4146.0,3299.2
11,max_power_bg_invert,44,0,2,72.0,4146.0,3303.2
11,max_power_bg_invert,45,0,2,72.0,4142.0,3303.6
11,max_power_bg_invert,46,0,2,72.0,4139.0,3306.8
11,max_power_bg_invert,47,0,2,72.0,4139.0,3308.0
11,max_power_bg_invert,48,0,2,72.0,4137.0,3306.0
11,max_power_bg_invert,49,0,2,72.0,4133.0,3308.4
11,max_power_bg_invert,50,0,2,72.0,4129.0,3311.6
11,max_power_bg_invert,51,0,2,72.0,4127.0,3312.8
11,max_power_bg_invert,52,0,2,72.0,4129.0,3312.0
11,max_power_bg_invert,53,0,2,72.0,4129.0,3312.4
11,max_power_bg_invert,54,0,2,72.0,4129.0,3312.4
11,max_power_bg_invert,55,0,2,72.0,4128.0,3313.2
11,max_power_bg_invert,56,0,2,72.0,4129.0,3312.4
11,max_power_bg_invert,57,0,2,72.0,4130.0,3311.2
11,max_power_bg_invert,58,0,2,72.0,4130.0,3311.6
11,max_power_bg_invert,59,0,2,72.0,4132.0,3310.8
11,max_power_bg_invert,60,0,2,72.0,4133.0,3310.0
11,max_power_bg_invert,61,0,2,72.0,4131.0,3310.8
11,max_power_bg_invert,62,0,2,72.0,4130.0,3311.6
11,max_power_bg_invert,63,0,2,72.0,4129.0,3312.4
11,max_power_bg_invert,64,0,2,72.0,4129.0,3311.6
11,max_power_bg_invert,65,0,2,72.0,4129.0,3311.2
11,max_power_bg_invert,66,0,2,72.0,4131.0,3310.8
11,max_power_bg_invert,67,0,2,72.0,4132.0,3310.0
11,max_power_bg_invert,68,0,2,72.0,4133.0,3309.2
11,max_power_bg_invert,69,0,2,72.0,4133.0,3308.8
11,max_power_bg_invert,70,0,2,72.0,4134.0,3308.0
11,max_power_bg_invert,71,0,2,72.0,4134.0,3307.6
11,max_power_bg_invert,72,0,2,72.0,4134.0,3307.6
11,max_power_bg_invert,73,0,2,72.0,4134.0,3308.0
11,max_power_bg_invert,74,0,2,72.0,4135.0,3305.6
11,max_power_bg_invert,75,0,2,72.0,4136.0,3305.6
11,max_power_bg_invert,76,0,2,72.0,4135.0,3306.0
11,max_power_bg_invert,77,0,2,72.0,4136.0,3304.8
11,max_power_bg_invert,78,0,2,72.0,4136.0,3304.4
11,max_power_bg_invert,79,0,2,72.0,4136.0,3304.4
11,max_power_bg_invert,80,0,2,72.0,4130.0,3314.0
11,max_power_bg_invert,81,0,2,72.0,4129.0,3309.2
11,max_power_bg_invert,82,0,2,72.0,4137.0,3302.8
11,max_power_bg_invert,83,0,2,72.0,4135.0,3299.2
11,max_power_bg_invert,84,0,2,72.0,4136.0,3302.0
11,max_power_bg_invert,85,0,2,72.0,4137.0,3301.6
11,max_power_bg_invert,86,0,2,72.0,4138.0,3301.6
11,max_power_bg_invert,87,0,2,72.0,4137.0,3305.2
11,max_power_bg_invert,88,0,2,72.0,4136.0,3302.4
11,max_power_bg_invert,89,0,2,72.0,4138.0,3300.4
11,max_power_bg_invert,90,0,2,72.0,4136.0,3300.0
11,max_power_bg_invert,0,0,3,65.0,912.0,3197.6
11,max_power_bg_invert,1,0,3,71.0,3690.0,2871.2
11,max_power_bg_invert,2,0,3,71.0,3860.0,3070.4
11,max_power_bg_invert,3,0,3,72.0,3903.0,3135.2
11,max_power_bg_invert,4,0,3,71.0,3917.0,3177.2
11,max_power_bg_invert,5,0,3,72.0,3942.0,3197.2
11,max_power_bg_invert,6,0,3,72.0,3947.0,3220.4
11,max_power_bg_invert,7,0,3,71.0,3960.0,3228.0
11,max_power_bg_invert,8,0,3,72.0,3965.0,3234.8
11,max_power_bg_invert,9,0,3,72.0,3968.0,3239.2
11,max_power_bg_invert,10,0,3,72.0,3972.0,3242.0
11,max_power_bg_invert,11,0,3,72.0,3973.0,3246.0
11,max_power_bg_invert,12,0,3,72.0,3977.0,3248.8
11,max_power_bg_invert,13,0,3,72.0,3980.0,3251.6
11,max_power_bg_invert,14,0,3,72.0,3979.0,3255.6
11,max_power_bg_invert,15,0,3,72.0,3978.0,3260.0
11,max_power_bg_invert,16,0,3,72.0,3978.0,3260.0
11,max_power_bg_invert,17,0,3,72.0,3978.0,3264.0
11,max_power_bg_invert,18,0,3,72.0,3977.0,3263.6
11,max_power_bg_invert,19,0,3,72.0,3979.0,3266.8
11,max_power_bg_invert,20,0,3,72.0,3980.0,3265.6
11,max_power_bg_invert,21,0,3,72.0,3982.0,3264.0
11,max_power_bg_invert,22,0,3,72.0,3981.0,3268.4
11,max_power_bg_invert,23,0,3,72.0,3983.0,3266.8
11,max_power_bg_invert,24,0,3,72.0,3982.0,3266.4
11,max_power_bg_invert,25,0,3,72.0,3982.0,3266.4
11,max_power_bg_invert,26,0,3,72.0,3982.0,3266.0
11,max_power_bg_invert,27,0,3,72.0,3983.0,3270.4
11,max_power_bg_invert,28,0,3,72.0,3982.0,3270.8
11,max_power_bg_invert,29,0,3,72.0,3983.0,3270.0
11,max_power_bg_invert,30,0,3,72.0,3982.0,3269.6
11,max_power_bg_invert,31,0,3,72.0,3982.0,3270.0
11,max_power_bg_invert,32,0,3,72.0,3983.0,3269.2
11,max_power_bg_invert,33,0,3,72.0,3982.0,3274.4
11,max_power_bg_invert,34,0,3,72.0,3983.0,3273.6
11,max_power_bg_invert,35,0,3,72.0,3982.0,3273.6
11,max_power_bg_invert,36,0,3,72.0,3982.0,3273.6
11,max_power_bg_invert,37,0,3,72.0,3982.0,3273.2
11,max_power_bg_invert,38,0,3,72.0,3983.0,3272.8
11,max_power_bg_invert,39,0,3,72.0,3983.0,3277.6
11,max_power_bg_invert,40,0,3,72.0,3990.0,3289.2
11,max_power_bg_invert,41,0,3,72.0,3980.0,3294.0
11,max_power_bg_invert,42,0,3,72.0,3970.0,3309.2
11,max_power_bg_invert,43,0,3,72.0,3976.0,3308.0
11,max_power_bg_invert,44,0,3,72.0,3987.0,3308.8
11,max_power_bg_invert,45,0,3,72.0,3986.0,3308.8
11,max_power_bg_invert,46,0,3,72.0,3989.0,3311.2
11,max_power_bg_invert,47,0,3,72.0,3988.0,3310.4
11,max_power_bg_invert,48,0,3,72.0,3985.0,3312.4
11,max_power_bg_invert,49,0,3,72.0,3985.0,3310.8
11,max_power_bg_invert,50,0,3,72.0,3987.0,3308.0
11,max_power_bg_invert,51,0,3,72.0,3992.0,3306.0
11,max_power_bg_invert,52,0,3,72.0,3988.0,3306.8
11,max_power_bg_invert,53,0,3,72.0,3987.0,3311.2
11,max_power_bg_invert,54,0,3,72.0,3987.0,3310.0
11,max_power_bg_invert,55,0,3,72.0,3986.0,3311.6
11,max_power_bg_invert,56,0,3,72.0,3988.0,3310.0
11,max_power_bg_invert,57,0,3,72.0,3988.0,3310.0
11,max_power_bg_invert,58,0,3,72.0,3986.0,3311.6
11,max_power_bg_invert,59,0,3,72.0,3985.0,3312.0
11,max_power_bg_invert,60,0,3,72.0,3986.0,3312.4
11,max_power_bg_invert,61,0,3,72.0,3986.0,3313.2
11,max_power_bg_invert,62,0,3,72.0,3986.0,3313.2
11,max_power_bg_invert,63,0,3,72.0,3983.0,3314.4
11,max_power_bg_invert,64,0,3,72.0,3982.0,3314.4
11,max_power_bg_invert,65,0,3,72.0,3982.0,3313.6
11,max_power_bg_invert,66,0,3,72.0,3981.0,3313.6
11,max_power_bg_invert,67,0,3,72.0,3982.0,3313.2
11,max_power_bg_invert,68,0,3,72.0,3982.0,3312.8
11,max_power_bg_invert,69,0,3,72.0,3982.0,3312.8
11,max_power_bg_invert,70,0,3,72.0,3983.0,3312.0
11,max_power_bg_invert,71,0,3,72.0,3984.0,3312.0
11,max_power_bg_invert,72,0,3,72.0,3984.0,3311.2
11,max_power_bg_invert,73,0,3,72.0,3985.0,3310.4
11,max_power_bg_invert,74,0,3,72.0,3986.0,3309.6
11,max_power_bg_invert,75,0,3,72.0,3986.0,3310.0
11,max_power_bg_invert,76,0,3,72.0,3987.0,3309.6
11,max_power_bg_invert,77,0,3,72.0,3987.0,3308.8
11,max_power_bg_invert,78,0,3,72.0,3986.0,3310.4
11,max_power_bg_invert,79,0,3,72.0,3987.0,3309.6
11,max_power_bg_invert,80,0,3,72.0,4010.0,3312.4
11,max_power_bg_invert,81,0,3,72.0,3990.0,3316.0
11,max_power_bg_invert,82,0,3,72.0,3990.0,3308.4
11,max_power_bg_invert,83,0,3,72.0,3989.0,3307.6
11,max_power_bg_invert,84,0,3,72.0,3981.0,3313.6
11,max_power_bg_invert,85,0,3,72.0,3983.0,3314.4
11,max_power_bg_invert,86,0,3,72.0,3986.0,3313.6
11,max_power_bg_invert,87,0,3,72.0,3988.0,3310.8
11,max_power_bg_invert,88,0,3,72.0,3988.0,3312.0
11,max_power_bg_invert,89,0,3,72.0,3987.0,3313.6
11,max_power_bg_invert,90,0,3,72.0,3988.0,3310.8
11,max_power_bg_invert,0,1,2,65.0,875.0,3214.0
11,max_power_bg_invert,1,1,2,72.0,3650.0,2938.8
11,max_power_bg_invert,2,1,2,72.0,3815.0,3125.2
11,max_power_bg_invert,3,1,2,72.0,3865.0,3187.6
11,max_power_bg_invert,4,1,2,72.0,3897.0,3220.4
11,max_power_bg_invert,5,1,2,72.0,3912.0,3240.8
11,max_power_bg_invert,6,1,2,72.0,3925.0,3252.4
11,max_power_bg_invert,7,1,2,72.0,3939.0,3260.0
11,max_power_bg_invert,8,1,2,72.0,3947.0,3264.4
11,max_power_bg_invert,9,1,2,72.0,3952.0,3271.2
11,max_power_bg_invert,10,1,2,72.0,3959.0,3270.8
11,max_power_bg_invert,11,1,2,72.0,3965.0,3272.0
11,max_power_bg_invert,12,1,2,72.0,3968.0,3276.0
11,max_power_bg_invert,13,1,2,72.0,3971.0,3279.6
11,max_power_bg_invert,14,1,2,72.0,3975.0,3280.8
11,max_power_bg_invert,15,1,2,72.0,3978.0,3278.0
11,max_power_bg_invert,16,1,2,72.0,3982.0,3280.0
11,max_power_bg_invert,17,1,2,72.0,3984.0,3278.4
11,max_power_bg_invert,18,1,2,72.0,3986.0,3283.2
11,max_power_bg_invert,19,1,2,72.0,3985.0,3282.8
11,max_power_bg_invert,20,1,2,72.0,3986.0,3282.8
11,max_power_bg_invert,21,1,2,72.0,3988.0,3286.0
11,max_power_bg_invert,22,1,2,72.0,3990.0,3284.4
11,max_power_bg_invert,23,1,2,72.0,3990.0,3284.4
11,max_power_bg_invert,24,1,2,72.0,3991.0,3282.8
11,max_power_bg_invert,25,1,2,72.0,3991.0,3283.2
11,max_power_bg_invert,26,1,2,72.0,3991.0,3288.8
11,max_power_bg_invert,27,1,2,72.0,3992.0,3288.4
11,max_power_bg_invert,28,1,2,72.0,3991.0,3289.2
11,max_power_bg_invert,29,1,2,72.0,3991.0,3289.2
11,max_power_bg_invert,30,1,2,72.0,3991.0,3288.8
11,max_power_bg_invert,31,1,2,72.0,3991.0,3288.8
11,max_power_bg_invert,32,1,2,72.0,3991.0,3293.6
11,max_power_bg_invert,33,1,2,72.0,3990.0,3294.4
11,max_power_bg_invert,34,1,2,72.0,3990.0,3294.0
11,max_power_bg_invert,35,1,2,72.0,3990.0,3294.0
11,max_power_bg_invert,36,1,2,72.0,3990.0,3294.8
11,max_power_bg_invert,37,1,2,72.0,3990.0,3294.4
11,max_power_bg_invert,38,1,2,72.0,3991.0,3294.0
11,max_power_bg_invert,39,1,2,72.0,3990.0,3294.0
11,max_power_bg_invert,40,1,2,72.0,4000.0,3296.8
11,max_power_bg_invert,41,1,2,72.0,3985.0,3302.4
11,max_power_bg_invert,42,1,2,73.0,3993.0,3304.8
11,max_power_bg_invert,43,1,2,72.0,3992.0,3302.4
11,max_power_bg_invert,44,1,2,72.0,3997.0,3298.4
11,max_power_bg_invert,45,1,2,73.0,4000.0,3300.8
11,max_power_bg_invert,46,1,2,72.0,4002.0,3300.8
11,max_power_bg_invert,47,1,2,72.0,4005.0,3300.4
11,max_power_bg_invert,48,1,2,72.0,4006.0,3301.2
11,max_power_bg_invert,49,1,2,72.0,4007.0,3300.0
11,max_power_bg_invert,50,1,2,72.0,4004.0,3301.2
11,max_power_bg_invert,51,1,2,72.0,4007.0,3300.8
11,max_power_bg_invert,52,1,2,73.0,4004.0,3303.2
11,max_power_bg_invert,53,1,2,73.0,4004.0,3305.2
11,max_power_bg_invert,54,1,2,73.0,4005.0,3304.4
11,max_power_bg_invert,55,1,2,72.0,4005.0,3304.4
11,max_power_bg_invert,56,1,2,73.0,4004.0,3305.2
11,max_power_bg_invert,57,1,2,72.0,4005.0,3304.4
11,max_power_bg_invert,58,1,2,72.0,4008.0,3303.2
11,max_power_bg_invert,59,1,2,72.0,4007.0,3304.0
11,max_power_bg_invert,60,1,2,72.0,4007.0,3303.6
11,max_power_bg_invert,61,1,2,72.0,4005.0,3304.4
11,max_power_bg_invert,62,1,2,72.0,4004.0,3304.4
11,max_power_bg_invert,63,1,2,72.0,4005.0,3302.4
11,max_power_bg_invert,64,1,2,72.0,4004.0,3302.8
11,max_power_bg_invert,65,1,2,73.0,4004.0,3302.0
11,max_power_bg_invert,66,1,2,73.0,4003.0,3302.4
11,max_power_bg_invert,67,1,2,73.0,4002.0,3303.2
11,max_power_bg_invert,68,1,2,72.0,4002.0,3302.8
11,max_power_bg_invert,69,1,2,73.0,4002.0,3302.0
11,max_power_bg_invert,70,1,2,73.0,4002.0,3301.2
11,max_power_bg_invert,71,1,2,72.0,4002.0,3300.8
11,max_power_bg_invert,72,1,2,72.0,4004.0,3300.0
11,max_power_bg_invert,73,1,2,73.0,4003.0,3300.0
11,max_power_bg_invert,74,1,2,73.0,4003.0,3300.0
11,max_power_bg_invert,75,1,2,72.0,4003.0,3299.2
11,max_power_bg_invert,76,1,2,73.0,4004.0,3298.8
11,max_power_bg_invert,77,1,2,73.0,4004.0,3298.8
11,max_power_bg_invert,78,1,2,73.0,4004.0,3298.4
11,max_power_bg_invert,79,1,2,73.0,4004.0,3297.6
11,max_power_bg_invert,80,1,2,72.0,4010.0,3298.0
11,max_power_bg_invert,81,1,2,73.0,4010.0,3288.4
11,max_power_bg_invert,82,1,2,73.0,4006.0,3299.2
11,max_power_bg_invert,83,1,2,73.0,4007.0,3296.8
11,max_power_bg_invert,84,1,2,72.0,4006.0,3291.6
11,max_power_bg_invert,85,1,2,73.0,4011.0,3287.6
11,max_power_bg_invert,86,1,2,73.0,4011.0,3292.0
11,max_power_bg_invert,87,1,2,73.0,4011.0,3292.8
11,max_power_bg_invert,88,1,2,73.0,4014.0,3291.6
11,max_power_bg_invert,89,1,2,73.0,4013.0,3287.6
11,max_power_bg_invert,90,1,2,73.0,4010.0,3289.6
11,max_power_bg_invert,0,1,3,65.0,900.0,3205.2
11,max_power_bg_invert,1,1,3,72.0,3570.0,2954.0
11,max_power_bg_invert,2,1,3,72.0,3705.0,3117.6
11,max_power_bg_invert,3,1,3,72.0,3758.0,3163.6
11,max_power_bg_invert,4,1,3,72.0,3782.0,3189.6
11,max_power_bg_invert,5,1,3,72.0,3795.0,3207.2
11,max_power_bg_invert,6,1,3,72.0,3803.0,3226.4
11,max_power_bg_invert,7,1,3,72.0,3805.0,3233.2
11,max_power_bg_invert,8,1,3,72.0,3808.0,3241.2
11,max_power_bg_invert,9,1,3,72.0,3813.0,3249.2
11,max_power_bg_invert,10,1,3,72.0,3815.0,3254.8
11,max_power_bg_invert,11,1,3,72.0,3816.0,3259.2
11,max_power_bg_invert,12,1,3,72.0,3819.0,3262.0
11,max_power_bg_invert,13,1,3,72.0,3820.0,3264.8
11,max_power_bg_invert,14,1,3,72.0,3821.0,3264.0
11,max_power_bg_invert,15,1,3,72.0,3821.0,3268.4
11,max_power_bg_invert,16,1,3,72.0,3825.0,3266.0
11,max_power_bg_invert,17,1,3,72.0,3827.0,3269.6
11,max_power_bg_invert,18,1,3,72.0,3826.0,3270.0
11,max_power_bg_invert,19,1,3,72.0,3830.0,3272.8
11,max_power_bg_invert,20,1,3,72.0,3830.0,3273.2
11,max_power_bg_invert,21,1,3,72.0,3831.0,3272.4
11,max_power_bg_invert,22,1,3,72.0,3833.0,3272.0
11,max_power_bg_invert,23,1,3,72.0,3833.0,3276.0
11,max_power_bg_invert,24,1,3,72.0,3837.0,3274.4
11,max_power_bg_invert,25,1,3,72.0,3838.0,3273.6
11,max_power_bg_invert,26,1,3,72.0,3841.0,3271.2
11,max_power_bg_invert,27,1,3,73.0,3842.0,3270.4
11,max_power_bg_invert,28,1,3,72.0,3843.0,3270.4
11,max_power_bg_invert,29,1,3,72.0,3843.0,3275.2
11,max_power_bg_invert,30,1,3,72.0,3845.0,3274.4
11,max_power_bg_invert,31,1,3,72.0,3846.0,3274.4
11,max_power_bg_invert,32,1,3,72.0,3846.0,3274.4
11,max_power_bg_invert,33,1,3,72.0,3845.0,3275.6
11,max_power_bg_invert,34,1,3,72.0,3848.0,3274.0
11,max_power_bg_invert,35,1,3,72.0,3849.0,3274.0
11,max_power_bg_invert,36,1,3,72.0,3850.0,3273.2
11,max_power_bg_invert,37,1,3,72.0,3849.0,3273.6
11,max_power_bg_invert,38,1,3,72.0,3850.0,3278.0
11,max_power_bg_invert,39,1,3,72.0,3849.0,3278.8
11,max_power_bg_invert,40,1,3,72.0,3840.0,3301.2
11,max_power_bg_invert,41,1,3,72.0,3860.0,3283.2
11,max_power_bg_invert,42,1,3,72.0,3860.0,3286.4
11,max_power_bg_invert,43,1,3,72.0,3858.0,3288.4
11,max_power_bg_invert,44,1,3,72.0,3855.0,3289.2
11,max_power_bg_invert,45,1,3,72.0,3850.0,3292.8
11,max_power_bg_invert,46,1,3,72.0,3850.0,3293.2
11,max_power_bg_invert,47,1,3,72.0,3856.0,3289.2
11,max_power_bg_invert,48,1,3,72.0,3855.0,3290.0
11,max_power_bg_invert,49,1,3,72.0,3855.0,3288.8
11,max_power_bg_invert,50,1,3,72.0,3856.0,3289.2
11,max_power_bg_invert,51,1,3,73.0,3849.0,3290.8
11,max_power_bg_invert,52,1,3,73.0,3851.0,3292.4
11,max_power_bg_invert,53,1,3,72.0,3851.0,3291.2
11,max_power_bg_invert,54,1,3,72.0,3850.0,3291.6
11,max_power_bg_invert,55,1,3,72.0,3851.0,3292.0
11,max_power_bg_invert,56,1,3,72.0,3851.0,3291.2
11,max_power_bg_invert,57,1,3,72.0,3850.0,3291.6
11,max_power_bg_invert,58,1,3,73.0,3851.0,3290.0
11,max_power_bg_invert,59,1,3,72.0,3853.0,3289.2
11,max_power_bg_invert,60,1,3,72.0,3855.0,3287.2
11,max_power_bg_invert,61,1,3,72.0,3854.0,3288.0
11,max_power_bg_invert,62,1,3,73.0,3855.0,3288.8
11,max_power_bg_invert,63,1,3,73.0,3856.0,3288.0
11,max_power_bg_invert,64,1,3,72.0,3856.0,3288.4
11,max_power_bg_invert,65,1,3,72.0,3857.0,3287.2
11,max_power_bg_invert,66,1,3,72.0,3858.0,3286.4
11,max_power_bg_invert,67,1,3,73.0,3857.0,3286.4
11,max_power_bg_invert,68,1,3,73.0,3859.0,3284.8
11,max_power_bg_invert,69,1,3,73.0,3860.0,3283.6
11,max_power_bg_invert,70,1,3,72.0,3861.0,3282.8
11,max_power_bg_invert,71,1,3,73.0,3862.0,3282.0
11,max_power_bg_invert,72,1,3,73.0,3863.0,3281.2
11,max_power_bg_invert,73,1,3,72.0,3863.0,3280.4
11,max_power_bg_invert,74,1,3,72.0,3863.0,3280.0
11,max_power_bg_invert,75,1,3,72.0,3863.0,3280.0
11,max_power_bg_invert,76,1,3,73.0,3863.0,3280.0
11,max_power_bg_invert,77,1,3,72.0,3863.0,3279.2
11,max_power_bg_invert,78,1,3,72.0,3863.0,3278.8
11,max_power_bg_invert,79,1,3,72.0,3864.0,3279.2
11,max_power_bg_invert,80,1,3,73.0,3850.0,3297.2
11,max_power_bg_invert,81,1,3,72.0,3865.0,3286.4
11,max_power_bg_invert,82,1,3,73.0,3868.0,3286.4
11,max_power_bg_invert,83,1,3,73.0,3866.0,3282.8
11,max_power_bg_invert,84,1,3,73.0,3861.0,3283.6
11,max_power_bg_invert,85,1,3,72.0,3861.0,3285.2
11,max_power_bg_invert,86,1,3,72.0,3861.0,3283.6
11,max_power_bg_invert,87,1,3,73.0,3866.0,3279.2
11,max_power_bg_invert,88,1,3,73.0,3867.0,3278.0
11,max_power_bg_invert,89,1,3,73.0,3865.0,3280.8
11,max_power_bg_invert,90,1,3,73.0,3862.0,3282.8
11,max_power_bg_invert,0,2,3,0.0,0.0,0.0
11,max_power_bg_invert,1,2,3,0.0,0.0,0.0
11,max_power_bg_invert,2,2,3,71.0,3900.0,3312.4
11,max_power_bg_invert,3,2,3,72.0,3894.0,3310.4
11,max_power_bg_invert,4,2,3,72.0,3885.0,3315.2
11,max_power_bg_invert,5,2,3,72.0,3889.0,3311.6
11,max_power_bg_invert,6,2,3,71.0,3893.0,3308.0
11,max_power_bg_invert,7,2,3,72.0,3891.0,3310.4
11,max_power_bg_invert,8,2,3,71.0,3889.0,3312.4
11,max_power_bg_invert,9,2,3,72.0,3888.0,3313.2
11,max_power_bg_invert,10,2,3,72.0,3890.0,3314.0
11,max_power_bg_invert,11,2,3,72.0,3893.0,3314.0
11,max_power_bg_invert,12,2,3,72.0,3895.0,3314.0
11,max_power_bg_invert,13,2,3,72.0,3893.0,3314.8
11,max_power_bg_invert,14,2,3,72.0,3893.0,3314.4
11,max_power_bg_invert,15,2,3,72.0,3893.0,3314.4
11,max_power_bg_invert,16,2,3,72.0,3893.0,3313.6
11,max_power_bg_invert,17,2,3,72.0,3894.0,3312.4
11,max_power_bg_invert,18,2,3,72.0,3895.0,3311.6
11,max_power_bg_invert,19,2,3,72.0,3896.0,3310.0
11,max_power_bg_invert,20,2,3,72.0,3897.0,3309.2
11,max_power_bg_invert,21,2,3,72.0,3898.0,3306.4
11,max_power_bg_invert,22,2,3,72.0,3899.0,3306.0
11,max_power_bg_invert,23,2,3,72.0,3901.0,3305.2
11,max_power_bg_invert,24,2,3,72.0,3902.0,3304.4
11,max_power_bg_invert,25,2,3,72.0,3901.0,3305.2
11,max_power_bg_invert,26,2,3,72.0,3902.0,3304.8
11,max_power_bg_invert,27,2,3,72.0,3903.0,3304.4
11,max_power_bg_invert,28,2,3,72.0,3902.0,3304.8
11,max_power_bg_invert,29,2,3,72.0,3902.0,3303.6
11,max_power_bg_invert,30,2,3,72.0,3902.0,3304.0
11,max_power_bg_invert,31,2,3,72.0,3903.0,3303.2
11,max_power_bg_invert,32,2,3,72.0,3903.0,3303.2
11,max_power_bg_invert,33,2,3,72.0,3903.0,3303.6
11,max_power_bg_invert,34,2,3,72.0,3903.0,3303.2
11,max_power_bg_invert,35,2,3,72.0,3903.0,3303.2
11,max_power_bg_invert,36,2,3,72.0,3904.0,3302.8
11,max_power_bg_invert,37,2,3,72.0,3905.0,3302.8
11,max_power_bg_invert,38,2,3,72.0,3905.0,3303.2
11,max_power_bg_invert,39,2,3,72.0,3906.0,3302.4
11,max_power_bg_invert,40,2,3,72.0,3920.0,3284.4
11,max_power_bg_invert,41,2,3,72.0,3930.0,3274.8
11,max_power_bg_invert,42,2,3,72.0,3923.0,3281.2
11,max_power_bg_invert,43,2,3,72.0,3920.0,3284.4
11,max_power_bg_invert,44,2,3,72.0,3926.0,3282.4
11,max_power_bg_invert,45,2,3,72.0,3923.0,3280.4
11,max_power_bg_invert,46,2,3,72.0,3921.0,3288.0
11,max_power_bg_invert,47,2,3,72.0,3923.0,3287.2
11,max_power_bg_invert,48,2,3,72.0,3923.0,3284.4
11,max_power_bg_invert,49,2,3,72.0,3923.0,3286.4
11,max_power_bg_invert,50,2,3,72.0,3923.0,3286.0
11,max_power_bg_invert,51,2,3,72.0,3923.0,3284.4
11,max_power_bg_invert,52,2,3,72.0,3923.0,3285.6
11,max_power_bg_invert,53,2,3,72.0,3924.0,3285.6
11,max_power_bg_invert,54,2,3,72.0,3923.0,3286.4
11,max_power_bg_invert,55,2,3,72.0,3921.0,3286.4
11,max_power_bg_invert,56,2,3,72.0,3919.0,3286.4
11,max_power_bg_invert,57,2,3,72.0,3918.0,3286.8
11,max_power_bg_invert,58,2,3,72.0,3921.0,3285.6
11,max_power_bg_invert,59,2,3,72.0,3922.0,3286.4
11,max_power_bg_invert,60,2,3,72.0,3921.0,3287.2
11,max_power_bg_invert,61,2,3,72.0,3920.0,3288.0
11,max_power_bg_invert,62,2,3,72.0,3920.0,3288.8
11,max_power_bg_invert,63,2,3,72.0,3920.0,3289.2
11,max_power_bg_invert,64,2,3,72.0,3920.0,3288.8
11,max_power_bg_invert,65,2,3,72.0,3920.0,3289.2
11,max_power_bg_invert,66,2,3,72.0,3920.0,3289.6
11,max_power_bg_invert,67,2,3,72.0,3920.0,3288.4
11,max_power_bg_invert,68,2,3,72.0,3921.0,3288.8
11,max_power_bg_invert,69,2,3,72.0,3920.0,3289.6
11,max_power_bg_invert,70,2,3,72.0,3919.0,3290.8
11,max_power_bg_invert,71,2,3,72.0,3919.0,3290.4
11,max_power_bg_invert,72,2,3,72.0,3920.0,3288.8
11,max_power_bg_invert,73,2,3,72.0,3920.0,3288.4
11,max_power_bg_invert,74,2,3,72.0,3919.0,3288.4
11,max_power_bg_invert,75,2,3,72.0,3919.0,3288.4
11,max_power_bg_invert,76,2,3,72.0,3920.0,3287.6
11,max_power_bg_invert,77,2,3,72.0,3920.0,3287.2
11,max_power_bg_invert,78,2,3,72.0,3920.0,3286.4
11,max_power_bg_invert,79,2,3,72.0,3921.0,3286.4
11,max_power_bg_invert,80,2,3,72.0,3930.0,3268.0
11,max_power_bg_invert,81,2,3,72.0,3942.0,3266.0
11,max_power_bg_invert,82,2,3,72.0,3920.0,3280.8
11,max_power_bg_invert,83,2,3,72.0,3923.0,3282.4
11,max_power_bg_invert,84,2,3,72.0,3924.0,3284.0
11,max_power_bg_invert,85,2,3,72.0,3920.0,3284.8
11,max_power_bg_invert,86,2,3,72.0,3920.0,3283.2
11,max_power_bg_invert,87,2,3,72.0,3919.0,3284.8
11,max_power_bg_invert,88,2,3,72.0,3913.0,3288.0
11,max_power_bg_invert,89,2,3,72.0,3912.0,3289.2
11,max_power_bg_invert,90,2,3,72.0,3914.0,3288.8
12,max_power_bg_invert,0,0,1,64.0,1425.0,3012.0
12,max_power_bg_invert,1,0,1,71.0,4270.0,2773.2
12,max_power_bg_invert,2,0,1,72.0,4480.0,2909.6
12,max_power_bg_invert,3,0,1,72.0,4534.0,2954.8
12,max_power_bg_invert,4,0,1,72.0,4564.0,2984.0
12,max_power_bg_invert,5,0,1,72.0,4579.0,2996.8
12,max_power_bg_invert,6,0,1,72.0,4586.0,3012.4
12,max_power_bg_invert,7,0,1,72.0,4595.0,3016.8
12,max_power_bg_invert,8,0,1,72.0,4598.0,3023.2
12,max_power_bg_invert,9,0,1,72.0,4603.0,3031.6
12,max_power_bg_invert,10,0,1,72.0,4607.0,3033.2
12,max_power_bg_invert,11,0,1,72.0,4608.0,3037.6
12,max_power_bg_invert,12,0,1,72.0,4611.0,3040.4
12,max_power_bg_invert,13,0,1,72.0,4611.0,3043.6
12,max_power_bg_invert,14,0,1,72.0,4614.0,3046.8
12,max_power_bg_invert,15,0,1,72.0,4616.0,3044.0
12,max_power_bg_invert,16,0,1,72.0,4615.0,3048.0
12,max_power_bg_invert,17,0,1,72.0,4617.0,3051.2
12,max_power_bg_invert,18,0,1,72.0,4620.0,3053.6
12,max_power_bg_invert,19,0,1,72.0,4623.0,3051.6
12,max_power_bg_invert,20,0,1,72.0,4625.0,3055.2
12,max_power_bg_invert,21,0,1,72.0,4626.0,3054.4
12,max_power_bg_invert,22,0,1,72.0,4625.0,3060.0
12,max_power_bg_invert,23,0,1,72.0,4626.0,3059.2
12,max_power_bg_invert,24,0,1,72.0,4626.0,3063.2
12,max_power_bg_invert,25,0,1,72.0,4626.0,3062.8
12,max_power_bg_invert,26,0,1,72.0,4626.0,3062.0
12,max_power_bg_invert,27,0,1,72.0,4627.0,3067.2
12,max_power_bg_invert,28,0,1,72.0,4627.0,3066.4
12,max_power_bg_invert,29,0,1,72.0,4627.0,3066.4
12,max_power_bg_invert,30,0,1,72.0,4628.0,3070.8
12,max_power_bg_invert,31,0,1,72.0,4628.0,3070.0
12,max_power_bg_invert,32,0,1,72.0,4628.0,3069.2
12,max_power_bg_invert,33,0,1,72.0,4629.0,3069.2
12,max_power_bg_invert,34,0,1,72.0,4628.0,3073.6
12,max_power_bg_invert,35,0,1,72.0,4628.0,3072.8
12,max_power_bg_invert,36,0,1,72.0,4629.0,3072.4
12,max_power_bg_invert,37,0,1,72.0,4629.0,3072.0
12,max_power_bg_invert,38,0,1,72.0,4628.0,3072.8
12,max_power_bg_invert,39,0,1,72.0,4629.0,3071.6
12,max_power_bg_invert,40,0,1,72.0,4662.0,3066.4
12,max_power_bg_invert,41,0,1,72.0,4651.0,3085.2
12,max_power_bg_invert,42,0,1,72.0,4644.0,3086.4
12,max_power_bg_invert,43,0,1,72.0,4645.0,3087.2
12,max_power_bg_invert,44,0,1,72.0,4645.0,3088.8
12,max_power_bg_invert,45,0,1,72.0,4641.0,3088.8
12,max_power_bg_invert,46,0,1,72.0,4641.0,3088.4
12,max_power_bg_invert,47,0,1,72.0,4637.0,3090.0
12,max_power_bg_invert,48,0,1,72.0,4634.0,3092.0
12,max_power_bg_invert,49,0,1,72.0,4638.0,3090.0
12,max_power_bg_invert,50,0,1,72.0,4638.0,3088.8
12,max_power_bg_invert,51,0,1,72.0,4637.0,3088.0
12,max_power_bg_invert,52,0,1,72.0,4637.0,3087.2
12,max_power_bg_invert,53,0,1,72.0,4636.0,3089.2
12,max_power_bg_invert,54,0,1,72.0,4636.0,3088.8
12,max_power_bg_invert,55,0,1,72.0,4636.0,3088.0
12,max_power_bg_invert,56,0,1,72.0,4636.0,3089.2
12,max_power_bg_invert,57,0,1,72.0,4635.0,3088.8
12,max_power_bg_invert,58,0,1,72.0,4634.0,3090.4
12,max_power_bg_invert,59,0,1,72.0,4634.0,3088.8
12,max_power_bg_invert,60,0,1,72.0,4634.0,3089.2
12,max_power_bg_invert,61,0,1,72.0,4634.0,3090.8
12,max_power_bg_invert,62,0,1,72.0,4634.0,3091.2
12,max_power_bg_invert,63,0,1,72.0,4635.0,3089.6
12,max_power_bg_invert,64,0,1,72.0,4634.0,3089.6
12,max_power_bg_invert,65,0,1,72.0,4636.0,3089.2
12,max_power_bg_invert,66,0,1,72.0,4636.0,3090.4
12,max_power_bg_invert,67,0,1,72.0,4636.0,3090.0
12,max_power_bg_invert,68,0,1,72.0,4637.0,3089.6
12,max_power_bg_invert,69,0,1,72.0,4638.0,3088.8
12,max_power_bg_invert,70,0,1,72.0,4637.0,3089.2
12,max_power_bg_invert,71,0,1,72.0,4637.0,3089.6
12,max_power_bg_invert,72,0,1,72.0,4637.0,3089.6
12,max_power_bg_invert,73,0,1,72.0,4638.0,3089.2
12,max_power_bg_invert,74,0,1,72.0,4637.0,3090.0
12,max_power_bg_invert,75,0,1,72.0,4637.0,3089.6
12,max_power_bg_invert,76,0,1,72.0,4638.0,3089.2
12,max_power_bg_invert,77,0,1,72.0,4637.0,3090.0
12,max_power_bg_invert,78,0,1,72.0,4637.0,3090.0
12,max_power_bg_invert,79,0,1,72.0,4638.0,3090.0
12,max_power_bg_invert,80,0,1,72.0,4630.0,3103.2
12,max_power_bg_invert,81,0,1,72.0,4655.0,3089.2
12,max_power_bg_invert,82,0,1,72.0,4655.0,3089.2
12,max_power_bg_invert,83,0,1,72.0,4653.0,3088.0
12,max_power_bg_invert,84,0,1,72.0,4653.0,3084.8
12,max_power_bg_invert,85,0,1,72.0,4650.0,3087.2
12,max_power_bg_invert,86,0,1,72.0,4648.0,3087.6
12,max_power_bg_invert,87,0,1,72.0,4647.0,3086.4
12,max_power_bg_invert,88,0,1,72.0,4647.0,3086.4
12,max_power_bg_invert,89,0,1,72.0,4647.0,3086.0
12,max_power_bg_invert,90,0,1,72.0,4646.0,3086.0
12,max_power_bg_invert,0,0,2,64.0,1400.0,3046.4
12,max_power_bg_invert,1,0,2,71.0,4500.0,2658.8
12,max_power_bg_invert,2,0,2,71.0,4657.0,2862.8
12,max_power_bg_invert,3,0,2,72.0,4731.0,2928.8
12,max_power_bg_invert,4,0,2,72.0,4779.0,2970.0
12,max_power_bg_invert,5,0,2,72.0,4795.0,2992.4
12,max_power_bg_invert,6,0,2,72.0,4806.0,3002.8
12,max_power_bg_invert,7,0,2,72.0,4817.0,3013.2
12,max_power_bg_invert,8,0,2,72.0,4826.0,3016.8
12,max_power_bg_invert,9,0,2,72.0,4832.0,3024.4
12,max_power_bg_invert,10,0,2,72.0,4836.0,3032.0
12,max_power_bg_invert,11,0,2,72.0,4838.0,3034.4
12,max_power_bg_invert,12,0,2,72.0,4843.0,3036.8
12,max_power_bg_invert,13,0,2,72.0,4846.0,3040.0
12,max_power_bg_invert,14,0,2,72.0,4850.0,3044.0
12,max_power_bg_invert,15,0,2,72.0,4851.0,3043.2
12,max_power_bg_invert,16,0,2,72.0,4849.0,3048.4
12,max_power_bg_invert,17,0,2,72.0,4852.0,3046.4
12,max_power_bg_invert,18,0,2,72.0,4854.0,3050.8
12,max_power_bg_invert,19,0,2,72.0,4856.0,3049.2
12,max_power_bg_invert,20,0,2,72.0,4856.0,3053.6
12,max_power_bg_invert,21,0,2,72.0,4856.0,3052.4
12,max_power_bg_invert,22,0,2,72.0,4856.0,3052.4
12,max_power_bg_invert,23,0,2,72.0,4856.0,3057.2
12,max_power_bg_invert,24,0,2,72.0,4855.0,3057.6
12,max_power_bg_invert,25,0,2,72.0,4856.0,3057.6
12,max_power_bg_invert,26,0,2,72.0,4857.0,3056.4
12,max_power_bg_invert,27,0,2,72.0,4857.0,3056.0
12,max_power_bg_invert,28,0,2,72.0,4857.0,3060.8
12,max_power_bg_invert,29,0,2,72.0,4857.0,3061.2
12,max_power_bg_invert,30,0,2,72.0,4857.0,3060.4
12,max_power_bg_invert,31,0,2,72.0,4857.0,3059.6
12,max_power_bg_invert,32,0,2,72.0,4857.0,3058.8
12,max_power_bg_invert,33,0,2,72.0,4858.0,3062.4
12,max_power_bg_invert,34,0,2,72.0,4858.0,3062.4
12,max_power_bg_invert,35,0,2,72.0,4858.0,3062.0
12,max_power_bg_invert,36,0,2,72.0,4858.0,3062.4
12,max_power_bg_invert,37,0,2,72.0,4859.0,3066.0
12,max_power_bg_invert,38,0,2,72.0,4860.0,3065.2
12,max_power_bg_invert,39,0,2,72.0,4860.0,3065.2
12,max_power_bg_invert,40,0,2,72.0,4880.0,3096.4
12,max_power_bg_invert,41,0,2,72.0,4875.0,3107.6
12,max_power_bg_invert,42,0,2,72.0,4873.0,3108.4
12,max_power_bg_invert,43,0,2,72.0,4871.0,3104.8
12,max_power_bg_invert,44,0,2,72.0,4867.0,3102.4
12,max_power_bg_invert,45,0,2,72.0,4861.0,3103.2
12,max_power_bg_invert,46,0,2,72.0,4855.0,3106.8
12,max_power_bg_invert,47,0,2,72.0,4856.0,3106.0
12,max_power_bg_invert,48,0,2,72.0,4860.0,3104.4
12,max_power_bg_invert,49,0,2,72.0,4867.0,3100.8
12,max_power_bg_invert,50,0,2,72.0,4868.0,3100.0
12,max_power_bg_invert,51,0,2,72.0,4866.0,3100.4
12,max_power_bg_invert,52,0,2,72.0,4870.0,3101.2
12,max_power_bg_invert,53,0,2,72.0,4872.0,3099.2
12,max_power_bg_invert,54,0,2,72.0,4873.0,3098.4
12,max_power_bg_invert,55,0,2,72.0,4875.0,3095.6
12,max_power_bg_invert,56,0,2,72.0,4876.0,3094.4
12,max_power_bg_invert,57,0,2,72.0,4877.0,3094.4
12,max_power_bg_invert,58,0,2,72.0,4879.0,3092.0
12,max_power_bg_invert,59,0,2,72.0,4877.0,3092.0
12,max_power_bg_invert,60,0,2,72.0,4877.0,3092.0
12,max_power_bg_invert,61,0,2,72.0,4877.0,3090.8
12,max_power_bg_invert,62,0,2,72.0,4876.0,3090.8
12,max_power_bg_invert,63,0,2,72.0,4876.0,3090.8
12,max_power_bg_invert,64,0,2,72.0,4877.0,3090.8
12,max_power_bg_invert,65,0,2,72.0,4879.0,3089.6
12,max_power_bg_invert,66,0,2,72.0,4877.0,3090.0
12,max_power_bg_invert,67,0,2,72.0,4878.0,3089.2
12,max_power_bg_invert,68,0,2,72.0,4878.0,3088.4
12,max_power_bg_invert,69,0,2,72.0,4876.0,3089.2
12,max_power_bg_invert,70,0,2,72.0,4877.0,3088.4
12,max_power_bg_invert,71,0,2,72.0,4877.0,3088.0
12,max_power_bg_invert,72,0,2,72.0,4877.0,3088.0
12,max_power_bg_invert,73,0,2,72.0,4876.0,3088.0
12,max_power_bg_invert,74,0,2,72.0,4876.0,3087.6
12,max_power_bg_invert,75,0,2,73.0,4876.0,3088.0
12,max_power_bg_invert,76,0,2,72.0,4877.0,3087.6
12,max_power_bg_invert,77,0,2,72.0,4878.0,3086.4
12,max_power_bg_invert,78,0,2,72.0,4878.0,3086.8
12,max_power_bg_invert,79,0,2,72.0,4878.0,3086.8
12,max_power_bg_invert,80,0,2,72.0,4880.0,3070.8
12,max_power_bg_invert,81,0,2,72.0,4878.0,3082.0
12,max_power_bg_invert,82,0,2,72.0,4875.0,3083.2
12,max_power_bg_invert,83,0,2,73.0,4866.0,3088.8
12,max_power_bg_invert,84,0,2,73.0,4869.0,3088.0
12,max_power_bg_invert,85,0,2,73.0,4872.0,3086.8
12,max_power_bg_invert,86,0,2,73.0,4872.0,3087.6
12,max_power_bg_invert,87,0,2,73.0,4875.0,3084.4
12,max_power_bg_invert,88,0,2,73.0,4878.0,3082.4
12,max_power_bg_invert,89,0,2,72.0,4882.0,3079.6
12,max_power_bg_invert,90,0,2,72.0,4883.0,3078.0
12,max_power_bg_invert,0,0,3,65.0,1387.0,3059.2
12,max_power_bg_invert,1,0,3,72.0,4350.0,2674.8
12,max_power_bg_invert,2,0,3,72.0,4555.0,2860.8
12,max_power_bg_invert,3,0,3,72.0,4617.0,2927.6
12,max_power_bg_invert,4,0,3,72.0,4651.0,2968.4
12,max_power_bg_invert,5,0,3,72.0,4667.0,2985.6
12,max_power_bg_invert,6,0,3,72.0,4677.0,3002.4
12,max_power_bg_invert,7,0,3,72.0,4686.0,3012.4
12,max_power_bg_invert,8,0,3,72.0,4691.0,3018.8
12,max_power_bg_invert,9,0,3,72.0,4697.0,3024.4
12,max_power_bg_invert,10,0,3,72.0,4697.0,3025.2
12,max_power_bg_invert,11,0,3,72.0,4699.0,3034.4
12,max_power_bg_invert,12,0,3,72.0,4702.0,3036.4
12,max_power_bg_invert,13,0,3,72.0,4702.0,3041.6
12,max_power_bg_invert,14,0,3,72.0,4702.0,3041.2
12,max_power_bg_invert,15,0,3,72.0,4704.0,3044.0
12,max_power_bg_invert,16,0,3,72.0,4707.0,3042.4
12,max_power_bg_invert,17,0,3,72.0,4710.0,3044.4
12,max_power_bg_invert,18,0,3,72.0,4711.0,3042.8
12,max_power_bg_invert,19,0,3,72.0,4713.0,3046.0
12,max_power_bg_invert,20,0,3,72.0,4714.0,3045.6
12,max_power_bg_invert,21,0,3,72.0,4715.0,3049.6
12,max_power_bg_invert,22,0,3,72.0,4717.0,3048.4
12,max_power_bg_invert,23,0,3,72.0,4717.0,3052.0
12,max_power_bg_invert,24,0,3,72.0,4716.0,3052.4
12,max_power_bg_invert,25,0,3,72.0,4716.0,3056.8
12,max_power_bg_invert,26,0,3,72.0,4716.0,3056.4
12,max_power_bg_invert,27,0,3,72.0,4717.0,3060.8
12,max_power_bg_invert,28,0,3,72.0,4717.0,3061.2
12,max_power_bg_invert,29,0,3,72.0,4718.0,3060.4
12,max_power_bg_invert,30,0,3,72.0,4717.0,3060.8
12,max_power_bg_invert,31,0,3,72.0,4717.0,3065.6
12,max_power_bg_invert,32,0,3,72.0,4718.0,3064.8
12,max_power_bg_invert,33,0,3,72.0,4718.0,3064.8
12,max_power_bg_invert,34,0,3,72.0,4719.0,3068.8
12,max_power_bg_invert,35,0,3,72.0,4719.0,3068.4
12,max_power_bg_invert,36,0,3,72.0,4719.0,3068.8
12,max_power_bg_invert,37,0,3,72.0,4719.0,3068.4
12,max_power_bg_invert,38,0,3,72.0,4719.0,3072.8
12,max_power_bg_invert,39,0,3,72.0,4720.0,3072.0
12,max_power_bg_invert,40,0,3,72.0,4732.0,3104.0
12,max_power_bg_invert,41,0,3,72.0,4731.0,3109.6
12,max_power_bg_invert,42,0,3,72.0,4734.0,3106.8
12,max_power_bg_invert,43,0,3,72.0,4725.0,3111.6
12,max_power_bg_invert,44,0,3,72.0,4726.0,3108.0
12,max_power_bg_invert,45,0,3,72.0,4722.0,3107.6
12,max_power_bg_invert,46,0,3,72.0,4722.0,3106.4
12,max_power_bg_invert,47,0,3,73.0,4723.0,3105.6
12,max_power_bg_invert,48,0,3,72.0,4719.0,3105.2
12,max_power_bg_invert,49,0,3,72.0,4719.0,3106.8
12,max_power_bg_invert,50,0,3,73.0,4720.0,3108.0
12,max_power_bg_invert,51,0,3,73.0,4720.0,3105.6
12,max_power_bg_invert,52,0,3,73.0,4722.0,3104.4
12,max_power_bg_invert,53,0,3,72.0,4724.0,3104.0
12,max_power_bg_invert,54,0,3,73.0,4724.0,3102.4
12,max_power_bg_invert,55,0,3,72.0,4724.0,3102.0
12,max_power_bg_invert,56,0,3,73.0,4724.0,3100.8
12,max_power_bg_invert,57,0,3,73.0,4725.0,3100.0
12,max_power_bg_invert,58,0,3,72.0,4726.0,3098.0
12,max_power_bg_invert,59,0,3,73.0,4727.0,3098.0
12,max_power_bg_invert,60,0,3,72.0,4727.0,3098.8
12,max_power_bg_invert,61,0,3,73.0,4727.0,3098.8
12,max_power_bg_invert,62,0,3,72.0,4727.0,3097.6
12,max_power_bg_invert,63,0,3,72.0,4728.0,3097.2
12,max_power_bg_invert,64,0,3,72.0,4729.0,3096.8
12,max_power_bg_invert,65,0,3,72.0,4729.0,3096.4
12,max_power_bg_invert,66,0,3,73.0,4727.0,3096.4
12,max_power_bg_invert,67,0,3,72.0,4727.0,3096.4
12,max_power_bg_invert,68,0,3,73.0,4726.0,3096.8
12,max_power_bg_invert,69,0,3,72.0,4726.0,3097.2
12,max_power_bg_invert,70,0,3,73.0,4727.0,3096.4
12,max_power_bg_invert,71,0,3,73.0,4727.0,3095.6
12,max_power_bg_invert,72,0,3,73.0,4728.0,3094.4
12,max_power_bg_invert,73,0,3,73.0,4728.0,3094.4
12,max_power_bg_invert,74,0,3,73.0,4727.0,3094.8
12,max_power_bg_invert,75,0,3,73.0,4726.0,3095.2
12,max_power_bg_invert,76,0,3,73.0,4727.0,3094.4
12,max_power_bg_invert,77,0,3,73.0,4727.0,3094.8
12,max_power_bg_invert,78,0,3,72.0,4726.0,3095.6
12,max_power_bg_invert,79,0,3,72.0,4728.0,3094.8
12,max_power_bg_invert,80,0,3,73.0,4730.0,3100.8
12,max_power_bg_invert,81,0,3,73.0,4720.0,3104.0
12,max_power_bg_invert,82,0,3,73.0,4710.0,3106.4
12,max_power_bg_invert,83,0,3,73.0,4710.0,3100.4
12,max_power_bg_invert,84,0,3,73.0,4722.0,3096.0
12,max_power_bg_invert,85,0,3,73.0,4725.0,3092.4
12,max_power_bg_invert,86,0,3,73.0,4722.0,3094.8
12,max_power_bg_invert,87,0,3,73.0,4721.0,3095.2
12,max_power_bg_invert,88,0,3,73.0,4720.0,3095.6
12,max_power_bg_invert,89,0,3,73.0,4722.0,3094.4
12,max_power_bg_invert,90,0,3,73.0,4721.0,3094.0
12,max_power_bg_invert,0,1,2,65.0,1425.0,3049.2
12,max_power_bg_invert,1,1,2,72.0,4420.0,2619.2
12,max_power_bg_invert,2,1,2,73.0,4595.0,2839.6
12,max_power_bg_invert,3,1,2,73.0,4644.0,2919.6
12,max_power_bg_invert,4,1,2,73.0,4671.0,2958.8
12,max_power_bg_invert,5,1,2,73.0,4693.0,2979.6
12,max_power_bg_invert,6,1,2,73.0,4703.0,2999.2
12,max_power_bg_invert,7,1,2,73.0,4707.0,3012.4
12,max_power_bg_invert,8,1,2,73.0,4714.0,3023.6
12,max_power_bg_invert,9,1,2,73.0,4721.0,3026.4
12,max_power_bg_invert,10,1,2,73.0,4720.0,3033.2
12,max_power_bg_invert,11,1,2,73.0,4725.0,3035.2
12,max_power_bg_invert,12,1,2,73.0,4724.0,3047.2
12,max_power_bg_invert,13,1,2,73.0,4722.0,3053.2
12,max_power_bg_invert,14,1,2,73.0,4723.0,3051.2
12,max_power_bg_invert,15,1,2,73.0,4726.0,3053.2
12,max_power_bg_invert,16,1,2,73.0,4726.0,3057.6
12,max_power_bg_invert,17,1,2,73.0,4728.0,3056.4
12,max_power_bg_invert,18,1,2,73.0,4728.0,3061.6
12,max_power_bg_invert,19,1,2,73.0,4725.0,3062.8
12,max_power_bg_invert,20,1,2,73.0,4726.0,3060.8
12,max_power_bg_invert,21,1,2,73.0,4725.0,3066.8
12,max_power_bg_invert,22,1,2,73.0,4724.0,3067.6
12,max_power_bg_invert,23,1,2,73.0,4724.0,3067.6
12,max_power_bg_invert,24,1,2,73.0,4722.0,3074.0
12,max_power_bg_invert,25,1,2,73.0,4722.0,3074.0
12,max_power_bg_invert,26,1,2,73.0,4723.0,3072.8
12,max_power_bg_invert,27,1,2,73.0,4723.0,3072.4
12,max_power_bg_invert,28,1,2,73.0,4721.0,3073.2
12,max_power_bg_invert,29,1,2,73.0,4720.0,3078.8
12,max_power_bg_invert,30,1,2,73.0,4720.0,3077.2
12,max_power_bg_invert,31,1,2,73.0,4720.0,3078.0
12,max_power_bg_invert,32,1,2,73.0,4720.0,3078.4
12,max_power_bg_invert,33,1,2,73.0,4721.0,3078.4
12,max_power_bg_invert,34,1,2,73.0,4721.0,3077.6
12,max_power_bg_invert,35,1,2,73.0,4722.0,3076.8
12,max_power_bg_invert,36,1,2,73.0,4723.0,3081.2
12,max_power_bg_invert,37,1,2,73.0,4722.0,3082.0
12,max_power_bg_invert,38,1,2,73.0,4723.0,3081.6
12,max_power_bg_invert,39,1,2,73.0,4723.0,3081.6
12,max_power_bg_invert,40,1,2,73.0,4742.0,3083.6
12,max_power_bg_invert,41,1,2,73.0,4726.0,3077.6
12,max_power_bg_invert,42,1,2,73.0,4737.0,3076.0
12,max_power_bg_invert,43,1,2,73.0,4743.0,3073.6
12,max_power_bg_invert,44,1,2,73.0,4740.0,3075.2
12,max_power_bg_invert,45,1,2,73.0,4742.0,3074.8
12,max_power_bg_invert,46,1,2,73.0,4739.0,3076.0
12,max_power_bg_invert,47,1,2,73.0,4738.0,3078.4
12,max_power_bg_invert,48,1,2,73.0,4738.0,3080.0
12,max_power_bg_invert,49,1,2,73.0,4735.0,3082.0
12,max_power_bg_invert,50,1,2,73.0,4739.0,3082.8
12,max_power_bg_invert,51,1,2,73.0,4740.0,3081.2
12,max_power_bg_invert,52,1,2,73.0,4742.0,3076.4
12,max_power_bg_invert,53,1,2,73.0,4740.0,3077.6
12,max_power_bg_invert,54,1,2,73.0,4739.0,3078.0
12,max_power_bg_invert,55,1,2,73.0,4738.0,3079.6
12,max_power_bg_invert,56,1,2,73.0,4737.0,3080.8
12,max_power_bg_invert,57,1,2,73.0,4735.0,3082.8
12,max_power_bg_invert,58,1,2,73.0,4737.0,3079.2
12,max_power_bg_invert,59,1,2,73.0,4737.0,3078.4
12,max_power_bg_invert,60,1,2,73.0,4738.0,3077.6
12,max_power_bg_invert,61,1,2,73.0,4738.0,3078.0
12,max_power_bg_invert,62,1,2,73.0,4737.0,3078.0
12,max_power_bg_invert,63,1,2,73.0,4738.0,3078.0
12,max_power_bg_invert,64,1,2,73.0,4737.0,3078.0
12,max_power_bg_invert,65,1,2,73.0,4738.0,3078.4
12,max_power_bg_invert,66,1,2,73.0,4738.0,3079.2
12,max_power_bg_invert,67,1,2,73.0,4739.0,3078.0
12,max_power_bg_invert,68,1,2,73.0,4739.0,3078.4
12,max_power_bg_invert,69,1,2,73.0,4739.0,3079.2
12,max_power_bg_invert,70,1,2,73.0,4739.0,3080.0
12,max_power_bg_invert,71,1,2,73.0,4740.0,3078.0
12,max_power_bg_invert,72,1,2,73.0,4740.0,3078.8
12,max_power_bg_invert,73,1,2,73.0,4740.0,3078.8
12,max_power_bg_invert,74,1,2,73.0,4741.0,3078.0
12,max_power_bg_invert,75,1,2,73.0,4741.0,3077.6
12,max_power_bg_invert,76,1,2,73.0,4741.0,3077.6
12,max_power_bg_invert,77,1,2,73.0,4741.0,3076.8
12,max_power_bg_invert,78,1,2,73.0,4742.0,3076.4
12,max_power_bg_invert,79,1,2,73.0,4741.0,3076.4
12,max_power_bg_invert,80,1,2,73.0,4730.0,3097.2
12,max_power_bg_invert,81,1,2,73.0,4740.0,3090.8
12,max_power_bg_invert,82,1,2,73.0,4741.0,3091.2
12,max_power_bg_invert,83,1,2,73.0,4738.0,3092.0
12,max_power_bg_invert,84,1,2,73.0,4732.0,3090.4
12,max_power_bg_invert,85,1,2,73.0,4730.0,3090.0
12,max_power_bg_invert,86,1,2,73.0,4727.0,3092.8
12,max_power_bg_invert,87,1,2,73.0,4724.0,3092.4
12,max_power_bg_invert,88,1,2,73.0,4730.0,3090.0
12,max_power_bg_invert,89,1,2,73.0,4732.0,3088.0
12,max_power_bg_invert,90,1,2,73.0,4729.0,3089.6
12,max_power_bg_invert,0,1,3,65.0,1387.0,3071.2
12,max_power_bg_invert,1,1,3,72.0,4280.0,2712.0
12,max_power_bg_invert,2,1,3,73.0,4425.0,2906.4
12,max_power_bg_invert,3,1,3,73.0,4472.0,2960.0
12,max_power_bg_invert,4,1,3,73.0,4499.0,2996.4
12,max_power_bg_invert,5,1,3,73.0,4518.0,3013.6
12,max_power_bg_invert,6,1,3,73.0,4530.0,3022.8
12,max_power_bg_invert,7,1,3,73.0,4530.0,3030.8
12,max_power_bg_invert,8,1,3,73.0,4543.0,3037.6
12,max_power_bg_invert,9,1,3,73.0,4547.0,3038.4
12,max_power_bg_invert,10,1,3,73.0,4552.0,3047.2
12,max_power_bg_invert,11,1,3,73.0,4556.0,3048.4
12,max_power_bg_invert,12,1,3,73.0,4558.0,3052.0
12,max_power_bg_invert,13,1,3,73.0,4560.0,3050.4
12,max_power_bg_invert,14,1,3,73.0,4562.0,3054.8
12,max_power_bg_invert,15,1,3,73.0,4562.0,3055.6
12,max_power_bg_invert,16,1,3,73.0,4564.0,3058.8
12,max_power_bg_invert,17,1,3,73.0,4565.0,3058.0
12,max_power_bg_invert,18,1,3,73.0,4566.0,3062.4
12,max_power_bg_invert,19,1,3,73.0,4567.0,3062.4
12,max_power_bg_invert,20,1,3,73.0,4569.0,3066.4
12,max_power_bg_invert,21,1,3,73.0,4571.0,3064.8
12,max_power_bg_invert,22,1,3,73.0,4570.0,3066.0
12,max_power_bg_invert,23,1,3,73.0,4570.0,3066.8
12,max_power_bg_invert,24,1,3,73.0,4571.0,3070.4
12,max_power_bg_invert,25,1,3,73.0,4573.0,3069.2
12,max_power_bg_invert,26,1,3,73.0,4574.0,3068.8
12,max_power_bg_invert,27,1,3,73.0,4574.0,3068.8
12,max_power_bg_invert,28,1,3,73.0,4575.0,3068.4
12,max_power_bg_invert,29,1,3,73.0,4575.0,3068.4
12,max_power_bg_invert,30,1,3,73.0,4577.0,3072.4
12,max_power_bg_invert,31,1,3,73.0,4579.0,3070.8
12,max_power_bg_invert,32,1,3,73.0,4580.0,3070.0
12,max_power_bg_invert,33,1,3,73.0,4580.0,3070.0
12,max_power_bg_invert,34,1,3,73.0,4580.0,3069.6
12,max_power_bg_invert,35,1,3,73.0,4580.0,3069.2
12,max_power_bg_invert,36,1,3,73.0,4581.0,3068.0
12,max_power_bg_invert,37,1,3,73.0,4582.0,3068.4
12,max_power_bg_invert,38,1,3,73.0,4582.0,3068.8
12,max_power_bg_invert,39,1,3,73.0,4582.0,3068.8
12,max_power_bg_invert,40,1,3,73.0,4590.0,3077.6
12,max_power_bg_invert,41,1,3,73.0,4595.0,3083.6
12,max_power_bg_invert,42,1,3,73.0,4596.0,3077.6
12,max_power_bg_invert,43,1,3,73.0,4597.0,3074.4
12,max_power_bg_invert,44,1,3,73.0,4602.0,3073.2
12,max_power_bg_invert,45,1,3,73.0,4603.0,3070.0
12,max_power_bg_invert,46,1,3,73.0,4600.0,3069.6
12,max_power_bg_invert,47,1,3,73.0,4600.0,3068.0
12,max_power_bg_invert,48,1,3,73.0,4597.0,3067.2
12,max_power_bg_invert,49,1,3,73.0,4596.0,3066.4
12,max_power_bg_invert,50,1,3,73.0,4595.0,3065.2
12,max_power_bg_invert,51,1,3,73.0,4596.0,3064.0
12,max_power_bg_invert,52,1,3,73.0,4597.0,3062.8
12,max_power_bg_invert,53,1,3,73.0,4598.0,3062.4
12,max_power_bg_invert,54,1,3,73.0,4598.0,3063.2
12,max_power_bg_invert,55,1,3,73.0,4598.0,3062.0
12,max_power_bg_invert,56,1,3,73.0,4599.0,3062.8
12,max_power_bg_invert,57,1,3,73.0,4601.0,3061.6
12,max_power_bg_invert,58,1,3,73.0,4600.0,3062.4
12,max_power_bg_invert,59,1,3,73.0,4600.0,3061.6
12,max_power_bg_invert,60,1,3,73.0,4601.0,3061.6
12,max_power_bg_invert,61,1,3,73.0,4601.0,3063.6
12,max_power_bg_invert,62,1,3,73.0,4600.0,3063.6
12,max_power_bg_invert,63,1,3,73.0,4598.0,3062.8
12,max_power_bg_invert,64,1,3,73.0,4596.0,3063.2
12,max_power_bg_invert,65,1,3,73.0,4596.0,3062.8
12,max_power_bg_invert,66,1,3,73.0,4596.0,3067.2
12,max_power_bg_invert,67,1,3,73.0,4596.0,3067.2
12,max_power_bg_invert,68,1,3,73.0,4595.0,3069.2
12,max_power_bg_invert,69,1,3,73.0,4595.0,3068.4
12,max_power_bg_invert,70,1,3,73.0,4596.0,3067.2
12,max_power_bg_invert,71,1,3,73.0,4595.0,3068.0
12,max_power_bg_invert,72,1,3,73.0,4595.0,3072.8
12,max_power_bg_invert,73,1,3,73.0,4594.0,3073.6
12,max_power_bg_invert,74,1,3,73.0,4594.0,3073.6
12,max_power_bg_invert,75,1,3,73.0,4594.0,3072.8
12,max_power_bg_invert,76,1,3,73.0,4594.0,3072.8
12,max_power_bg_invert,77,1,3,73.0,4594.0,3073.2
12,max_power_bg_invert,78,1,3,73.0,4594.0,3076.8
12,max_power_bg_invert,79,1,3,73.0,4594.0,3077.6
12,max_power_bg_invert,80,1,3,73.0,4608.0,3098.0
12,max_power_bg_invert,81,1,3,73.0,4589.0,3096.4
12,max_power_bg_invert,82,1,3,73.0,4573.0,3108.0
12,max_power_bg_invert,83,1,3,73.0,4582.0,3109.2
12,max_power_bg_invert,84,1,3,73.0,4587.0,3105.6
12,max_power_bg_invert,85,1,3,73.0,4584.0,3108.0
12,max_power_bg_invert,86,1,3,73.0,4585.0,3109.2
12,max_power_bg_invert,87,1,3,73.0,4579.0,3110.0
12,max_power_bg_invert,88,1,3,73.0,4585.0,3106.4
12,max_power_bg_invert,89,1,3,73.0,4583.0,3106.8
12,max_power_bg_invert,90,1,3,73.0,4585.0,3105.6
12,max_power_bg_invert,0,2,3,66.0,1437.0,3034.4
12,max_power_bg_invert,1,2,3,72.0,4650.0,2456.0
12,max_power_bg_invert,2,2,3,72.0,4650.0,2763.2
12,max_power_bg_invert,3,2,3,72.0,4641.0,2862.8
12,max_power_bg_invert,4,2,3,72.0,4638.0,2921.2
12,max_power_bg_invert,5,2,3,72.0,4634.0,2956.8
12,max_power_bg_invert,6,2,3,73.0,4633.0,2976.0
12,max_power_bg_invert,7,2,3,72.0,4638.0,2986.0
12,max_power_bg_invert,8,2,3,72.0,4638.0,3000.4
12,max_power_bg_invert,9,2,3,72.0,4638.0,3010.8
12,max_power_bg_invert,10,2,3,72.0,4642.0,3012.4
12,max_power_bg_invert,11,2,3,72.0,4642.0,3016.4
12,max_power_bg_invert,12,2,3,73.0,4636.0,3026.8
12,max_power_bg_invert,13,2,3,72.0,4637.0,3029.6
12,max_power_bg_invert,14,2,3,72.0,4640.0,3033.2
12,max_power_bg_invert,15,2,3,73.0,4636.0,3041.2
12,max_power_bg_invert,16,2,3,72.0,4636.0,3039.6
12,max_power_bg_invert,17,2,3,73.0,4635.0,3043.6
12,max_power_bg_invert,18,2,3,73.0,4635.0,3044.4
12,max_power_bg_invert,19,2,3,73.0,4634.0,3044.4
12,max_power_bg_invert,20,2,3,73.0,4633.0,3050.0
12,max_power_bg_invert,21,2,3,72.0,4632.0,3049.6
12,max_power_bg_invert,22,2,3,72.0,4631.0,3050.4
12,max_power_bg_invert,23,2,3,73.0,4630.0,3056.0
12,max_power_bg_invert,24,2,3,73.0,4631.0,3055.2
12,max_power_bg_invert,25,2,3,73.0,4630.0,3055.6
12,max_power_bg_invert,26,2,3,73.0,4630.0,3055.2
12,max_power_bg_invert,27,2,3,73.0,4629.0,3061.6
12,max_power_bg_invert,28,2,3,73.0,4628.0,3061.6
12,max_power_bg_invert,29,2,3,73.0,4628.0,3061.2
12,max_power_bg_invert,30,2,3,73.0,4628.0,3061.2
12,max_power_bg_invert,31,2,3,73.0,4628.0,3060.0
12,max_power_bg_invert,32,2,3,73.0,4627.0,3061.2
12,max_power_bg_invert,33,2,3,73.0,4627.0,3060.4
12,max_power_bg_invert,34,2,3,73.0,4627.0,3065.2
12,max_power_bg_invert,35,2,3,73.0,4627.0,3064.8
12,max_power_bg_invert,36,2,3,72.0,4627.0,3064.8
12,max_power_bg_invert,37,2,3,73.0,4627.0,3064.8
12,max_power_bg_invert,38,2,3,72.0,4628.0,3064.0
12,max_power_bg_invert,39,2,3,73.0,4628.0,3063.6
12,max_power_bg_invert,40,2,3,73.0,4622.0,3099.6
12,max_power_bg_invert,41,2,3,72.0,4611.0,3085.6
12,max_power_bg_invert,42,2,3,73.0,4607.0,3092.4
12,max_power_bg_invert,43,2,3,73.0,4610.0,3092.0
12,max_power_bg_invert,44,2,3,73.0,4618.0,3084.8
12,max_power_bg_invert,45,2,3,73.0,4615.0,3085.2
12,max_power_bg_invert,46,2,3,73.0,4620.0,3083.2
12,max_power_bg_invert,47,2,3,73.0,4624.0,3081.2
12,max_power_bg_invert,48,2,3,73.0,4624.0,3079.6
12,max_power_bg_invert,49,2,3,73.0,4626.0,3076.4
12,max_power_bg_invert,50,2,3,73.0,4626.0,3076.0
12,max_power_bg_invert,51,2,3,73.0,4627.0,3074.4
12,max_power_bg_invert,52,2,3,73.0,4625.0,3074.4
12,max_power_bg_invert,53,2,3,73.0,4625.0,3074.0
12,max_power_bg_invert,54,2,3,73.0,4624.0,3074.4
12,max_power_bg_invert,55,2,3,73.0,4628.0,3072.4
12,max_power_bg_invert,56,2,3,73.0,4627.0,3076.4
12,max_power_bg_invert,57,2,3,73.0,4628.0,3076.4
12,max_power_bg_invert,58,2,3,73.0,4630.0,3077.2
12,max_power_bg_invert,59,2,3,73.0,4627.0,3080.0
12,max_power_bg_invert,60,2,3,73.0,4628.0,3078.8
12,max_power_bg_invert,61,2,3,73.0,4629.0,3077.6
12,max_power_bg_invert,62,2,3,73.0,4629.0,3077.2
12,max_power_bg_invert,63,2,3,73.0,4630.0,3081.6
12,max_power_bg_invert,64,2,3,73.0,4632.0,3080.8
12,max_power_bg_invert,65,2,3,73.0,4632.0,3080.0
12,max_power_bg_invert,66,2,3,73.0,4631.0,3080.4
12,max_power_bg_invert,67,2,3,73.0,4632.0,3079.2
12,max_power_bg_invert,68,2,3,73.0,4632.0,3078.8
12,max_power_bg_invert,69,2,3,73.0,4632.0,3078.4
12,max_power_bg_invert,70,2,3,73.0,4633.0,3077.2
12,max_power_bg_invert,71,2,3,73.0,4633.0,3083.2
12,max_power_bg_invert,72,2,3,73.0,4633.0,3083.2
12,max_power_bg_invert,73,2,3,73.0,4633.0,3082.4
12,max_power_bg_invert,74,2,3,73.0,4633.0,3082.4
12,max_power_bg_invert,75,2,3,73.0,4633.0,3082.4
12,max_power_bg_invert,76,2,3,73.0,4634.0,3081.2
12,max_power_bg_invert,77,2,3,73.0,4634.0,3080.8
12,max_power_bg_invert,78,2,3,73.0,4633.0,3081.6
12,max_power_bg_invert,79,2,3,73.0,4633.0,3081.6
12,max_power_bg_invert,80,2,3,73.0,4620.0,3105.2
12,max_power_bg_invert,81,2,3,73.0,4635.0,3101.2
12,max_power_bg_invert,82,2,3,73.0,4637.0,3106.0
12,max_power_bg_invert,83,2,3,73.0,4628.0,3112.0
12,max_power_bg_invert,84,2,3,73.0,4632.0,3110.4
12,max_power_bg_invert,85,2,3,73.0,4631.0,3111.2
12,max_power_bg_invert,86,2,3,73.0,4633.0,3107.2
12,max_power_bg_invert,87,2,3,73.0,4634.0,3107.6
12,max_power_bg_invert,88,2,3,73.0,4632.0,3110.0
12,max_power_bg_invert,89,2,3,73.0,4637.0,3106.8
12,max_power_bg_invert,90,2,3,73.0,4636.0,3106.4
13,max_power_bg_invert,0,0,1,0.0,0.0,0.0
13,max_power_bg_invert,1,0,1,0.0,0.0,0.0
13,max_power_bg_invert,2,0,1,68.0,4337.0,3006.4
13,max_power_bg_invert,3,0,1,68.0,4327.0,3024.8
13,max_power_bg_invert,4,0,1,68.0,4335.0,3026.8
13,max_power_bg_invert,5,0,1,68.0,4332.0,3028.8
13,max_power_bg_invert,6,0,1,68.0,4331.0,3024.8
13,max_power_bg_invert,7,0,1,68.0,4326.0,3027.2
13,max_power_bg_invert,8,0,1,68.0,4328.0,3025.2
13,max_power_bg_invert,9,0,1,68.0,4328.0,3025.2
13,max_power_bg_invert,10,0,1,68.0,4331.0,3024.0
13,max_power_bg_invert,11,0,1,68.0,4333.0,3022.8
13,max_power_bg_invert,12,0,1,68.0,4331.0,3024.0
13,max_power_bg_invert,13,0,1,68.0,4332.0,3024.0
13,max_power_bg_invert,14,0,1,68.0,4327.0,3026.4
13,max_power_bg_invert,15,0,1,69.0,4326.0,3027.2
13,max_power_bg_invert,16,0,1,68.0,4325.0,3028.4
13,max_power_bg_invert,17,0,1,68.0,4325.0,3028.0
13,max_power_bg_invert,18,0,1,68.0,4326.0,3027.2
13,max_power_bg_invert,19,0,1,68.0,4326.0,3034.0
13,max_power_bg_invert,20,0,1,68.0,4328.0,3032.0
13,max_power_bg_invert,21,0,1,68.0,4327.0,3032.8
13,max_power_bg_invert,22,0,1,68.0,4330.0,3030.8
13,max_power_bg_invert,23,0,1,68.0,4329.0,3030.8
13,max_power_bg_invert,24,0,1,69.0,4329.0,3031.6
13,max_power_bg_invert,25,0,1,68.0,4331.0,3030.4
13,max_power_bg_invert,26,0,1,69.0,4329.0,3035.6
13,max_power_bg_invert,27,0,1,69.0,4328.0,3036.0
13,max_power_bg_invert,28,0,1,69.0,4327.0,3036.4
13,max_power_bg_invert,29,0,1,69.0,4327.0,3036.4
13,max_power_bg_invert,30,0,1,69.0,4327.0,3036.8
13,max_power_bg_invert,31,0,1,69.0,4327.0,3036.4
13,max_power_bg_invert,32,0,1,68.0,4327.0,3040.8
13,max_power_bg_invert,33,0,1,68.0,4326.0,3041.6
13,max_power_bg_invert,34,0,1,68.0,4327.0,3040.4
13,max_power_bg_invert,35,0,1,69.0,4326.0,3040.4
13,max_power_bg_invert,36,0,1,68.0,4325.0,3040.8
13,max_power_bg_invert,37,0,1,69.0,4324.0,3040.8
13,max_power_bg_invert,38,0,1,68.0,4324.0,3040.8
13,max_power_bg_invert,39,0,1,69.0,4323.0,3040.8
13,max_power_bg_invert,40,0,1,69.0,4300.0,3072.8
13,max_power_bg_invert,41,0,1,69.0,4326.0,3064.4
13,max_power_bg_invert,42,0,1,69.0,4320.0,3060.8
13,max_power_bg_invert,43,0,1,69.0,4325.0,3054.0
13,max_power_bg_invert,44,0,1,68.0,4322.0,3052.0
13,max_power_bg_invert,45,0,1,69.0,4324.0,3050.0
13,max_power_bg_invert,46,0,1,69.0,4316.0,3050.8
13,max_power_bg_invert,47,0,1,69.0,4314.0,3051.2
13,max_power_bg_invert,48,0,1,69.0,4315.0,3051.2
13,max_power_bg_invert,49,0,1,69.0,4318.0,3051.2
13,max_power_bg_invert,50,0,1,69.0,4321.0,3048.8
13,max_power_bg_invert,51,0,1,69.0,4317.0,3051.2
13,max_power_bg_invert,52,0,1,69.0,4318.0,3051.6
13,max_power_bg_invert,53,0,1,69.0,4320.0,3050.0
13,max_power_bg_invert,54,0,1,69.0,4320.0,3049.2
13,max_power_bg_invert,55,0,1,69.0,4320.0,3049.2
13,max_power_bg_invert,56,0,1,69.0,4319.0,3048.8
13,max_power_bg_invert,57,0,1,68.0,4320.0,3050.4
13,max_power_bg_invert,58,0,1,69.0,4320.0,3050.0
13,max_power_bg_invert,59,0,1,69.0,4318.0,3052.4
13,max_power_bg_invert,60,0,1,69.0,4318.0,3051.2
13,max_power_bg_invert,61,0,1,69.0,4321.0,3050.4
13,max_power_bg_invert,62,0,1,69.0,4320.0,3050.4
13,max_power_bg_invert,63,0,1,69.0,4319.0,3050.8
13,max_power_bg_invert,64,0,1,69.0,4320.0,3050.8
13,max_power_bg_invert,65,0,1,69.0,4319.0,3051.2
13,max_power_bg_invert,66,0,1,69.0,4319.0,3050.8
13,max_power_bg_invert,67,0,1,69.0,4319.0,3050.4
13,max_power_bg_invert,68,0,1,69.0,4319.0,3050.0
13,max_power_bg_invert,69,0,1,69.0,4319.0,3050.4
13,max_power_bg_invert,70,0,1,69.0,4320.0,3049.6
13,max_power_bg_invert,71,0,1,69.0,4320.0,3049.6
13,max_power_bg_invert,72,0,1,69.0,4319.0,3050.4
13,max_power_bg_invert,73,0,1,69.0,4318.0,3050.8
13,max_power_bg_invert,74,0,1,69.0,4317.0,3051.2
13,max_power_bg_invert,75,0,1,69.0,4316.0,3051.2
13,max_power_bg_invert,76,0,1,69.0,4316.0,3051.2
13,max_power_bg_invert,77,0,1,69.0,4315.0,3052.0
13,max_power_bg_invert,78,0,1,69.0,4314.0,3052.8
13,max_power_bg_invert,79,0,1,69.0,4315.0,3052.0
13,max_power_bg_invert,80,0,1,69.0,4271.0,3062.0
13,max_power_bg_invert,81,0,1,69.0,4275.0,3059.2
13,max_power_bg_invert,82,0,1,69.0,4290.0,3058.4
13,max_power_bg_invert,83,0,1,69.0,4302.0,3054.8
13,max_power_bg_invert,84,0,1,69.0,4304.0,3052.4
13,max_power_bg_invert,85,0,1,69.0,4303.0,3051.2
13,max_power_bg_invert,86,0,1,69.0,4307.0,3052.8
13,max_power_bg_invert,87,0,1,69.0,4307.0,3054.8
13,max_power_bg_invert,88,0,1,69.0,4306.0,3052.4
13,max_power_bg_invert,89,0,1,69.0,4310.0,3050.0
13,max_power_bg_invert,90,0,1,69.0,4313.0,3047.6
13,max_power_bg_invert,0,0,2,62.0,1275.0,2968.4
13,max_power_bg_invert,1,0,2,68.0,4210.0,2637.6
13,max_power_bg_invert,2,0,2,68.0,4363.0,2835.2
13,max_power_bg_invert,3,0,2,69.0,4427.0,2907.6
13,max_power_bg_invert,4,0,2,69.0,4464.0,2950.8
13,max_power_bg_invert,5,0,2,69.0,4481.0,2972.4
13,max_power_bg_invert,6,0,2,69.0,4493.0,2986.8
13,max_power_bg_invert,7,0,2,69.0,4502.0,3001.6
13,max_power_bg_invert,8,0,2,69.0,4512.0,3002.4
13,max_power_bg_invert,9,0,2,69.0,4515.0,3012.8
13,max_power_bg_invert,10,0,2,69.0,4520.0,3014.8
13,max_power_bg_invert,11,0,2,69.0,4522.0,3018.8
13,max_power_bg_invert,12,0,2,69.0,4525.0,3026.8
13,max_power_bg_invert,13,0,2,69.0,4528.0,3025.2
13,max_power_bg_invert,14,0,2,69.0,4531.0,3027.6
13,max_power_bg_invert,15,0,2,69.0,4534.0,3032.0
13,max_power_bg_invert,16,0,2,69.0,4536.0,3030.0
13,max_power_bg_invert,17,0,2,69.0,4536.0,3034.4
13,max_power_bg_invert,18,0,2,69.0,4538.0,3030.8
13,max_power_bg_invert,19,0,2,69.0,4537.0,3036.4
13,max_power_bg_invert,20,0,2,69.0,4541.0,3033.6
13,max_power_bg_invert,21,0,2,69.0,4542.0,3032.8
13,max_power_bg_invert,22,0,2,69.0,4545.0,3032.0
13,max_power_bg_invert,23,0,2,69.0,4545.0,3036.4
13,max_power_bg_invert,24,0,2,69.0,4546.0,3034.8
13,max_power_bg_invert,25,0,2,69.0,4547.0,3033.6
13,max_power_bg_invert,26,0,2,69.0,4549.0,3032.8
13,max_power_bg_invert,27,0,2,69.0,4550.0,3037.2
13,max_power_bg_invert,28,0,2,69.0,4549.0,3036.8
13,max_power_bg_invert,29,0,2,69.0,4550.0,3036.0
13,max_power_bg_invert,30,0,2,69.0,4550.0,3036.0
13,max_power_bg_invert,31,0,2,69.0,4550.0,3035.6
13,max_power_bg_invert,32,0,2,69.0,4551.0,3034.4
13,max_power_bg_invert,33,0,2,69.0,4552.0,3038.8
13,max_power_bg_invert,34,0,2,69.0,4552.0,3038.8
13,max_power_bg_invert,35,0,2,69.0,4553.0,3038.4
13,max_power_bg_invert,36,0,2,69.0,4554.0,3037.2
13,max_power_bg_invert,37,0,2,69.0,4554.0,3036.8
13,max_power_bg_invert,38,0,2,69.0,4555.0,3036.0
13,max_power_bg_invert,39,0,2,69.0,4556.0,3035.2
13,max_power_bg_invert,40,0,2,69.0,4570.0,3030.8
13,max_power_bg_invert,41,0,2,69.0,4569.0,3026.4
13,max_power_bg_invert,42,0,2,69.0,4579.0,3015.6
13,max_power_bg_invert,43,0,2,69.0,4584.0,3015.2
13,max_power_bg_invert,44,0,2,69.0,4583.0,3018.4
13,max_power_bg_invert,45,0,2,69.0,4583.0,3023.6
13,max_power_bg_invert,46,0,2,69.0,4585.0,3022.4
13,max_power_bg_invert,47,0,2,69.0,4585.0,3023.2
13,max_power_bg_invert,48,0,2,69.0,4586.0,3024.8
13,max_power_bg_invert,49,0,2,69.0,4586.0,3025.2
13,max_power_bg_invert,50,0,2,69.0,4588.0,3025.2
13,max_power_bg_invert,51,0,2,69.0,4588.0,3024.4
13,max_power_bg_invert,52,0,2,69.0,4584.0,3025.6
13,max_power_bg_invert,53,0,2,69.0,4583.0,3026.0
13,max_power_bg_invert,54,0,2,69.0,4584.0,3024.8
13,max_power_bg_invert,55,0,2,69.0,4583.0,3029.2
13,max_power_bg_invert,56,0,2,69.0,4584.0,3028.8
13,max_power_bg_invert,57,0,2,69.0,4584.0,3030.4
13,max_power_bg_invert,58,0,2,69.0,4584.0,3030.0
13,max_power_bg_invert,59,0,2,69.0,4584.0,3028.8
13,max_power_bg_invert,60,0,2,69.0,4586.0,3028.8
13,max_power_bg_invert,61,0,2,69.0,4586.0,3029.2
13,max_power_bg_invert,62,0,2,69.0,4586.0,3029.2
13,max_power_bg_invert,63,0,2,69.0,4585.0,3028.4
13,max_power_bg_invert,64,0,2,69.0,4584.0,3028.8
13,max_power_bg_invert,65,0,2,69.0,4583.0,3028.0
13,max_power_bg_invert,66,0,2,69.0,4582.0,3028.4
13,max_power_bg_invert,67,0,2,69.0,4582.0,3028.4
13,max_power_bg_invert,68,0,2,69.0,4583.0,3032.4
13,max_power_bg_invert,69,0,2,69.0,4582.0,3033.2
13,max_power_bg_invert,70,0,2,69.0,4583.0,3032.4
13,max_power_bg_invert,71,0,2,69.0,4582.0,3033.2
13,max_power_bg_invert,72,0,2,69.0,4582.0,3030.4
13,max_power_bg_invert,73,0,2,69.0,4582.0,3030.4
13,max_power_bg_invert,74,0,2,69.0,4582.0,3035.2
13,max_power_bg_invert,75,0,2,69.0,4582.0,3034.4
13,max_power_bg_invert,76,0,2,70.0,4582.0,3034.0
13,max_power_bg_invert,77,0,2,69.0,4582.0,3034.0
13,max_power_bg_invert,78,0,2,69.0,4581.0,3034.4
13,max_power_bg_invert,79,0,2,69.0,4582.0,3034.4
13,max_power_bg_invert,80,0,2,69.0,4590.0,3022.8
13,max_power_bg_invert,81,0,2,69.0,4595.0,3031.2
13,max_power_bg_invert,82,0,2,69.0,4593.0,3037.2
13,max_power_bg_invert,83,0,2,69.0,4574.0,3050.4
13,max_power_bg_invert,84,0,2,69.0,4571.0,3050.0
13,max_power_bg_invert,85,0,2,69.0,4569.0,3051.2
13,max_power_bg_invert,86,0,2,69.0,4569.0,3053.2
13,max_power_bg_invert,87,0,2,69.0,4566.0,3054.0
13,max_power_bg_invert,88,0,2,69.0,4570.0,3052.4
13,max_power_bg_invert,89,0,2,69.0,4573.0,3052.0
13,max_power_bg_invert,90,0,2,69.0,4572.0,3048.8
13,max_power_bg_invert,0,0,3,62.0,1262.0,2962.4
13,max_power_bg_invert,1,0,3,69.0,4420.0,2491.2
13,max_power_bg_invert,2,0,3,69.0,4420.0,2768.8
13,max_power_bg_invert,3,0,3,69.0,4413.0,2861.2
13,max_power_bg_invert,4,0,3,69.0,4417.0,2908.0
13,max_power_bg_invert,5,0,3,69.0,4424.0,2934.8
13,max_power_bg_invert,6,0,3,69.0,4430.0,2949.2
13,max_power_bg_invert,7,0,3,69.0,4426.0,2966.0
13,max_power_bg_invert,8,0,3,69.0,4432.0,2970.8
13,max_power_bg_invert,9,0,3,69.0,4428.0,2984.0
13,max_power_bg_invert,10,0,3,69.0,4426.0,2990.0
13,max_power_bg_invert,11,0,3,69.0,4426.0,2996.0
13,max_power_bg_invert,12,0,3,69.0,4423.0,3004.0
13,max_power_bg_invert,13,0,3,69.0,4425.0,3008.4
13,max_power_bg_invert,14,0,3,69.0,4425.0,3013.2
13,max_power_bg_invert,15,0,3,69.0,4424.0,3012.4
13,max_power_bg_invert,16,0,3,69.0,4425.0,3018.0
13,max_power_bg_invert,17,0,3,69.0,4426.0,3015.2
13,max_power_bg_invert,18,0,3,69.0,4426.0,3020.8
13,max_power_bg_invert,19,0,3,70.0,4426.0,3021.6
13,max_power_bg_invert,20,0,3,70.0,4425.0,3022.0
13,max_power_bg_invert,21,0,3,69.0,4426.0,3025.6
13,max_power_bg_invert,22,0,3,69.0,4427.0,3025.6
13,max_power_bg_invert,23,0,3,69.0,4427.0,3025.2
13,max_power_bg_invert,24,0,3,69.0,4428.0,3024.0
13,max_power_bg_invert,25,0,3,69.0,4429.0,3028.4
13,max_power_bg_invert,26,0,3,69.0,4429.0,3029.2
13,max_power_bg_invert,27,0,3,69.0,4428.0,3028.8
13,max_power_bg_invert,28,0,3,69.0,4428.0,3028.8
13,max_power_bg_invert,29,0,3,70.0,4429.0,3027.2
13,max_power_bg_invert,30,0,3,69.0,4428.0,3027.6
13,max_power_bg_invert,31,0,3,69.0,4428.0,3027.2
13,max_power_bg_invert,32,0,3,69.0,4427.0,3032.0
13,max_power_bg_invert,33,0,3,69.0,4427.0,3032.0
13,max_power_bg_invert,34,0,3,69.0,4427.0,3031.2
13,max_power_bg_invert,35,0,3,70.0,4426.0,3031.6
13,max_power_bg_invert,36,0,3,69.0,4425.0,3032.0
13,max_power_bg_invert,37,0,3,70.0,4426.0,3031.6
13,max_power_bg_invert,38,0,3,70.0,4425.0,3032.4
13,max_power_bg_invert,39,0,3,69.0,4424.0,3032.8
13,max_power_bg_invert,40,0,3,69.0,4410.0,3060.8
13,max_power_bg_invert,41,0,3,69.0,4450.0,3033.2
13,max_power_bg_invert,42,0,3,69.0,4450.0,3028.4
13,max_power_bg_invert,43,0,3,69.0,4445.0,3029.2
13,max_power_bg_invert,44,0,3,70.0,4438.0,3036.0
13,max_power_bg_invert,45,0,3,69.0,4428.0,3038.8
13,max_power_bg_invert,46,0,3,70.0,4427.0,3038.8
13,max_power_bg_invert,47,0,3,69.0,4424.0,3038.4
13,max_power_bg_invert,48,0,3,69.0,4423.0,3038.4
13,max_power_bg_invert,49,0,3,69.0,4424.0,3036.0
13,max_power_bg_invert,50,0,3,69.0,4426.0,3036.0
13,max_power_bg_invert,51,0,3,70.0,4427.0,3036.0
13,max_power_bg_invert,52,0,3,69.0,4426.0,3037.2
13,max_power_bg_invert,53,0,3,69.0,4424.0,3038.4
13,max_power_bg_invert,54,0,3,70.0,4425.0,3038.4
13,max_power_bg_invert,55,0,3,70.0,4427.0,3038.0
13,max_power_bg_invert,56,0,3,69.0,4426.0,3038.0
13,max_power_bg_invert,57,0,3,69.0,4426.0,3038.4
13,max_power_bg_invert,58,0,3,69.0,4426.0,3038.4
13,max_power_bg_invert,59,0,3,69.0,4427.0,3037.2
13,max_power_bg_invert,60,0,3,70.0,4426.0,3037.6
13,max_power_bg_invert,61,0,3,69.0,4426.0,3038.0
13,max_power_bg_invert,62,0,3,69.0,4423.0,3038.8
13,max_power_bg_invert,63,0,3,70.0,4424.0,3038.8
13,max_power_bg_invert,64,0,3,69.0,4425.0,3038.8
13,max_power_bg_invert,65,0,3,69.0,4425.0,3039.2
13,max_power_bg_invert,66,0,3,70.0,4424.0,3039.6
13,max_power_bg_invert,67,0,3,70.0,4424.0,3039.6
13,max_power_bg_invert,68,0,3,70.0,4425.0,3039.2
13,max_power_bg_invert,69,0,3,70.0,4426.0,3038.8
13,max_power_bg_invert,70,0,3,69.0,4427.0,3038.8
13,max_power_bg_invert,71,0,3,70.0,4428.0,3038.4
13,max_power_bg_invert,72,0,3,70.0,4427.0,3039.2
13,max_power_bg_invert,73,0,3,69.0,4428.0,3038.8
13,max_power_bg_invert,74,0,3,69.0,4428.0,3038.8
13,max_power_bg_invert,75,0,3,69.0,4428.0,3038.8
13,max_power_bg_invert,76,0,3,70.0,4427.0,3038.8
13,max_power_bg_invert,77,0,3,70.0,4427.0,3038.4
13,max_power_bg_invert,78,0,3,70.0,4427.0,3038.4
13,max_power_bg_invert,79,0,3,69.0,4428.0,3037.2
13,max_power_bg_invert,80,0,3,69.0,4442.0,3050.0
13,max_power_bg_invert,81,0,3,70.0,4446.0,3045.2
13,max_power_bg_invert,82,0,3,70.0,4440.0,3045.2
13,max_power_bg_invert,83,0,3,70.0,4438.0,3051.6
13,max_power_bg_invert,84,0,3,70.0,4443.0,3046.4
13,max_power_bg_invert,85,0,3,70.0,4441.0,3048.4
13,max_power_bg_invert,86,0,3,69.0,4440.0,3049.6
13,max_power_bg_invert,87,0,3,70.0,4439.0,3049.6
13,max_power_bg_invert,88,0,3,69.0,4442.0,3047.6
13,max_power_bg_invert,89,0,3,69.0,4445.0,3053.2
13,max_power_bg_invert,90,0,3,70.0,4449.0,3052.4
13,max_power_bg_invert,0,1,2,62.0,1287.0,2963.6
13,max_power_bg_invert,1,1,2,69.0,4170.0,2609.6
13,max_power_bg_invert,2,1,2,69.0,4334.0,2798.0
13,max_power_bg_invert,3,1,2,69.0,4365.0,2867.6
13,max_power_bg_invert,4,1,2,69.0,4384.0,2912.0
13,max_power_bg_invert,5,1,2,69.0,4397.0,2937.6
13,max_power_bg_invert,6,1,2,70.0,4408.0,2954.4
13,max_power_bg_invert,7,1,2,69.0,4423.0,2960.8
13,max_power_bg_invert,8,1,2,69.0,4429.0,2968.4
13,max_power_bg_invert,9,1,2,70.0,4426.0,2978.0
13,max_power_bg_invert,10,1,2,69.0,4430.0,2983.2
13,max_power_bg_invert,11,1,2,69.0,4431.0,2985.6
13,max_power_bg_invert,12,1,2,70.0,4435.0,2988.0
13,max_power_bg_invert,13,1,2,69.0,4439.0,2990.0
13,max_power_bg_invert,14,1,2,69.0,4440.0,2990.0
13,max_power_bg_invert,15,1,2,69.0,4440.0,2995.2
13,max_power_bg_invert,16,1,2,69.0,4442.0,2994.4
13,max_power_bg_invert,17,1,2,69.0,4441.0,2999.6
13,max_power_bg_invert,18,1,2,70.0,4443.0,2997.2
13,max_power_bg_invert,19,1,2,69.0,4444.0,3001.6
13,max_power_bg_invert,20,1,2,70.0,4444.0,3000.4
13,max_power_bg_invert,21,1,2,69.0,4443.0,3000.8
13,max_power_bg_invert,22,1,2,69.0,4444.0,3005.2
13,max_power_bg_invert,23,1,2,69.0,4445.0,3004.0
13,max_power_bg_invert,24,1,2,69.0,4445.0,3003.6
13,max_power_bg_invert,25,1,2,69.0,4444.0,3005.2
13,max_power_bg_invert,26,1,2,70.0,4444.0,3010.0
13,max_power_bg_invert,27,1,2,69.0,4443.0,3010.4
13,max_power_bg_invert,28,1,2,69.0,4443.0,3010.0
13,max_power_bg_invert,29,1,2,70.0,4444.0,3009.2
13,max_power_bg_invert,30,1,2,70.0,4444.0,3008.8
13,max_power_bg_invert,31,1,2,70.0,4443.0,3009.2
13,max_power_bg_invert,32,1,2,70.0,4444.0,3008.4
13,max_power_bg_invert,33,1,2,70.0,4445.0,3013.2
13,max_power_bg_invert,34,1,2,70.0,4444.0,3013.2
13,max_power_bg_invert,35,1,2,70.0,4444.0,3013.6
13,max_power_bg_invert,36,1,2,69.0,4444.0,3013.6
13,max_power_bg_invert,37,1,2,70.0,4443.0,3013.6
13,max_power_bg_invert,38,1,2,69.0,4443.0,3013.6
13,max_power_bg_invert,39,1,2,69.0,4443.0,3013.6
13,max_power_bg_invert,40,1,2,69.0,4500.0,2997.2
13,max_power_bg_invert,41,1,2,70.0,4470.0,3011.6
13,max_power_bg_invert,42,1,2,69.0,4463.0,3015.2
13,max_power_bg_invert,43,1,2,69.0,4460.0,3015.2
13,max_power_bg_invert,44,1,2,69.0,4453.0,3017.2
13,max_power_bg_invert,45,1,2,70.0,4452.0,3016.8
13,max_power_bg_invert,46,1,2,69.0,4453.0,3022.0
13,max_power_bg_invert,47,1,2,70.0,4454.0,3023.6
13,max_power_bg_invert,48,1,2,70.0,4455.0,3024.4
13,max_power_bg_invert,49,1,2,70.0,4458.0,3024.0
13,max_power_bg_invert,50,1,2,70.0,4455.0,3025.6
13,max_power_bg_invert,51,1,2,70.0,4455.0,3027.2
13,max_power_bg_invert,52,1,2,70.0,4455.0,3032.8
13,max_power_bg_invert,53,1,2,70.0,4454.0,3033.2
13,max_power_bg_invert,54,1,2,70.0,4456.0,3030.4
13,max_power_bg_invert,55,1,2,69.0,4454.0,3030.8
13,max_power_bg_invert,56,1,2,70.0,4456.0,3031.6
13,max_power_bg_invert,57,1,2,69.0,4457.0,3031.2
13,max_power_bg_invert,58,1,2,70.0,4456.0,3031.2
13,max_power_bg_invert,59,1,2,70.0,4457.0,3034.8
13,max_power_bg_invert,60,1,2,69.0,4456.0,3035.2
13,max_power_bg_invert,61,1,2,70.0,4457.0,3034.0
13,max_power_bg_invert,62,1,2,70.0,4456.0,3034.8
13,max_power_bg_invert,63,1,2,70.0,4455.0,3035.2
13,max_power_bg_invert,64,1,2,69.0,4453.0,3035.6
13,max_power_bg_invert,65,1,2,70.0,4455.0,3039.2
13,max_power_bg_invert,66,1,2,70.0,4455.0,3039.2
13,max_power_bg_invert,67,1,2,70.0,4453.0,3039.2
13,max_power_bg_invert,68,1,2,70.0,4452.0,3040.0
13,max_power_bg_invert,69,1,2,70.0,4451.0,3040.4
13,max_power_bg_invert,70,1,2,70.0,4450.0,3040.8
13,max_power_bg_invert,71,1,2,70.0,4450.0,3040.0
13,max_power_bg_invert,72,1,2,70.0,4449.0,3040.4
13,max_power_bg_invert,73,1,2,70.0,4449.0,3040.8
13,max_power_bg_invert,74,1,2,70.0,4448.0,3046.4
13,max_power_bg_invert,75,1,2,70.0,4448.0,3046.8
13,max_power_bg_invert,76,1,2,70.0,4449.0,3046.0
13,max_power_bg_invert,77,1,2,70.0,4448.0,3046.4
13,max_power_bg_invert,78,1,2,70.0,4448.0,3046.4
13,max_power_bg_invert,79,1,2,70.0,4447.0,3046.8
13,max_power_bg_invert,80,1,2,70.0,4458.0,3067.2
13,max_power_bg_invert,81,1,2,70.0,4457.0,3057.6
13,max_power_bg_invert,82,1,2,70.0,4448.0,3062.4
13,max_power_bg_invert,83,1,2,70.0,4448.0,3054.0
13,max_power_bg_invert,84,1,2,70.0,4441.0,3058.0
13,max_power_bg_invert,85,1,2,70.0,4443.0,3058.8
13,max_power_bg_invert,86,1,2,70.0,4445.0,3054.0
13,max_power_bg_invert,87,1,2,70.0,4446.0,3050.0
13,max_power_bg_invert,88,1,2,70.0,4447.0,3049.6
13,max_power_bg_invert,89,1,2,70.0,4444.0,3051.2
13,max_power_bg_invert,90,1,2,70.0,4444.0,3051.2
13,max_power_bg_invert,0,1,3,62.0,1275.0,3016.4
13,max_power_bg_invert,1,1,3,69.0,4290.0,2503.2
13,max_power_bg_invert,2,1,3,70.0,4280.0,2783.2
13,max_power_bg_invert,3,1,3,69.0,4272.0,2874.0
13,max_power_bg_invert,4,1,3,70.0,4276.0,2921.6
13,max_power_bg_invert,5,1,3,70.0,4281.0,2948.4
13,max_power_bg_invert,6,1,3,70.0,4277.0,2972.8
13,max_power_bg_invert,7,1,3,69.0,4283.0,2980.0
13,max_power_bg_invert,8,1,3,70.0,4287.0,2992.4
13,max_power_bg_invert,9,1,3,69.0,4292.0,2999.6
13,max_power_bg_invert,10,1,3,70.0,4287.0,3005.6
13,max_power_bg_invert,11,1,3,69.0,4289.0,3007.6
13,max_power_bg_invert,12,1,3,70.0,4287.0,3012.4
13,max_power_bg_invert,13,1,3,70.0,4283.0,3019.2
13,max_power_bg_invert,14,1,3,70.0,4283.0,3023.2
13,max_power_bg_invert,15,1,3,70.0,4282.0,3023.2
13,max_power_bg_invert,16,1,3,69.0,4283.0,3028.8
13,max_power_bg_invert,17,1,3,70.0,4283.0,3027.6
13,max_power_bg_invert,18,1,3,70.0,4285.0,3032.0
13,max_power_bg_invert,19,1,3,70.0,4285.0,3032.4
13,max_power_bg_invert,20,1,3,70.0,4285.0,3032.8
13,max_power_bg_invert,21,1,3,70.0,4285.0,3036.4
13,max_power_bg_invert,22,1,3,69.0,4284.0,3036.8
13,max_power_bg_invert,23,1,3,70.0,4285.0,3036.4
13,max_power_bg_invert,24,1,3,70.0,4285.0,3037.2
13,max_power_bg_invert,25,1,3,70.0,4285.0,3036.8
13,max_power_bg_invert,26,1,3,70.0,4286.0,3040.4
13,max_power_bg_invert,27,1,3,69.0,4287.0,3040.0
13,max_power_bg_invert,28,1,3,70.0,4287.0,3039.2
13,max_power_bg_invert,29,1,3,70.0,4286.0,3039.2
13,max_power_bg_invert,30,1,3,70.0,4285.0,3039.2
13,max_power_bg_invert,31,1,3,70.0,4286.0,3038.8
13,max_power_bg_invert,32,1,3,70.0,4285.0,3044.4
13,max_power_bg_invert,33,1,3,70.0,4285.0,3044.4
13,max_power_bg_invert,34,1,3,70.0,4284.0,3045.2
13,max_power_bg_invert,35,1,3,69.0,4284.0,3044.8
13,max_power_bg_invert,36,1,3,70.0,4283.0,3044.4
13,max_power_bg_invert,37,1,3,70.0,4284.0,3044.0
13,max_power_bg_invert,38,1,3,70.0,4283.0,3044.4
13,max_power_bg_invert,39,1,3,70.0,4283.0,3044.4
13,max_power_bg_invert,40,1,3,70.0,4280.0,3059.6
13,max_power_bg_invert,41,1,3,70.0,4260.0,3072.8
13,max_power_bg_invert,42,1,3,70.0,4266.0,3065.2
13,max_power_bg_invert,43,1,3,70.0,4264.0,3072.4
13,max_power_bg_invert,44,1,3,70.0,4271.0,3070.0
13,max_power_bg_invert,45,1,3,70.0,4274.0,3066.4
13,max_power_bg_invert,46,1,3,70.0,4279.0,3064.4
13,max_power_bg_invert,47,1,3,70.0,4287.0,3060.8
13,max_power_bg_invert,48,1,3,70.0,4292.0,3056.8
13,max_power_bg_invert,49,1,3,70.0,4295.0,3057.6
13,max_power_bg_invert,50,1,3,70.0,4297.0,3056.8
13,max_power_bg_invert,51,1,3,70.0,4298.0,3056.8
13,max_power_bg_invert,52,1,3,70.0,4299.0,3056.0
13,max_power_bg_invert,53,1,3,70.0,4299.0,3054.4
13,max_power_bg_invert,54,1,3,70.0,4297.0,3054.8
13,max_power_bg_invert,55,1,3,70.0,4295.0,3054.8
13,max_power_bg_invert,56,1,3,70.0,4294.0,3054.8
13,max_power_bg_invert,57,1,3,70.0,4296.0,3053.2
13,max_power_bg_invert,58,1,3,70.0,4296.0,3053.2
13,max_power_bg_invert,59,1,3,70.0,4294.0,3054.0
13,max_power_bg_invert,60,1,3,70.0,4292.0,3054.4
13,max_power_bg_invert,61,1,3,70.0,4290.0,3055.6
13,max_power_bg_invert,62,1,3,70.0,4291.0,3054.8
13,max_power_bg_invert,63,1,3,70.0,4289.0,3055.2
13,max_power_bg_invert,64,1,3,70.0,4289.0,3055.2
13,max_power_bg_invert,65,1,3,70.0,4290.0,3054.8
13,max_power_bg_invert,66,1,3,70.0,4290.0,3055.6
13,max_power_bg_invert,67,1,3,70.0,4290.0,3056.0
13,max_power_bg_invert,68,1,3,70.0,4290.0,3055.6
13,max_power_bg_invert,69,1,3,70.0,4290.0,3055.2
13,max_power_bg_invert,70,1,3,70.0,4289.0,3056.0
13,max_power_bg_invert,71,1,3,70.0,4289.0,3056.0
13,max_power_bg_invert,72,1,3,70.0,4290.0,3055.2
13,max_power_bg_invert,73,1,3,70.0,4289.0,3055.6
13,max_power_bg_invert,74,1,3,70.0,4288.0,3055.6
13,max_power_bg_invert,75,1,3,70.0,4288.0,3055.2
13,max_power_bg_invert,76,1,3,70.0,4287.0,3055.6
13,max_power_bg_invert,77,1,3,70.0,4288.0,3054.8
13,max_power_bg_invert,78,1,3,70.0,4287.0,3055.6
13,max_power_bg_invert,79,1,3,70.0,4287.0,3055.2
13,max_power_bg_invert,80,1,3,70.0,4298.0,3048.4
13,max_power_bg_invert,81,1,3,70.0,4274.0,3063.2
13,max_power_bg_invert,82,1,3,70.0,4279.0,3065.2
13,max_power_bg_invert,83,1,3,70.0,4272.0,3064.8
13,max_power_bg_invert,84,1,3,70.0,4277.0,3062.4
13,max_power_bg_invert,85,1,3,70.0,4274.0,3064.8
13,max_power_bg_invert,86,1,3,70.0,4278.0,3062.0
13,max_power_bg_invert,87,1,3,70.0,4277.0,3061.2
13,max_power_bg_invert,88,1,3,70.0,4280.0,3059.2
13,max_power_bg_invert,89,1,3,70.0,4280.0,3057.6
13,max_power_bg_invert,90,1,3,70.0,4277.0,3058.4
13,max_power_bg_invert,0,2,3,62.0,1287.0,2979.2
13,max_power_bg_invert,1,2,3,69.0,3970.0,2693.6
13,max_power_bg_invert,2,2,3,69.0,4147.0,2845.6
13,max_power_bg_invert,3,2,3,69.0,4217.0,2910.0
13,max_power_bg_invert,4,2,3,69.0,4243.0,2943.2
13,max_power_bg_invert,5,2,3,69.0,4248.0,2968.4
13,max_power_bg_invert,6,2,3,69.0,4260.0,2973.2
13,max_power_bg_invert,7,2,3,69.0,4270.0,2984.8
13,max_power_bg_invert,8,2,3,69.0,4279.0,2994.8
13,max_power_bg_invert,9,2,3,69.0,4280.0,3000.0
13,max_power_bg_invert,10,2,3,69.0,4284.0,3002.4
13,max_power_bg_invert,11,2,3,69.0,4292.0,3008.4
13,max_power_bg_invert,12,2,3,69.0,4294.0,3010.8
13,max_power_bg_invert,13,2,3,69.0,4298.0,3008.0
13,max_power_bg_invert,14,2,3,69.0,4302.0,3010.0
13,max_power_bg_invert,15,2,3,69.0,4304.0,3012.0
13,max_power_bg_invert,16,2,3,69.0,4305.0,3012.4
13,max_power_bg_invert,17,2,3,69.0,4306.0,3010.8
13,max_power_bg_invert,18,2,3,69.0,4305.0,3016.0
13,max_power_bg_invert,19,2,3,69.0,4307.0,3015.2
13,max_power_bg_invert,20,2,3,69.0,4307.0,3020.4
13,max_power_bg_invert,21,2,3,70.0,4308.0,3019.2
13,max_power_bg_invert,22,2,3,69.0,4310.0,3017.6
13,max_power_bg_invert,23,2,3,69.0,4310.0,3017.6
13,max_power_bg_invert,24,2,3,69.0,4311.0,3021.6
13,max_power_bg_invert,25,2,3,70.0,4312.0,3021.6
13,max_power_bg_invert,26,2,3,70.0,4314.0,3020.8
13,max_power_bg_invert,27,2,3,69.0,4314.0,3020.8
13,max_power_bg_invert,28,2,3,69.0,4315.0,3020.4
13,max_power_bg_invert,29,2,3,70.0,4315.0,3021.6
13,max_power_bg_invert,30,2,3,70.0,4314.0,3026.8
13,max_power_bg_invert,31,2,3,70.0,4314.0,3026.4
13,max_power_bg_invert,32,2,3,69.0,4314.0,3026.4
13,max_power_bg_invert,33,2,3,69.0,4314.0,3026.4
13,max_power_bg_invert,34,2,3,69.0,4313.0,3026.4
13,max_power_bg_invert,35,2,3,69.0,4312.0,3026.4
13,max_power_bg_invert,36,2,3,69.0,4312.0,3026.0
13,max_power_bg_invert,37,2,3,69.0,4312.0,3026.0
13,max_power_bg_invert,38,2,3,70.0,4314.0,3029.2
13,max_power_bg_invert,39,2,3,70.0,4314.0,3028.8
13,max_power_bg_invert,40,2,3,69.0,4320.0,3031.6
13,max_power_bg_invert,41,2,3,69.0,4300.0,3072.4
13,max_power_bg_invert,42,2,3,69.0,4310.0,3064.8
13,max_power_bg_invert,43,2,3,70.0,4320.0,3050.0
13,max_power_bg_invert,44,2,3,70.0,4320.0,3048.8
13,max_power_bg_invert,45,2,3,69.0,4318.0,3049.2
13,max_power_bg_invert,46,2,3,70.0,4318.0,3054.4
13,max_power_bg_invert,47,2,3,69.0,4320.0,3054.0
13,max_power_bg_invert,48,2,3,69.0,4325.0,3052.0
13,max_power_bg_invert,49,2,3,69.0,4330.0,3056.0
13,max_power_bg_invert,50,2,3,69.0,4334.0,3054.4
13,max_power_bg_invert,51,2,3,69.0,4335.0,3054.4
13,max_power_bg_invert,52,2,3,69.0,4334.0,3059.6
13,max_power_bg_invert,53,2,3,70.0,4332.0,3060.8
13,max_power_bg_invert,54,2,3,70.0,4332.0,3059.6
13,max_power_bg_invert,55,2,3,70.0,4335.0,3058.4
13,max_power_bg_invert,56,2,3,70.0,4333.0,3059.2
13,max_power_bg_invert,57,2,3,70.0,4333.0,3060.4
13,max_power_bg_invert,58,2,3,70.0,4331.0,3060.8
13,max_power_bg_invert,59,2,3,69.0,4329.0,3066.8
13,max_power_bg_invert,60,2,3,70.0,4329.0,3065.6
13,max_power_bg_invert,61,2,3,70.0,4328.0,3065.6
13,max_power_bg_invert,62,2,3,70.0,4328.0,3065.6
13,max_power_bg_invert,63,2,3,69.0,4329.0,3064.8
13,max_power_bg_invert,64,2,3,70.0,4327.0,3066.4
13,max_power_bg_invert,65,2,3,69.0,4327.0,3066.4
13,max_power_bg_invert,66,2,3,69.0,4327.0,3066.0
13,max_power_bg_invert,67,2,3,70.0,4326.0,3066.8
13,max_power_bg_invert,68,2,3,70.0,4327.0,3066.4
13,max_power_bg_invert,69,2,3,70.0,4327.0,3066.4
13,max_power_bg_invert,70,2,3,70.0,4328.0,3066.4
13,max_power_bg_invert,71,2,3,70.0,4327.0,3066.8
13,max_power_bg_invert,72,2,3,70.0,4328.0,3066.0
13,max_power_bg_invert,73,2,3,69.0,4328.0,3066.4
13,max_power_bg_invert,74,2,3,70.0,4328.0,3066.0
13,max_power_bg_invert,75,2,3,69.0,4327.0,3066.4
13,max_power_bg_invert,76,2,3,70.0,4327.0,3066.4
13,max_power_bg_invert,77,2,3,70.0,4327.0,3066.4
13,max_power_bg_invert,78,2,3,70.0,4326.0,3066.4
13,max_power_bg_invert,79,2,3,70.0,4326.0,3066.4
13,max_power_bg_invert,80,2,3,70.0,4320.0,3083.6
13,max_power_bg_invert,81,2,3,70.0,4320.0,3083.6
13,max_power_bg_invert,82,2,3,70.0,4330.0,3078.0
13,max_power_bg_invert,83,2,3,70.0,4327.0,3080.8
13,max_power_bg_invert,84,2,3,70.0,4334.0,3078.8
13,max_power_bg_invert,85,2,3,70.0,4342.0,3074.0
13,max_power_bg_invert,86,2,3,69.0,4344.0,3072.8
13,max_power_bg_invert,87,2,3,70.0,4344.0,3072.4
13,max_power_bg_invert,88,2,3,69.0,4345.0,3070.4
13,max_power_bg_invert,89,2,3,70.0,4343.0,3070.4
13,max_power_bg_invert,90,2,3,70.0,4342.0,3069.2
14,max_power_bg_invert,0,0,1,63.0,1100.0,3080.0
14,max_power_bg_invert,1,0,1,71.0,3960.0,2800.0
14,max_power_bg_invert,2,0,1,71.0,4105.0,2990.8
14,max_power_bg_invert,3,0,1,71.0,4172.0,3060.0
14,max_power_bg_invert,4,0,1,71.0,4207.0,3093.2
14,max_power_bg_invert,5,0,1,71.0,4226.0,3111.2
14,max_power_bg_invert,6,0,1,72.0,4237.0,3124.8
14,max_power_bg_invert,7,0,1,71.0,4250.0,3130.0
14,max_power_bg_invert,8,0,1,71.0,4262.0,3135.6
14,max_power_bg_invert,9,0,1,71.0,4271.0,3132.4
14,max_power_bg_invert,10,0,1,72.0,4277.0,3136.8
14,max_power_bg_invert,11,0,1,71.0,4281.0,3137.2
14,max_power_bg_invert,12,0,1,71.0,4284.0,3140.8
14,max_power_bg_invert,13,0,1,71.0,4288.0,3147.6
14,max_power_bg_invert,14,0,1,71.0,4288.0,3147.2
14,max_power_bg_invert,15,0,1,71.0,4293.0,3149.2
14,max_power_bg_invert,16,0,1,71.0,4294.0,3152.4
14,max_power_bg_invert,17,0,1,72.0,4295.0,3153.2
14,max_power_bg_invert,18,0,1,72.0,4298.0,3150.8
14,max_power_bg_invert,19,0,1,72.0,4300.0,3153.6
14,max_power_bg_invert,20,0,1,72.0,4303.0,3151.6
14,max_power_bg_invert,21,0,1,72.0,4306.0,3149.6
14,max_power_bg_invert,22,0,1,71.0,4305.0,3153.6
14,max_power_bg_invert,23,0,1,72.0,4305.0,3153.6
14,max_power_bg_invert,24,0,1,72.0,4304.0,3154.4
14,max_power_bg_invert,25,0,1,72.0,4306.0,3153.2
14,max_power_bg_invert,26,0,1,71.0,4307.0,3158.0
14,max_power_bg_invert,27,0,1,72.0,4307.0,3157.6
14,max_power_bg_invert,28,0,1,72.0,4308.0,3157.2
14,max_power_bg_invert,29,0,1,72.0,4309.0,3156.4
14,max_power_bg_invert,30,0,1,72.0,4309.0,3156.4
14,max_power_bg_invert,31,0,1,72.0,4309.0,3156.4
14,max_power_bg_invert,32,0,1,72.0,4309.0,3155.6
14,max_power_bg_invert,33,0,1,72.0,4310.0,3159.6
14,max_power_bg_invert,34,0,1,72.0,4311.0,3159.2
14,max_power_bg_invert,35,0,1,72.0,4311.0,3159.6
14,max_power_bg_invert,36,0,1,72.0,4312.0,3158.0
14,max_power_bg_invert,37,0,1,72.0,4314.0,3157.2
14,max_power_bg_invert,38,0,1,72.0,4315.0,3156.8
14,max_power_bg_invert,39,0,1,72.0,4316.0,3156.0
14,max_power_bg_invert,40,0,1,72.0,4340.0,3152.0
14,max_power_bg_invert,41,0,1,72.0,4345.0,3146.0
14,max_power_bg_invert,42,0,1,72.0,4353.0,3150.4
14,max_power_bg_invert,43,0,1,72.0,4341.0,3156.0
14,max_power_bg_invert,44,0,1,72.0,4338.0,3154.4
14,max_power_bg_invert,45,0,1,72.0,4335.0,3154.4
14,max_power_bg_invert,46,0,1,72.0,4334.0,3153.6
14,max_power_bg_invert,47,0,1,72.0,4335.0,3152.0
14,max_power_bg_invert,48,0,1,72.0,4335.0,3148.8
14,max_power_bg_invert,49,0,1,72.0,4331.0,3150.0
14,max_power_bg_invert,50,0,1,72.0,4331.0,3151.2
14,max_power_bg_invert,51,0,1,72.0,4332.0,3150.4
14,max_power_bg_invert,52,0,1,72.0,4329.0,3151.6
14,max_power_bg_invert,53,0,1,72.0,4329.0,3151.6
14,max_power_bg_invert,54,0,1,72.0,4327.0,3155.6
14,max_power_bg_invert,55,0,1,72.0,4330.0,3154.4
14,max_power_bg_invert,56,0,1,72.0,4331.0,3154.4
14,max_power_bg_invert,57,0,1,72.0,4331.0,3154.0
14,max_power_bg_invert,58,0,1,72.0,4332.0,3155.2
14,max_power_bg_invert,59,0,1,72.0,4332.0,3156.0
14,max_power_bg_invert,60,0,1,72.0,4331.0,3156.8
14,max_power_bg_invert,61,0,1,72.0,4334.0,3154.4
14,max_power_bg_invert,62,0,1,72.0,4334.0,3153.6
14,max_power_bg_invert,63,0,1,72.0,4334.0,3154.8
14,max_power_bg_invert,64,0,1,72.0,4333.0,3154.8
14,max_power_bg_invert,65,0,1,72.0,4332.0,3155.6
14,max_power_bg_invert,66,0,1,72.0,4332.0,3154.0
14,max_power_bg_invert,67,0,1,72.0,4332.0,3154.0
14,max_power_bg_invert,68,0,1,72.0,4332.0,3153.6
14,max_power_bg_invert,69,0,1,72.0,4332.0,3153.6
14,max_power_bg_invert,70,0,1,72.0,4331.0,3154.0
14,max_power_bg_invert,71,0,1,72.0,4331.0,3154.8
14,max_power_bg_invert,72,0,1,72.0,4331.0,3154.4
14,max_power_bg_invert,73,0,1,72.0,4331.0,3154.0
14,max_power_bg_invert,74,0,1,72.0,4331.0,3153.6
14,max_power_bg_invert,75,0,1,72.0,4331.0,3153.6
14,max_power_bg_invert,76,0,1,72.0,4332.0,3152.8
14,max_power_bg_invert,77,0,1,72.0,4331.0,3152.4
14,max_power_bg_invert,78,0,1,72.0,4331.0,3152.4
14,max_power_bg_invert,79,0,1,72.0,4330.0,3152.8
14,max_power_bg_invert,80,0,1,72.0,4360.0,3164.4
14,max_power_bg_invert,81,0,1,72.0,4342.0,3178.0
14,max_power_bg_invert,82,0,1,72.0,4341.0,3178.0
14,max_power_bg_invert,83,0,1,72.0,4346.0,3170.0
14,max_power_bg_invert,84,0,1,72.0,4342.0,3173.2
14,max_power_bg_invert,85,0,1,72.0,4337.0,3173.6
14,max_power_bg_invert,86,0,1,72.0,4332.0,3177.6
14,max_power_bg_invert,87,0,1,72.0,4330.0,3176.0
14,max_power_bg_invert,88,0,1,72.0,4331.0,3175.6
14,max_power_bg_invert,89,0,1,72.0,4328.0,3182.8
14,max_power_bg_invert,90,0,1,72.0,4330.0,3180.0
14,max_power_bg_invert,0,0,2,63.0,1075.0,3140.0
14,max_power_bg_invert,1,0,2,71.0,4180.0,2808.4
14,max_power_bg_invert,2,0,2,71.0,4355.0,2981.2
14,max_power_bg_invert,3,0,2,71.0,4427.0,3032.0
14,max_power_bg_invert,4,0,2,71.0,4458.0,3055.2
14,max_power_bg_invert,5,0,2,71.0,4479.0,3078.0
14,max_power_bg_invert,6,0,2,71.0,4496.0,3087.6
14,max_power_bg_invert,7,0,2,72.0,4502.0,3097.2
14,max_power_bg_invert,8,0,2,71.0,4511.0,3110.8
14,max_power_bg_invert,9,0,2,71.0,4520.0,3118.0
14,max_power_bg_invert,10,0,2,71.0,4526.0,3122.8
14,max_power_bg_invert,11,0,2,71.0,4529.0,3126.4
14,max_power_bg_invert,12,0,2,71.0,4535.0,3133.2
14,max_power_bg_invert,13,0,2,72.0,4535.0,3136.8
14,max_power_bg_invert,14,0,2,72.0,4539.0,3138.8
14,max_power_bg_invert,15,0,2,72.0,4540.0,3142.8
14,max_power_bg_invert,16,0,2,72.0,4543.0,3146.0
14,max_power_bg_invert,17,0,2,72.0,4545.0,3144.8
14,max_power_bg_invert,18,0,2,71.0,4547.0,3145.6
14,max_power_bg_invert,19,0,2,72.0,4548.0,3149.6
14,max_power_bg_invert,20,0,2,72.0,4549.0,3149.2
14,max_power_bg_invert,21,0,2,71.0,4551.0,3147.6
14,max_power_bg_invert,22,0,2,72.0,4551.0,3151.2
14,max_power_bg_invert,23,0,2,72.0,4551.0,3150.4
14,max_power_bg_invert,24,0,2,72.0,4551.0,3154.8
14,max_power_bg_invert,25,0,2,72.0,4553.0,3154.4
14,max_power_bg_invert,26,0,2,72.0,4553.0,3156.0
14,max_power_bg_invert,27,0,2,71.0,4554.0,3155.2
14,max_power_bg_invert,28,0,2,72.0,4554.0,3160.4
14,max_power_bg_invert,29,0,2,71.0,4553.0,3160.4
14,max_power_bg_invert,30,0,2,72.0,4553.0,3160.0
14,max_power_bg_invert,31,0,2,71.0,4551.0,3158.8
14,max_power_bg_invert,32,0,2,72.0,4552.0,3162.4
14,max_power_bg_invert,33,0,2,72.0,4552.0,3164.8
14,max_power_bg_invert,34,0,2,72.0,4552.0,3164.4
14,max_power_bg_invert,35,0,2,71.0,4553.0,3163.6
14,max_power_bg_invert,36,0,2,72.0,4554.0,3162.8
14,max_power_bg_invert,37,0,2,72.0,4554.0,3162.8
14,max_power_bg_invert,38,0,2,72.0,4554.0,3167.2
14,max_power_bg_invert,39,0,2,72.0,4555.0,3166.8
14,max_power_bg_invert,40,0,2,72.0,4565.0,3174.0
14,max_power_bg_invert,41,0,2,72.0,4557.0,3179.2
14,max_power_bg_invert,42,0,2,72.0,4568.0,3167.2
14,max_power_bg_invert,43,0,2,72.0,4568.0,3170.0
14,max_power_bg_invert,44,0,2,72.0,4570.0,3170.8
14,max_power_bg_invert,45,0,2,72.0,4567.0,3172.8
14,max_power_bg_invert,46,0,2,72.0,4573.0,3171.6
14,max_power_bg_invert,47,0,2,72.0,4571.0,3172.0
14,max_power_bg_invert,48,0,2,72.0,4568.0,3174.0
14,max_power_bg_invert,49,0,2,72.0,4573.0,3169.2
14,max_power_bg_invert,50,0,2,72.0,4572.0,3170.0
14,max_power_bg_invert,51,0,2,72.0,4573.0,3170.0
14,max_power_bg_invert,52,0,2,72.0,4570.0,3170.0
14,max_power_bg_invert,53,0,2,72.0,4571.0,3170.8
14,max_power_bg_invert,54,0,2,72.0,4571.0,3169.2
14,max_power_bg_invert,55,0,2,72.0,4571.0,3169.6
14,max_power_bg_invert,56,0,2,72.0,4572.0,3169.2
14,max_power_bg_invert,57,0,2,72.0,4573.0,3168.8
14,max_power_bg_invert,58,0,2,72.0,4570.0,3169.2
14,max_power_bg_invert,59,0,2,72.0,4570.0,3169.2
14,max_power_bg_invert,60,0,2,72.0,4570.0,3168.8
14,max_power_bg_invert,61,0,2,72.0,4569.0,3169.2
14,max_power_bg_invert,62,0,2,72.0,4569.0,3168.8
14,max_power_bg_invert,63,0,2,72.0,4570.0,3168.4
14,max_power_bg_invert,64,0,2,72.0,4569.0,3167.2
14,max_power_bg_invert,65,0,2,72.0,4570.0,3168.0
14,max_power_bg_invert,66,0,2,72.0,4570.0,3167.6
14,max_power_bg_invert,67,0,2,72.0,4570.0,3167.6
14,max_power_bg_invert,68,0,2,72.0,4569.0,3167.6
14,max_power_bg_invert,69,0,2,72.0,4569.0,3166.8
14,max_power_bg_invert,70,0,2,72.0,4569.0,3166.4
14,max_power_bg_invert,71,0,2,72.0,4569.0,3166.0
14,max_power_bg_invert,72,0,2,72.0,4570.0,3165.2
14,max_power_bg_invert,73,0,2,72.0,4571.0,3164.4
14,max_power_bg_invert,74,0,2,72.0,4571.0,3166.0
14,max_power_bg_invert,75,0,2,72.0,4570.0,3166.8
14,max_power_bg_invert,76,0,2,72.0,4570.0,3167.2
14,max_power_bg_invert,77,0,2,72.0,4570.0,3166.4
14,max_power_bg_invert,78,0,2,72.0,4569.0,3166.4
14,max_power_bg_invert,79,0,2,72.0,4570.0,3165.6
14,max_power_bg_invert,80,0,2,72.0,4549.0,3183.6
14,max_power_bg_invert,81,0,2,72.0,4565.0,3180.8
14,max_power_bg_invert,82,0,2,72.0,4553.0,3192.0
14,max_power_bg_invert,83,0,2,72.0,4551.0,3185.6
14,max_power_bg_invert,84,0,2,72.0,4555.0,3182.8
14,max_power_bg_invert,85,0,2,72.0,4554.0,3185.6
14,max_power_bg_invert,86,0,2,72.0,4558.0,3182.8
14,max_power_bg_invert,87,0,2,72.0,4561.0,3180.4
14,max_power_bg_invert,88,0,2,72.0,4563.0,3177.2
14,max_power_bg_invert,89,0,2,72.0,4561.0,3176.4
14,max_power_bg_invert,90,0,2,72.0,4565.0,3175.2
14,max_power_bg_invert,0,0,3,63.0,1100.0,3086.0
14,max_power_bg_invert,1,0,3,71.0,4110.0,2682.0
14,max_power_bg_invert,2,0,3,71.0,4275.0,2911.6
14,max_power_bg_invert,3,0,3,72.0,4324.0,2988.8
14,max_power_bg_invert,4,0,3,72.0,4348.0,3028.0
14,max_power_bg_invert,5,0,3,72.0,4367.0,3054.8
14,max_power_bg_invert,6,0,3,72.0,4379.0,3072.0
14,max_power_bg_invert,7,0,3,72.0,4379.0,3087.6
14,max_power_bg_invert,8,0,3,72.0,4382.0,3097.2
14,max_power_bg_invert,9,0,3,72.0,4384.0,3104.0
14,max_power_bg_invert,10,0,3,72.0,4386.0,3109.2
14,max_power_bg_invert,11,0,3,72.0,4385.0,3119.6
14,max_power_bg_invert,12,0,3,72.0,4387.0,3121.6
14,max_power_bg_invert,13,0,3,72.0,4386.0,3126.0
14,max_power_bg_invert,14,0,3,72.0,4386.0,3128.0
14,max_power_bg_invert,15,0,3,72.0,4385.0,3134.4
14,max_power_bg_invert,16,0,3,72.0,4389.0,3138.4
14,max_power_bg_invert,17,0,3,72.0,4389.0,3138.4
14,max_power_bg_invert,18,0,3,72.0,4393.0,3140.8
14,max_power_bg_invert,19,0,3,72.0,4394.0,3139.6
14,max_power_bg_invert,20,0,3,72.0,4394.0,3139.2
14,max_power_bg_invert,21,0,3,72.0,4396.0,3142.4
14,max_power_bg_invert,22,0,3,72.0,4398.0,3140.8
14,max_power_bg_invert,23,0,3,72.0,4400.0,3139.6
14,max_power_bg_invert,24,0,3,72.0,4400.0,3143.2
14,max_power_bg_invert,25,0,3,72.0,4401.0,3143.2
14,max_power_bg_invert,26,0,3,72.0,4402.0,3143.2
14,max_power_bg_invert,27,0,3,72.0,4403.0,3142.4
14,max_power_bg_invert,28,0,3,72.0,4404.0,3141.6
14,max_power_bg_invert,29,0,3,72.0,4405.0,3145.2
14,max_power_bg_invert,30,0,3,72.0,4405.0,3144.8
14,max_power_bg_invert,31,0,3,72.0,4406.0,3144.0
14,max_power_bg_invert,32,0,3,72.0,4406.0,3143.6
14,max_power_bg_invert,33,0,3,72.0,4407.0,3143.2
14,max_power_bg_invert,34,0,3,72.0,4407.0,3142.8
14,max_power_bg_invert,35,0,3,72.0,4407.0,3142.8
14,max_power_bg_invert,36,0,3,72.0,4407.0,3146.8
14,max_power_bg_invert,37,0,3,72.0,4408.0,3146.0
14,max_power_bg_invert,38,0,3,72.0,4408.0,3147.2
14,max_power_bg_invert,39,0,3,72.0,4408.0,3147.2
14,max_power_bg_invert,40,0,3,72.0,4410.0,3162.0
14,max_power_bg_invert,41,0,3,72.0,4435.0,3153.6
14,max_power_bg_invert,42,0,3,72.0,4430.0,3155.2
14,max_power_bg_invert,43,0,3,72.0,4442.0,3144.0
14,max_power_bg_invert,44,0,3,72.0,4436.0,3153.2
14,max_power_bg_invert,45,0,3,72.0,4434.0,3150.8
14,max_power_bg_invert,46,0,3,72.0,4433.0,3148.8
14,max_power_bg_invert,47,0,3,72.0,4433.0,3146.0
14,max_power_bg_invert,48,0,3,72.0,4430.0,3153.2
14,max_power_bg_invert,49,0,3,72.0,4427.0,3157.2
14,max_power_bg_invert,50,0,3,72.0,4429.0,3156.8
14,max_power_bg_invert,51,0,3,72.0,4426.0,3158.8
14,max_power_bg_invert,52,0,3,72.0,4426.0,3157.6
14,max_power_bg_invert,53,0,3,72.0,4424.0,3161.6
14,max_power_bg_invert,54,0,3,72.0,4423.0,3160.8
14,max_power_bg_invert,55,0,3,72.0,4422.0,3161.2
14,max_power_bg_invert,56,0,3,72.0,4422.0,3160.4
14,max_power_bg_invert,57,0,3,72.0,4424.0,3164.0
14,max_power_bg_invert,58,0,3,72.0,4425.0,3163.2
14,max_power_bg_invert,59,0,3,72.0,4425.0,3163.2
14,max_power_bg_invert,60,0,3,72.0,4426.0,3162.4
14,max_power_bg_invert,61,0,3,72.0,4427.0,3162.0
14,max_power_bg_invert,62,0,3,72.0,4428.0,3162.0
14,max_power_bg_invert,63,0,3,72.0,4430.0,3160.4
14,max_power_bg_invert,64,0,3,72.0,4429.0,3160.8
14,max_power_bg_invert,65,0,3,72.0,4429.0,3166.8
14,max_power_bg_invert,66,0,3,72.0,4430.0,3165.6
14,max_power_bg_invert,67,0,3,72.0,4430.0,3165.2
14,max_power_bg_invert,68,0,3,72.0,4430.0,3165.2
14,max_power_bg_invert,69,0,3,72.0,4429.0,3165.2
14,max_power_bg_invert,70,0,3,72.0,4430.0,3164.4
14,max_power_bg_invert,71,0,3,72.0,4430.0,3164.4
14,max_power_bg_invert,72,0,3,72.0,4431.0,3164.4
14,max_power_bg_invert,73,0,3,72.0,4431.0,3168.8
14,max_power_bg_invert,74,0,3,72.0,4432.0,3168.4
14,max_power_bg_invert,75,0,3,72.0,4432.0,3167.6
14,max_power_bg_invert,76,0,3,72.0,4432.0,3168.0
14,max_power_bg_invert,77,0,3,72.0,4431.0,3169.2
14,max_power_bg_invert,78,0,3,72.0,4431.0,3168.4
14,max_power_bg_invert,79,0,3,72.0,4431.0,3168.0
14,max_power_bg_invert,80,0,3,72.0,4430.0,3160.4
14,max_power_bg_invert,81,0,3,72.0,4429.0,3173.2
14,max_power_bg_invert,82,0,3,72.0,4426.0,3178.8
14,max_power_bg_invert,83,0,3,72.0,4434.0,3180.0
14,max_power_bg_invert,84,0,3,72.0,4434.0,3183.6
14,max_power_bg_invert,85,0,3,72.0,4433.0,3179.2
14,max_power_bg_invert,86,0,3,72.0,4436.0,3175.6
14,max_power_bg_invert,87,0,3,72.0,4430.0,3178.4
14,max_power_bg_invert,88,0,3,72.0,4427.0,3178.8
14,max_power_bg_invert,89,0,3,72.0,4427.0,3178.8
14,max_power_bg_invert,90,0,3,72.0,4430.0,3176.0
14,max_power_bg_invert,0,1,2,64.0,1200.0,3118.0
14,max_power_bg_invert,1,1,2,72.0,4090.0,2749.6
14,max_power_bg_invert,2,1,2,72.0,4268.0,2918.8
14,max_power_bg_invert,3,1,2,72.0,4324.0,3002.4
14,max_power_bg_invert,4,1,2,72.0,4348.0,3036.0
14,max_power_bg_invert,5,1,2,72.0,4363.0,3060.4
14,max_power_bg_invert,6,1,2,72.0,4374.0,3071.6
14,max_power_bg_invert,7,1,2,72.0,4377.0,3091.2
14,max_power_bg_invert,8,1,2,72.0,4387.0,3101.2
14,max_power_bg_invert,9,1,2,72.0,4389.0,3106.8
14,max_power_bg_invert,10,1,2,72.0,4394.0,3109.6
14,max_power_bg_invert,11,1,2,72.0,4397.0,3117.6
14,max_power_bg_invert,12,1,2,72.0,4401.0,3118.4
14,max_power_bg_invert,13,1,2,72.0,4403.0,3120.8
14,max_power_bg_invert,14,1,2,72.0,4404.0,3124.4
14,max_power_bg_invert,15,1,2,72.0,4406.0,3124.4
14,max_power_bg_invert,16,1,2,72.0,4407.0,3129.2
14,max_power_bg_invert,17,1,2,72.0,4407.0,3134.4
14,max_power_bg_invert,18,1,2,72.0,4409.0,3133.2
14,max_power_bg_invert,19,1,2,72.0,4411.0,3136.4
14,max_power_bg_invert,20,1,2,72.0,4411.0,3136.0
14,max_power_bg_invert,21,1,2,72.0,4412.0,3140.0
14,max_power_bg_invert,22,1,2,72.0,4411.0,3145.6
14,max_power_bg_invert,23,1,2,72.0,4412.0,3145.2
14,max_power_bg_invert,24,1,2,72.0,4411.0,3145.2
14,max_power_bg_invert,25,1,2,72.0,4409.0,3151.2
14,max_power_bg_invert,26,1,2,72.0,4411.0,3150.4
14,max_power_bg_invert,27,1,2,72.0,4414.0,3153.2
14,max_power_bg_invert,28,1,2,72.0,4414.0,3153.2
14,max_power_bg_invert,29,1,2,72.0,4415.0,3152.0
14,max_power_bg_invert,30,1,2,72.0,4416.0,3151.6
14,max_power_bg_invert,31,1,2,72.0,4416.0,3156.4
14,max_power_bg_invert,32,1,2,72.0,4416.0,3156.4
14,max_power_bg_invert,33,1,2,72.0,4417.0,3156.4
14,max_power_bg_invert,34,1,2,72.0,4416.0,3156.4
14,max_power_bg_invert,35,1,2,72.0,4417.0,3160.0
14,max_power_bg_invert,36,1,2,72.0,4419.0,3159.2
14,max_power_bg_invert,37,1,2,72.0,4420.0,3158.4
14,max_power_bg_invert,38,1,2,72.0,4420.0,3158.4
14,max_power_bg_invert,39,1,2,72.0,4420.0,3158.8
14,max_power_bg_invert,40,1,2,72.0,4410.0,3165.2
14,max_power_bg_invert,41,1,2,73.0,4385.0,3178.8
14,max_power_bg_invert,42,1,2,72.0,4413.0,3164.0
14,max_power_bg_invert,43,1,2,73.0,4430.0,3158.4
14,max_power_bg_invert,44,1,2,72.0,4430.0,3162.0
14,max_power_bg_invert,45,1,2,72.0,4430.0,3170.4
14,max_power_bg_invert,46,1,2,72.0,4427.0,3175.2
14,max_power_bg_invert,47,1,2,73.0,4426.0,3174.0
14,max_power_bg_invert,48,1,2,73.0,4427.0,3173.2
14,max_power_bg_invert,49,1,2,72.0,4427.0,3171.2
14,max_power_bg_invert,50,1,2,72.0,4424.0,3173.2
14,max_power_bg_invert,51,1,2,73.0,4422.0,3176.0
14,max_power_bg_invert,52,1,2,73.0,4418.0,3178.0
14,max_power_bg_invert,53,1,2,73.0,4419.0,3178.4
14,max_power_bg_invert,54,1,2,73.0,4420.0,3179.6
14,max_power_bg_invert,55,1,2,73.0,4422.0,3178.0
14,max_power_bg_invert,56,1,2,72.0,4424.0,3177.6
14,max_power_bg_invert,57,1,2,73.0,4425.0,3177.6
14,max_power_bg_invert,58,1,2,72.0,4424.0,3178.4
14,max_power_bg_invert,59,1,2,73.0,4427.0,3177.2
14,max_power_bg_invert,60,1,2,73.0,4428.0,3175.6
14,max_power_bg_invert,61,1,2,72.0,4427.0,3175.6
14,max_power_bg_invert,62,1,2,72.0,4427.0,3175.6
14,max_power_bg_invert,63,1,2,72.0,4426.0,3176.4
14,max_power_bg_invert,64,1,2,72.0,4427.0,3176.0
14,max_power_bg_invert,65,1,2,73.0,4427.0,3175.6
14,max_power_bg_invert,66,1,2,72.0,4427.0,3174.4
14,max_power_bg_invert,67,1,2,72.0,4426.0,3174.0
14,max_power_bg_invert,68,1,2,72.0,4426.0,3174.0
14,max_power_bg_invert,69,1,2,72.0,4426.0,3174.4
14,max_power_bg_invert,70,1,2,73.0,4426.0,3174.0
14,max_power_bg_invert,71,1,2,72.0,4427.0,3173.2
14,max_power_bg_invert,72,1,2,72.0,4427.0,3173.2
14,max_power_bg_invert,73,1,2,72.0,4427.0,3173.2
14,max_power_bg_invert,74,1,2,73.0,4428.0,3172.4
14,max_power_bg_invert,75,1,2,73.0,4426.0,3174.0
14,max_power_bg_invert,76,1,2,73.0,4427.0,3173.2
14,max_power_bg_invert,77,1,2,73.0,4427.0,3173.2
14,max_power_bg_invert,78,1,2,73.0,4428.0,3172.8
14,max_power_bg_invert,79,1,2,73.0,4427.0,3172.8
14,max_power_bg_invert,80,1,2,73.0,4466.0,3161.6
14,max_power_bg_invert,81,1,2,72.0,4466.0,3159.2
14,max_power_bg_invert,82,1,2,72.0,4454.0,3171.6
14,max_power_bg_invert,83,1,2,73.0,4445.0,3167.6
14,max_power_bg_invert,84,1,2,73.0,4446.0,3165.6
14,max_power_bg_invert,85,1,2,73.0,4437.0,3169.6
14,max_power_bg_invert,86,1,2,73.0,4442.0,3165.6
14,max_power_bg_invert,87,1,2,73.0,4444.0,3166.8
14,max_power_bg_invert,88,1,2,73.0,4444.0,3168.4
14,max_power_bg_invert,89,1,2,73.0,4443.0,3168.4
14,max_power_bg_invert,90,1,2,73.0,4441.0,3169.2
14,max_power_bg_invert,0,1,3,64.0,1100.0,3120.0
14,max_power_bg_invert,1,1,3,72.0,4269.0,2548.8
14,max_power_bg_invert,2,1,3,72.0,4265.0,2860.8
14,max_power_bg_invert,3,1,3,72.0,4268.0,2962.8
14,max_power_bg_invert,4,1,3,72.0,4269.0,3012.4
14,max_power_bg_invert,5,1,3,72.0,4273.0,3052.0
14,max_power_bg_invert,6,1,3,72.0,4272.0,3075.6
14,max_power_bg_invert,7,1,3,72.0,4270.0,3088.0
14,max_power_bg_invert,8,1,3,72.0,4273.0,3099.2
14,max_power_bg_invert,9,1,3,72.0,4271.0,3110.0
14,max_power_bg_invert,10,1,3,72.0,4272.0,3119.2
14,max_power_bg_invert,11,1,3,72.0,4271.0,3123.6
14,max_power_bg_invert,12,1,3,72.0,4271.0,3129.6
14,max_power_bg_invert,13,1,3,72.0,4271.0,3134.8
14,max_power_bg_invert,14,1,3,72.0,4268.0,3140.8
14,max_power_bg_invert,15,1,3,72.0,4271.0,3144.8
14,max_power_bg_invert,16,1,3,72.0,4270.0,3144.8
14,max_power_bg_invert,17,1,3,72.0,4271.0,3148.8
14,max_power_bg_invert,18,1,3,72.0,4272.0,3147.6
14,max_power_bg_invert,19,1,3,72.0,4270.0,3154.0
14,max_power_bg_invert,20,1,3,72.0,4271.0,3153.6
14,max_power_bg_invert,21,1,3,72.0,4271.0,3152.8
14,max_power_bg_invert,22,1,3,72.0,4271.0,3156.8
14,max_power_bg_invert,23,1,3,72.0,4269.0,3158.8
14,max_power_bg_invert,24,1,3,72.0,4270.0,3158.0
14,max_power_bg_invert,25,1,3,72.0,4270.0,3161.6
14,max_power_bg_invert,26,1,3,72.0,4270.0,3161.6
14,max_power_bg_invert,27,1,3,72.0,4271.0,3159.2
14,max_power_bg_invert,28,1,3,72.0,4271.0,3158.8
14,max_power_bg_invert,29,1,3,72.0,4271.0,3159.2
14,max_power_bg_invert,30,1,3,72.0,4271.0,3165.6
14,max_power_bg_invert,31,1,3,72.0,4271.0,3164.8
14,max_power_bg_invert,32,1,3,72.0,4272.0,3164.4
14,max_power_bg_invert,33,1,3,72.0,4272.0,3163.6
14,max_power_bg_invert,34,1,3,72.0,4273.0,3162.8
14,max_power_bg_invert,35,1,3,72.0,4273.0,3162.4
14,max_power_bg_invert,36,1,3,72.0,4273.0,3162.0
14,max_power_bg_invert,37,1,3,72.0,4272.0,3162.4
14,max_power_bg_invert,38,1,3,72.0,4272.0,3166.8
14,max_power_bg_invert,39,1,3,72.0,4272.0,3166.8
14,max_power_bg_invert,40,1,3,72.0,4357.0,3120.0
14,max_power_bg_invert,41,1,3,72.0,4308.0,3145.2
14,max_power_bg_invert,42,1,3,72.0,4305.0,3148.8
14,max_power_bg_invert,43,1,3,72.0,4296.0,3149.6
14,max_power_bg_invert,44,1,3,72.0,4295.0,3150.0
14,max_power_bg_invert,45,1,3,72.0,4289.0,3158.4
14,max_power_bg_invert,46,1,3,72.0,4286.0,3160.0
14,max_power_bg_invert,47,1,3,72.0,4289.0,3160.4
14,max_power_bg_invert,48,1,3,72.0,4288.0,3163.2
14,max_power_bg_invert,49,1,3,72.0,4290.0,3161.2
14,max_power_bg_invert,50,1,3,72.0,4288.0,3162.8
14,max_power_bg_invert,51,1,3,72.0,4286.0,3165.2
14,max_power_bg_invert,52,1,3,72.0,4287.0,3164.4
14,max_power_bg_invert,53,1,3,72.0,4288.0,3164.4
14,max_power_bg_invert,54,1,3,72.0,4290.0,3163.6
14,max_power_bg_invert,55,1,3,72.0,4290.0,3163.6
14,max_power_bg_invert,56,1,3,72.0,4286.0,3165.6
14,max_power_bg_invert,57,1,3,72.0,4284.0,3164.8
14,max_power_bg_invert,58,1,3,72.0,4284.0,3165.2
14,max_power_bg_invert,59,1,3,72.0,4285.0,3164.8
14,max_power_bg_invert,60,1,3,72.0,4283.0,3166.4
14,max_power_bg_invert,61,1,3,72.0,4283.0,3166.8
14,max_power_bg_invert,62,1,3,72.0,4283.0,3167.2
14,max_power_bg_invert,63,1,3,72.0,4282.0,3167.6
14,max_power_bg_invert,64,1,3,73.0,4281.0,3167.2
14,max_power_bg_invert,65,1,3,72.0,4282.0,3166.0
14,max_power_bg_invert,66,1,3,72.0,4282.0,3165.6
14,max_power_bg_invert,67,1,3,72.0,4282.0,3165.2
14,max_power_bg_invert,68,1,3,72.0,4283.0,3164.0
14,max_power_bg_invert,69,1,3,72.0,4282.0,3164.0
14,max_power_bg_invert,70,1,3,72.0,4283.0,3163.6
14,max_power_bg_invert,71,1,3,73.0,4283.0,3162.4
14,max_power_bg_invert,72,1,3,72.0,4283.0,3162.8
14,max_power_bg_invert,73,1,3,72.0,4283.0,3162.8
14,max_power_bg_invert,74,1,3,72.0,4284.0,3162.8
14,max_power_bg_invert,75,1,3,72.0,4284.0,3162.8
14,max_power_bg_invert,76,1,3,72.0,4284.0,3162.4
14,max_power_bg_invert,77,1,3,72.0,4284.0,3162.0
14,max_power_bg_invert,78,1,3,72.0,4284.0,3162.0
14,max_power_bg_invert,79,1,3,72.0,4284.0,3162.4
14,max_power_bg_invert,80,1,3,72.0,4280.0,3137.2
14,max_power_bg_invert,81,1,3,73.0,4285.0,3151.6
14,max_power_bg_invert,82,1,3,72.0,4289.0,3148.0
14,max_power_bg_invert,83,1,3,72.0,4289.0,3151.6
14,max_power_bg_invert,84,1,3,72.0,4291.0,3154.8
14,max_power_bg_invert,85,1,3,72.0,4291.0,3159.2
14,max_power_bg_invert,86,1,3,73.0,4294.0,3157.2
14,max_power_bg_invert,87,1,3,72.0,4294.0,3160.0
14,max_power_bg_invert,88,1,3,73.0,4292.0,3159.2
14,max_power_bg_invert,89,1,3,72.0,4289.0,3158.8
14,max_power_bg_invert,90,1,3,72.0,4292.0,3157.6
14,max_power_bg_invert,0,2,3,64.0,1075.0,3104.8
14,max_power_bg_invert,1,2,3,71.0,3970.0,2748.8
14,max_power_bg_invert,2,2,3,71.0,4160.0,2940.4
14,max_power_bg_invert,3,2,3,71.0,4210.0,3009.6
14,max_power_bg_invert,4,2,3,71.0,4238.0,3042.8
14,max_power_bg_invert,5,2,3,71.0,4246.0,3074.4
14,max_power_bg_invert,6,2,3,71.0,4259.0,3090.8
14,max_power_bg_invert,7,2,3,72.0,4266.0,3107.2
14,max_power_bg_invert,8,2,3,71.0,4273.0,3116.0
14,max_power_bg_invert,9,2,3,71.0,4281.0,3120.8
14,max_power_bg_invert,10,2,3,72.0,4286.0,3126.0
14,max_power_bg_invert,11,2,3,72.0,4286.0,3130.0
14,max_power_bg_invert,12,2,3,72.0,4289.0,3133.2
14,max_power_bg_invert,13,2,3,72.0,4292.0,3137.2
14,max_power_bg_invert,14,2,3,72.0,4294.0,3140.8
14,max_power_bg_invert,15,2,3,71.0,4295.0,3145.2
14,max_power_bg_invert,16,2,3,71.0,4295.0,3149.6
14,max_power_bg_invert,17,2,3,72.0,4296.0,3148.8
14,max_power_bg_invert,18,2,3,72.0,4296.0,3153.2
14,max_power_bg_invert,19,2,3,72.0,4296.0,3156.8
14,max_power_bg_invert,20,2,3,72.0,4296.0,3156.4
14,max_power_bg_invert,21,2,3,72.0,4298.0,3155.6
14,max_power_bg_invert,22,2,3,72.0,4299.0,3158.8
14,max_power_bg_invert,23,2,3,72.0,4301.0,3158.4
14,max_power_bg_invert,24,2,3,72.0,4303.0,3161.6
14,max_power_bg_invert,25,2,3,72.0,4304.0,3160.8
14,max_power_bg_invert,26,2,3,72.0,4305.0,3160.8
14,max_power_bg_invert,27,2,3,71.0,4306.0,3161.2
14,max_power_bg_invert,28,2,3,72.0,4306.0,3164.8
14,max_power_bg_invert,29,2,3,72.0,4308.0,3163.6
14,max_power_bg_invert,30,2,3,71.0,4310.0,3162.0
14,max_power_bg_invert,31,2,3,72.0,4309.0,3162.8
14,max_power_bg_invert,32,2,3,72.0,4310.0,3167.2
14,max_power_bg_invert,33,2,3,72.0,4311.0,3166.8
14,max_power_bg_invert,34,2,3,72.0,4312.0,3168.0
14,max_power_bg_invert,35,2,3,72.0,4314.0,3167.2
14,max_power_bg_invert,36,2,3,72.0,4313.0,3168.0
14,max_power_bg_invert,37,2,3,72.0,4314.0,3167.2
14,max_power_bg_invert,38,2,3,72.0,4314.0,3172.0
14,max_power_bg_invert,39,2,3,71.0,4314.0,3171.2
14,max_power_bg_invert,40,2,3,72.0,4331.0,3175.6
14,max_power_bg_invert,41,2,3,72.0,4335.0,3168.4
14,max_power_bg_invert,42,2,3,72.0,4343.0,3167.2
14,max_power_bg_invert,43,2,3,72.0,4342.0,3164.4
14,max_power_bg_invert,44,2,3,72.0,4339.0,3168.4
14,max_power_bg_invert,45,2,3,72.0,4346.0,3165.2
14,max_power_bg_invert,46,2,3,72.0,4346.0,3163.2
14,max_power_bg_invert,47,2,3,72.0,4343.0,3168.0
14,max_power_bg_invert,48,2,3,72.0,4342.0,3169.6
14,max_power_bg_invert,49,2,3,72.0,4341.0,3171.6
14,max_power_bg_invert,50,2,3,72.0,4343.0,3171.2
14,max_power_bg_invert,51,2,3,72.0,4340.0,3170.4
14,max_power_bg_invert,52,2,3,72.0,4341.0,3169.6
14,max_power_bg_invert,53,2,3,72.0,4341.0,3170.0
14,max_power_bg_invert,54,2,3,72.0,4342.0,3168.4
14,max_power_bg_invert,55,2,3,72.0,4343.0,3166.0
14,max_power_bg_invert,56,2,3,72.0,4343.0,3166.4
14,max_power_bg_invert,57,2,3,72.0,4341.0,3167.2
14,max_power_bg_invert,58,2,3,72.0,4343.0,3166.0
14,max_power_bg_invert,59,2,3,72.0,4342.0,3167.2
14,max_power_bg_invert,60,2,3,72.0,4340.0,3167.6
14,max_power_bg_invert,61,2,3,72.0,4341.0,3166.4
14,max_power_bg_invert,62,2,3,72.0,4341.0,3166.0
14,max_power_bg_invert,63,2,3,72.0,4341.0,3165.6
14,max_power_bg_invert,64,2,3,72.0,4340.0,3164.8
14,max_power_bg_invert,65,2,3,72.0,4339.0,3167.2
14,max_power_bg_invert,66,2,3,72.0,4339.0,3167.6
14,max_power_bg_invert,67,2,3,72.0,4339.0,3166.8
14,max_power_bg_invert,68,2,3,72.0,4338.0,3167.2
14,max_power_bg_invert,69,2,3,72.0,4337.0,3166.8
14,max_power_bg_invert,70,2,3,72.0,4337.0,3167.2
14,max_power_bg_invert,71,2,3,72.0,4337.0,3167.2
14,max_power_bg_invert,72,2,3,72.0,4338.0,3166.8
14,max_power_bg_invert,73,2,3,72.0,4336.0,3166.8
14,max_power_bg_invert,74,2,3,71.0,4335.0,3167.2
14,max_power_bg_invert,75,2,3,72.0,4335.0,3164.8
14,max_power_bg_invert,76,2,3,72.0,4334.0,3165.2
14,max_power_bg_invert,77,2,3,72.0,4333.0,3165.2
14,max_power_bg_invert,78,2,3,72.0,4333.0,3164.4
14,max_power_bg_invert,79,2,3,72.0,4333.0,3165.2
14,max_power_bg_invert,80,2,3,72.0,4290.0,3190.8
14,max_power_bg_invert,81,2,3,71.0,4315.0,3168.4
14,max_power_bg_invert,82,2,3,72.0,4320.0,3172.8
14,max_power_bg_invert,83,2,3,72.0,4323.0,3174.4
14,max_power_bg_invert,84,2,3,72.0,4316.0,3176.8
14,max_power_bg_invert,85,2,3,72.0,4310.0,3179.2
14,max_power_bg_invert,86,2,3,72.0,4317.0,3172.4
14,max_power_bg_invert,87,2,3,72.0,4323.0,3168.8
14,max_power_bg_invert,88,2,3,72.0,4321.0,3169.6
14,max_power_bg_invert,89,2,3,72.0,4327.0,3165.6
14,max_power_bg_invert,90,2,3,72.0,4331.0,3166.0
15,max_power_bg_invert,0,0,1,61.0,1000.0,3093.6
15,max_power_bg_invert,1,0,1,68.0,3700.0,2766.0
15,max_power_bg_invert,2,0,1,69.0,3863.0,2927.2
15,max_power_bg_invert,3,0,1,69.0,3917.0,2992.4
15,max_power_bg_invert,4,0,1,69.0,3938.0,3023.6
15,max_power_bg_invert,5,0,1,69.0,3948.0,3050.8
15,max_power_bg_invert,6,0,1,69.0,3960.0,3058.0
15,max_power_bg_invert,7,0,1,69.0,3969.0,3066.8
15,max_power_bg_invert,8,0,1,69.0,3973.0,3072.0
15,max_power_bg_invert,9,0,1,69.0,3979.0,3078.4
15,max_power_bg_invert,10,0,1,69.0,3977.0,3082.0
15,max_power_bg_invert,11,0,1,69.0,3977.0,3090.8
15,max_power_bg_invert,12,0,1,69.0,3980.0,3088.8
15,max_power_bg_invert,13,0,1,69.0,3983.0,3091.6
15,max_power_bg_invert,14,0,1,69.0,3984.0,3096.8
15,max_power_bg_invert,15,0,1,69.0,3982.0,3100.4
15,max_power_bg_invert,16,0,1,69.0,3983.0,3098.8
15,max_power_bg_invert,17,0,1,69.0,3984.0,3102.4
15,max_power_bg_invert,18,0,1,69.0,3986.0,3100.0
15,max_power_bg_invert,19,0,1,69.0,3987.0,3104.8
15,max_power_bg_invert,20,0,1,69.0,3987.0,3103.2
15,max_power_bg_invert,21,0,1,69.0,3988.0,3103.2
15,max_power_bg_invert,22,0,1,69.0,3989.0,3107.6
15,max_power_bg_invert,23,0,1,69.0,3990.0,3107.2
15,max_power_bg_invert,24,0,1,69.0,3990.0,3106.0
15,max_power_bg_invert,25,0,1,69.0,3990.0,3109.6
15,max_power_bg_invert,26,0,1,69.0,3991.0,3108.0
15,max_power_bg_invert,27,0,1,69.0,3992.0,3112.4
15,max_power_bg_invert,28,0,1,69.0,3992.0,3112.0
15,max_power_bg_invert,29,0,1,69.0,3991.0,3112.0
15,max_power_bg_invert,30,0,1,69.0,3992.0,3112.0
15,max_power_bg_invert,31,0,1,69.0,3991.0,3116.0
15,max_power_bg_invert,32,0,1,69.0,3990.0,3116.4
15,max_power_bg_invert,33,0,1,69.0,3991.0,3116.0
15,max_power_bg_invert,34,0,1,69.0,3993.0,3114.8
15,max_power_bg_invert,35,0,1,69.0,3992.0,3119.6
15,max_power_bg_invert,36,0,1,69.0,3994.0,3119.2
15,max_power_bg_invert,37,0,1,69.0,3994.0,3119.6
15,max_power_bg_invert,38,0,1,69.0,3993.0,3120.0
15,max_power_bg_invert,39,0,1,69.0,3993.0,3124.8
15,max_power_bg_invert,40,0,1,69.0,4010.0,3152.0
15,max_power_bg_invert,41,0,1,69.0,4000.0,3154.0
15,max_power_bg_invert,42,0,1,69.0,3993.0,3155.6
15,max_power_bg_invert,43,0,1,69.0,4002.0,3149.6
15,max_power_bg_invert,44,0,1,69.0,4004.0,3148.8
15,max_power_bg_invert,45,0,1,69.0,4001.0,3150.0
15,max_power_bg_invert,46,0,1,69.0,3997.0,3148.4
15,max_power_bg_invert,47,0,1,69.0,3998.0,3148.8
15,max_power_bg_invert,48,0,1,69.0,3997.0,3147.2
15,max_power_bg_invert,49,0,1,69.0,3998.0,3148.4
15,max_power_bg_invert,50,0,1,69.0,3998.0,3146.4
15,max_power_bg_invert,51,0,1,69.0,4000.0,3147.2
15,max_power_bg_invert,52,0,1,69.0,3999.0,3147.2
15,max_power_bg_invert,53,0,1,69.0,4001.0,3147.2
15,max_power_bg_invert,54,0,1,69.0,4000.0,3147.2
15,max_power_bg_invert,55,0,1,69.0,4000.0,3148.0
15,max_power_bg_invert,56,0,1,69.0,4002.0,3146.0
15,max_power_bg_invert,57,0,1,69.0,4000.0,3147.2
15,max_power_bg_invert,58,0,1,69.0,3999.0,3148.4
15,max_power_bg_invert,59,0,1,69.0,4000.0,3148.4
15,max_power_bg_invert,60,0,1,69.0,3999.0,3148.0
15,max_power_bg_invert,61,0,1,69.0,3999.0,3147.2
15,max_power_bg_invert,62,0,1,69.0,4000.0,3147.6
15,max_power_bg_invert,63,0,1,69.0,4000.0,3148.0
15,max_power_bg_invert,64,0,1,69.0,4001.0,3147.6
15,max_power_bg_invert,65,0,1,69.0,4002.0,3146.8
15,max_power_bg_invert,66,0,1,69.0,4003.0,3146.8
15,max_power_bg_invert,67,0,1,69.0,4003.0,3144.8
15,max_power_bg_invert,68,0,1,69.0,4003.0,3145.6
15,max_power_bg_invert,69,0,1,69.0,4003.0,3145.2
15,max_power_bg_invert,70,0,1,69.0,4002.0,3144.8
15,max_power_bg_invert,71,0,1,69.0,4004.0,3144.4
15,max_power_bg_invert,72,0,1,69.0,4003.0,3145.2
15,max_power_bg_invert,73,0,1,70.0,4003.0,3145.2
15,max_power_bg_invert,74,0,1,69.0,4004.0,3144.8
15,max_power_bg_invert,75,0,1,69.0,4004.0,3145.2
15,max_power_bg_invert,76,0,1,69.0,4003.0,3145.6
15,max_power_bg_invert,77,0,1,69.0,4004.0,3144.8
15,max_power_bg_invert,78,0,1,69.0,4004.0,3144.8
15,max_power_bg_invert,79,0,1,69.0,4004.0,3144.8
15,max_power_bg_invert,80,0,1,69.0,4050.0,3147.6
15,max_power_bg_invert,81,0,1,69.0,4035.0,3142.4
15,max_power_bg_invert,82,0,1,69.0,4033.0,3142.0
15,max_power_bg_invert,83,0,1,69.0,4025.0,3144.8
15,max_power_bg_invert,84,0,1,69.0,4022.0,3143.2
15,max_power_bg_invert,85,0,1,69.0,4022.0,3139.6
15,max_power_bg_invert,86,0,1,69.0,4014.0,3137.2
15,max_power_bg_invert,87,0,1,69.0,4008.0,3138.0
15,max_power_bg_invert,88,0,1,69.0,4007.0,3136.0
15,max_power_bg_invert,89,0,1,69.0,4012.0,3133.6
15,max_power_bg_invert,90,0,1,69.0,4011.0,3132.8
15,max_power_bg_invert,0,0,2,61.0,900.0,3117.2
15,max_power_bg_invert,1,0,2,69.0,3890.0,2789.2
15,max_power_bg_invert,2,0,2,69.0,4055.0,2968.8
15,max_power_bg_invert,3,0,2,69.0,4117.0,3021.6
15,max_power_bg_invert,4,0,2,69.0,4151.0,3046.8
15,max_power_bg_invert,5,0,2,69.0,4165.0,3062.8
15,max_power_bg_invert,6,0,2,69.0,4177.0,3074.4
15,max_power_bg_invert,7,0,2,69.0,4189.0,3083.6
15,max_power_bg_invert,8,0,2,70.0,4196.0,3090.8
15,max_power_bg_invert,9,0,2,69.0,4197.0,3099.2
15,max_power_bg_invert,10,0,2,69.0,4201.0,3101.2
15,max_power_bg_invert,11,0,2,69.0,4203.0,3107.2
15,max_power_bg_invert,12,0,2,69.0,4203.0,3110.0
15,max_power_bg_invert,13,0,2,70.0,4206.0,3114.0
15,max_power_bg_invert,14,0,2,69.0,4208.0,3118.4
15,max_power_bg_invert,15,0,2,69.0,4208.0,3116.4
15,max_power_bg_invert,16,0,2,69.0,4210.0,3119.2
15,max_power_bg_invert,17,0,2,70.0,4210.0,3118.8
15,max_power_bg_invert,18,0,2,70.0,4213.0,3120.8
15,max_power_bg_invert,19,0,2,69.0,4214.0,3119.6
15,max_power_bg_invert,20,0,2,70.0,4216.0,3118.8
15,max_power_bg_invert,21,0,2,70.0,4217.0,3124.0
15,max_power_bg_invert,22,0,2,70.0,4217.0,3124.0
15,max_power_bg_invert,23,0,2,70.0,4219.0,3122.8
15,max_power_bg_invert,24,0,2,70.0,4222.0,3121.2
15,max_power_bg_invert,25,0,2,70.0,4224.0,3125.2
15,max_power_bg_invert,26,0,2,70.0,4224.0,3125.2
15,max_power_bg_invert,27,0,2,70.0,4225.0,3124.4
15,max_power_bg_invert,28,0,2,70.0,4226.0,3123.2
15,max_power_bg_invert,29,0,2,69.0,4226.0,3122.8
15,max_power_bg_invert,30,0,2,70.0,4226.0,3122.4
15,max_power_bg_invert,31,0,2,70.0,4227.0,3127.2
15,max_power_bg_invert,32,0,2,70.0,4227.0,3126.8
15,max_power_bg_invert,33,0,2,70.0,4227.0,3127.2
15,max_power_bg_invert,34,0,2,70.0,4227.0,3126.8
15,max_power_bg_invert,35,0,2,70.0,4227.0,3126.4
15,max_power_bg_invert,36,0,2,70.0,4228.0,3126.0
15,max_power_bg_invert,37,0,2,70.0,4229.0,3124.8
15,max_power_bg_invert,38,0,2,70.0,4229.0,3124.8
15,max_power_bg_invert,39,0,2,70.0,4230.0,3129.2
15,max_power_bg_invert,40,0,2,70.0,4233.0,3136.0
15,max_power_bg_invert,41,0,2,70.0,4236.0,3141.2
15,max_power_bg_invert,42,0,2,70.0,4224.0,3151.2
15,max_power_bg_invert,43,0,2,70.0,4233.0,3148.8
15,max_power_bg_invert,44,0,2,70.0,4235.0,3139.6
15,max_power_bg_invert,45,0,2,69.0,4241.0,3137.2
15,max_power_bg_invert,46,0,2,70.0,4241.0,3133.6
15,max_power_bg_invert,47,0,2,70.0,4238.0,3134.0
15,max_power_bg_invert,48,0,2,70.0,4237.0,3134.8
15,max_power_bg_invert,49,0,2,70.0,4238.0,3137.2
15,max_power_bg_invert,50,0,2,70.0,4240.0,3137.2
15,max_power_bg_invert,51,0,2,70.0,4238.0,3143.6
15,max_power_bg_invert,52,0,2,70.0,4238.0,3143.2
15,max_power_bg_invert,53,0,2,70.0,4238.0,3144.4
15,max_power_bg_invert,54,0,2,70.0,4238.0,3144.8
15,max_power_bg_invert,55,0,2,70.0,4238.0,3148.0
15,max_power_bg_invert,56,0,2,70.0,4237.0,3147.6
15,max_power_bg_invert,57,0,2,70.0,4238.0,3147.6
15,max_power_bg_invert,58,0,2,70.0,4238.0,3147.6
15,max_power_bg_invert,59,0,2,70.0,4239.0,3146.0
15,max_power_bg_invert,60,0,2,70.0,4240.0,3146.4
15,max_power_bg_invert,61,0,2,70.0,4241.0,3146.4
15,max_power_bg_invert,62,0,2,70.0,4241.0,3151.6
15,max_power_bg_invert,63,0,2,70.0,4240.0,3152.0
15,max_power_bg_invert,64,0,2,70.0,4239.0,3152.8
15,max_power_bg_invert,65,0,2,70.0,4239.0,3152.4
15,max_power_bg_invert,66,0,2,70.0,4238.0,3153.2
15,max_power_bg_invert,67,0,2,70.0,4238.0,3153.2
15,max_power_bg_invert,68,0,2,70.0,4236.0,3154.0
15,max_power_bg_invert,69,0,2,70.0,4236.0,3152.8
15,max_power_bg_invert,70,0,2,70.0,4236.0,3153.2
15,max_power_bg_invert,71,0,2,70.0,4237.0,3152.8
15,max_power_bg_invert,72,0,2,70.0,4235.0,3154.0
15,max_power_bg_invert,73,0,2,70.0,4235.0,3154.0
15,max_power_bg_invert,74,0,2,70.0,4234.0,3154.8
15,max_power_bg_invert,75,0,2,70.0,4235.0,3154.8
15,max_power_bg_invert,76,0,2,70.0,4235.0,3154.4
15,max_power_bg_invert,77,0,2,70.0,4236.0,3153.6
15,max_power_bg_invert,78,0,2,70.0,4236.0,3153.6
15,max_power_bg_invert,79,0,2,70.0,4236.0,3153.6
15,max_power_bg_invert,80,0,2,70.0,4250.0,3156.8
15,max_power_bg_invert,81,0,2,70.0,4236.0,3162.0
15,max_power_bg_invert,82,0,2,70.0,4234.0,3162.4
15,max_power_bg_invert,83,0,2,70.0,4243.0,3158.8
15,max_power_bg_invert,84,0,2,70.0,4240.0,3158.8
15,max_power_bg_invert,85,0,2,70.0,4241.0,3159.2
15,max_power_bg_invert,86,0,2,70.0,4238.0,3157.6
15,max_power_bg_invert,87,0,2,70.0,4235.0,3158.0
15,max_power_bg_invert,88,0,2,70.0,4236.0,3156.0
15,max_power_bg_invert,89,0,2,70.0,4235.0,3157.6
15,max_power_bg_invert,90,0,2,70.0,4234.0,3156.8
15,max_power_bg_invert,0,0,3,61.0,925.0,3133.6
15,max_power_bg_invert,1,0,3,69.0,3750.0,2784.4
15,max_power_bg_invert,2,0,3,69.0,3926.0,2953.2
15,max_power_bg_invert,3,0,3,69.0,4000.0,3019.2
15,max_power_bg_invert,4,0,3,70.0,4028.0,3053.2
15,max_power_bg_invert,5,0,3,70.0,4040.0,3074.0
15,max_power_bg_invert,6,0,3,70.0,4048.0,3086.8
15,max_power_bg_invert,7,0,3,70.0,4058.0,3094.0
15,max_power_bg_invert,8,0,3,70.0,4065.0,3103.6
15,max_power_bg_invert,9,0,3,70.0,4072.0,3106.0
15,max_power_bg_invert,10,0,3,70.0,4081.0,3109.6
15,max_power_bg_invert,11,0,3,70.0,4087.0,3112.4
15,max_power_bg_invert,12,0,3,70.0,4090.0,3116.4
15,max_power_bg_invert,13,0,3,70.0,4092.0,3118.4
15,max_power_bg_invert,14,0,3,70.0,4091.0,3118.8
15,max_power_bg_invert,15,0,3,70.0,4095.0,3121.6
15,max_power_bg_invert,16,0,3,70.0,4096.0,3126.8
15,max_power_bg_invert,17,0,3,70.0,4096.0,3128.0
15,max_power_bg_invert,18,0,3,70.0,4098.0,3126.4
15,max_power_bg_invert,19,0,3,70.0,4101.0,3128.4
15,max_power_bg_invert,20,0,3,70.0,4102.0,3128.4
15,max_power_bg_invert,21,0,3,70.0,4104.0,3127.2
15,max_power_bg_invert,22,0,3,70.0,4106.0,3130.0
15,max_power_bg_invert,23,0,3,70.0,4107.0,3129.6
15,max_power_bg_invert,24,0,3,70.0,4108.0,3127.6
15,max_power_bg_invert,25,0,3,70.0,4107.0,3127.6
15,max_power_bg_invert,26,0,3,70.0,4107.0,3131.6
15,max_power_bg_invert,27,0,3,70.0,4107.0,3130.4
15,max_power_bg_invert,28,0,3,70.0,4108.0,3129.2
15,max_power_bg_invert,29,0,3,70.0,4108.0,3128.8
15,max_power_bg_invert,30,0,3,70.0,4108.0,3128.0
15,max_power_bg_invert,31,0,3,70.0,4107.0,3127.6
15,max_power_bg_invert,32,0,3,70.0,4108.0,3131.6
15,max_power_bg_invert,33,0,3,70.0,4108.0,3132.0
15,max_power_bg_invert,34,0,3,70.0,4108.0,3131.6
15,max_power_bg_invert,35,0,3,70.0,4107.0,3132.4
15,max_power_bg_invert,36,0,3,70.0,4108.0,3132.0
15,max_power_bg_invert,37,0,3,70.0,4107.0,3132.0
15,max_power_bg_invert,38,0,3,70.0,4107.0,3132.0
15,max_power_bg_invert,39,0,3,70.0,4106.0,3132.4
15,max_power_bg_invert,40,0,3,70.0,4070.0,3158.8
15,max_power_bg_invert,41,0,3,70.0,4080.0,3148.8
15,max_power_bg_invert,42,0,3,70.0,4080.0,3150.4
15,max_power_bg_invert,43,0,3,70.0,4082.0,3149.2
15,max_power_bg_invert,44,0,3,70.0,4089.0,3146.8
15,max_power_bg_invert,45,0,3,70.0,4098.0,3141.2
15,max_power_bg_invert,46,0,3,70.0,4101.0,3143.2
15,max_power_bg_invert,47,0,3,70.0,4100.0,3142.0
15,max_power_bg_invert,48,0,3,70.0,4098.0,3146.0
15,max_power_bg_invert,49,0,3,70.0,4102.0,3143.6
15,max_power_bg_invert,50,0,3,70.0,4104.0,3143.2
15,max_power_bg_invert,51,0,3,70.0,4105.0,3144.0
15,max_power_bg_invert,52,0,3,70.0,4103.0,3145.2
15,max_power_bg_invert,53,0,3,70.0,4104.0,3144.0
15,max_power_bg_invert,54,0,3,70.0,4106.0,3141.6
15,max_power_bg_invert,55,0,3,70.0,4105.0,3141.6
15,max_power_bg_invert,56,0,3,70.0,4106.0,3142.0
15,max_power_bg_invert,57,0,3,70.0,4105.0,3142.8
15,max_power_bg_invert,58,0,3,70.0,4106.0,3142.8
15,max_power_bg_invert,59,0,3,70.0,4105.0,3143.2
15,max_power_bg_invert,60,0,3,70.0,4106.0,3141.6
15,max_power_bg_invert,61,0,3,70.0,4106.0,3141.2
15,max_power_bg_invert,62,0,3,70.0,4108.0,3140.4
15,max_power_bg_invert,63,0,3,70.0,4108.0,3140.8
15,max_power_bg_invert,64,0,3,70.0,4109.0,3140.8
15,max_power_bg_invert,65,0,3,70.0,4108.0,3142.0
15,max_power_bg_invert,66,0,3,70.0,4107.0,3142.8
15,max_power_bg_invert,67,0,3,70.0,4107.0,3143.6
15,max_power_bg_invert,68,0,3,70.0,4108.0,3143.2
15,max_power_bg_invert,69,0,3,70.0,4108.0,3142.8
15,max_power_bg_invert,70,0,3,70.0,4106.0,3143.6
15,max_power_bg_invert,71,0,3,70.0,4107.0,3143.2
15,max_power_bg_invert,72,0,3,70.0,4107.0,3143.2
15,max_power_bg_invert,73,0,3,70.0,4108.0,3142.8
15,max_power_bg_invert,74,0,3,70.0,4109.0,3142.0
15,max_power_bg_invert,75,0,3,70.0,4110.0,3140.8
15,max_power_bg_invert,76,0,3,70.0,4110.0,3141.2
15,max_power_bg_invert,77,0,3,70.0,4110.0,3140.4
15,max_power_bg_invert,78,0,3,70.0,4109.0,3141.2
15,max_power_bg_invert,79,0,3,70.0,4109.0,3141.2
15,max_power_bg_invert,80,0,3,70.0,4120.0,3146.8
15,max_power_bg_invert,81,0,3,70.0,4099.0,3146.8
15,max_power_bg_invert,82,0,3,70.0,4109.0,3134.8
15,max_power_bg_invert,83,0,3,70.0,4123.0,3127.6
15,max_power_bg_invert,84,0,3,70.0,4120.0,3125.6
15,max_power_bg_invert,85,0,3,70.0,4115.0,3129.6
15,max_power_bg_invert,86,0,3,70.0,4111.0,3132.0
15,max_power_bg_invert,87,0,3,70.0,4110.0,3136.8
15,max_power_bg_invert,88,0,3,70.0,4114.0,3133.6
15,max_power_bg_invert,89,0,3,70.0,4116.0,3128.4
15,max_power_bg_invert,90,0,3,70.0,4116.0,3125.6
15,max_power_bg_invert,0,1,2,62.0,950.0,3118.0
15,max_power_bg_invert,1,1,2,69.0,3790.0,2838.8
15,max_power_bg_invert,2,1,2,70.0,3970.0,2976.0
15,max_power_bg_invert,3,1,2,70.0,4020.0,3030.0
15,max_power_bg_invert,4,1,2,70.0,4051.0,3056.0
15,max_power_bg_invert,5,1,2,70.0,4063.0,3064.4
15,max_power_bg_invert,6,1,2,70.0,4077.0,3074.8
15,max_power_bg_invert,7,1,2,70.0,4083.0,3084.0
15,max_power_bg_invert,8,1,2,70.0,4089.0,3089.6
15,max_power_bg_invert,9,1,2,70.0,4087.0,3097.6
15,max_power_bg_invert,10,1,2,70.0,4090.0,3102.0
15,max_power_bg_invert,11,1,2,70.0,4091.0,3108.4
15,max_power_bg_invert,12,1,2,70.0,4094.0,3111.2
15,max_power_bg_invert,13,1,2,70.0,4096.0,3114.0
15,max_power_bg_invert,14,1,2,70.0,4098.0,3116.8
15,max_power_bg_invert,15,1,2,70.0,4097.0,3117.2
15,max_power_bg_invert,16,1,2,70.0,4098.0,3120.0
15,max_power_bg_invert,17,1,2,70.0,4098.0,3120.0
15,max_power_bg_invert,18,1,2,70.0,4097.0,3119.2
15,max_power_bg_invert,19,1,2,70.0,4097.0,3123.6
15,max_power_bg_invert,20,1,2,70.0,4099.0,3122.0
15,max_power_bg_invert,21,1,2,70.0,4098.0,3121.6
15,max_power_bg_invert,22,1,2,70.0,4097.0,3122.0
15,max_power_bg_invert,23,1,2,70.0,4099.0,3125.6
15,max_power_bg_invert,24,1,2,70.0,4099.0,3127.2
15,max_power_bg_invert,25,1,2,70.0,4099.0,3127.2
15,max_power_bg_invert,26,1,2,70.0,4100.0,3126.8
15,max_power_bg_invert,27,1,2,70.0,4101.0,3125.6
15,max_power_bg_invert,28,1,2,70.0,4104.0,3128.8
15,max_power_bg_invert,29,1,2,70.0,4104.0,3127.6
15,max_power_bg_invert,30,1,2,70.0,4105.0,3126.8
15,max_power_bg_invert,31,1,2,70.0,4105.0,3126.4
15,max_power_bg_invert,32,1,2,70.0,4106.0,3125.6
15,max_power_bg_invert,33,1,2,70.0,4107.0,3124.8
15,max_power_bg_invert,34,1,2,70.0,4108.0,3123.6
15,max_power_bg_invert,35,1,2,70.0,4107.0,3124.4
15,max_power_bg_invert,36,1,2,70.0,4107.0,3124.0
15,max_power_bg_invert,37,1,2,70.0,4108.0,3123.2
15,max_power_bg_invert,38,1,2,70.0,4109.0,3127.2
15,max_power_bg_invert,39,1,2,70.0,4109.0,3127.2
15,max_power_bg_invert,40,1,2,70.0,4130.0,3131.6
15,max_power_bg_invert,41,1,2,70.0,4135.0,3121.2
15,max_power_bg_invert,42,1,2,70.0,4133.0,3122.8
15,max_power_bg_invert,43,1,2,70.0,4128.0,3125.2
15,max_power_bg_invert,44,1,2,70.0,4134.0,3118.4
15,max_power_bg_invert,45,1,2,70.0,4127.0,3120.8
15,max_power_bg_invert,46,1,2,70.0,4130.0,3117.6
15,max_power_bg_invert,47,1,2,70.0,4124.0,3120.4
15,max_power_bg_invert,48,1,2,70.0,4125.0,3119.2
15,max_power_bg_invert,49,1,2,70.0,4129.0,3119.6
15,max_power_bg_invert,50,1,2,70.0,4125.0,3122.8
15,max_power_bg_invert,51,1,2,70.0,4126.0,3122.8
15,max_power_bg_invert,52,1,2,70.0,4124.0,3124.0
15,max_power_bg_invert,53,1,2,70.0,4122.0,3125.2
15,max_power_bg_invert,54,1,2,70.0,4122.0,3123.2
15,max_power_bg_invert,55,1,2,70.0,4125.0,3121.6
15,max_power_bg_invert,56,1,2,70.0,4126.0,3121.6
15,max_power_bg_invert,57,1,2,70.0,4125.0,3122.4
15,max_power_bg_invert,58,1,2,70.0,4123.0,3124.4
15,max_power_bg_invert,59,1,2,70.0,4122.0,3125.6
15,max_power_bg_invert,60,1,2,70.0,4124.0,3124.4
15,max_power_bg_invert,61,1,2,70.0,4125.0,3124.4
15,max_power_bg_invert,62,1,2,70.0,4126.0,3124.0
15,max_power_bg_invert,63,1,2,70.0,4127.0,3123.2
15,max_power_bg_invert,64,1,2,70.0,4126.0,3124.0
15,max_power_bg_invert,65,1,2,70.0,4127.0,3122.8
15,max_power_bg_invert,66,1,2,70.0,4126.0,3123.6
15,max_power_bg_invert,67,1,2,70.0,4128.0,3122.0
15,max_power_bg_invert,68,1,2,70.0,4127.0,3122.8
15,max_power_bg_invert,69,1,2,70.0,4127.0,3121.6
15,max_power_bg_invert,70,1,2,70.0,4127.0,3122.0
15,max_power_bg_invert,71,1,2,70.0,4126.0,3122.4
15,max_power_bg_invert,72,1,2,70.0,4126.0,3122.0
15,max_power_bg_invert,73,1,2,70.0,4127.0,3120.8
15,max_power_bg_invert,74,1,2,70.0,4127.0,3125.6
15,max_power_bg_invert,75,1,2,70.0,4128.0,3124.8
15,max_power_bg_invert,76,1,2,70.0,4127.0,3125.2
15,max_power_bg_invert,77,1,2,70.0,4127.0,3125.6
15,max_power_bg_invert,78,1,2,70.0,4128.0,3126.0
15,max_power_bg_invert,79,1,2,70.0,4128.0,3125.6
15,max_power_bg_invert,80,1,2,70.0,4110.0,3154.4
15,max_power_bg_invert,81,1,2,70.0,4115.0,3148.0
15,max_power_bg_invert,82,1,2,70.0,4113.0,3154.0
15,max_power_bg_invert,83,1,2,70.0,4110.0,3153.2
15,max_power_bg_invert,84,1,2,70.0,4108.0,3155.2
15,max_power_bg_invert,85,1,2,70.0,4110.0,3155.6
15,max_power_bg_invert,86,1,2,70.0,4105.0,3158.4
15,max_power_bg_invert,87,1,2,70.0,4108.0,3154.8
15,max_power_bg_invert,88,1,2,70.0,4114.0,3150.4
15,max_power_bg_invert,89,1,2,70.0,4117.0,3150.0
15,max_power_bg_invert,90,1,2,70.0,4118.0,3147.6
15,max_power_bg_invert,0,1,3,62.0,925.0,3100.4
15,max_power_bg_invert,1,1,3,69.0,3940.0,2630.4
15,max_power_bg_invert,2,1,3,70.0,3940.0,2884.0
15,max_power_bg_invert,3,1,3,70.0,3955.0,2956.8
15,max_power_bg_invert,4,1,3,70.0,3953.0,3008.8
15,max_power_bg_invert,5,1,3,70.0,3961.0,3031.2
15,max_power_bg_invert,6,1,3,70.0,3966.0,3043.6
15,max_power_bg_invert,7,1,3,70.0,3967.0,3050.0
15,max_power_bg_invert,8,1,3,70.0,3969.0,3059.2
15,max_power_bg_invert,9,1,3,70.0,3965.0,3072.8
15,max_power_bg_invert,10,1,3,70.0,3969.0,3073.6
15,max_power_bg_invert,11,1,3,70.0,3971.0,3076.0
15,max_power_bg_invert,12,1,3,70.0,3968.0,3082.4
15,max_power_bg_invert,13,1,3,70.0,3965.0,3089.6
15,max_power_bg_invert,14,1,3,70.0,3962.0,3090.8
15,max_power_bg_invert,15,1,3,70.0,3965.0,3094.8
15,max_power_bg_invert,16,1,3,70.0,3962.0,3096.4
15,max_power_bg_invert,17,1,3,70.0,3959.0,3102.8
15,max_power_bg_invert,18,1,3,70.0,3961.0,3105.2
15,max_power_bg_invert,19,1,3,70.0,3961.0,3106.0
15,max_power_bg_invert,20,1,3,70.0,3962.0,3105.2
15,max_power_bg_invert,21,1,3,70.0,3961.0,3110.4
15,max_power_bg_invert,22,1,3,70.0,3963.0,3109.6
15,max_power_bg_invert,23,1,3,70.0,3961.0,3111.2
15,max_power_bg_invert,24,1,3,70.0,3963.0,3112.8
15,max_power_bg_invert,25,1,3,70.0,3962.0,3113.2
15,max_power_bg_invert,26,1,3,70.0,3964.0,3116.8
15,max_power_bg_invert,27,1,3,70.0,3964.0,3116.8
15,max_power_bg_invert,28,1,3,70.0,3961.0,3118.8
15,max_power_bg_invert,29,1,3,70.0,3962.0,3118.0
15,max_power_bg_invert,30,1,3,70.0,3961.0,3123.2
15,max_power_bg_invert,31,1,3,70.0,3961.0,3122.8
15,max_power_bg_invert,32,1,3,70.0,3960.0,3123.6
15,max_power_bg_invert,33,1,3,70.0,3961.0,3128.0
15,max_power_bg_invert,34,1,3,70.0,3961.0,3128.4
15,max_power_bg_invert,35,1,3,70.0,3961.0,3127.6
15,max_power_bg_invert,36,1,3,70.0,3961.0,3127.2
15,max_power_bg_invert,37,1,3,70.0,3961.0,3132.0
15,max_power_bg_invert,38,1,3,70.0,3961.0,3132.0
15,max_power_bg_invert,39,1,3,70.0,3960.0,3132.8
15,max_power_bg_invert,40,1,3,70.0,3960.0,3157.6
15,max_power_bg_invert,41,1,3,70.0,3964.0,3167.6
15,max_power_bg_invert,42,1,3,70.0,3956.0,3169.6
15,max_power_bg_invert,43,1,3,70.0,3969.0,3163.6
15,max_power_bg_invert,44,1,3,70.0,3971.0,3165.6
15,max_power_bg_invert,45,1,3,70.0,3971.0,3165.6
15,max_power_bg_invert,46,1,3,70.0,3962.0,3170.0
15,max_power_bg_invert,47,1,3,70.0,3961.0,3169.6
15,max_power_bg_invert,48,1,3,70.0,3960.0,3169.2
15,max_power_bg_invert,49,1,3,70.0,3960.0,3169.6
15,max_power_bg_invert,50,1,3,70.0,3961.0,3170.8
15,max_power_bg_invert,51,1,3,70.0,3961.0,3171.2
15,max_power_bg_invert,52,1,3,70.0,3962.0,3168.0
15,max_power_bg_invert,53,1,3,70.0,3962.0,3166.8
15,max_power_bg_invert,54,1,3,70.0,3963.0,3164.8
15,max_power_bg_invert,55,1,3,70.0,3962.0,3165.2
15,max_power_bg_invert,56,1,3,70.0,3962.0,3165.2
15,max_power_bg_invert,57,1,3,70.0,3965.0,3162.8
15,max_power_bg_invert,58,1,3,70.0,3963.0,3164.0
15,max_power_bg_invert,59,1,3,70.0,3964.0,3162.4
15,max_power_bg_invert,60,1,3,70.0,3961.0,3163.6
15,max_power_bg_invert,61,1,3,70.0,3961.0,3163.6
15,max_power_bg_invert,62,1,3,70.0,3961.0,3164.0
15,max_power_bg_invert,63,1,3,70.0,3962.0,3163.2
15,max_power_bg_invert,64,1,3,70.0,3963.0,3162.8
15,max_power_bg_invert,65,1,3,70.0,3962.0,3162.0
15,max_power_bg_invert,66,1,3,70.0,3962.0,3162.0
15,max_power_bg_invert,67,1,3,70.0,3961.0,3162.0
15,max_power_bg_invert,68,1,3,70.0,3960.0,3161.6
15,max_power_bg_invert,69,1,3,70.0,3960.0,3162.4
15,max_power_bg_invert,70,1,3,70.0,3959.0,3162.8
15,max_power_bg_invert,71,1,3,70.0,3959.0,3162.4
15,max_power_bg_invert,72,1,3,70.0,3959.0,3162.8
15,max_power_bg_invert,73,1,3,70.0,3960.0,3162.4
15,max_power_bg_invert,74,1,3,70.0,3960.0,3161.6
15,max_power_bg_invert,75,1,3,70.0,3961.0,3160.4
15,max_power_bg_invert,76,1,3,70.0,3960.0,3160.4
15,max_power_bg_invert,77,1,3,70.0,3960.0,3161.2
15,max_power_bg_invert,78,1,3,70.0,3960.0,3161.6
15,max_power_bg_invert,79,1,3,70.0,3959.0,3162.0
15,max_power_bg_invert,80,1,3,70.0,3975.0,3143.2
15,max_power_bg_invert,81,1,3,70.0,3957.0,3154.8
15,max_power_bg_invert,82,1,3,70.0,3958.0,3159.6
15,max_power_bg_invert,83,1,3,70.0,3961.0,3159.2
15,max_power_bg_invert,84,1,3,70.0,3968.0,3152.0
15,max_power_bg_invert,85,1,3,70.0,3968.0,3148.4
15,max_power_bg_invert,86,1,3,70.0,3961.0,3152.4
15,max_power_bg_invert,87,1,3,70.0,3960.0,3152.0
15,max_power_bg_invert,88,1,3,70.0,3957.0,3154.4
15,max_power_bg_invert,89,1,3,70.0,3963.0,3151.2
15,max_power_bg_invert,90,1,3,70.0,3960.0,3152.0
15,max_power_bg_invert,0,2,3,62.0,962.0,3096.0
15,max_power_bg_invert,1,2,3,69.0,3690.0,2818.0
15,max_power_bg_invert,2,2,3,70.0,3860.0,2974.4
15,max_power_bg_invert,3,2,3,70.0,3910.0,3026.8
15,max_power_bg_invert,4,2,3,70.0,3930.0,3068.0
15,max_power_bg_invert,5,2,3,70.0,3959.0,3071.6
15,max_power_bg_invert,6,2,3,70.0,3964.0,3086.4
15,max_power_bg_invert,7,2,3,70.0,3970.0,3096.0
15,max_power_bg_invert,8,2,3,70.0,3982.0,3097.6
15,max_power_bg_invert,9,2,3,69.0,3987.0,3106.0
15,max_power_bg_invert,10,2,3,69.0,3990.0,3107.2
15,max_power_bg_invert,11,2,3,70.0,3992.0,3111.6
15,max_power_bg_invert,12,2,3,70.0,3992.0,3115.6
15,max_power_bg_invert,13,2,3,70.0,3991.0,3120.0
15,max_power_bg_invert,14,2,3,70.0,3991.0,3120.4
15,max_power_bg_invert,15,2,3,70.0,3992.0,3123.6
15,max_power_bg_invert,16,2,3,70.0,3994.0,3123.2
15,max_power_bg_invert,17,2,3,70.0,3997.0,3127.6
15,max_power_bg_invert,18,2,3,70.0,3998.0,3126.8
15,max_power_bg_invert,19,2,3,70.0,4001.0,3124.4
15,max_power_bg_invert,20,2,3,70.0,4001.0,3129.6
15,max_power_bg_invert,21,2,3,70.0,4001.0,3127.6
15,max_power_bg_invert,22,2,3,70.0,4000.0,3127.6
15,max_power_bg_invert,23,2,3,70.0,4000.0,3127.2
15,max_power_bg_invert,24,2,3,70.0,4001.0,3131.6
15,max_power_bg_invert,25,2,3,70.0,4002.0,3129.6
15,max_power_bg_invert,26,2,3,70.0,4003.0,3129.2
15,max_power_bg_invert,27,2,3,70.0,4002.0,3129.2
15,max_power_bg_invert,28,2,3,70.0,4001.0,3129.6
15,max_power_bg_invert,29,2,3,70.0,4001.0,3134.4
15,max_power_bg_invert,30,2,3,70.0,4001.0,3134.4
15,max_power_bg_invert,31,2,3,70.0,4001.0,3134.0
15,max_power_bg_invert,32,2,3,70.0,4001.0,3133.6
15,max_power_bg_invert,33,2,3,70.0,4001.0,3132.8
15,max_power_bg_invert,34,2,3,70.0,4001.0,3132.4
15,max_power_bg_invert,35,2,3,70.0,4003.0,3131.2
15,max_power_bg_invert,36,2,3,70.0,4004.0,3130.4
15,max_power_bg_invert,37,2,3,70.0,4004.0,3130.0
15,max_power_bg_invert,38,2,3,70.0,4004.0,3130.0
15,max_power_bg_invert,39,2,3,70.0,4005.0,3133.2
15,max_power_bg_invert,40,2,3,70.0,4030.0,3120.4
15,max_power_bg_invert,41,2,3,70.0,4060.0,3114.0
15,max_power_bg_invert,42,2,3,70.0,4039.0,3121.6
15,max_power_bg_invert,43,2,3,70.0,4039.0,3128.0
15,max_power_bg_invert,44,2,3,70.0,4032.0,3124.4
15,max_power_bg_invert,45,2,3,70.0,4032.0,3125.2
15,max_power_bg_invert,46,2,3,70.0,4028.0,3124.0
15,max_power_bg_invert,47,2,3,70.0,4032.0,3122.4
15,max_power_bg_invert,48,2,3,70.0,4032.0,3124.8
15,max_power_bg_invert,49,2,3,70.0,4029.0,3125.6
15,max_power_bg_invert,50,2,3,70.0,4027.0,3127.2
15,max_power_bg_invert,51,2,3,70.0,4030.0,3126.4
15,max_power_bg_invert,52,2,3,70.0,4030.0,3127.6
15,max_power_bg_invert,53,2,3,70.0,4027.0,3129.6
15,max_power_bg_invert,54,2,3,70.0,4026.0,3130.4
15,max_power_bg_invert,55,2,3,70.0,4026.0,3130.4
15,max_power_bg_invert,56,2,3,70.0,4027.0,3127.2
15,max_power_bg_invert,57,2,3,70.0,4027.0,3126.8
15,max_power_bg_invert,58,2,3,70.0,4024.0,3129.6
15,max_power_bg_invert,59,2,3,70.0,4023.0,3130.0
15,max_power_bg_invert,60,2,3,70.0,4020.0,3130.8
15,max_power_bg_invert,61,2,3,70.0,4019.0,3130.0
15,max_power_bg_invert,62,2,3,70.0,4018.0,3132.0
15,max_power_bg_invert,63,2,3,70.0,4018.0,3132.8
15,max_power_bg_invert,64,2,3,70.0,4019.0,3132.4
15,max_power_bg_invert,65,2,3,70.0,4021.0,3130.8
15,max_power_bg_invert,66,2,3,70.0,4020.0,3131.6
15,max_power_bg_invert,67,2,3,70.0,4019.0,3132.4
15,max_power_bg_invert,68,2,3,70.0,4019.0,3132.0
15,max_power_bg_invert,69,2,3,70.0,4019.0,3132.8
15,max_power_bg_invert,70,2,3,70.0,4019.0,3133.2
15,max_power_bg_invert,71,2,3,70.0,4018.0,3133.6
15,max_power_bg_invert,72,2,3,70.0,4018.0,3133.6
15,max_power_bg_invert,73,2,3,70.0,4018.0,3134.0
15,max_power_bg_invert,74,2,3,70.0,4019.0,3133.6
15,max_power_bg_invert,75,2,3,70.0,4019.0,3133.2
15,max_power_bg_invert,76,2,3,70.0,4018.0,3138.4
15,max_power_bg_invert,77,2,3,70.0,4018.0,3138.8
15,max_power_bg_invert,78,2,3,70.0,4019.0,3139.2
15,max_power_bg_invert,79,2,3,70.0,4019.0,3139.2
15,max_power_bg_invert,80,2,3,70.0,4000.0,3141.6
15,max_power_bg_invert,81,2,3,70.0,4026.0,3150.0
15,max_power_bg_invert,82,2,3,70.0,4020.0,3153.2
15,max_power_bg_invert,83,2,3,70.0,4012.0,3156.8
15,max_power_bg_invert,84,2,3,70.0,4018.0,3164.0
15,max_power_bg_invert,85,2,3,70.0,4017.0,3161.2
15,max_power_bg_invert,86,2,3,70.0,4020.0,3162.0
15,max_power_bg_invert,87,2,3,70.0,4024.0,3159.2
15,max_power_bg_invert,88,2,3,70.0,4024.0,3160.0
15,max_power_bg_invert,89,2,3,70.0,4023.0,3160.0
15,max_power_bg_invert,90,2,3,70.0,4026.0,3159.2
16,max_power_bg_invert,0,0,1,59.0,1300.0,3238.8
16,max_power_bg_invert,1,0,1,67.0,4140.0,2819.6
16,max_power_bg_invert,2,0,1,68.0,4265.0,3041.2
16,max_power_bg_invert,3,0,1,68.0,4310.0,3107.2
16,max_power_bg_invert,4,0,1,68.0,4335.0,3139.6
16,max_power_bg_invert,5,0,1,68.0,4353.0,3156.8
16,max_power_bg_invert,6,0,1,68.0,4363.0,3170.8
16,max_power_bg_invert,7,0,1,68.0,4372.0,3180.0
16,max_power_bg_invert,8,0,1,68.0,4379.0,3190.0
16,max_power_bg_invert,9,0,1,68.0,4380.0,3194.0
16,max_power_bg_invert,10,0,1,68.0,4385.0,3195.6
16,max_power_bg_invert,11,0,1,68.0,4390.0,3198.8
16,max_power_bg_invert,12,0,1,68.0,4390.0,3203.2
16,max_power_bg_invert,13,0,1,68.0,4392.0,3206.4
16,max_power_bg_invert,14,0,1,68.0,4395.0,3208.0
16,max_power_bg_invert,15,0,1,68.0,4395.0,3214.0
16,max_power_bg_invert,16,0,1,68.0,4396.0,3213.6
16,max_power_bg_invert,17,0,1,68.0,4398.0,3217.6
16,max_power_bg_invert,18,0,1,68.0,4400.0,3216.0
16,max_power_bg_invert,19,0,1,68.0,4401.0,3213.6
16,max_power_bg_invert,20,0,1,68.0,4403.0,3216.8
16,max_power_bg_invert,21,0,1,68.0,4402.0,3218.0
16,max_power_bg_invert,22,0,1,68.0,4404.0,3216.8
16,max_power_bg_invert,23,0,1,68.0,4405.0,3221.2
16,max_power_bg_invert,24,0,1,68.0,4405.0,3221.6
16,max_power_bg_invert,25,0,1,68.0,4404.0,3221.2
16,max_power_bg_invert,26,0,1,68.0,4405.0,3220.0
16,max_power_bg_invert,27,0,1,68.0,4405.0,3224.0
16,max_power_bg_invert,28,0,1,68.0,4405.0,3223.6
16,max_power_bg_invert,29,0,1,68.0,4405.0,3224.0
16,max_power_bg_invert,30,0,1,68.0,4405.0,3224.4
16,max_power_bg_invert,31,0,1,68.0,4406.0,3228.4
16,max_power_bg_invert,32,0,1,68.0,4408.0,3227.6
16,max_power_bg_invert,33,0,1,68.0,4410.0,3227.2
16,max_power_bg_invert,34,0,1,68.0,4412.0,3226.4
16,max_power_bg_invert,35,0,1,68.0,4412.0,3226.4
16,max_power_bg_invert,36,0,1,68.0,4411.0,3231.2
16,max_power_bg_invert,37,0,1,68.0,4411.0,3231.2
16,max_power_bg_invert,38,0,1,68.0,4412.0,3230.0
16,max_power_bg_invert,39,0,1,68.0,4413.0,3229.2
16,max_power_bg_invert,40,0,1,68.0,4450.0,3247.6
16,max_power_bg_invert,41,0,1,68.0,4435.0,3239.2
16,max_power_bg_invert,42,0,1,68.0,4433.0,3248.8
16,max_power_bg_invert,43,0,1,68.0,4427.0,3254.0
16,max_power_bg_invert,44,0,1,68.0,4424.0,3254.8
16,max_power_bg_invert,45,0,1,68.0,4427.0,3255.6
16,max_power_bg_invert,46,0,1,68.0,4421.0,3257.2
16,max_power_bg_invert,47,0,1,68.0,4422.0,3259.2
16,max_power_bg_invert,48,0,1,68.0,4422.0,3257.6
16,max_power_bg_invert,49,0,1,68.0,4425.0,3254.0
16,max_power_bg_invert,50,0,1,68.0,4422.0,3254.4
16,max_power_bg_invert,51,0,1,68.0,4423.0,3255.2
16,max_power_bg_invert,52,0,1,68.0,4421.0,3256.8
16,max_power_bg_invert,53,0,1,68.0,4422.0,3257.6
16,max_power_bg_invert,54,0,1,68.0,4421.0,3259.6
16,max_power_bg_invert,55,0,1,68.0,4422.0,3259.2
16,max_power_bg_invert,56,0,1,68.0,4421.0,3260.0
16,max_power_bg_invert,57,0,1,68.0,4422.0,3259.6
16,max_power_bg_invert,58,0,1,68.0,4420.0,3260.8
16,max_power_bg_invert,59,0,1,68.0,4422.0,3260.8
16,max_power_bg_invert,60,0,1,68.0,4422.0,3261.6
16,max_power_bg_invert,61,0,1,68.0,4424.0,3260.0
16,max_power_bg_invert,62,0,1,68.0,4423.0,3260.8
16,max_power_bg_invert,63,0,1,68.0,4422.0,3263.6
16,max_power_bg_invert,64,0,1,68.0,4422.0,3262.4
16,max_power_bg_invert,65,0,1,68.0,4423.0,3262.0
16,max_power_bg_invert,66,0,1,68.0,4424.0,3261.6
16,max_power_bg_invert,67,0,1,68.0,4424.0,3261.2
16,max_power_bg_invert,68,0,1,68.0,4424.0,3260.8
16,max_power_bg_invert,69,0,1,68.0,4426.0,3260.0
16,max_power_bg_invert,70,0,1,68.0,4427.0,3258.8
16,max_power_bg_invert,71,0,1,68.0,4426.0,3258.8
16,max_power_bg_invert,72,0,1,68.0,4428.0,3258.0
16,max_power_bg_invert,73,0,1,68.0,4428.0,3258.0
16,max_power_bg_invert,74,0,1,68.0,4427.0,3257.6
16,max_power_bg_invert,75,0,1,68.0,4427.0,3257.6
16,max_power_bg_invert,76,0,1,68.0,4427.0,3256.8
16,max_power_bg_invert,77,0,1,68.0,4427.0,3256.4
16,max_power_bg_invert,78,0,1,68.0,4428.0,3255.6
16,max_power_bg_invert,79,0,1,68.0,4428.0,3255.6
16,max_power_bg_invert,80,0,1,68.0,4430.0,3267.6
16,max_power_bg_invert,81,0,1,68.0,4455.0,3242.4
16,max_power_bg_invert,82,0,1,68.0,4458.0,3247.6
16,max_power_bg_invert,83,0,1,68.0,4446.0,3250.4
16,max_power_bg_invert,84,0,1,68.0,4446.0,3248.0
16,max_power_bg_invert,85,0,1,68.0,4440.0,3250.4
16,max_power_bg_invert,86,0,1,68.0,4443.0,3248.4
16,max_power_bg_invert,87,0,1,68.0,4442.0,3248.8
16,max_power_bg_invert,88,0,1,68.0,4442.0,3251.2
16,max_power_bg_invert,89,0,1,68.0,4442.0,3250.8
16,max_power_bg_invert,90,0,1,68.0,4441.0,3251.6
16,max_power_bg_invert,0,0,2,60.0,1300.0,3178.0
16,max_power_bg_invert,1,0,2,67.0,4280.0,2849.6
16,max_power_bg_invert,2,0,2,68.0,4447.0,3037.6
16,max_power_bg_invert,3,0,2,68.0,4517.0,3114.4
16,max_power_bg_invert,4,0,2,68.0,4553.0,3152.4
16,max_power_bg_invert,5,0,2,68.0,4567.0,3180.8
16,max_power_bg_invert,6,0,2,68.0,4577.0,3190.4
16,max_power_bg_invert,7,0,2,68.0,4585.0,3204.8
16,max_power_bg_invert,8,0,2,68.0,4592.0,3212.8
16,max_power_bg_invert,9,0,2,68.0,4596.0,3224.4
16,max_power_bg_invert,10,0,2,68.0,4603.0,3224.4
16,max_power_bg_invert,11,0,2,68.0,4603.0,3227.6
16,max_power_bg_invert,12,0,2,68.0,4611.0,3228.8
16,max_power_bg_invert,13,0,2,68.0,4611.0,3234.0
16,max_power_bg_invert,14,0,2,68.0,4615.0,3236.8
16,max_power_bg_invert,15,0,2,68.0,4616.0,3236.4
16,max_power_bg_invert,16,0,2,68.0,4617.0,3239.2
16,max_power_bg_invert,17,0,2,68.0,4619.0,3243.6
16,max_power_bg_invert,18,0,2,68.0,4619.0,3241.2
16,max_power_bg_invert,19,0,2,68.0,4622.0,3238.8
16,max_power_bg_invert,20,0,2,68.0,4623.0,3242.0
16,max_power_bg_invert,21,0,2,68.0,4623.0,3242.8
16,max_power_bg_invert,22,0,2,68.0,4624.0,3242.4
16,max_power_bg_invert,23,0,2,68.0,4624.0,3246.8
16,max_power_bg_invert,24,0,2,68.0,4624.0,3246.4
16,max_power_bg_invert,25,0,2,68.0,4625.0,3247.6
16,max_power_bg_invert,26,0,2,68.0,4626.0,3246.8
16,max_power_bg_invert,27,0,2,68.0,4627.0,3246.0
16,max_power_bg_invert,28,0,2,68.0,4627.0,3250.4
16,max_power_bg_invert,29,0,2,68.0,4629.0,3249.6
16,max_power_bg_invert,30,0,2,68.0,4631.0,3248.8
16,max_power_bg_invert,31,0,2,68.0,4632.0,3248.0
16,max_power_bg_invert,32,0,2,68.0,4632.0,3248.4
16,max_power_bg_invert,33,0,2,68.0,4633.0,3246.8
16,max_power_bg_invert,34,0,2,68.0,4634.0,3250.8
16,max_power_bg_invert,35,0,2,68.0,4634.0,3250.8
16,max_power_bg_invert,36,0,2,68.0,4633.0,3251.2
16,max_power_bg_invert,37,0,2,68.0,4634.0,3250.4
16,max_power_bg_invert,38,0,2,68.0,4634.0,3250.8
16,max_power_bg_invert,39,0,2,68.0,4635.0,3251.2
16,max_power_bg_invert,40,0,2,68.0,4610.0,3286.8
16,max_power_bg_invert,41,0,2,68.0,4625.0,3271.6
16,max_power_bg_invert,42,0,2,68.0,4633.0,3258.4
16,max_power_bg_invert,43,0,2,68.0,4633.0,3261.2
16,max_power_bg_invert,44,0,2,68.0,4634.0,3259.2
16,max_power_bg_invert,45,0,2,68.0,4638.0,3256.0
16,max_power_bg_invert,46,0,2,68.0,4643.0,3256.4
16,max_power_bg_invert,47,0,2,68.0,4637.0,3258.8
16,max_power_bg_invert,48,0,2,68.0,4639.0,3256.4
16,max_power_bg_invert,49,0,2,68.0,4640.0,3256.8
16,max_power_bg_invert,50,0,2,68.0,4640.0,3256.0
16,max_power_bg_invert,51,0,2,68.0,4638.0,3255.6
16,max_power_bg_invert,52,0,2,68.0,4638.0,3256.4
16,max_power_bg_invert,53,0,2,68.0,4639.0,3256.8
16,max_power_bg_invert,54,0,2,69.0,4640.0,3256.0
16,max_power_bg_invert,55,0,2,68.0,4639.0,3256.4
16,max_power_bg_invert,56,0,2,68.0,4640.0,3256.4
16,max_power_bg_invert,57,0,2,68.0,4639.0,3258.8
16,max_power_bg_invert,58,0,2,68.0,4641.0,3257.2
16,max_power_bg_invert,59,0,2,68.0,4640.0,3257.2
16,max_power_bg_invert,60,0,2,68.0,4640.0,3256.8
16,max_power_bg_invert,61,0,2,68.0,4641.0,3256.0
16,max_power_bg_invert,62,0,2,68.0,4641.0,3256.4
16,max_power_bg_invert,63,0,2,68.0,4641.0,3256.4
16,max_power_bg_invert,64,0,2,68.0,4640.0,3258.0
16,max_power_bg_invert,65,0,2,68.0,4640.0,3257.6
16,max_power_bg_invert,66,0,2,68.0,4639.0,3257.6
16,max_power_bg_invert,67,0,2,69.0,4640.0,3257.2
16,max_power_bg_invert,68,0,2,68.0,4640.0,3256.8
16,max_power_bg_invert,69,0,2,68.0,4639.0,3258.0
16,max_power_bg_invert,70,0,2,68.0,4639.0,3257.6
16,max_power_bg_invert,71,0,2,68.0,4639.0,3258.0
16,max_power_bg_invert,72,0,2,68.0,4640.0,3258.0
16,max_power_bg_invert,73,0,2,68.0,4641.0,3258.4
16,max_power_bg_invert,74,0,2,69.0,4641.0,3258.4
16,max_power_bg_invert,75,0,2,68.0,4642.0,3257.2
16,max_power_bg_invert,76,0,2,69.0,4642.0,3256.4
16,max_power_bg_invert,77,0,2,68.0,4642.0,3256.8
16,max_power_bg_invert,78,0,2,69.0,4642.0,3256.8
16,max_power_bg_invert,79,0,2,68.0,4641.0,3257.2
16,max_power_bg_invert,80,0,2,69.0,4612.0,3267.6
16,max_power_bg_invert,81,0,2,68.0,4647.0,3250.0
16,max_power_bg_invert,82,0,2,69.0,4651.0,3246.4
16,max_power_bg_invert,83,0,2,68.0,4651.0,3248.4
16,max_power_bg_invert,84,0,2,69.0,4654.0,3247.2
16,max_power_bg_invert,85,0,2,68.0,4653.0,3248.8
16,max_power_bg_invert,86,0,2,69.0,4649.0,3245.6
16,max_power_bg_invert,87,0,2,69.0,4647.0,3247.2
16,max_power_bg_invert,88,0,2,69.0,4645.0,3247.6
16,max_power_bg_invert,89,0,2,68.0,4644.0,3248.8
16,max_power_bg_invert,90,0,2,69.0,4645.0,3248.4
16,max_power_bg_invert,0,0,3,60.0,1212.0,3254.4
16,max_power_bg_invert,1,0,3,68.0,4160.0,2895.2
16,max_power_bg_invert,2,0,3,68.0,4334.0,3077.6
16,max_power_bg_invert,3,0,3,68.0,4386.0,3135.2
16,max_power_bg_invert,4,0,3,68.0,4428.0,3158.4
16,max_power_bg_invert,5,0,3,68.0,4448.0,3174.8
16,max_power_bg_invert,6,0,3,68.0,4461.0,3179.6
16,max_power_bg_invert,7,0,3,68.0,4469.0,3190.0
16,max_power_bg_invert,8,0,3,68.0,4473.0,3194.8
16,max_power_bg_invert,9,0,3,68.0,4479.0,3199.2
16,max_power_bg_invert,10,0,3,68.0,4486.0,3201.2
16,max_power_bg_invert,11,0,3,68.0,4492.0,3202.0
16,max_power_bg_invert,12,0,3,68.0,4494.0,3207.2
16,max_power_bg_invert,13,0,3,68.0,4496.0,3211.2
16,max_power_bg_invert,14,0,3,68.0,4498.0,3214.0
16,max_power_bg_invert,15,0,3,68.0,4499.0,3217.2
16,max_power_bg_invert,16,0,3,68.0,4498.0,3216.0
16,max_power_bg_invert,17,0,3,68.0,4498.0,3221.2
16,max_power_bg_invert,18,0,3,68.0,4498.0,3220.8
16,max_power_bg_invert,19,0,3,68.0,4502.0,3218.0
16,max_power_bg_invert,20,0,3,68.0,4505.0,3221.6
16,max_power_bg_invert,21,0,3,68.0,4503.0,3228.0
16,max_power_bg_invert,22,0,3,68.0,4503.0,3228.0
16,max_power_bg_invert,23,0,3,68.0,4503.0,3226.8
16,max_power_bg_invert,24,0,3,68.0,4502.0,3232.0
16,max_power_bg_invert,25,0,3,68.0,4503.0,3231.2
16,max_power_bg_invert,26,0,3,69.0,4505.0,3230.8
16,max_power_bg_invert,27,0,3,68.0,4505.0,3234.8
16,max_power_bg_invert,28,0,3,68.0,4506.0,3234.4
16,max_power_bg_invert,29,0,3,68.0,4506.0,3234.8
16,max_power_bg_invert,30,0,3,68.0,4506.0,3234.8
16,max_power_bg_invert,31,0,3,68.0,4506.0,3235.2
16,max_power_bg_invert,32,0,3,68.0,4507.0,3238.8
16,max_power_bg_invert,33,0,3,68.0,4506.0,3240.0
16,max_power_bg_invert,34,0,3,69.0,4506.0,3240.4
16,max_power_bg_invert,35,0,3,68.0,4507.0,3239.2
16,max_power_bg_invert,36,0,3,68.0,4507.0,3244.0
16,max_power_bg_invert,37,0,3,68.0,4506.0,3244.8
16,max_power_bg_invert,38,0,3,69.0,4506.0,3244.8
16,max_power_bg_invert,39,0,3,68.0,4506.0,3244.0
16,max_power_bg_invert,40,0,3,69.0,4510.0,3245.6
16,max_power_bg_invert,41,0,3,69.0,4505.0,3274.4
16,max_power_bg_invert,42,0,3,68.0,4510.0,3277.2
16,max_power_bg_invert,43,0,3,69.0,4515.0,3271.2
16,max_power_bg_invert,44,0,3,68.0,4518.0,3268.8
16,max_power_bg_invert,45,0,3,69.0,4510.0,3270.4
16,max_power_bg_invert,46,0,3,69.0,4507.0,3272.8
16,max_power_bg_invert,47,0,3,69.0,4511.0,3271.6
16,max_power_bg_invert,48,0,3,68.0,4506.0,3278.0
16,max_power_bg_invert,49,0,3,69.0,4506.0,3275.2
16,max_power_bg_invert,50,0,3,68.0,4505.0,3273.6
16,max_power_bg_invert,51,0,3,69.0,4505.0,3274.4
16,max_power_bg_invert,52,0,3,68.0,4508.0,3272.4
16,max_power_bg_invert,53,0,3,68.0,4508.0,3273.2
16,max_power_bg_invert,54,0,3,69.0,4507.0,3274.0
16,max_power_bg_invert,55,0,3,68.0,4505.0,3274.8
16,max_power_bg_invert,56,0,3,69.0,4506.0,3273.2
16,max_power_bg_invert,57,0,3,68.0,4504.0,3272.0
16,max_power_bg_invert,58,0,3,68.0,4503.0,3272.8
16,max_power_bg_invert,59,0,3,69.0,4503.0,3272.8
16,max_power_bg_invert,60,0,3,69.0,4504.0,3270.4
16,max_power_bg_invert,61,0,3,69.0,4505.0,3270.8
16,max_power_bg_invert,62,0,3,69.0,4504.0,3270.0
16,max_power_bg_invert,63,0,3,69.0,4505.0,3270.4
16,max_power_bg_invert,64,0,3,69.0,4505.0,3270.0
16,max_power_bg_invert,65,0,3,69.0,4506.0,3269.6
16,max_power_bg_invert,66,0,3,69.0,4506.0,3268.8
16,max_power_bg_invert,67,0,3,68.0,4507.0,3270.0
16,max_power_bg_invert,68,0,3,68.0,4507.0,3270.0
16,max_power_bg_invert,69,0,3,68.0,4508.0,3269.2
16,max_power_bg_invert,70,0,3,69.0,4507.0,3269.2
16,max_power_bg_invert,71,0,3,69.0,4507.0,3267.6
16,max_power_bg_invert,72,0,3,69.0,4507.0,3267.6
16,max_power_bg_invert,73,0,3,69.0,4508.0,3267.2
16,max_power_bg_invert,74,0,3,69.0,4508.0,3267.2
16,max_power_bg_invert,75,0,3,69.0,4508.0,3266.4
16,max_power_bg_invert,76,0,3,69.0,4508.0,3266.0
16,max_power_bg_invert,77,0,3,69.0,4509.0,3266.4
16,max_power_bg_invert,78,0,3,69.0,4509.0,3265.2
16,max_power_bg_invert,79,0,3,69.0,4509.0,3264.8
16,max_power_bg_invert,80,0,3,69.0,4480.0,3267.2
16,max_power_bg_invert,81,0,3,68.0,4494.0,3263.6
16,max_power_bg_invert,82,0,3,69.0,4503.0,3263.2
16,max_power_bg_invert,83,0,3,69.0,4507.0,3266.4
16,max_power_bg_invert,84,0,3,69.0,4520.0,3265.6
16,max_power_bg_invert,85,0,3,68.0,4520.0,3263.6
16,max_power_bg_invert,86,0,3,69.0,4516.0,3267.2
16,max_power_bg_invert,87,0,3,69.0,4521.0,3263.2
16,max_power_bg_invert,88,0,3,69.0,4521.0,3264.0
16,max_power_bg_invert,89,0,3,69.0,4521.0,3264.0
16,max_power_bg_invert,90,0,3,69.0,4522.0,3261.2
16,max_power_bg_invert,0,1,2,60.0,1300.0,3253.6
16,max_power_bg_invert,1,1,2,68.0,4200.0,2904.4
16,max_power_bg_invert,2,1,2,69.0,4357.0,3056.8
16,max_power_bg_invert,3,1,2,69.0,4406.0,3135.6
16,max_power_bg_invert,4,1,2,69.0,4435.0,3170.8
16,max_power_bg_invert,5,1,2,69.0,4455.0,3187.6
16,max_power_bg_invert,6,1,2,69.0,4462.0,3202.4
16,max_power_bg_invert,7,1,2,69.0,4475.0,3206.0
16,max_power_bg_invert,8,1,2,69.0,4483.0,3214.8
16,max_power_bg_invert,9,1,2,69.0,4490.0,3222.0
16,max_power_bg_invert,10,1,2,69.0,4494.0,3223.6
16,max_power_bg_invert,11,1,2,69.0,4499.0,3224.0
16,max_power_bg_invert,12,1,2,69.0,4500.0,3227.6
16,max_power_bg_invert,13,1,2,69.0,4500.0,3235.6
16,max_power_bg_invert,14,1,2,69.0,4502.0,3238.4
16,max_power_bg_invert,15,1,2,69.0,4503.0,3243.2
16,max_power_bg_invert,16,1,2,69.0,4504.0,3242.8
16,max_power_bg_invert,17,1,2,69.0,4508.0,3243.6
16,max_power_bg_invert,18,1,2,69.0,4510.0,3241.6
16,max_power_bg_invert,19,1,2,69.0,4511.0,3242.4
16,max_power_bg_invert,20,1,2,69.0,4510.0,3246.4
16,max_power_bg_invert,21,1,2,69.0,4508.0,3246.8
16,max_power_bg_invert,22,1,2,69.0,4508.0,3245.2
16,max_power_bg_invert,23,1,2,69.0,4510.0,3250.8
16,max_power_bg_invert,24,1,2,69.0,4512.0,3249.2
16,max_power_bg_invert,25,1,2,69.0,4512.0,3248.4
16,max_power_bg_invert,26,1,2,69.0,4512.0,3247.2
16,max_power_bg_invert,27,1,2,69.0,4514.0,3250.8
16,max_power_bg_invert,28,1,2,69.0,4514.0,3250.4
16,max_power_bg_invert,29,1,2,69.0,4515.0,3249.6
16,max_power_bg_invert,30,1,2,69.0,4515.0,3250.0
16,max_power_bg_invert,31,1,2,69.0,4515.0,3249.6
16,max_power_bg_invert,32,1,2,69.0,4516.0,3248.4
16,max_power_bg_invert,33,1,2,69.0,4517.0,3248.4
16,max_power_bg_invert,34,1,2,69.0,4517.0,3253.6
16,max_power_bg_invert,35,1,2,69.0,4517.0,3253.6
16,max_power_bg_invert,36,1,2,69.0,4518.0,3252.8
16,max_power_bg_invert,37,1,2,69.0,4518.0,3252.4
16,max_power_bg_invert,38,1,2,69.0,4518.0,3252.8
16,max_power_bg_invert,39,1,2,69.0,4518.0,3252.0
16,max_power_bg_invert,40,1,2,69.0,4520.0,3244.0
16,max_power_bg_invert,41,1,2,69.0,4534.0,3257.6
16,max_power_bg_invert,42,1,2,69.0,4523.0,3265.2
16,max_power_bg_invert,43,1,2,69.0,4525.0,3264.0
16,max_power_bg_invert,44,1,2,69.0,4520.0,3266.0
16,max_power_bg_invert,45,1,2,69.0,4523.0,3265.6
16,max_power_bg_invert,46,1,2,69.0,4521.0,3264.8
16,max_power_bg_invert,47,1,2,69.0,4525.0,3263.6
16,max_power_bg_invert,48,1,2,69.0,4522.0,3266.8
16,max_power_bg_invert,49,1,2,69.0,4525.0,3267.2
16,max_power_bg_invert,50,1,2,69.0,4524.0,3268.4
16,max_power_bg_invert,51,1,2,69.0,4522.0,3269.2
16,max_power_bg_invert,52,1,2,69.0,4523.0,3268.4
16,max_power_bg_invert,53,1,2,69.0,4524.0,3269.6
16,max_power_bg_invert,54,1,2,69.0,4523.0,3270.0
16,max_power_bg_invert,55,1,2,69.0,4524.0,3267.2
16,max_power_bg_invert,56,1,2,69.0,4522.0,3267.6
16,max_power_bg_invert,57,1,2,69.0,4523.0,3266.0
16,max_power_bg_invert,58,1,2,69.0,4523.0,3266.0
16,max_power_bg_invert,59,1,2,69.0,4524.0,3265.6
16,max_power_bg_invert,60,1,2,69.0,4525.0,3266.0
16,max_power_bg_invert,61,1,2,69.0,4526.0,3264.0
16,max_power_bg_invert,62,1,2,69.0,4525.0,3264.0
16,max_power_bg_invert,63,1,2,69.0,4527.0,3263.6
16,max_power_bg_invert,64,1,2,69.0,4527.0,3262.4
16,max_power_bg_invert,65,1,2,69.0,4526.0,3263.2
16,max_power_bg_invert,66,1,2,69.0,4527.0,3261.2
16,max_power_bg_invert,67,1,2,69.0,4527.0,3261.2
16,max_power_bg_invert,68,1,2,69.0,4527.0,3261.2
16,max_power_bg_invert,69,1,2,69.0,4527.0,3260.8
16,max_power_bg_invert,70,1,2,69.0,4528.0,3260.0
16,max_power_bg_invert,71,1,2,69.0,4528.0,3259.2
16,max_power_bg_invert,72,1,2,69.0,4529.0,3258.0
16,max_power_bg_invert,73,1,2,69.0,4530.0,3257.2
16,max_power_bg_invert,74,1,2,69.0,4530.0,3257.2
16,max_power_bg_invert,75,1,2,69.0,4530.0,3257.2
16,max_power_bg_invert,76,1,2,69.0,4529.0,3256.4
16,max_power_bg_invert,77,1,2,69.0,4528.0,3256.8
16,max_power_bg_invert,78,1,2,69.0,4529.0,3256.8
16,max_power_bg_invert,79,1,2,69.0,4529.0,3256.4
16,max_power_bg_invert,80,1,2,69.0,4550.0,3228.4
16,max_power_bg_invert,81,1,2,69.0,4539.0,3255.6
16,max_power_bg_invert,82,1,2,69.0,4539.0,3252.8
16,max_power_bg_invert,83,1,2,69.0,4532.0,3253.6
16,max_power_bg_invert,84,1,2,69.0,4532.0,3252.0
16,max_power_bg_invert,85,1,2,69.0,4527.0,3256.4
16,max_power_bg_invert,86,1,2,69.0,4530.0,3257.2
16,max_power_bg_invert,87,1,2,69.0,4529.0,3255.2
16,max_power_bg_invert,88,1,2,69.0,4531.0,3252.0
16,max_power_bg_invert,89,1,2,69.0,4526.0,3256.4
16,max_power_bg_invert,90,1,2,69.0,4529.0,3254.4
16,max_power_bg_invert,0,1,3,60.0,1200.0,3269.6
16,max_power_bg_invert,1,1,3,68.0,4380.0,2606.4
16,max_power_bg_invert,2,1,3,69.0,4375.0,2938.0
16,max_power_bg_invert,3,1,3,69.0,4379.0,3031.6
16,max_power_bg_invert,4,1,3,69.0,4387.0,3081.6
16,max_power_bg_invert,5,1,3,69.0,4389.0,3111.2
16,max_power_bg_invert,6,1,3,69.0,4391.0,3136.4
16,max_power_bg_invert,7,1,3,69.0,4395.0,3147.6
16,max_power_bg_invert,8,1,3,69.0,4394.0,3162.4
16,max_power_bg_invert,9,1,3,69.0,4397.0,3169.2
16,max_power_bg_invert,10,1,3,69.0,4399.0,3173.6
16,max_power_bg_invert,11,1,3,69.0,4399.0,3183.6
16,max_power_bg_invert,12,1,3,69.0,4394.0,3190.8
16,max_power_bg_invert,13,1,3,69.0,4392.0,3197.2
16,max_power_bg_invert,14,1,3,69.0,4390.0,3199.6
16,max_power_bg_invert,15,1,3,69.0,4388.0,3205.2
16,max_power_bg_invert,16,1,3,69.0,4390.0,3210.0
16,max_power_bg_invert,17,1,3,69.0,4388.0,3211.6
16,max_power_bg_invert,18,1,3,69.0,4389.0,3215.2
16,max_power_bg_invert,19,1,3,69.0,4391.0,3215.6
16,max_power_bg_invert,20,1,3,69.0,4391.0,3214.8
16,max_power_bg_invert,21,1,3,69.0,4391.0,3218.4
16,max_power_bg_invert,22,1,3,69.0,4389.0,3218.8
16,max_power_bg_invert,23,1,3,69.0,4388.0,3219.2
16,max_power_bg_invert,24,1,3,69.0,4389.0,3224.4
16,max_power_bg_invert,25,1,3,69.0,4388.0,3224.8
16,max_power_bg_invert,26,1,3,69.0,4390.0,3223.6
16,max_power_bg_invert,27,1,3,69.0,4388.0,3224.0
16,max_power_bg_invert,28,1,3,69.0,4389.0,3223.6
16,max_power_bg_invert,29,1,3,69.0,4389.0,3228.8
16,max_power_bg_invert,30,1,3,69.0,4389.0,3229.2
16,max_power_bg_invert,31,1,3,69.0,4389.0,3229.2
16,max_power_bg_invert,32,1,3,69.0,4389.0,3228.8
16,max_power_bg_invert,33,1,3,69.0,4388.0,3229.2
16,max_power_bg_invert,34,1,3,69.0,4389.0,3228.8
16,max_power_bg_invert,35,1,3,69.0,4390.0,3228.4
16,max_power_bg_invert,36,1,3,69.0,4390.0,3232.8
16,max_power_bg_invert,37,1,3,69.0,4391.0,3232.4
16,max_power_bg_invert,38,1,3,69.0,4390.0,3233.2
16,max_power_bg_invert,39,1,3,69.0,4389.0,3233.2
16,max_power_bg_invert,40,1,3,69.0,4368.0,3228.0
16,max_power_bg_invert,41,1,3,69.0,4364.0,3235.6
16,max_power_bg_invert,42,1,3,69.0,4369.0,3240.8
16,max_power_bg_invert,43,1,3,69.0,4379.0,3234.8
16,max_power_bg_invert,44,1,3,69.0,4379.0,3236.8
16,max_power_bg_invert,45,1,3,69.0,4379.0,3238.0
16,max_power_bg_invert,46,1,3,69.0,4379.0,3240.4
16,max_power_bg_invert,47,1,3,69.0,4380.0,3242.0
16,max_power_bg_invert,48,1,3,69.0,4379.0,3238.4
16,max_power_bg_invert,49,1,3,69.0,4386.0,3237.6
16,max_power_bg_invert,50,1,3,69.0,4384.0,3239.2
16,max_power_bg_invert,51,1,3,69.0,4384.0,3240.8
16,max_power_bg_invert,52,1,3,69.0,4381.0,3242.8
16,max_power_bg_invert,53,1,3,69.0,4380.0,3243.2
16,max_power_bg_invert,54,1,3,69.0,4380.0,3243.6
16,max_power_bg_invert,55,1,3,69.0,4380.0,3244.0
16,max_power_bg_invert,56,1,3,69.0,4379.0,3245.6
16,max_power_bg_invert,57,1,3,69.0,4380.0,3245.2
16,max_power_bg_invert,58,1,3,69.0,4379.0,3245.2
16,max_power_bg_invert,59,1,3,69.0,4378.0,3245.6
16,max_power_bg_invert,60,1,3,69.0,4379.0,3244.4
16,max_power_bg_invert,61,1,3,69.0,4379.0,3244.4
16,max_power_bg_invert,62,1,3,69.0,4378.0,3244.8
16,max_power_bg_invert,63,1,3,69.0,4378.0,3244.8
16,max_power_bg_invert,64,1,3,69.0,4377.0,3245.2
16,max_power_bg_invert,65,1,3,69.0,4378.0,3245.2
16,max_power_bg_invert,66,1,3,69.0,4378.0,3244.4
16,max_power_bg_invert,67,1,3,69.0,4378.0,3244.0
16,max_power_bg_invert,68,1,3,69.0,4377.0,3244.4
16,max_power_bg_invert,69,1,3,69.0,4379.0,3243.6
16,max_power_bg_invert,70,1,3,69.0,4378.0,3244.4
16,max_power_bg_invert,71,1,3,69.0,4378.0,3244.4
16,max_power_bg_invert,72,1,3,69.0,4378.0,3244.4
16,max_power_bg_invert,73,1,3,69.0,4379.0,3243.2
16,max_power_bg_invert,74,1,3,69.0,4378.0,3244.4
16,max_power_bg_invert,75,1,3,69.0,4378.0,3243.6
16,max_power_bg_invert,76,1,3,69.0,4379.0,3243.2
16,max_power_bg_invert,77,1,3,69.0,4379.0,3242.8
16,max_power_bg_invert,78,1,3,69.0,4378.0,3242.4
16,max_power_bg_invert,79,1,3,69.0,4378.0,3242.4
16,max_power_bg_invert,80,1,3,69.0,4369.0,3266.8
16,max_power_bg_invert,81,1,3,69.0,4374.0,3256.4
16,max_power_bg_invert,82,1,3,69.0,4382.0,3246.8
16,max_power_bg_invert,83,1,3,69.0,4379.0,3250.0
16,max_power_bg_invert,84,1,3,69.0,4389.0,3248.0
16,max_power_bg_invert,85,1,3,69.0,4391.0,3249.2
16,max_power_bg_invert,86,1,3,69.0,4383.0,3251.6
16,max_power_bg_invert,87,1,3,69.0,4378.0,3253.6
16,max_power_bg_invert,88,1,3,69.0,4382.0,3251.2
16,max_power_bg_invert,89,1,3,69.0,4382.0,3249.6
16,max_power_bg_invert,90,1,3,69.0,4384.0,3248.0
16,max_power_bg_invert,0,2,3,60.0,1237.0,3210.8
16,max_power_bg_invert,1,2,3,67.0,4100.0,2875.2
16,max_power_bg_invert,2,2,3,68.0,4236.0,3054.8
16,max_power_bg_invert,3,2,3,68.0,4306.0,3121.2
16,max_power_bg_invert,4,2,3,68.0,4341.0,3148.8
16,max_power_bg_invert,5,2,3,68.0,4359.0,3177.2
16,max_power_bg_invert,6,2,3,68.0,4370.0,3186.4
16,max_power_bg_invert,7,2,3,68.0,4375.0,3192.8
16,max_power_bg_invert,8,2,3,68.0,4383.0,3201.6
16,max_power_bg_invert,9,2,3,68.0,4384.0,3209.6
16,max_power_bg_invert,10,2,3,68.0,4385.0,3214.0
16,max_power_bg_invert,11,2,3,68.0,4387.0,3222.0
16,max_power_bg_invert,12,2,3,68.0,4389.0,3222.4
16,max_power_bg_invert,13,2,3,68.0,4392.0,3223.6
16,max_power_bg_invert,14,2,3,68.0,4394.0,3225.6
16,max_power_bg_invert,15,2,3,68.0,4397.0,3226.4
16,max_power_bg_invert,16,2,3,68.0,4401.0,3224.8
16,max_power_bg_invert,17,2,3,68.0,4401.0,3229.2
16,max_power_bg_invert,18,2,3,68.0,4402.0,3228.4
16,max_power_bg_invert,19,2,3,68.0,4403.0,3232.0
16,max_power_bg_invert,20,2,3,68.0,4405.0,3230.4
16,max_power_bg_invert,21,2,3,68.0,4408.0,3234.4
16,max_power_bg_invert,22,2,3,68.0,4409.0,3234.4
16,max_power_bg_invert,23,2,3,68.0,4411.0,3233.6
16,max_power_bg_invert,24,2,3,68.0,4411.0,3237.2
16,max_power_bg_invert,25,2,3,68.0,4411.0,3237.6
16,max_power_bg_invert,26,2,3,68.0,4411.0,3237.6
16,max_power_bg_invert,27,2,3,68.0,4411.0,3242.4
16,max_power_bg_invert,28,2,3,68.0,4411.0,3242.8
16,max_power_bg_invert,29,2,3,68.0,4411.0,3243.6
16,max_power_bg_invert,30,2,3,68.0,4411.0,3244.0
16,max_power_bg_invert,31,2,3,68.0,4410.0,3244.8
16,max_power_bg_invert,32,2,3,68.0,4410.0,3249.6
16,max_power_bg_invert,33,2,3,68.0,4410.0,3250.0
16,max_power_bg_invert,34,2,3,68.0,4411.0,3250.0
16,max_power_bg_invert,35,2,3,68.0,4411.0,3250.4
16,max_power_bg_invert,36,2,3,68.0,4412.0,3250.4
16,max_power_bg_invert,37,2,3,68.0,4412.0,3250.4
16,max_power_bg_invert,38,2,3,68.0,4411.0,3255.2
16,max_power_bg_invert,39,2,3,68.0,4412.0,3254.4
16,max_power_bg_invert,40,2,3,68.0,4460.0,3261.6
16,max_power_bg_invert,41,2,3,68.0,4445.0,3258.0
16,max_power_bg_invert,42,2,3,68.0,4443.0,3262.8
16,max_power_bg_invert,43,2,3,68.0,4430.0,3266.8
16,max_power_bg_invert,44,2,3,68.0,4428.0,3267.2
16,max_power_bg_invert,45,2,3,68.0,4420.0,3272.8
16,max_power_bg_invert,46,2,3,68.0,4420.0,3275.2
16,max_power_bg_invert,47,2,3,68.0,4415.0,3277.6
16,max_power_bg_invert,48,2,3,68.0,4417.0,3277.6
16,max_power_bg_invert,49,2,3,68.0,4419.0,3276.0
16,max_power_bg_invert,50,2,3,68.0,4419.0,3275.6
16,max_power_bg_invert,51,2,3,68.0,4420.0,3274.0
16,max_power_bg_invert,52,2,3,68.0,4422.0,3272.8
16,max_power_bg_invert,53,2,3,68.0,4424.0,3271.2
16,max_power_bg_invert,54,2,3,68.0,4425.0,3271.2
16,max_power_bg_invert,55,2,3,68.0,4423.0,3271.2
16,max_power_bg_invert,56,2,3,68.0,4422.0,3272.8
16,max_power_bg_invert,57,2,3,68.0,4421.0,3273.2
16,max_power_bg_invert,58,2,3,68.0,4422.0,3274.0
16,max_power_bg_invert,59,2,3,68.0,4421.0,3272.8
16,max_power_bg_invert,60,2,3,68.0,4419.0,3273.2
16,max_power_bg_invert,61,2,3,68.0,4418.0,3272.0
16,max_power_bg_invert,62,2,3,68.0,4418.0,3271.2
16,max_power_bg_invert,63,2,3,68.0,4417.0,3272.0
16,max_power_bg_invert,64,2,3,68.0,4418.0,3270.8
16,max_power_bg_invert,65,2,3,68.0,4419.0,3269.6
16,max_power_bg_invert,66,2,3,68.0,4418.0,3270.8
16,max_power_bg_invert,67,2,3,68.0,4418.0,3271.2
16,max_power_bg_invert,68,2,3,68.0,4418.0,3271.2
16,max_power_bg_invert,69,2,3,68.0,4418.0,3270.8
16,max_power_bg_invert,70,2,3,68.0,4419.0,3269.6
16,max_power_bg_invert,71,2,3,68.0,4419.0,3271.2
16,max_power_bg_invert,72,2,3,68.0,4419.0,3270.8
16,max_power_bg_invert,73,2,3,68.0,4419.0,3271.2
16,max_power_bg_invert,74,2,3,68.0,4418.0,3270.4
16,max_power_bg_invert,75,2,3,68.0,4418.0,3270.8
16,max_power_bg_invert,76,2,3,68.0,4418.0,3272.0
16,max_power_bg_invert,77,2,3,68.0,4418.0,3272.8
16,max_power_bg_invert,78,2,3,68.0,4419.0,3272.8
16,max_power_bg_invert,79,2,3,68.0,4418.0,3272.8
16,max_power_bg_invert,80,2,3,68.0,4400.0,3274.4
16,max_power_bg_invert,81,2,3,68.0,4409.0,3269.6
16,max_power_bg_invert,82,2,3,68.0,4396.0,3276.4
16,max_power_bg_invert,83,2,3,68.0,4405.0,3276.4
16,max_power_bg_invert,84,2,3,68.0,4416.0,3270.0
16,max_power_bg_invert,85,2,3,68.0,4417.0,3265.6
16,max_power_bg_invert,86,2,3,68.0,4414.0,3267.6
16,max_power_bg_invert,87,2,3,68.0,4415.0,3266.4
16,max_power_bg_invert,88,2,3,68.0,4419.0,3264.0
16,max_power_bg_invert,89,2,3,68.0,4422.0,3264.0
16,max_power_bg_invert,90,2,3,68.0,4423.0,3264.0
17,max_power_bg_invert,0,0,1,58.0,1112.0,3156.0
17,max_power_bg_invert,1,0,1,64.0,3800.0,2894.4
17,max_power_bg_invert,2,0,1,64.0,3950.0,3078.0
17,max_power_bg_invert,3,0,1,64.0,3996.0,3141.6
17,max_power_bg_invert,4,0,1,64.0,4033.0,3160.8
17,max_power_bg_invert,5,0,1,64.0,4048.0,3179.2
17,max_power_bg_invert,6,0,1,64.0,4059.0,3188.0
17,max_power_bg_invert,7,0,1,64.0,4067.0,3192.0
17,max_power_bg_invert,8,0,1,64.0,4075.0,3195.2
17,max_power_bg_invert,9,0,1,64.0,4082.0,3198.4
17,max_power_bg_invert,10,0,1,64.0,4086.0,3205.6
17,max_power_bg_invert,11,0,1,64.0,4087.0,3210.0
17,max_power_bg_invert,12,0,1,64.0,4088.0,3209.2
17,max_power_bg_invert,13,0,1,64.0,4090.0,3211.6
17,max_power_bg_invert,14,0,1,64.0,4092.0,3213.2
17,max_power_bg_invert,15,0,1,64.0,4095.0,3211.2
17,max_power_bg_invert,16,0,1,64.0,4097.0,3215.6
17,max_power_bg_invert,17,0,1,64.0,4100.0,3214.4
17,max_power_bg_invert,18,0,1,64.0,4101.0,3218.4
17,max_power_bg_invert,19,0,1,64.0,4104.0,3215.2
17,max_power_bg_invert,20,0,1,64.0,4105.0,3214.0
17,max_power_bg_invert,21,0,1,64.0,4105.0,3218.0
17,max_power_bg_invert,22,0,1,64.0,4106.0,3217.2
17,max_power_bg_invert,23,0,1,64.0,4107.0,3216.8
17,max_power_bg_invert,24,0,1,64.0,4107.0,3217.6
17,max_power_bg_invert,25,0,1,64.0,4108.0,3222.4
17,max_power_bg_invert,26,0,1,64.0,4107.0,3222.4
17,max_power_bg_invert,27,0,1,64.0,4109.0,3220.8
17,max_power_bg_invert,28,0,1,64.0,4109.0,3221.2
17,max_power_bg_invert,29,0,1,64.0,4108.0,3221.6
17,max_power_bg_invert,30,0,1,64.0,4109.0,3221.2
17,max_power_bg_invert,31,0,1,64.0,4110.0,3224.8
17,max_power_bg_invert,32,0,1,64.0,4111.0,3224.0
17,max_power_bg_invert,33,0,1,64.0,4112.0,3222.8
17,max_power_bg_invert,34,0,1,64.0,4111.0,3223.6
17,max_power_bg_invert,35,0,1,64.0,4110.0,3224.0
17,max_power_bg_invert,36,0,1,64.0,4110.0,3222.8
17,max_power_bg_invert,37,0,1,64.0,4109.0,3223.6
17,max_power_bg_invert,38,0,1,64.0,4109.0,3223.2
17,max_power_bg_invert,39,0,1,64.0,4109.0,3222.0
17,max_power_bg_invert,40,0,1,64.0,4130.0,3211.2
17,max_power_bg_invert,41,0,1,64.0,4110.0,3218.4
17,max_power_bg_invert,42,0,1,64.0,4100.0,3216.8
17,max_power_bg_invert,43,0,1,64.0,4105.0,3223.6
17,max_power_bg_invert,44,0,1,65.0,4114.0,3220.0
17,max_power_bg_invert,45,0,1,64.0,4117.0,3219.6
17,max_power_bg_invert,46,0,1,64.0,4113.0,3220.8
17,max_power_bg_invert,47,0,1,64.0,4108.0,3225.6
17,max_power_bg_invert,48,0,1,65.0,4110.0,3224.8
17,max_power_bg_invert,49,0,1,65.0,4110.0,3227.6
17,max_power_bg_invert,50,0,1,64.0,4112.0,3227.2
17,max_power_bg_invert,51,0,1,64.0,4114.0,3226.0
17,max_power_bg_invert,52,0,1,64.0,4115.0,3226.0
17,max_power_bg_invert,53,0,1,64.0,4118.0,3223.2
17,max_power_bg_invert,54,0,1,64.0,4116.0,3222.4
17,max_power_bg_invert,55,0,1,64.0,4116.0,3222.0
17,max_power_bg_invert,56,0,1,64.0,4117.0,3220.4
17,max_power_bg_invert,57,0,1,64.0,4117.0,3220.0
17,max_power_bg_invert,58,0,1,64.0,4117.0,3221.6
17,max_power_bg_invert,59,0,1,64.0,4115.0,3222.4
17,max_power_bg_invert,60,0,1,65.0,4114.0,3223.2
17,max_power_bg_invert,61,0,1,64.0,4114.0,3222.4
17,max_power_bg_invert,62,0,1,64.0,4115.0,3222.0
17,max_power_bg_invert,63,0,1,65.0,4116.0,3221.2
17,max_power_bg_invert,64,0,1,64.0,4116.0,3220.8
17,max_power_bg_invert,65,0,1,64.0,4116.0,3220.4
17,max_power_bg_invert,66,0,1,65.0,4116.0,3220.4
17,max_power_bg_invert,67,0,1,65.0,4117.0,3219.2
17,max_power_bg_invert,68,0,1,64.0,4116.0,3220.0
17,max_power_bg_invert,69,0,1,65.0,4117.0,3219.2
17,max_power_bg_invert,70,0,1,65.0,4116.0,3220.4
17,max_power_bg_invert,71,0,1,64.0,4116.0,3220.4
17,max_power_bg_invert,72,0,1,65.0,4116.0,3220.4
17,max_power_bg_invert,73,0,1,65.0,4116.0,3220.8
17,max_power_bg_invert,74,0,1,65.0,4116.0,3221.2
17,max_power_bg_invert,75,0,1,64.0,4116.0,3221.6
17,max_power_bg_invert,76,0,1,65.0,4117.0,3221.6
17,max_power_bg_invert,77,0,1,64.0,4118.0,3220.8
17,max_power_bg_invert,78,0,1,64.0,4118.0,3220.8
17,max_power_bg_invert,79,0,1,64.0,4118.0,3220.8
17,max_power_bg_invert,80,0,1,64.0,4100.0,3231.2
17,max_power_bg_invert,81,0,1,64.0,4105.0,3224.4
17,max_power_bg_invert,82,0,1,64.0,4120.0,3213.2
17,max_power_bg_invert,83,0,1,64.0,4123.0,3213.2
17,max_power_bg_invert,84,0,1,64.0,4118.0,3222.8
17,max_power_bg_invert,85,0,1,64.0,4117.0,3224.0
17,max_power_bg_invert,86,0,1,64.0,4114.0,3226.0
17,max_power_bg_invert,87,0,1,65.0,4112.0,3228.4
17,max_power_bg_invert,88,0,1,64.0,4111.0,3225.6
17,max_power_bg_invert,89,0,1,65.0,4110.0,3226.4
17,max_power_bg_invert,90,0,1,65.0,4109.0,3227.2
17,max_power_bg_invert,0,0,2,59.0,1087.0,3213.6
17,max_power_bg_invert,1,0,2,64.0,4010.0,2846.4
17,max_power_bg_invert,2,0,2,64.0,4165.0,3044.8
17,max_power_bg_invert,3,0,2,64.0,4217.0,3108.0
17,max_power_bg_invert,4,0,2,64.0,4241.0,3143.2
17,max_power_bg_invert,5,0,2,64.0,4263.0,3156.4
17,max_power_bg_invert,6,0,2,64.0,4277.0,3169.2
17,max_power_bg_invert,7,0,2,64.0,4282.0,3178.0
17,max_power_bg_invert,8,0,2,64.0,4289.0,3182.8
17,max_power_bg_invert,9,0,2,64.0,4296.0,3190.4
17,max_power_bg_invert,10,0,2,64.0,4305.0,3194.4
17,max_power_bg_invert,11,0,2,64.0,4309.0,3194.8
17,max_power_bg_invert,12,0,2,64.0,4311.0,3193.6
17,max_power_bg_invert,13,0,2,64.0,4314.0,3196.0
17,max_power_bg_invert,14,0,2,64.0,4316.0,3197.6
17,max_power_bg_invert,15,0,2,64.0,4318.0,3202.0
17,max_power_bg_invert,16,0,2,64.0,4320.0,3202.4
17,max_power_bg_invert,17,0,2,64.0,4322.0,3206.4
17,max_power_bg_invert,18,0,2,64.0,4321.0,3206.8
17,max_power_bg_invert,19,0,2,64.0,4323.0,3205.6
17,max_power_bg_invert,20,0,2,64.0,4324.0,3210.0
17,max_power_bg_invert,21,0,2,64.0,4325.0,3209.6
17,max_power_bg_invert,22,0,2,65.0,4327.0,3212.8
17,max_power_bg_invert,23,0,2,64.0,4328.0,3213.2
17,max_power_bg_invert,24,0,2,64.0,4327.0,3218.8
17,max_power_bg_invert,25,0,2,64.0,4329.0,3217.2
17,max_power_bg_invert,26,0,2,64.0,4329.0,3216.0
17,max_power_bg_invert,27,0,2,64.0,4328.0,3221.2
17,max_power_bg_invert,28,0,2,64.0,4329.0,3220.4
17,max_power_bg_invert,29,0,2,64.0,4330.0,3220.8
17,max_power_bg_invert,30,0,2,64.0,4329.0,3226.0
17,max_power_bg_invert,31,0,2,64.0,4329.0,3226.0
17,max_power_bg_invert,32,0,2,64.0,4328.0,3226.8
17,max_power_bg_invert,33,0,2,64.0,4329.0,3231.2
17,max_power_bg_invert,34,0,2,65.0,4329.0,3231.2
17,max_power_bg_invert,35,0,2,64.0,4329.0,3228.0
17,max_power_bg_invert,36,0,2,64.0,4329.0,3227.2
17,max_power_bg_invert,37,0,2,64.0,4330.0,3230.8
17,max_power_bg_invert,38,0,2,64.0,4329.0,3231.6
17,max_power_bg_invert,39,0,2,64.0,4330.0,3231.2
17,max_power_bg_invert,40,0,2,64.0,4333.0,3262.8
17,max_power_bg_invert,41,0,2,64.0,4316.0,3278.0
17,max_power_bg_invert,42,0,2,64.0,4317.0,3274.4
17,max_power_bg_invert,43,0,2,64.0,4320.0,3270.0
17,max_power_bg_invert,44,0,2,65.0,4323.0,3268.0
17,max_power_bg_invert,45,0,2,64.0,4322.0,3265.6
17,max_power_bg_invert,46,0,2,65.0,4329.0,3264.0
17,max_power_bg_invert,47,0,2,64.0,4326.0,3266.4
17,max_power_bg_invert,48,0,2,64.0,4329.0,3266.4
17,max_power_bg_invert,49,0,2,64.0,4331.0,3266.0
17,max_power_bg_invert,50,0,2,65.0,4331.0,3265.2
17,max_power_bg_invert,51,0,2,65.0,4331.0,3266.8
17,max_power_bg_invert,52,0,2,65.0,4330.0,3264.8
17,max_power_bg_invert,53,0,2,65.0,4330.0,3264.8
17,max_power_bg_invert,54,0,2,65.0,4330.0,3264.8
17,max_power_bg_invert,55,0,2,64.0,4330.0,3265.2
17,max_power_bg_invert,56,0,2,64.0,4332.0,3263.6
17,max_power_bg_invert,57,0,2,64.0,4332.0,3264.0
17,max_power_bg_invert,58,0,2,64.0,4332.0,3263.2
17,max_power_bg_invert,59,0,2,65.0,4333.0,3262.4
17,max_power_bg_invert,60,0,2,64.0,4336.0,3259.6
17,max_power_bg_invert,61,0,2,64.0,4337.0,3258.4
17,max_power_bg_invert,62,0,2,65.0,4337.0,3259.6
17,max_power_bg_invert,63,0,2,65.0,4337.0,3260.0
17,max_power_bg_invert,64,0,2,65.0,4336.0,3260.4
17,max_power_bg_invert,65,0,2,64.0,4335.0,3261.2
17,max_power_bg_invert,66,0,2,65.0,4336.0,3260.4
17,max_power_bg_invert,67,0,2,65.0,4335.0,3260.4
17,max_power_bg_invert,68,0,2,65.0,4333.0,3260.8
17,max_power_bg_invert,69,0,2,65.0,4333.0,3260.8
17,max_power_bg_invert,70,0,2,65.0,4333.0,3260.4
17,max_power_bg_invert,71,0,2,65.0,4332.0,3261.2
17,max_power_bg_invert,72,0,2,65.0,4331.0,3262.0
17,max_power_bg_invert,73,0,2,65.0,4331.0,3261.6
17,max_power_bg_invert,74,0,2,65.0,4331.0,3260.4
17,max_power_bg_invert,75,0,2,65.0,4330.0,3260.8
17,max_power_bg_invert,76,0,2,65.0,4330.0,3261.2
17,max_power_bg_invert,77,0,2,65.0,4330.0,3261.2
17,max_power_bg_invert,78,0,2,65.0,4330.0,3260.4
17,max_power_bg_invert,79,0,2,65.0,4328.0,3261.6
17,max_power_bg_invert,80,0,2,65.0,4340.0,3257.6
17,max_power_bg_invert,81,0,2,65.0,4326.0,3278.0
17,max_power_bg_invert,82,0,2,65.0,4327.0,3270.8
17,max_power_bg_invert,83,0,2,65.0,4333.0,3260.8
17,max_power_bg_invert,84,0,2,65.0,4332.0,3266.4
17,max_power_bg_invert,85,0,2,65.0,4325.0,3268.0
17,max_power_bg_invert,86,0,2,65.0,4330.0,3263.6
17,max_power_bg_invert,87,0,2,65.0,4333.0,3260.4
17,max_power_bg_invert,88,0,2,65.0,4328.0,3262.0
17,max_power_bg_invert,89,0,2,65.0,4327.0,3260.8
17,max_power_bg_invert,90,0,2,65.0,4331.0,3258.0
17,max_power_bg_invert,0,0,3,59.0,1087.0,3180.4
17,max_power_bg_invert,1,0,3,64.0,4170.0,2575.2
17,max_power_bg_invert,2,0,3,64.0,4190.0,2914.0
17,max_power_bg_invert,3,0,3,64.0,4196.0,3010.8
17,max_power_bg_invert,4,0,3,64.0,4197.0,3070.0
17,max_power_bg_invert,5,0,3,64.0,4204.0,3099.2
17,max_power_bg_invert,6,0,3,64.0,4203.0,3124.4
17,max_power_bg_invert,7,0,3,65.0,4200.0,3143.2
17,max_power_bg_invert,8,0,3,64.0,4202.0,3156.8
17,max_power_bg_invert,9,0,3,65.0,4203.0,3163.6
17,max_power_bg_invert,10,0,3,65.0,4203.0,3167.6
17,max_power_bg_invert,11,0,3,64.0,4204.0,3172.0
17,max_power_bg_invert,12,0,3,65.0,4207.0,3182.4
17,max_power_bg_invert,13,0,3,64.0,4207.0,3186.4
17,max_power_bg_invert,14,0,3,65.0,4208.0,3186.0
17,max_power_bg_invert,15,0,3,64.0,4207.0,3188.4
17,max_power_bg_invert,16,0,3,65.0,4210.0,3192.0
17,max_power_bg_invert,17,0,3,65.0,4211.0,3190.0
17,max_power_bg_invert,18,0,3,65.0,4213.0,3193.2
17,max_power_bg_invert,19,0,3,65.0,4211.0,3193.6
17,max_power_bg_invert,20,0,3,65.0,4212.0,3192.4
17,max_power_bg_invert,21,0,3,65.0,4213.0,3197.2
17,max_power_bg_invert,22,0,3,65.0,4212.0,3197.2
17,max_power_bg_invert,23,0,3,65.0,4214.0,3194.8
17,max_power_bg_invert,24,0,3,65.0,4214.0,3199.2
17,max_power_bg_invert,25,0,3,65.0,4214.0,3198.4
17,max_power_bg_invert,26,0,3,65.0,4214.0,3197.6
17,max_power_bg_invert,27,0,3,65.0,4213.0,3197.6
17,max_power_bg_invert,28,0,3,65.0,4212.0,3198.0
17,max_power_bg_invert,29,0,3,65.0,4213.0,3202.0
17,max_power_bg_invert,30,0,3,65.0,4213.0,3202.0
17,max_power_bg_invert,31,0,3,65.0,4212.0,3201.6
17,max_power_bg_invert,32,0,3,65.0,4212.0,3202.0
17,max_power_bg_invert,33,0,3,65.0,4211.0,3201.6
17,max_power_bg_invert,34,0,3,65.0,4211.0,3202.0
17,max_power_bg_invert,35,0,3,65.0,4212.0,3200.8
17,max_power_bg_invert,36,0,3,65.0,4213.0,3206.0
17,max_power_bg_invert,37,0,3,65.0,4212.0,3206.8
17,max_power_bg_invert,38,0,3,65.0,4212.0,3207.2
17,max_power_bg_invert,39,0,3,65.0,4213.0,3206.0
17,max_power_bg_invert,40,0,3,65.0,4220.0,3222.8
17,max_power_bg_invert,41,0,3,65.0,4229.0,3208.0
17,max_power_bg_invert,42,0,3,65.0,4231.0,3208.4
17,max_power_bg_invert,43,0,3,65.0,4220.0,3218.4
17,max_power_bg_invert,44,0,3,65.0,4222.0,3216.8
17,max_power_bg_invert,45,0,3,65.0,4222.0,3216.4
17,max_power_bg_invert,46,0,3,65.0,4220.0,3216.4
17,max_power_bg_invert,47,0,3,65.0,4217.0,3223.2
17,max_power_bg_invert,48,0,3,65.0,4219.0,3223.6
17,max_power_bg_invert,49,0,3,65.0,4218.0,3226.0
17,max_power_bg_invert,50,0,3,65.0,4220.0,3226.0
17,max_power_bg_invert,51,0,3,65.0,4217.0,3226.8
17,max_power_bg_invert,52,0,3,65.0,4218.0,3227.2
17,max_power_bg_invert,53,0,3,65.0,4216.0,3227.2
17,max_power_bg_invert,54,0,3,65.0,4217.0,3226.8
17,max_power_bg_invert,55,0,3,65.0,4218.0,3225.6
17,max_power_bg_invert,56,0,3,65.0,4218.0,3224.8
17,max_power_bg_invert,57,0,3,65.0,4218.0,3224.4
17,max_power_bg_invert,58,0,3,65.0,4216.0,3224.4
17,max_power_bg_invert,59,0,3,65.0,4217.0,3224.0
17,max_power_bg_invert,60,0,3,65.0,4218.0,3223.2
17,max_power_bg_invert,61,0,3,65.0,4218.0,3224.4
17,max_power_bg_invert,62,0,3,65.0,4218.0,3223.2
17,max_power_bg_invert,63,0,3,65.0,4219.0,3221.6
17,max_power_bg_invert,64,0,3,65.0,4219.0,3222.4
17,max_power_bg_invert,65,0,3,65.0,4220.0,3222.4
17,max_power_bg_invert,66,0,3,65.0,4220.0,3222.8
17,max_power_bg_invert,67,0,3,65.0,4220.0,3222.8
17,max_power_bg_invert,68,0,3,65.0,4221.0,3222.8
17,max_power_bg_invert,69,0,3,65.0,4221.0,3222.8
17,max_power_bg_invert,70,0,3,65.0,4222.0,3221.6
17,max_power_bg_invert,71,0,3,65.0,4221.0,3221.6
17,max_power_bg_invert,72,0,3,65.0,4221.0,3221.2
17,max_power_bg_invert,73,0,3,65.0,4222.0,3220.8
17,max_power_bg_invert,74,0,3,65.0,4221.0,3220.4
17,max_power_bg_invert,75,0,3,65.0,4221.0,3220.4
17,max_power_bg_invert,76,0,3,65.0,4222.0,3220.0
17,max_power_bg_invert,77,0,3,65.0,4222.0,3219.6
17,max_power_bg_invert,78,0,3,65.0,4222.0,3218.8
17,max_power_bg_invert,79,0,3,65.0,4222.0,3218.8
17,max_power_bg_invert,80,0,3,65.0,4210.0,3245.2
17,max_power_bg_invert,81,0,3,65.0,4185.0,3258.4
17,max_power_bg_invert,82,0,3,65.0,4193.0,3258.4
17,max_power_bg_invert,83,0,3,65.0,4197.0,3250.8
17,max_power_bg_invert,84,0,3,65.0,4208.0,3246.8
17,max_power_bg_invert,85,0,3,65.0,4210.0,3244.4
17,max_power_bg_invert,86,0,3,65.0,4214.0,3244.0
17,max_power_bg_invert,87,0,3,65.0,4216.0,3243.2
17,max_power_bg_invert,88,0,3,65.0,4215.0,3241.2
17,max_power_bg_invert,89,0,3,65.0,4219.0,3238.4
17,max_power_bg_invert,90,0,3,65.0,4219.0,3238.4
17,max_power_bg_invert,0,1,2,59.0,1000.0,3189.6
17,max_power_bg_invert,1,1,2,64.0,3890.0,2864.4
17,max_power_bg_invert,2,1,2,65.0,4042.0,3033.6
17,max_power_bg_invert,3,1,2,65.0,4096.0,3106.4
17,max_power_bg_invert,4,1,2,65.0,4128.0,3135.6
17,max_power_bg_invert,5,1,2,65.0,4151.0,3154.0
17,max_power_bg_invert,6,1,2,65.0,4158.0,3164.8
17,max_power_bg_invert,7,1,2,65.0,4170.0,3172.0
17,max_power_bg_invert,8,1,2,65.0,4175.0,3179.2
17,max_power_bg_invert,9,1,2,65.0,4178.0,3181.2
17,max_power_bg_invert,10,1,2,65.0,4184.0,3187.2
17,max_power_bg_invert,11,1,2,65.0,4188.0,3188.8
17,max_power_bg_invert,12,1,2,65.0,4194.0,3192.8
17,max_power_bg_invert,13,1,2,65.0,4196.0,3191.2
17,max_power_bg_invert,14,1,2,65.0,4198.0,3192.8
17,max_power_bg_invert,15,1,2,65.0,4200.0,3197.6
17,max_power_bg_invert,16,1,2,65.0,4199.0,3199.2
17,max_power_bg_invert,17,1,2,65.0,4200.0,3204.8
17,max_power_bg_invert,18,1,2,65.0,4201.0,3203.2
17,max_power_bg_invert,19,1,2,65.0,4203.0,3202.4
17,max_power_bg_invert,20,1,2,65.0,4202.0,3207.6
17,max_power_bg_invert,21,1,2,65.0,4203.0,3208.0
17,max_power_bg_invert,22,1,2,65.0,4204.0,3207.2
17,max_power_bg_invert,23,1,2,65.0,4205.0,3206.4
17,max_power_bg_invert,24,1,2,65.0,4207.0,3210.0
17,max_power_bg_invert,25,1,2,65.0,4207.0,3210.4
17,max_power_bg_invert,26,1,2,65.0,4207.0,3209.6
17,max_power_bg_invert,27,1,2,65.0,4207.0,3208.4
17,max_power_bg_invert,28,1,2,65.0,4207.0,3208.4
17,max_power_bg_invert,29,1,2,65.0,4208.0,3208.4
17,max_power_bg_invert,30,1,2,65.0,4208.0,3213.2
17,max_power_bg_invert,31,1,2,65.0,4208.0,3213.2
17,max_power_bg_invert,32,1,2,65.0,4208.0,3212.4
17,max_power_bg_invert,33,1,2,65.0,4210.0,3211.6
17,max_power_bg_invert,34,1,2,65.0,4210.0,3211.6
17,max_power_bg_invert,35,1,2,65.0,4210.0,3211.6
17,max_power_bg_invert,36,1,2,65.0,4209.0,3212.4
17,max_power_bg_invert,37,1,2,65.0,4210.0,3215.6
17,max_power_bg_invert,38,1,2,65.0,4210.0,3215.6
17,max_power_bg_invert,39,1,2,65.0,4210.0,3216.0
17,max_power_bg_invert,40,1,2,65.0,4220.0,3262.0
17,max_power_bg_invert,41,1,2,65.0,4224.0,3238.4
17,max_power_bg_invert,42,1,2,65.0,4226.0,3223.6
17,max_power_bg_invert,43,1,2,65.0,4217.0,3235.2
17,max_power_bg_invert,44,1,2,65.0,4224.0,3228.4
17,max_power_bg_invert,45,1,2,65.0,4222.0,3232.8
17,max_power_bg_invert,46,1,2,65.0,4217.0,3228.4
17,max_power_bg_invert,47,1,2,65.0,4220.0,3230.4
17,max_power_bg_invert,48,1,2,65.0,4219.0,3230.4
17,max_power_bg_invert,49,1,2,65.0,4214.0,3232.0
17,max_power_bg_invert,50,1,2,65.0,4213.0,3232.8
17,max_power_bg_invert,51,1,2,65.0,4212.0,3233.6
17,max_power_bg_invert,52,1,2,65.0,4211.0,3235.6
17,max_power_bg_invert,53,1,2,65.0,4210.0,3235.2
17,max_power_bg_invert,54,1,2,65.0,4211.0,3238.4
17,max_power_bg_invert,55,1,2,65.0,4210.0,3240.0
17,max_power_bg_invert,56,1,2,65.0,4210.0,3239.6
17,max_power_bg_invert,57,1,2,65.0,4213.0,3238.4
17,max_power_bg_invert,58,1,2,65.0,4213.0,3238.8
17,max_power_bg_invert,59,1,2,65.0,4213.0,3238.8
17,max_power_bg_invert,60,1,2,65.0,4212.0,3240.0
17,max_power_bg_invert,61,1,2,65.0,4213.0,3239.6
17,max_power_bg_invert,62,1,2,65.0,4211.0,3245.2
17,max_power_bg_invert,63,1,2,65.0,4211.0,3244.4
17,max_power_bg_invert,64,1,2,65.0,4211.0,3244.0
17,max_power_bg_invert,65,1,2,65.0,4211.0,3244.4
17,max_power_bg_invert,66,1,2,65.0,4212.0,3243.6
17,max_power_bg_invert,67,1,2,65.0,4211.0,3244.0
17,max_power_bg_invert,68,1,2,65.0,4212.0,3244.0
17,max_power_bg_invert,69,1,2,65.0,4213.0,3242.8
17,max_power_bg_invert,70,1,2,65.0,4212.0,3242.4
17,max_power_bg_invert,71,1,2,65.0,4213.0,3241.6
17,max_power_bg_invert,72,1,2,65.0,4213.0,3241.6
17,max_power_bg_invert,73,1,2,65.0,4213.0,3242.4
17,max_power_bg_invert,74,1,2,65.0,4214.0,3242.4
17,max_power_bg_invert,75,1,2,65.0,4213.0,3243.6
17,max_power_bg_invert,76,1,2,65.0,4213.0,3244.0
17,max_power_bg_invert,77,1,2,65.0,4213.0,3245.2
17,max_power_bg_invert,78,1,2,65.0,4213.0,3244.8
17,max_power_bg_invert,79,1,2,65.0,4213.0,3244.0
17,max_power_bg_invert,80,1,2,65.0,4220.0,3225.2
17,max_power_bg_invert,81,1,2,65.0,4215.0,3230.8
17,max_power_bg_invert,82,1,2,65.0,4223.0,3236.4
17,max_power_bg_invert,83,1,2,65.0,4217.0,3237.6
17,max_power_bg_invert,84,1,2,65.0,4214.0,3238.0
17,max_power_bg_invert,85,1,2,65.0,4215.0,3236.8
17,max_power_bg_invert,86,1,2,65.0,4214.0,3240.8
17,max_power_bg_invert,87,1,2,65.0,4219.0,3240.8
17,max_power_bg_invert,88,1,2,65.0,4219.0,3240.8
17,max_power_bg_invert,89,1,2,65.0,4222.0,3238.8
17,max_power_bg_invert,90,1,2,65.0,4220.0,3242.4
17,max_power_bg_invert,0,1,3,0.0,0.0,0.0
17,max_power_bg_invert,1,1,3,0.0,0.0,0.0
17,max_power_bg_invert,2,1,3,65.0,4100.0,3196.8
17,max_power_bg_invert,3,1,3,65.0,4105.0,3196.4
17,max_power_bg_invert,4,1,3,65.0,4107.0,3194.4
17,max_power_bg_invert,5,1,3,65.0,4094.0,3208.8
17,max_power_bg_invert,6,1,3,65.0,4089.0,3221.2
17,max_power_bg_invert,7,1,3,65.0,4087.0,3227.6
17,max_power_bg_invert,8,1,3,65.0,4083.0,3230.4
17,max_power_bg_invert,9,1,3,65.0,4085.0,3225.2
17,max_power_bg_invert,10,1,3,65.0,4084.0,3225.2
17,max_power_bg_invert,11,1,3,65.0,4083.0,3226.0
17,max_power_bg_invert,12,1,3,65.0,4083.0,3224.4
17,max_power_bg_invert,13,1,3,65.0,4085.0,3216.8
17,max_power_bg_invert,14,1,3,65.0,4084.0,3219.6
17,max_power_bg_invert,15,1,3,65.0,4082.0,3219.6
17,max_power_bg_invert,16,1,3,65.0,4080.0,3221.2
17,max_power_bg_invert,17,1,3,65.0,4081.0,3221.2
17,max_power_bg_invert,18,1,3,65.0,4080.0,3220.0
17,max_power_bg_invert,19,1,3,65.0,4081.0,3219.6
17,max_power_bg_invert,20,1,3,65.0,4082.0,3218.8
17,max_power_bg_invert,21,1,3,65.0,4081.0,3218.4
17,max_power_bg_invert,22,1,3,65.0,4080.0,3219.2
17,max_power_bg_invert,23,1,3,65.0,4080.0,3218.8
17,max_power_bg_invert,24,1,3,65.0,4081.0,3217.6
17,max_power_bg_invert,25,1,3,65.0,4081.0,3217.6
17,max_power_bg_invert,26,1,3,65.0,4082.0,3216.8
17,max_power_bg_invert,27,1,3,65.0,4082.0,3216.8
17,max_power_bg_invert,28,1,3,65.0,4081.0,3222.4
17,max_power_bg_invert,29,1,3,65.0,4082.0,3222.0
17,max_power_bg_invert,30,1,3,65.0,4082.0,3221.6
17,max_power_bg_invert,31,1,3,65.0,4083.0,3220.4
17,max_power_bg_invert,32,1,3,65.0,4082.0,3220.8
17,max_power_bg_invert,33,1,3,65.0,4082.0,3221.2
17,max_power_bg_invert,34,1,3,65.0,4082.0,3220.8
17,max_power_bg_invert,35,1,3,65.0,4082.0,3220.0
17,max_power_bg_invert,36,1,3,65.0,4082.0,3219.2
17,max_power_bg_invert,37,1,3,65.0,4081.0,3220.0
17,max_power_bg_invert,38,1,3,65.0,4081.0,3224.4
17,max_power_bg_invert,39,1,3,65.0,4081.0,3224.0
17,max_power_bg_invert,40,1,3,65.0,4090.0,3233.6
17,max_power_bg_invert,41,1,3,65.0,4065.0,3256.0
17,max_power_bg_invert,42,1,3,65.0,4075.0,3251.6
17,max_power_bg_invert,43,1,3,65.0,4082.0,3248.0
17,max_power_bg_invert,44,1,3,65.0,4091.0,3238.8
17,max_power_bg_invert,45,1,3,65.0,4096.0,3231.6
17,max_power_bg_invert,46,1,3,65.0,4094.0,3230.4
17,max_power_bg_invert,47,1,3,65.0,4096.0,3229.2
17,max_power_bg_invert,48,1,3,65.0,4093.0,3231.6
17,max_power_bg_invert,49,1,3,65.0,4093.0,3230.4
17,max_power_bg_invert,50,1,3,65.0,4094.0,3228.8
17,max_power_bg_invert,51,1,3,65.0,4096.0,3228.4
17,max_power_bg_invert,52,1,3,65.0,4096.0,3228.8
17,max_power_bg_invert,53,1,3,65.0,4096.0,3228.4
17,max_power_bg_invert,54,1,3,65.0,4094.0,3230.0
17,max_power_bg_invert,55,1,3,65.0,4092.0,3230.0
17,max_power_bg_invert,56,1,3,65.0,4091.0,3230.0
17,max_power_bg_invert,57,1,3,65.0,4090.0,3230.8
17,max_power_bg_invert,58,1,3,65.0,4090.0,3229.6
17,max_power_bg_invert,59,1,3,65.0,4089.0,3230.0
17,max_power_bg_invert,60,1,3,65.0,4089.0,3231.2
17,max_power_bg_invert,61,1,3,65.0,4088.0,3230.4
17,max_power_bg_invert,62,1,3,65.0,4089.0,3229.2
17,max_power_bg_invert,63,1,3,65.0,4088.0,3231.2
17,max_power_bg_invert,64,1,3,65.0,4088.0,3232.0
17,max_power_bg_invert,65,1,3,65.0,4088.0,3232.0
17,max_power_bg_invert,66,1,3,65.0,4088.0,3232.0
17,max_power_bg_invert,67,1,3,65.0,4089.0,3231.2
17,max_power_bg_invert,68,1,3,65.0,4089.0,3231.6
17,max_power_bg_invert,69,1,3,65.0,4090.0,3230.8
17,max_power_bg_invert,70,1,3,65.0,4090.0,3230.8
17,max_power_bg_invert,71,1,3,65.0,4088.0,3231.2
17,max_power_bg_invert,72,1,3,65.0,4087.0,3231.6
17,max_power_bg_invert,73,1,3,65.0,4087.0,3231.2
17,max_power_bg_invert,74,1,3,65.0,4087.0,3231.2
17,max_power_bg_invert,75,1,3,65.0,4088.0,3231.2
17,max_power_bg_invert,76,1,3,65.0,4087.0,3232.0
17,max_power_bg_invert,77,1,3,65.0,4086.0,3232.8
17,max_power_bg_invert,78,1,3,65.0,4086.0,3233.6
17,max_power_bg_invert,79,1,3,65.0,4085.0,3233.6
17,max_power_bg_invert,80,1,3,65.0,4060.0,3240.0
17,max_power_bg_invert,81,1,3,65.0,4069.0,3240.8
17,max_power_bg_invert,82,1,3,65.0,4066.0,3236.0
17,max_power_bg_invert,83,1,3,65.0,4074.0,3237.6
17,max_power_bg_invert,84,1,3,65.0,4075.0,3237.6
17,max_power_bg_invert,85,1,3,65.0,4076.0,3235.2
17,max_power_bg_invert,86,1,3,65.0,4075.0,3234.4
17,max_power_bg_invert,87,1,3,65.0,4071.0,3235.6
17,max_power_bg_invert,88,1,3,65.0,4077.0,3234.0
17,max_power_bg_invert,89,1,3,65.0,4074.0,3232.4
17,max_power_bg_invert,90,1,3,65.0,4074.0,3233.2
17,max_power_bg_invert,0,2,3,59.0,1062.0,3202.8
17,max_power_bg_invert,1,2,3,64.0,3830.0,2812.4
17,max_power_bg_invert,2,2,3,64.0,3965.0,3030.0
17,max_power_bg_invert,3,2,3,64.0,4006.0,3095.6
17,max_power_bg_invert,4,2,3,64.0,4041.0,3134.8
17,max_power_bg_invert,5,2,3,64.0,4057.0,3150.4
17,max_power_bg_invert,6,2,3,64.0,4069.0,3165.6
17,max_power_bg_invert,7,2,3,64.0,4079.0,3172.0
17,max_power_bg_invert,8,2,3,64.0,4085.0,3178.8
17,max_power_bg_invert,9,2,3,64.0,4090.0,3180.8
17,max_power_bg_invert,10,2,3,65.0,4095.0,3182.8
17,max_power_bg_invert,11,2,3,64.0,4096.0,3190.4
17,max_power_bg_invert,12,2,3,64.0,4101.0,3191.2
17,max_power_bg_invert,13,2,3,64.0,4103.0,3189.6
17,max_power_bg_invert,14,2,3,64.0,4105.0,3190.8
17,max_power_bg_invert,15,2,3,64.0,4106.0,3196.0
17,max_power_bg_invert,16,2,3,64.0,4107.0,3195.2
17,max_power_bg_invert,17,2,3,65.0,4107.0,3200.0
17,max_power_bg_invert,18,2,3,64.0,4107.0,3201.6
17,max_power_bg_invert,19,2,3,64.0,4109.0,3204.0
17,max_power_bg_invert,20,2,3,64.0,4108.0,3204.0
17,max_power_bg_invert,21,2,3,65.0,4108.0,3202.4
17,max_power_bg_invert,22,2,3,64.0,4110.0,3205.2
17,max_power_bg_invert,23,2,3,64.0,4112.0,3204.0
17,max_power_bg_invert,24,2,3,65.0,4114.0,3202.8
17,max_power_bg_invert,25,2,3,64.0,4115.0,3202.4
17,max_power_bg_invert,26,2,3,65.0,4115.0,3202.4
17,max_power_bg_invert,27,2,3,65.0,4115.0,3206.8
17,max_power_bg_invert,28,2,3,64.0,4115.0,3206.0
17,max_power_bg_invert,29,2,3,64.0,4116.0,3205.2
17,max_power_bg_invert,30,2,3,65.0,4116.0,3205.6
17,max_power_bg_invert,31,2,3,64.0,4116.0,3204.4
17,max_power_bg_invert,32,2,3,64.0,4116.0,3204.0
17,max_power_bg_invert,33,2,3,65.0,4117.0,3207.6
17,max_power_bg_invert,34,2,3,65.0,4117.0,3208.4
17,max_power_bg_invert,35,2,3,64.0,4119.0,3207.2
17,max_power_bg_invert,36,2,3,64.0,4119.0,3206.8
17,max_power_bg_invert,37,2,3,64.0,4119.0,3206.4
17,max_power_bg_invert,38,2,3,64.0,4119.0,3205.6
17,max_power_bg_invert,39,2,3,65.0,4120.0,3204.4
17,max_power_bg_invert,40,2,3,64.0,4092.0,3214.4
17,max_power_bg_invert,41,2,3,65.0,4096.0,3212.4
17,max_power_bg_invert,42,2,3,64.0,4124.0,3202.0
17,max_power_bg_invert,43,2,3,65.0,4113.0,3207.6
17,max_power_bg_invert,44,2,3,65.0,4120.0,3203.2
17,max_power_bg_invert,45,2,3,65.0,4115.0,3208.0
17,max_power_bg_invert,46,2,3,65.0,4119.0,3204.4
17,max_power_bg_invert,47,2,3,65.0,4123.0,3204.4
17,max_power_bg_invert,48,2,3,65.0,4124.0,3205.2
17,max_power_bg_invert,49,2,3,65.0,4128.0,3204.0
17,max_power_bg_invert,50,2,3,64.0,4127.0,3205.2
17,max_power_bg_invert,51,2,3,65.0,4126.0,3204.8
17,max_power_bg_invert,52,2,3,65.0,4128.0,3205.6
17,max_power_bg_invert,53,2,3,65.0,4128.0,3206.4
17,max_power_bg_invert,54,2,3,65.0,4129.0,3206.4
17,max_power_bg_invert,55,2,3,65.0,4126.0,3208.8
17,max_power_bg_invert,56,2,3,64.0,4124.0,3209.6
17,max_power_bg_invert,57,2,3,65.0,4125.0,3209.2
17,max_power_bg_invert,58,2,3,65.0,4126.0,3209.2
17,max_power_bg_invert,59,2,3,65.0,4125.0,3210.8
17,max_power_bg_invert,60,2,3,65.0,4125.0,3210.4
17,max_power_bg_invert,61,2,3,65.0,4125.0,3209.6
17,max_power_bg_invert,62,2,3,65.0,4123.0,3209.2
17,max_power_bg_invert,63,2,3,65.0,4121.0,3209.6
17,max_power_bg_invert,64,2,3,65.0,4119.0,3212.4
17,max_power_bg_invert,65,2,3,65.0,4120.0,3212.4
17,max_power_bg_invert,66,2,3,65.0,4119.0,3212.0
17,max_power_bg_invert,67,2,3,65.0,4118.0,3214.8
17,max_power_bg_invert,68,2,3,65.0,4118.0,3215.2
17,max_power_bg_invert,69,2,3,65.0,4117.0,3215.2
17,max_power_bg_invert,70,2,3,65.0,4116.0,3215.2
17,max_power_bg_invert,71,2,3,65.0,4117.0,3214.0
17,max_power_bg_invert,72,2,3,65.0,4116.0,3220.8
17,max_power_bg_invert,73,2,3,65.0,4116.0,3220.8
17,max_power_bg_invert,74,2,3,65.0,4116.0,3220.8
17,max_power_bg_invert,75,2,3,65.0,4116.0,3220.8
17,max_power_bg_invert,76,2,3,65.0,4117.0,3220.4
17,max_power_bg_invert,77,2,3,65.0,4116.0,3220.8
17,max_power_bg_invert,78,2,3,65.0,4117.0,3220.0
17,max_power_bg_invert,79,2,3,65.0,4117.0,3219.2
17,max_power_bg_invert,80,2,3,65.0,4080.0,3230.4
17,max_power_bg_invert,81,2,3,65.0,4089.0,3224.0
17,max_power_bg_invert,82,2,3,65.0,4106.0,3216.4
17,max_power_bg_invert,83,2,3,65.0,4105.0,3224.0
17,max_power_bg_invert,84,2,3,65.0,4095.0,3228.8
17,max_power_bg_invert,85,2,3,65.0,4098.0,3227.2
17,max_power_bg_invert,86,2,3,65.0,4101.0,3230.4
17,max_power_bg_invert,87,2,3,65.0,4103.0,3227.2
17,max_power_bg_invert,88,2,3,65.0,4102.0,3224.8
17,max_power_bg_invert,89,2,3,65.0,4102.0,3225.6
17,max_power_bg_invert,90,2,3,65.0,4103.0,3225.2
18,max_power_bg_invert,0,0,1,61.0,1400.0,3148.8
18,max_power_bg_invert,1,0,1,69.0,4650.0,2573.6
18,max_power_bg_invert,2,0,1,69.0,4639.0,2864.0
18,max_power_bg_invert,3,0,1,69.0,4644.0,2953.2
18,max_power_bg_invert,4,0,1,69.0,4638.0,2999.6
18,max_power_bg_invert,5,0,1,69.0,4640.0,3029.2
18,max_power_bg_invert,6,0,1,69.0,4638.0,3050.4
18,max_power_bg_invert,7,0,1,69.0,4641.0,3061.2
18,max_power_bg_invert,8,0,1,69.0,4642.0,3071.2
18,max_power_bg_invert,9,0,1,69.0,4645.0,3080.4
18,max_power_bg_invert,10,0,1,69.0,4644.0,3086.8
18,max_power_bg_invert,11,0,1,69.0,4645.0,3092.8
18,max_power_bg_invert,12,0,1,69.0,4646.0,3097.2
18,max_power_bg_invert,13,0,1,69.0,4644.0,3100.8
18,max_power_bg_invert,14,0,1,69.0,4643.0,3105.2
18,max_power_bg_invert,15,0,1,69.0,4644.0,3109.2
18,max_power_bg_invert,16,0,1,69.0,4644.0,3108.8
18,max_power_bg_invert,17,0,1,69.0,4643.0,3114.8
18,max_power_bg_invert,18,0,1,69.0,4647.0,3112.0
18,max_power_bg_invert,19,0,1,69.0,4647.0,3116.0
18,max_power_bg_invert,20,0,1,69.0,4648.0,3116.4
18,max_power_bg_invert,21,0,1,69.0,4649.0,3115.6
18,max_power_bg_invert,22,0,1,69.0,4650.0,3116.0
18,max_power_bg_invert,23,0,1,69.0,4651.0,3120.0
18,max_power_bg_invert,24,0,1,69.0,4651.0,3120.0
18,max_power_bg_invert,25,0,1,69.0,4650.0,3121.2
18,max_power_bg_invert,26,0,1,70.0,4650.0,3121.2
18,max_power_bg_invert,27,0,1,69.0,4652.0,3123.6
18,max_power_bg_invert,28,0,1,69.0,4651.0,3124.4
18,max_power_bg_invert,29,0,1,69.0,4650.0,3124.4
18,max_power_bg_invert,30,0,1,69.0,4651.0,3123.6
18,max_power_bg_invert,31,0,1,69.0,4651.0,3124.0
18,max_power_bg_invert,32,0,1,69.0,4650.0,3124.0
18,max_power_bg_invert,33,0,1,70.0,4651.0,3123.2
18,max_power_bg_invert,34,0,1,69.0,4651.0,3127.6
18,max_power_bg_invert,35,0,1,69.0,4652.0,3126.4
18,max_power_bg_invert,36,0,1,70.0,4652.0,3126.4
18,max_power_bg_invert,37,0,1,69.0,4652.0,3126.4
18,max_power_bg_invert,38,0,1,69.0,4653.0,3126.4
18,max_power_bg_invert,39,0,1,69.0,4653.0,3126.0
18,max_power_bg_invert,40,0,1,69.0,4610.0,3144.4
18,max_power_bg_invert,41,0,1,69.0,4615.0,3145.6
18,max_power_bg_invert,42,0,1,69.0,4613.0,3146.4
18,max_power_bg_invert,43,0,1,69.0,4617.0,3144.0
18,max_power_bg_invert,44,0,1,70.0,4624.0,3145.2
18,max_power_bg_invert,45,0,1,69.0,4629.0,3144.0
18,max_power_bg_invert,46,0,1,70.0,4632.0,3144.4
18,max_power_bg_invert,47,0,1,70.0,4632.0,3142.8
18,max_power_bg_invert,48,0,1,69.0,4632.0,3143.6
18,max_power_bg_invert,49,0,1,69.0,4636.0,3142.4
18,max_power_bg_invert,50,0,1,69.0,4638.0,3141.2
18,max_power_bg_invert,51,0,1,70.0,4639.0,3141.6
18,max_power_bg_invert,52,0,1,70.0,4640.0,3142.0
18,max_power_bg_invert,53,0,1,70.0,4639.0,3140.4
18,max_power_bg_invert,54,0,1,70.0,4640.0,3140.8
18,max_power_bg_invert,55,0,1,69.0,4640.0,3141.6
18,max_power_bg_invert,56,0,1,70.0,4639.0,3141.2
18,max_power_bg_invert,57,0,1,69.0,4643.0,3139.6
18,max_power_bg_invert,58,0,1,70.0,4643.0,3140.4
18,max_power_bg_invert,59,0,1,69.0,4643.0,3140.4
18,max_power_bg_invert,60,0,1,70.0,4644.0,3140.4
18,max_power_bg_invert,61,0,1,70.0,4642.0,3141.6
18,max_power_bg_invert,62,0,1,70.0,4644.0,3140.0
18,max_power_bg_invert,63,0,1,70.0,4643.0,3140.0
18,max_power_bg_invert,64,0,1,70.0,4645.0,3138.4
18,max_power_bg_invert,65,0,1,70.0,4647.0,3137.2
18,max_power_bg_invert,66,0,1,69.0,4646.0,3137.2
18,max_power_bg_invert,67,0,1,70.0,4646.0,3136.4
18,max_power_bg_invert,68,0,1,70.0,4646.0,3136.0
18,max_power_bg_invert,69,0,1,70.0,4646.0,3136.0
18,max_power_bg_invert,70,0,1,70.0,4646.0,3136.8
18,max_power_bg_invert,71,0,1,70.0,4646.0,3137.2
18,max_power_bg_invert,72,0,1,70.0,4646.0,3137.2
18,max_power_bg_invert,73,0,1,70.0,4647.0,3136.4
18,max_power_bg_invert,74,0,1,70.0,4648.0,3136.0
18,max_power_bg_invert,75,0,1,70.0,4648.0,3140.8
18,max_power_bg_invert,76,0,1,70.0,4648.0,3140.8
18,max_power_bg_invert,77,0,1,70.0,4648.0,3140.0
18,max_power_bg_invert,78,0,1,69.0,4648.0,3140.0
18,max_power_bg_invert,79,0,1,70.0,4647.0,3140.4
18,max_power_bg_invert,80,0,1,70.0,4650.0,3136.0
18,max_power_bg_invert,81,0,1,69.0,4665.0,3140.4
18,max_power_bg_invert,82,0,1,70.0,4648.0,3151.6
18,max_power_bg_invert,83,0,1,69.0,4653.0,3155.2
18,max_power_bg_invert,84,0,1,70.0,4657.0,3145.2
18,max_power_bg_invert,85,0,1,70.0,4657.0,3144.4
18,max_power_bg_invert,86,0,1,70.0,4658.0,3148.8
18,max_power_bg_invert,87,0,1,70.0,4655.0,3149.2
18,max_power_bg_invert,88,0,1,70.0,4660.0,3150.8
18,max_power_bg_invert,89,0,1,70.0,4659.0,3151.2
18,max_power_bg_invert,90,0,1,70.0,4657.0,3151.6
18,max_power_bg_invert,0,0,2,62.0,1362.0,3110.8
18,max_power_bg_invert,1,0,2,69.0,4550.0,2793.6
18,max_power_bg_invert,2,0,2,69.0,4740.0,2952.0
18,max_power_bg_invert,3,0,2,69.0,4782.0,3016.0
18,max_power_bg_invert,4,0,2,69.0,4815.0,3049.6
18,max_power_bg_invert,5,0,2,69.0,4832.0,3071.2
18,max_power_bg_invert,6,0,2,69.0,4838.0,3089.2
18,max_power_bg_invert,7,0,2,69.0,4841.0,3103.6
18,max_power_bg_invert,8,0,2,69.0,4848.0,3108.4
18,max_power_bg_invert,9,0,2,69.0,4855.0,3112.0
18,max_power_bg_invert,10,0,2,69.0,4861.0,3114.4
18,max_power_bg_invert,11,0,2,69.0,4864.0,3118.8
18,max_power_bg_invert,12,0,2,69.0,4867.0,3121.6
18,max_power_bg_invert,13,0,2,69.0,4873.0,3125.6
18,max_power_bg_invert,14,0,2,69.0,4873.0,3129.2
18,max_power_bg_invert,15,0,2,69.0,4874.0,3127.6
18,max_power_bg_invert,16,0,2,69.0,4878.0,3132.0
18,max_power_bg_invert,17,0,2,69.0,4879.0,3129.6
18,max_power_bg_invert,18,0,2,69.0,4878.0,3134.0
18,max_power_bg_invert,19,0,2,69.0,4878.0,3132.4
18,max_power_bg_invert,20,0,2,69.0,4882.0,3134.4
18,max_power_bg_invert,21,0,2,69.0,4882.0,3134.4
18,max_power_bg_invert,22,0,2,69.0,4884.0,3132.8
18,max_power_bg_invert,23,0,2,69.0,4884.0,3132.8
18,max_power_bg_invert,24,0,2,69.0,4885.0,3136.8
18,max_power_bg_invert,25,0,2,69.0,4885.0,3137.6
18,max_power_bg_invert,26,0,2,69.0,4886.0,3135.6
18,max_power_bg_invert,27,0,2,69.0,4887.0,3135.2
18,max_power_bg_invert,28,0,2,70.0,4887.0,3139.2
18,max_power_bg_invert,29,0,2,69.0,4888.0,3139.2
18,max_power_bg_invert,30,0,2,70.0,4888.0,3139.6
18,max_power_bg_invert,31,0,2,69.0,4889.0,3139.2
18,max_power_bg_invert,32,0,2,69.0,4890.0,3138.4
18,max_power_bg_invert,33,0,2,69.0,4890.0,3137.6
18,max_power_bg_invert,34,0,2,69.0,4890.0,3138.0
18,max_power_bg_invert,35,0,2,69.0,4890.0,3142.0
18,max_power_bg_invert,36,0,2,69.0,4890.0,3141.6
18,max_power_bg_invert,37,0,2,69.0,4890.0,3142.0
18,max_power_bg_invert,38,0,2,69.0,4891.0,3140.8
18,max_power_bg_invert,39,0,2,69.0,4890.0,3140.8
18,max_power_bg_invert,40,0,2,70.0,4909.0,3133.2
18,max_power_bg_invert,41,0,2,69.0,4909.0,3140.8
18,max_power_bg_invert,42,0,2,70.0,4903.0,3138.4
18,max_power_bg_invert,43,0,2,69.0,4909.0,3140.0
18,max_power_bg_invert,44,0,2,70.0,4907.0,3142.0
18,max_power_bg_invert,45,0,2,69.0,4903.0,3140.8
18,max_power_bg_invert,46,0,2,70.0,4899.0,3140.4
18,max_power_bg_invert,47,0,2,69.0,4902.0,3138.4
18,max_power_bg_invert,48,0,2,70.0,4902.0,3137.6
18,max_power_bg_invert,49,0,2,70.0,4902.0,3136.8
18,max_power_bg_invert,50,0,2,69.0,4905.0,3135.6
18,max_power_bg_invert,51,0,2,69.0,4900.0,3138.0
18,max_power_bg_invert,52,0,2,69.0,4899.0,3139.2
18,max_power_bg_invert,53,0,2,70.0,4899.0,3138.8
18,max_power_bg_invert,54,0,2,70.0,4898.0,3137.6
18,max_power_bg_invert,55,0,2,70.0,4898.0,3136.4
18,max_power_bg_invert,56,0,2,70.0,4896.0,3137.2
18,max_power_bg_invert,57,0,2,70.0,4895.0,3137.2
18,max_power_bg_invert,58,0,2,69.0,4896.0,3136.8
18,max_power_bg_invert,59,0,2,70.0,4895.0,3140.0
18,max_power_bg_invert,60,0,2,70.0,4895.0,3139.6
18,max_power_bg_invert,61,0,2,70.0,4892.0,3140.8
18,max_power_bg_invert,62,0,2,70.0,4894.0,3140.8
18,max_power_bg_invert,63,0,2,70.0,4894.0,3140.8
18,max_power_bg_invert,64,0,2,69.0,4895.0,3139.6
18,max_power_bg_invert,65,0,2,70.0,4896.0,3139.2
18,max_power_bg_invert,66,0,2,69.0,4895.0,3140.0
18,max_power_bg_invert,67,0,2,70.0,4895.0,3139.6
18,max_power_bg_invert,68,0,2,70.0,4895.0,3139.6
18,max_power_bg_invert,69,0,2,69.0,4894.0,3139.2
18,max_power_bg_invert,70,0,2,70.0,4895.0,3139.6
18,max_power_bg_invert,71,0,2,70.0,4895.0,3139.6
18,max_power_bg_invert,72,0,2,70.0,4895.0,3139.6
18,max_power_bg_invert,73,0,2,70.0,4896.0,3139.2
18,max_power_bg_invert,74,0,2,69.0,4896.0,3139.2
18,max_power_bg_invert,75,0,2,70.0,4896.0,3138.8
18,max_power_bg_invert,76,0,2,70.0,4897.0,3138.0
18,max_power_bg_invert,77,0,2,70.0,4897.0,3138.0
18,max_power_bg_invert,78,0,2,70.0,4897.0,3138.0
18,max_power_bg_invert,79,0,2,69.0,4898.0,3137.2
18,max_power_bg_invert,80,0,2,70.0,4930.0,3117.6
18,max_power_bg_invert,81,0,2,70.0,4910.0,3127.2
18,max_power_bg_invert,82,0,2,70.0,4896.0,3137.6
18,max_power_bg_invert,83,0,2,70.0,4894.0,3140.8
18,max_power_bg_invert,84,0,2,70.0,4895.0,3139.2
18,max_power_bg_invert,85,0,2,69.0,4901.0,3137.2
18,max_power_bg_invert,86,0,2,70.0,4899.0,3136.8
18,max_power_bg_invert,87,0,2,70.0,4906.0,3133.2
18,max_power_bg_invert,88,0,2,70.0,4911.0,3131.2
18,max_power_bg_invert,89,0,2,70.0,4909.0,3131.6
18,max_power_bg_invert,90,0,2,70.0,4912.0,3130.0
18,max_power_bg_invert,0,0,3,62.0,1375.0,3121.6
18,max_power_bg_invert,1,0,3,69.0,4400.0,2731.2
18,max_power_bg_invert,2,0,3,69.0,4552.0,2942.0
18,max_power_bg_invert,3,0,3,69.0,4624.0,3003.2
18,max_power_bg_invert,4,0,3,69.0,4653.0,3038.0
18,max_power_bg_invert,5,0,3,69.0,4673.0,3059.6
18,max_power_bg_invert,6,0,3,70.0,4686.0,3072.0
18,max_power_bg_invert,7,0,3,69.0,4692.0,3081.2
18,max_power_bg_invert,8,0,3,69.0,4697.0,3092.8
18,max_power_bg_invert,9,0,3,70.0,4700.0,3100.4
18,max_power_bg_invert,10,0,3,69.0,4703.0,3102.0
18,max_power_bg_invert,11,0,3,70.0,4709.0,3104.0
18,max_power_bg_invert,12,0,3,69.0,4711.0,3107.2
18,max_power_bg_invert,13,0,3,69.0,4713.0,3110.4
18,max_power_bg_invert,14,0,3,70.0,4718.0,3111.6
18,max_power_bg_invert,15,0,3,69.0,4718.0,3116.4
18,max_power_bg_invert,16,0,3,69.0,4721.0,3114.0
18,max_power_bg_invert,17,0,3,69.0,4722.0,3118.8
18,max_power_bg_invert,18,0,3,69.0,4724.0,3117.2
18,max_power_bg_invert,19,0,3,69.0,4727.0,3120.0
18,max_power_bg_invert,20,0,3,69.0,4728.0,3119.6
18,max_power_bg_invert,21,0,3,70.0,4728.0,3118.8
18,max_power_bg_invert,22,0,3,69.0,4729.0,3122.0
18,max_power_bg_invert,23,0,3,70.0,4730.0,3122.4
18,max_power_bg_invert,24,0,3,69.0,4733.0,3120.0
18,max_power_bg_invert,25,0,3,70.0,4735.0,3124.8
18,max_power_bg_invert,26,0,3,70.0,4734.0,3124.8
18,max_power_bg_invert,27,0,3,70.0,4734.0,3124.8
18,max_power_bg_invert,28,0,3,69.0,4735.0,3128.4
18,max_power_bg_invert,29,0,3,69.0,4738.0,3127.6
18,max_power_bg_invert,30,0,3,69.0,4739.0,3127.2
18,max_power_bg_invert,31,0,3,70.0,4739.0,3132.4
18,max_power_bg_invert,32,0,3,70.0,4740.0,3131.2
18,max_power_bg_invert,33,0,3,70.0,4741.0,3130.8
18,max_power_bg_invert,34,0,3,70.0,4741.0,3135.2
18,max_power_bg_invert,35,0,3,70.0,4741.0,3135.6
18,max_power_bg_invert,36,0,3,70.0,4742.0,3134.8
18,max_power_bg_invert,37,0,3,70.0,4742.0,3134.8
18,max_power_bg_invert,38,0,3,70.0,4742.0,3134.8
18,max_power_bg_invert,39,0,3,70.0,4743.0,3139.2
18,max_power_bg_invert,40,0,3,70.0,4734.0,3176.8
18,max_power_bg_invert,41,0,3,70.0,4737.0,3166.8
18,max_power_bg_invert,42,0,3,70.0,4744.0,3159.2
18,max_power_bg_invert,43,0,3,70.0,4751.0,3163.2
18,max_power_bg_invert,44,0,3,70.0,4747.0,3168.8
18,max_power_bg_invert,45,0,3,69.0,4751.0,3168.8
18,max_power_bg_invert,46,0,3,70.0,4751.0,3166.4
18,max_power_bg_invert,47,0,3,70.0,4749.0,3165.6
18,max_power_bg_invert,48,0,3,70.0,4749.0,3166.4
18,max_power_bg_invert,49,0,3,70.0,4747.0,3169.2
18,max_power_bg_invert,50,0,3,70.0,4746.0,3169.2
18,max_power_bg_invert,51,0,3,70.0,4748.0,3166.8
18,max_power_bg_invert,52,0,3,70.0,4750.0,3164.8
18,max_power_bg_invert,53,0,3,70.0,4750.0,3164.8
18,max_power_bg_invert,54,0,3,70.0,4751.0,3162.0
18,max_power_bg_invert,55,0,3,70.0,4749.0,3164.0
18,max_power_bg_invert,56,0,3,70.0,4746.0,3165.6
18,max_power_bg_invert,57,0,3,70.0,4746.0,3164.8
18,max_power_bg_invert,58,0,3,70.0,4747.0,3163.2
18,max_power_bg_invert,59,0,3,70.0,4747.0,3162.8
18,max_power_bg_invert,60,0,3,70.0,4748.0,3162.0
18,max_power_bg_invert,61,0,3,70.0,4748.0,3162.0
18,max_power_bg_invert,62,0,3,70.0,4748.0,3160.8
18,max_power_bg_invert,63,0,3,70.0,4748.0,3160.0
18,max_power_bg_invert,64,0,3,70.0,4748.0,3160.0
18,max_power_bg_invert,65,0,3,70.0,4747.0,3160.4
18,max_power_bg_invert,66,0,3,70.0,4746.0,3160.8
18,max_power_bg_invert,67,0,3,70.0,4746.0,3161.6
18,max_power_bg_invert,68,0,3,70.0,4746.0,3161.6
18,max_power_bg_invert,69,0,3,70.0,4747.0,3160.4
18,max_power_bg_invert,70,0,3,70.0,4746.0,3160.8
18,max_power_bg_invert,71,0,3,70.0,4745.0,3160.4
18,max_power_bg_invert,72,0,3,70.0,4745.0,3160.0
18,max_power_bg_invert,73,0,3,70.0,4743.0,3161.2
18,max_power_bg_invert,74,0,3,70.0,4744.0,3160.8
18,max_power_bg_invert,75,0,3,70.0,4744.0,3160.4
18,max_power_bg_invert,76,0,3,70.0,4744.0,3160.0
18,max_power_bg_invert,77,0,3,70.0,4745.0,3160.0
18,max_power_bg_invert,78,0,3,70.0,4746.0,3158.8
18,max_power_bg_invert,79,0,3,70.0,4746.0,3158.8
18,max_power_bg_invert,80,0,3,70.0,4770.0,3153.6
18,max_power_bg_invert,81,0,3,70.0,4740.0,3172.4
18,max_power_bg_invert,82,0,3,70.0,4737.0,3173.2
18,max_power_bg_invert,83,0,3,70.0,4728.0,3172.4
18,max_power_bg_invert,84,0,3,70.0,4730.0,3168.0
18,max_power_bg_invert,85,0,3,70.0,4742.0,3161.6
18,max_power_bg_invert,86,0,3,70.0,4742.0,3160.4
18,max_power_bg_invert,87,0,3,70.0,4739.0,3164.4
18,max_power_bg_invert,88,0,3,70.0,4742.0,3164.0
18,max_power_bg_invert,89,0,3,70.0,4742.0,3164.0
18,max_power_bg_invert,90,0,3,70.0,4742.0,3161.6
18,max_power_bg_invert,0,1,2,62.0,1300.0,3139.2
18,max_power_bg_invert,1,1,2,69.0,4749.0,2522.0
18,max_power_bg_invert,2,1,2,70.0,4755.0,2840.0
18,max_power_bg_invert,3,1,2,70.0,4762.0,2936.4
18,max_power_bg_invert,4,1,2,70.0,4761.0,2992.0
18,max_power_bg_invert,5,1,2,70.0,4767.0,3026.4
18,max_power_bg_invert,6,1,2,70.0,4766.0,3051.2
18,max_power_bg_invert,7,1,2,70.0,4769.0,3059.6
18,max_power_bg_invert,8,1,2,70.0,4765.0,3070.4
18,max_power_bg_invert,9,1,2,70.0,4763.0,3084.4
18,max_power_bg_invert,10,1,2,70.0,4764.0,3086.8
18,max_power_bg_invert,11,1,2,70.0,4759.0,3094.0
18,max_power_bg_invert,12,1,2,70.0,4763.0,3097.2
18,max_power_bg_invert,13,1,2,70.0,4761.0,3102.8
18,max_power_bg_invert,14,1,2,70.0,4761.0,3107.2
18,max_power_bg_invert,15,1,2,70.0,4758.0,3114.4
18,max_power_bg_invert,16,1,2,70.0,4757.0,3115.2
18,max_power_bg_invert,17,1,2,70.0,4759.0,3117.6
18,max_power_bg_invert,18,1,2,70.0,4760.0,3123.2
18,max_power_bg_invert,19,1,2,70.0,4761.0,3122.4
18,max_power_bg_invert,20,1,2,70.0,4762.0,3121.2
18,max_power_bg_invert,21,1,2,70.0,4763.0,3126.8
18,max_power_bg_invert,22,1,2,70.0,4763.0,3126.8
18,max_power_bg_invert,23,1,2,70.0,4765.0,3124.8
18,max_power_bg_invert,24,1,2,70.0,4767.0,3124.4
18,max_power_bg_invert,25,1,2,70.0,4766.0,3129.2
18,max_power_bg_invert,26,1,2,70.0,4766.0,3129.2
18,max_power_bg_invert,27,1,2,70.0,4766.0,3126.8
18,max_power_bg_invert,28,1,2,70.0,4766.0,3126.8
18,max_power_bg_invert,29,1,2,70.0,4764.0,3132.4
18,max_power_bg_invert,30,1,2,70.0,4764.0,3132.8
18,max_power_bg_invert,31,1,2,70.0,4764.0,3132.8
18,max_power_bg_invert,32,1,2,70.0,4765.0,3131.6
18,max_power_bg_invert,33,1,2,70.0,4765.0,3130.8
18,max_power_bg_invert,34,1,2,70.0,4765.0,3130.8
18,max_power_bg_invert,35,1,2,70.0,4764.0,3131.2
18,max_power_bg_invert,36,1,2,70.0,4763.0,3132.0
18,max_power_bg_invert,37,1,2,70.0,4762.0,3136.8
18,max_power_bg_invert,38,1,2,70.0,4762.0,3136.8
18,max_power_bg_invert,39,1,2,70.0,4762.0,3136.8
18,max_power_bg_invert,40,1,2,70.0,4710.0,3183.6
18,max_power_bg_invert,41,1,2,70.0,4739.0,3168.8
18,max_power_bg_invert,42,1,2,70.0,4740.0,3169.2
18,max_power_bg_invert,43,1,2,70.0,4741.0,3168.0
18,max_power_bg_invert,44,1,2,70.0,4746.0,3167.2
18,max_power_bg_invert,45,1,2,70.0,4744.0,3168.0
18,max_power_bg_invert,46,1,2,70.0,4747.0,3166.0
18,max_power_bg_invert,47,1,2,70.0,4749.0,3165.2
18,max_power_bg_invert,48,1,2,70.0,4753.0,3162.8
18,max_power_bg_invert,49,1,2,70.0,4752.0,3163.6
18,max_power_bg_invert,50,1,2,70.0,4754.0,3163.6
18,max_power_bg_invert,51,1,2,70.0,4755.0,3162.0
18,max_power_bg_invert,52,1,2,70.0,4755.0,3162.8
18,max_power_bg_invert,53,1,2,70.0,4754.0,3164.4
18,max_power_bg_invert,54,1,2,70.0,4756.0,3162.8
18,max_power_bg_invert,55,1,2,70.0,4755.0,3163.2
18,max_power_bg_invert,56,1,2,70.0,4753.0,3164.0
18,max_power_bg_invert,57,1,2,70.0,4755.0,3161.2
18,max_power_bg_invert,58,1,2,70.0,4753.0,3158.8
18,max_power_bg_invert,59,1,2,70.0,4752.0,3158.8
18,max_power_bg_invert,60,1,2,70.0,4752.0,3158.4
18,max_power_bg_invert,61,1,2,71.0,4752.0,3158.0
18,max_power_bg_invert,62,1,2,71.0,4753.0,3158.4
18,max_power_bg_invert,63,1,2,70.0,4752.0,3158.4
18,max_power_bg_invert,64,1,2,71.0,4753.0,3156.8
18,max_power_bg_invert,65,1,2,70.0,4752.0,3156.8
18,max_power_bg_invert,66,1,2,70.0,4751.0,3157.6
18,max_power_bg_invert,67,1,2,70.0,4751.0,3158.0
18,max_power_bg_invert,68,1,2,70.0,4751.0,3157.2
18,max_power_bg_invert,69,1,2,70.0,4752.0,3157.2
18,max_power_bg_invert,70,1,2,70.0,4752.0,3156.8
18,max_power_bg_invert,71,1,2,71.0,4752.0,3156.0
18,max_power_bg_invert,72,1,2,70.0,4751.0,3156.4
18,max_power_bg_invert,73,1,2,70.0,4752.0,3155.6
18,max_power_bg_invert,74,1,2,70.0,4751.0,3154.8
18,max_power_bg_invert,75,1,2,70.0,4752.0,3154.0
18,max_power_bg_invert,76,1,2,70.0,4751.0,3153.6
18,max_power_bg_invert,77,1,2,70.0,4752.0,3153.2
18,max_power_bg_invert,78,1,2,70.0,4752.0,3155.2
18,max_power_bg_invert,79,1,2,70.0,4753.0,3154.0
18,max_power_bg_invert,80,1,2,70.0,4720.0,3169.2
18,max_power_bg_invert,81,1,2,70.0,4721.0,3169.6
18,max_power_bg_invert,82,1,2,70.0,4731.0,3158.4
18,max_power_bg_invert,83,1,2,70.0,4728.0,3157.2
18,max_power_bg_invert,84,1,2,70.0,4724.0,3160.4
18,max_power_bg_invert,85,1,2,70.0,4727.0,3156.0
18,max_power_bg_invert,86,1,2,70.0,4736.0,3154.8
18,max_power_bg_invert,87,1,2,71.0,4739.0,3154.0
18,max_power_bg_invert,88,1,2,70.0,4744.0,3150.0
18,max_power_bg_invert,89,1,2,70.0,4744.0,3150.8
18,max_power_bg_invert,90,1,2,70.0,4743.0,3154.4
18,max_power_bg_invert,0,1,3,62.0,1300.0,3109.6
18,max_power_bg_invert,1,1,3,69.0,4270.0,2746.4
18,max_power_bg_invert,2,1,3,70.0,4442.0,2926.8
18,max_power_bg_invert,3,1,3,70.0,4503.0,3004.4
18,max_power_bg_invert,4,1,3,70.0,4535.0,3040.0
18,max_power_bg_invert,5,1,3,70.0,4542.0,3067.2
18,max_power_bg_invert,6,1,3,70.0,4553.0,3079.6
18,max_power_bg_invert,7,1,3,70.0,4560.0,3090.8
18,max_power_bg_invert,8,1,3,70.0,4567.0,3100.8
18,max_power_bg_invert,9,1,3,70.0,4571.0,3107.6
18,max_power_bg_invert,10,1,3,70.0,4575.0,3108.8
18,max_power_bg_invert,11,1,3,70.0,4575.0,3113.6
18,max_power_bg_invert,12,1,3,70.0,4575.0,3118.0
18,max_power_bg_invert,13,1,3,70.0,4577.0,3120.0
18,max_power_bg_invert,14,1,3,70.0,4578.0,3125.2
18,max_power_bg_invert,15,1,3,70.0,4578.0,3130.8
18,max_power_bg_invert,16,1,3,70.0,4578.0,3130.4
18,max_power_bg_invert,17,1,3,70.0,4580.0,3133.2
18,max_power_bg_invert,18,1,3,70.0,4580.0,3131.6
18,max_power_bg_invert,19,1,3,70.0,4582.0,3134.8
18,max_power_bg_invert,20,1,3,70.0,4583.0,3134.0
18,max_power_bg_invert,21,1,3,70.0,4584.0,3133.2
18,max_power_bg_invert,22,1,3,70.0,4584.0,3133.2
18,max_power_bg_invert,23,1,3,70.0,4584.0,3137.2
18,max_power_bg_invert,24,1,3,70.0,4585.0,3137.2
18,max_power_bg_invert,25,1,3,70.0,4586.0,3136.4
18,max_power_bg_invert,26,1,3,70.0,4587.0,3136.0
18,max_power_bg_invert,27,1,3,70.0,4587.0,3140.0
18,max_power_bg_invert,28,1,3,70.0,4588.0,3140.4
18,max_power_bg_invert,29,1,3,70.0,4588.0,3140.0
18,max_power_bg_invert,30,1,3,70.0,4588.0,3139.6
18,max_power_bg_invert,31,1,3,70.0,4589.0,3138.8
18,max_power_bg_invert,32,1,3,70.0,4590.0,3135.6
18,max_power_bg_invert,33,1,3,70.0,4590.0,3135.2
18,max_power_bg_invert,34,1,3,70.0,4589.0,3142.0
18,max_power_bg_invert,35,1,3,70.0,4590.0,3140.0
18,max_power_bg_invert,36,1,3,70.0,4590.0,3139.6
18,max_power_bg_invert,37,1,3,70.0,4590.0,3139.2
18,max_power_bg_invert,38,1,3,70.0,4590.0,3139.2
18,max_power_bg_invert,39,1,3,70.0,4591.0,3138.4
18,max_power_bg_invert,40,1,3,70.0,4620.0,3126.0
18,max_power_bg_invert,41,1,3,70.0,4614.0,3132.4
18,max_power_bg_invert,42,1,3,70.0,4613.0,3133.2
18,max_power_bg_invert,43,1,3,70.0,4610.0,3131.6
18,max_power_bg_invert,44,1,3,70.0,4614.0,3132.8
18,max_power_bg_invert,45,1,3,70.0,4611.0,3134.8
18,max_power_bg_invert,46,1,3,70.0,4605.0,3139.2
18,max_power_bg_invert,47,1,3,70.0,4605.0,3137.2
18,max_power_bg_invert,48,1,3,70.0,4605.0,3136.0
18,max_power_bg_invert,49,1,3,70.0,4609.0,3133.6
18,max_power_bg_invert,50,1,3,70.0,4606.0,3134.0
18,max_power_bg_invert,51,1,3,70.0,4608.0,3132.4
18,max_power_bg_invert,52,1,3,70.0,4611.0,3130.0
18,max_power_bg_invert,53,1,3,70.0,4612.0,3130.0
18,max_power_bg_invert,54,1,3,70.0,4614.0,3130.0
18,max_power_bg_invert,55,1,3,70.0,4614.0,3129.6
18,max_power_bg_invert,56,1,3,70.0,4611.0,3132.4
18,max_power_bg_invert,57,1,3,70.0,4610.0,3133.2
18,max_power_bg_invert,58,1,3,70.0,4611.0,3133.2
18,max_power_bg_invert,59,1,3,70.0,4613.0,3132.4
18,max_power_bg_invert,60,1,3,70.0,4612.0,3132.4
18,max_power_bg_invert,61,1,3,70.0,4611.0,3132.8
18,max_power_bg_invert,62,1,3,70.0,4612.0,3132.0
18,max_power_bg_invert,63,1,3,70.0,4612.0,3133.2
18,max_power_bg_invert,64,1,3,70.0,4613.0,3132.4
18,max_power_bg_invert,65,1,3,70.0,4615.0,3131.2
18,max_power_bg_invert,66,1,3,70.0,4615.0,3130.8
18,max_power_bg_invert,67,1,3,70.0,4617.0,3131.2
18,max_power_bg_invert,68,1,3,70.0,4616.0,3132.0
18,max_power_bg_invert,69,1,3,70.0,4617.0,3131.2
18,max_power_bg_invert,70,1,3,70.0,4615.0,3132.8
18,max_power_bg_invert,71,1,3,70.0,4615.0,3132.8
18,max_power_bg_invert,72,1,3,70.0,4617.0,3131.6
18,max_power_bg_invert,73,1,3,70.0,4617.0,3132.0
18,max_power_bg_invert,74,1,3,70.0,4618.0,3131.6
18,max_power_bg_invert,75,1,3,70.0,4617.0,3133.6
18,max_power_bg_invert,76,1,3,70.0,4616.0,3133.6
18,max_power_bg_invert,77,1,3,70.0,4616.0,3133.2
18,max_power_bg_invert,78,1,3,70.0,4617.0,3132.4
18,max_power_bg_invert,79,1,3,70.0,4616.0,3132.4
18,max_power_bg_invert,80,1,3,70.0,4600.0,3149.6
18,max_power_bg_invert,81,1,3,70.0,4600.0,3145.2
18,max_power_bg_invert,82,1,3,70.0,4606.0,3147.2
18,max_power_bg_invert,83,1,3,70.0,4607.0,3142.4
18,max_power_bg_invert,84,1,3,70.0,4606.0,3136.0
18,max_power_bg_invert,85,1,3,70.0,4610.0,3132.0
18,max_power_bg_invert,86,1,3,70.0,4611.0,3131.2
18,max_power_bg_invert,87,1,3,70.0,4610.0,3130.8
18,max_power_bg_invert,88,1,3,70.0,4606.0,3132.0
18,max_power_bg_invert,89,1,3,71.0,4607.0,3130.0
18,max_power_bg_invert,90,1,3,70.0,4608.0,3129.2
18,max_power_bg_invert,0,2,3,62.0,1300.0,3096.4
18,max_power_bg_invert,1,2,3,69.0,4310.0,2730.0
18,max_power_bg_invert,2,2,3,69.0,4505.0,2921.2
18,max_power_bg_invert,3,2,3,69.0,4551.0,2998.8
18,max_power_bg_invert,4,2,3,69.0,4576.0,3040.4
18,max_power_bg_invert,5,2,3,69.0,4595.0,3063.2
18,max_power_bg_invert,6,2,3,69.0,4605.0,3081.2
18,max_power_bg_invert,7,2,3,69.0,4613.0,3091.6
18,max_power_bg_invert,8,2,3,69.0,4616.0,3102.4
18,max_power_bg_invert,9,2,3,69.0,4618.0,3110.4
18,max_power_bg_invert,10,2,3,69.0,4624.0,3116.8
18,max_power_bg_invert,11,2,3,69.0,4625.0,3120.0
18,max_power_bg_invert,12,2,3,69.0,4628.0,3122.4
18,max_power_bg_invert,13,2,3,69.0,4630.0,3125.6
18,max_power_bg_invert,14,2,3,69.0,4632.0,3128.0
18,max_power_bg_invert,15,2,3,69.0,4633.0,3131.2
18,max_power_bg_invert,16,2,3,69.0,4634.0,3129.6
18,max_power_bg_invert,17,2,3,70.0,4636.0,3134.0
18,max_power_bg_invert,18,2,3,70.0,4635.0,3134.0
18,max_power_bg_invert,19,2,3,70.0,4635.0,3138.4
18,max_power_bg_invert,20,2,3,69.0,4636.0,3137.2
18,max_power_bg_invert,21,2,3,69.0,4637.0,3136.0
18,max_power_bg_invert,22,2,3,69.0,4638.0,3140.0
18,max_power_bg_invert,23,2,3,70.0,4639.0,3140.0
18,max_power_bg_invert,24,2,3,69.0,4640.0,3139.6
18,max_power_bg_invert,25,2,3,70.0,4640.0,3144.8
18,max_power_bg_invert,26,2,3,69.0,4640.0,3144.4
18,max_power_bg_invert,27,2,3,69.0,4641.0,3144.0
18,max_power_bg_invert,28,2,3,70.0,4642.0,3142.4
18,max_power_bg_invert,29,2,3,70.0,4643.0,3142.0
18,max_power_bg_invert,30,2,3,69.0,4642.0,3147.2
18,max_power_bg_invert,31,2,3,69.0,4643.0,3146.0
18,max_power_bg_invert,32,2,3,69.0,4642.0,3146.4
18,max_power_bg_invert,33,2,3,70.0,4643.0,3145.6
18,max_power_bg_invert,34,2,3,69.0,4643.0,3146.0
18,max_power_bg_invert,35,2,3,70.0,4643.0,3146.0
18,max_power_bg_invert,36,2,3,70.0,4644.0,3145.6
18,max_power_bg_invert,37,2,3,69.0,4644.0,3145.6
18,max_power_bg_invert,38,2,3,69.0,4644.0,3150.0
18,max_power_bg_invert,39,2,3,69.0,4644.0,3150.0
18,max_power_bg_invert,40,2,3,70.0,4654.0,3140.8
18,max_power_bg_invert,41,2,3,69.0,4662.0,3144.4
18,max_power_bg_invert,42,2,3,70.0,4651.0,3148.8
18,max_power_bg_invert,43,2,3,70.0,4651.0,3148.4
18,max_power_bg_invert,44,2,3,70.0,4645.0,3157.6
18,max_power_bg_invert,45,2,3,69.0,4648.0,3153.6
18,max_power_bg_invert,46,2,3,70.0,4644.0,3158.0
18,max_power_bg_invert,47,2,3,69.0,4647.0,3155.6
18,max_power_bg_invert,48,2,3,69.0,4648.0,3154.4
18,max_power_bg_invert,49,2,3,69.0,4649.0,3154.0
18,max_power_bg_invert,50,2,3,70.0,4644.0,3156.8
18,max_power_bg_invert,51,2,3,69.0,4648.0,3155.6
18,max_power_bg_invert,52,2,3,70.0,4648.0,3154.8
18,max_power_bg_invert,53,2,3,69.0,4647.0,3155.6
18,max_power_bg_invert,54,2,3,70.0,4651.0,3152.8
18,max_power_bg_invert,55,2,3,70.0,4650.0,3154.4
18,max_power_bg_invert,56,2,3,70.0,4650.0,3154.8
18,max_power_bg_invert,57,2,3,69.0,4652.0,3153.6
18,max_power_bg_invert,58,2,3,70.0,4652.0,3153.6
18,max_power_bg_invert,59,2,3,70.0,4651.0,3154.0
18,max_power_bg_invert,60,2,3,70.0,4649.0,3157.6
18,max_power_bg_invert,61,2,3,70.0,4650.0,3157.2
18,max_power_bg_invert,62,2,3,69.0,4649.0,3158.4
18,max_power_bg_invert,63,2,3,70.0,4650.0,3158.8
18,max_power_bg_invert,64,2,3,69.0,4651.0,3158.4
18,max_power_bg_invert,65,2,3,69.0,4652.0,3156.8
18,max_power_bg_invert,66,2,3,70.0,4654.0,3155.6
18,max_power_bg_invert,67,2,3,70.0,4655.0,3155.6
18,max_power_bg_invert,68,2,3,70.0,4655.0,3155.2
18,max_power_bg_invert,69,2,3,70.0,4655.0,3155.6
18,max_power_bg_invert,70,2,3,69.0,4654.0,3156.0
18,max_power_bg_invert,71,2,3,69.0,4653.0,3155.6
18,max_power_bg_invert,72,2,3,70.0,4654.0,3155.6
18,max_power_bg_invert,73,2,3,70.0,4655.0,3156.0
18,max_power_bg_invert,74,2,3,70.0,4655.0,3156.0
18,max_power_bg_invert,75,2,3,70.0,4655.0,3155.6
18,max_power_bg_invert,76,2,3,69.0,4655.0,3156.0
18,max_power_bg_invert,77,2,3,70.0,4655.0,3153.6
18,max_power_bg_invert,78,2,3,70.0,4657.0,3152.4
18,max_power_bg_invert,79,2,3,70.0,4657.0,3152.4
18,max_power_bg_invert,80,2,3,70.0,4669.0,3153.2
18,max_power_bg_invert,81,2,3,70.0,4660.0,3168.0
18,max_power_bg_invert,82,2,3,70.0,4655.0,3163.2
18,max_power_bg_invert,83,2,3,70.0,4658.0,3156.4
18,max_power_bg_invert,84,2,3,70.0,4657.0,3154.8
18,max_power_bg_invert,85,2,3,70.0,4650.0,3156.4
18,max_power_bg_invert,86,2,3,70.0,4647.0,3159.6
18,max_power_bg_invert,87,2,3,70.0,4644.0,3158.4
18,max_power_bg_invert,88,2,3,70.0,4647.0,3155.2
18,max_power_bg_invert,89,2,3,70.0,4647.0,3155.6
18,max_power_bg_invert,90,2,3,70.0,4647.0,3154.0
19,max_power_bg_invert,0,0,1,60.0,1212.0,3081.6
19,max_power_bg_invert,1,0,1,68.0,4010.0,2792.8
19,max_power_bg_invert,2,0,1,68.0,4190.0,2939.2
19,max_power_bg_invert,3,0,1,68.0,4227.0,2986.4
19,max_power_bg_invert,4,0,1,68.0,4251.0,3016.4
19,max_power_bg_invert,5,0,1,68.0,4265.0,3036.0
19,max_power_bg_invert,6,0,1,68.0,4269.0,3048.8
19,max_power_bg_invert,7,0,1,68.0,4283.0,3054.8
19,max_power_bg_invert,8,0,1,68.0,4294.0,3058.4
19,max_power_bg_invert,9,0,1,68.0,4302.0,3062.8
19,max_power_bg_invert,10,0,1,68.0,4308.0,3068.8
19,max_power_bg_invert,11,0,1,68.0,4309.0,3070.8
19,max_power_bg_invert,12,0,1,68.0,4309.0,3080.4
19,max_power_bg_invert,13,0,1,68.0,4311.0,3085.2
19,max_power_bg_invert,14,0,1,68.0,4312.0,3088.0
19,max_power_bg_invert,15,0,1,68.0,4319.0,3083.2
19,max_power_bg_invert,16,0,1,68.0,4321.0,3088.8
19,max_power_bg_invert,17,0,1,68.0,4321.0,3088.8
19,max_power_bg_invert,18,0,1,68.0,4324.0,3091.6
19,max_power_bg_invert,19,0,1,68.0,4327.0,3090.8
19,max_power_bg_invert,20,0,1,68.0,4327.0,3095.6
19,max_power_bg_invert,21,0,1,69.0,4328.0,3095.2
19,max_power_bg_invert,22,0,1,68.0,4327.0,3099.2
19,max_power_bg_invert,23,0,1,69.0,4329.0,3098.8
19,max_power_bg_invert,24,0,1,69.0,4329.0,3098.8
19,max_power_bg_invert,25,0,1,68.0,4330.0,3100.8
19,max_power_bg_invert,26,0,1,69.0,4328.0,3102.4
19,max_power_bg_invert,27,0,1,68.0,4328.0,3102.4
19,max_power_bg_invert,28,0,1,68.0,4328.0,3102.4
19,max_power_bg_invert,29,0,1,69.0,4328.0,3108.8
19,max_power_bg_invert,30,0,1,68.0,4329.0,3107.6
19,max_power_bg_invert,31,0,1,68.0,4331.0,3106.4
19,max_power_bg_invert,32,0,1,68.0,4330.0,3106.8
19,max_power_bg_invert,33,0,1,69.0,4330.0,3107.2
19,max_power_bg_invert,34,0,1,68.0,4331.0,3106.0
19,max_power_bg_invert,35,0,1,68.0,4331.0,3110.0
19,max_power_bg_invert,36,0,1,69.0,4332.0,3109.2
19,max_power_bg_invert,37,0,1,69.0,4332.0,3109.2
19,max_power_bg_invert,38,0,1,69.0,4333.0,3109.2
19,max_power_bg_invert,39,0,1,68.0,4335.0,3107.6
19,max_power_bg_invert,40,0,1,69.0,4383.0,3095.6
19,max_power_bg_invert,41,0,1,69.0,4351.0,3114.0
19,max_power_bg_invert,42,0,1,69.0,4361.0,3105.6
19,max_power_bg_invert,43,0,1,68.0,4345.0,3115.6
19,max_power_bg_invert,44,0,1,69.0,4339.0,3116.8
19,max_power_bg_invert,45,0,1,69.0,4346.0,3115.6
19,max_power_bg_invert,46,0,1,69.0,4339.0,3120.0
19,max_power_bg_invert,47,0,1,69.0,4338.0,3122.0
19,max_power_bg_invert,48,0,1,69.0,4342.0,3120.4
19,max_power_bg_invert,49,0,1,69.0,4342.0,3118.4
19,max_power_bg_invert,50,0,1,69.0,4341.0,3119.6
19,max_power_bg_invert,51,0,1,69.0,4340.0,3118.8
19,max_power_bg_invert,52,0,1,69.0,4343.0,3118.8
19,max_power_bg_invert,53,0,1,69.0,4343.0,3120.0
19,max_power_bg_invert,54,0,1,69.0,4342.0,3119.6
19,max_power_bg_invert,55,0,1,69.0,4338.0,3122.0
19,max_power_bg_invert,56,0,1,69.0,4336.0,3120.8
19,max_power_bg_invert,57,0,1,69.0,4338.0,3120.4
19,max_power_bg_invert,58,0,1,69.0,4338.0,3119.6
19,max_power_bg_invert,59,0,1,69.0,4339.0,3118.8
19,max_power_bg_invert,60,0,1,69.0,4339.0,3118.4
19,max_power_bg_invert,61,0,1,69.0,4339.0,3117.6
19,max_power_bg_invert,62,0,1,69.0,4339.0,3117.6
19,max_power_bg_invert,63,0,1,69.0,4340.0,3116.4
19,max_power_bg_invert,64,0,1,69.0,4341.0,3116.0
19,max_power_bg_invert,65,0,1,69.0,4342.0,3115.6
19,max_power_bg_invert,66,0,1,69.0,4342.0,3116.4
19,max_power_bg_invert,67,0,1,69.0,4343.0,3116.0
19,max_power_bg_invert,68,0,1,69.0,4343.0,3114.8
19,max_power_bg_invert,69,0,1,69.0,4343.0,3114.4
19,max_power_bg_invert,70,0,1,69.0,4343.0,3113.6
19,max_power_bg_invert,71,0,1,69.0,4344.0,3112.8
19,max_power_bg_invert,72,0,1,69.0,4343.0,3112.0
19,max_power_bg_invert,73,0,1,69.0,4344.0,3111.6
19,max_power_bg_invert,74,0,1,69.0,4344.0,3111.6
19,max_power_bg_invert,75,0,1,69.0,4345.0,3110.8
19,max_power_bg_invert,76,0,1,69.0,4345.0,3110.0
19,max_power_bg_invert,77,0,1,69.0,4345.0,3110.0
19,max_power_bg_invert,78,0,1,69.0,4344.0,3110.4
19,max_power_bg_invert,79,0,1,69.0,4344.0,3110.4
19,max_power_bg_invert,80,0,1,69.0,4330.0,3121.2
19,max_power_bg_invert,81,0,1,69.0,4344.0,3116.0
19,max_power_bg_invert,82,0,1,69.0,4358.0,3104.4
19,max_power_bg_invert,83,0,1,69.0,4361.0,3097.2
19,max_power_bg_invert,84,0,1,69.0,4355.0,3101.6
19,max_power_bg_invert,85,0,1,69.0,4355.0,3100.4
19,max_power_bg_invert,86,0,1,69.0,4355.0,3099.6
19,max_power_bg_invert,87,0,1,69.0,4355.0,3099.6
19,max_power_bg_invert,88,0,1,69.0,4352.0,3103.2
19,max_power_bg_invert,89,0,1,69.0,4351.0,3104.8
19,max_power_bg_invert,90,0,1,69.0,4346.0,3104.8
19,max_power_bg_invert,0,0,2,61.0,1200.0,3069.2
19,max_power_bg_invert,1,0,2,68.0,4230.0,2710.0
19,max_power_bg_invert,2,0,2,69.0,4410.0,2905.2
19,max_power_bg_invert,3,0,2,69.0,4458.0,2976.4
19,max_power_bg_invert,4,0,2,69.0,4492.0,3007.2
19,max_power_bg_invert,5,0,2,69.0,4512.0,3028.4
19,max_power_bg_invert,6,0,2,69.0,4518.0,3042.0
19,max_power_bg_invert,7,0,2,69.0,4526.0,3052.0
19,max_power_bg_invert,8,0,2,69.0,4534.0,3053.6
19,max_power_bg_invert,9,0,2,69.0,4542.0,3055.6
19,max_power_bg_invert,10,0,2,69.0,4547.0,3061.6
19,max_power_bg_invert,11,0,2,69.0,4549.0,3066.8
19,max_power_bg_invert,12,0,2,69.0,4552.0,3068.0
19,max_power_bg_invert,13,0,2,69.0,4556.0,3071.6
19,max_power_bg_invert,14,0,2,69.0,4557.0,3076.4
19,max_power_bg_invert,15,0,2,69.0,4558.0,3074.8
19,max_power_bg_invert,16,0,2,69.0,4557.0,3080.8
19,max_power_bg_invert,17,0,2,69.0,4557.0,3086.0
19,max_power_bg_invert,18,0,2,69.0,4557.0,3086.8
19,max_power_bg_invert,19,0,2,69.0,4559.0,3090.0
19,max_power_bg_invert,20,0,2,69.0,4561.0,3089.6
19,max_power_bg_invert,21,0,2,69.0,4561.0,3089.6
19,max_power_bg_invert,22,0,2,69.0,4561.0,3092.8
19,max_power_bg_invert,23,0,2,69.0,4562.0,3092.4
19,max_power_bg_invert,24,0,2,69.0,4563.0,3090.8
19,max_power_bg_invert,25,0,2,69.0,4563.0,3094.0
19,max_power_bg_invert,26,0,2,69.0,4564.0,3094.4
19,max_power_bg_invert,27,0,2,69.0,4563.0,3098.4
19,max_power_bg_invert,28,0,2,69.0,4563.0,3098.4
19,max_power_bg_invert,29,0,2,69.0,4564.0,3098.8
19,max_power_bg_invert,30,0,2,69.0,4565.0,3102.8
19,max_power_bg_invert,31,0,2,69.0,4565.0,3102.0
19,max_power_bg_invert,32,0,2,69.0,4565.0,3101.6
19,max_power_bg_invert,33,0,2,69.0,4566.0,3100.8
19,max_power_bg_invert,34,0,2,69.0,4567.0,3104.0
19,max_power_bg_invert,35,0,2,69.0,4568.0,3102.4
19,max_power_bg_invert,36,0,2,69.0,4568.0,3102.8
19,max_power_bg_invert,37,0,2,69.0,4568.0,3102.8
19,max_power_bg_invert,38,0,2,69.0,4568.0,3108.0
19,max_power_bg_invert,39,0,2,69.0,4569.0,3107.6
19,max_power_bg_invert,40,0,2,69.0,4546.0,3142.4
19,max_power_bg_invert,41,0,2,69.0,4578.0,3128.8
19,max_power_bg_invert,42,0,2,69.0,4578.0,3129.2
19,max_power_bg_invert,43,0,2,69.0,4579.0,3129.2
19,max_power_bg_invert,44,0,2,69.0,4574.0,3126.8
19,max_power_bg_invert,45,0,2,69.0,4574.0,3127.6
19,max_power_bg_invert,46,0,2,69.0,4570.0,3129.2
19,max_power_bg_invert,47,0,2,69.0,4573.0,3126.8
19,max_power_bg_invert,48,0,2,69.0,4574.0,3126.0
19,max_power_bg_invert,49,0,2,69.0,4576.0,3126.4
19,max_power_bg_invert,50,0,2,69.0,4575.0,3126.4
19,max_power_bg_invert,51,0,2,69.0,4576.0,3126.4
19,max_power_bg_invert,52,0,2,69.0,4574.0,3127.2
19,max_power_bg_invert,53,0,2,69.0,4575.0,3127.2
19,max_power_bg_invert,54,0,2,69.0,4575.0,3127.2
19,max_power_bg_invert,55,0,2,69.0,4578.0,3125.6
19,max_power_bg_invert,56,0,2,69.0,4579.0,3124.4
19,max_power_bg_invert,57,0,2,69.0,4581.0,3122.8
19,max_power_bg_invert,58,0,2,69.0,4583.0,3122.0
19,max_power_bg_invert,59,0,2,69.0,4585.0,3121.6
19,max_power_bg_invert,60,0,2,69.0,4584.0,3122.4
19,max_power_bg_invert,61,0,2,69.0,4583.0,3122.0
19,max_power_bg_invert,62,0,2,69.0,4584.0,3121.2
19,max_power_bg_invert,63,0,2,69.0,4584.0,3120.4
19,max_power_bg_invert,64,0,2,69.0,4585.0,3120.0
19,max_power_bg_invert,65,0,2,69.0,4585.0,3118.8
19,max_power_bg_invert,66,0,2,69.0,4585.0,3118.0
19,max_power_bg_invert,67,0,2,69.0,4584.0,3118.4
19,max_power_bg_invert,68,0,2,69.0,4586.0,3116.8
19,max_power_bg_invert,69,0,2,69.0,4586.0,3116.8
19,max_power_bg_invert,70,0,2,69.0,4586.0,3116.8
19,max_power_bg_invert,71,0,2,69.0,4586.0,3116.4
19,max_power_bg_invert,72,0,2,69.0,4586.0,3116.0
19,max_power_bg_invert,73,0,2,69.0,4585.0,3116.8
19,max_power_bg_invert,74,0,2,69.0,4584.0,3116.8
19,max_power_bg_invert,75,0,2,69.0,4585.0,3116.4
19,max_power_bg_invert,76,0,2,69.0,4584.0,3116.8
19,max_power_bg_invert,77,0,2,69.0,4585.0,3116.8
19,max_power_bg_invert,78,0,2,69.0,4584.0,3116.4
19,max_power_bg_invert,79,0,2,69.0,4584.0,3116.0
19,max_power_bg_invert,80,0,2,69.0,4580.0,3113.2
19,max_power_bg_invert,81,0,2,69.0,4574.0,3108.8
19,max_power_bg_invert,82,0,2,69.0,4582.0,3105.2
19,max_power_bg_invert,83,0,2,69.0,4579.0,3102.0
19,max_power_bg_invert,84,0,2,69.0,4579.0,3108.0
19,max_power_bg_invert,85,0,2,69.0,4579.0,3109.6
19,max_power_bg_invert,86,0,2,69.0,4582.0,3106.8
19,max_power_bg_invert,87,0,2,69.0,4583.0,3109.6
19,max_power_bg_invert,88,0,2,69.0,4584.0,3109.6
19,max_power_bg_invert,89,0,2,69.0,4586.0,3112.8
19,max_power_bg_invert,90,0,2,69.0,4587.0,3111.6
19,max_power_bg_invert,0,0,3,61.0,1300.0,3090.8
19,max_power_bg_invert,1,0,3,69.0,4130.0,2748.4
19,max_power_bg_invert,2,0,3,69.0,4285.0,2936.4
19,max_power_bg_invert,3,0,3,69.0,4334.0,2984.8
19,max_power_bg_invert,4,0,3,69.0,4358.0,3021.6
19,max_power_bg_invert,5,0,3,69.0,4375.0,3043.6
19,max_power_bg_invert,6,0,3,69.0,4391.0,3053.2
19,max_power_bg_invert,7,0,3,69.0,4397.0,3055.2
19,max_power_bg_invert,8,0,3,69.0,4400.0,3060.0
19,max_power_bg_invert,9,0,3,69.0,4404.0,3066.4
19,max_power_bg_invert,10,0,3,69.0,4410.0,3072.0
19,max_power_bg_invert,11,0,3,69.0,4410.0,3077.6
19,max_power_bg_invert,12,0,3,69.0,4411.0,3078.0
19,max_power_bg_invert,13,0,3,69.0,4411.0,3082.4
19,max_power_bg_invert,14,0,3,69.0,4410.0,3088.8
19,max_power_bg_invert,15,0,3,69.0,4411.0,3089.2
19,max_power_bg_invert,16,0,3,69.0,4414.0,3091.6
19,max_power_bg_invert,17,0,3,69.0,4416.0,3090.4
19,max_power_bg_invert,18,0,3,69.0,4418.0,3093.6
19,max_power_bg_invert,19,0,3,69.0,4417.0,3091.6
19,max_power_bg_invert,20,0,3,69.0,4415.0,3092.8
19,max_power_bg_invert,21,0,3,69.0,4417.0,3096.4
19,max_power_bg_invert,22,0,3,69.0,4417.0,3096.8
19,max_power_bg_invert,23,0,3,69.0,4418.0,3096.0
19,max_power_bg_invert,24,0,3,70.0,4418.0,3095.2
19,max_power_bg_invert,25,0,3,69.0,4420.0,3098.4
19,max_power_bg_invert,26,0,3,69.0,4419.0,3099.2
19,max_power_bg_invert,27,0,3,69.0,4420.0,3098.8
19,max_power_bg_invert,28,0,3,69.0,4420.0,3098.4
19,max_power_bg_invert,29,0,3,69.0,4420.0,3098.0
19,max_power_bg_invert,30,0,3,69.0,4421.0,3097.2
19,max_power_bg_invert,31,0,3,69.0,4420.0,3102.8
19,max_power_bg_invert,32,0,3,69.0,4421.0,3102.0
19,max_power_bg_invert,33,0,3,69.0,4421.0,3103.2
19,max_power_bg_invert,34,0,3,69.0,4422.0,3103.2
19,max_power_bg_invert,35,0,3,69.0,4423.0,3102.8
19,max_power_bg_invert,36,0,3,69.0,4423.0,3102.4
19,max_power_bg_invert,37,0,3,69.0,4424.0,3101.2
19,max_power_bg_invert,38,0,3,69.0,4423.0,3102.0
19,max_power_bg_invert,39,0,3,69.0,4424.0,3102.0
19,max_power_bg_invert,40,0,3,69.0,4440.0,3116.8
19,max_power_bg_invert,41,0,3,69.0,4430.0,3120.8
19,max_power_bg_invert,42,0,3,69.0,4439.0,3121.6
19,max_power_bg_invert,43,0,3,69.0,4442.0,3117.2
19,max_power_bg_invert,44,0,3,70.0,4442.0,3114.0
19,max_power_bg_invert,45,0,3,70.0,4445.0,3110.8
19,max_power_bg_invert,46,0,3,70.0,4443.0,3108.8
19,max_power_bg_invert,47,0,3,69.0,4445.0,3104.8
19,max_power_bg_invert,48,0,3,69.0,4442.0,3106.0
19,max_power_bg_invert,49,0,3,70.0,4447.0,3103.2
19,max_power_bg_invert,50,0,3,69.0,4449.0,3108.0
19,max_power_bg_invert,51,0,3,69.0,4450.0,3106.8
19,max_power_bg_invert,52,0,3,69.0,4449.0,3106.8
19,max_power_bg_invert,53,0,3,70.0,4451.0,3108.4
19,max_power_bg_invert,54,0,3,70.0,4453.0,3106.8
19,max_power_bg_invert,55,0,3,70.0,4453.0,3106.0
19,max_power_bg_invert,56,0,3,70.0,4450.0,3106.4
19,max_power_bg_invert,57,0,3,70.0,4451.0,3105.6
19,max_power_bg_invert,58,0,3,69.0,4450.0,3106.4
19,max_power_bg_invert,59,0,3,69.0,4450.0,3106.4
19,max_power_bg_invert,60,0,3,69.0,4450.0,3111.2
19,max_power_bg_invert,61,0,3,69.0,4449.0,3113.2
19,max_power_bg_invert,62,0,3,70.0,4448.0,3113.2
19,max_power_bg_invert,63,0,3,70.0,4447.0,3113.6
19,max_power_bg_invert,64,0,3,70.0,4446.0,3114.4
19,max_power_bg_invert,65,0,3,70.0,4447.0,3114.8
19,max_power_bg_invert,66,0,3,70.0,4446.0,3115.6
19,max_power_bg_invert,67,0,3,70.0,4447.0,3115.6
19,max_power_bg_invert,68,0,3,69.0,4446.0,3115.6
19,max_power_bg_invert,69,0,3,70.0,4446.0,3120.8
19,max_power_bg_invert,70,0,3,70.0,4447.0,3120.4
19,max_power_bg_invert,71,0,3,69.0,4447.0,3122.4
19,max_power_bg_invert,72,0,3,69.0,4446.0,3122.8
19,max_power_bg_invert,73,0,3,70.0,4444.0,3123.2
19,max_power_bg_invert,74,0,3,70.0,4445.0,3122.8
19,max_power_bg_invert,75,0,3,69.0,4444.0,3123.2
19,max_power_bg_invert,76,0,3,70.0,4444.0,3123.2
19,max_power_bg_invert,77,0,3,70.0,4443.0,3123.2
19,max_power_bg_invert,78,0,3,70.0,4444.0,3122.8
19,max_power_bg_invert,79,0,3,69.0,4444.0,3122.0
19,max_power_bg_invert,80,0,3,70.0,4430.0,3159.2
19,max_power_bg_invert,81,0,3,69.0,4442.0,3145.6
19,max_power_bg_invert,82,0,3,70.0,4437.0,3142.0
19,max_power_bg_invert,83,0,3,70.0,4438.0,3136.4
19,max_power_bg_invert,84,0,3,70.0,4442.0,3135.6
19,max_power_bg_invert,85,0,3,69.0,4443.0,3138.8
19,max_power_bg_invert,86,0,3,70.0,4444.0,3140.4
19,max_power_bg_invert,87,0,3,70.0,4446.0,3139.2
19,max_power_bg_invert,88,0,3,69.0,4447.0,3139.6
19,max_power_bg_invert,89,0,3,70.0,4444.0,3139.6
19,max_power_bg_invert,90,0,3,70.0,4444.0,3140.0
19,max_power_bg_invert,0,1,2,61.0,1200.0,3075.2
19,max_power_bg_invert,1,1,2,69.0,4120.0,2748.8
19,max_power_bg_invert,2,1,2,69.0,4275.0,2930.8
19,max_power_bg_invert,3,1,2,69.0,4337.0,2972.0
19,max_power_bg_invert,4,1,2,69.0,4364.0,3013.6
19,max_power_bg_invert,5,1,2,69.0,4379.0,3032.4
19,max_power_bg_invert,6,1,2,69.0,4386.0,3043.2
19,max_power_bg_invert,7,1,2,69.0,4395.0,3048.0
19,max_power_bg_invert,8,1,2,70.0,4396.0,3057.6
19,max_power_bg_invert,9,1,2,69.0,4402.0,3062.0
19,max_power_bg_invert,10,1,2,70.0,4408.0,3062.0
19,max_power_bg_invert,11,1,2,70.0,4414.0,3069.2
19,max_power_bg_invert,12,1,2,70.0,4417.0,3072.4
19,max_power_bg_invert,13,1,2,70.0,4416.0,3076.8
19,max_power_bg_invert,14,1,2,70.0,4417.0,3080.4
19,max_power_bg_invert,15,1,2,69.0,4417.0,3078.8
19,max_power_bg_invert,16,1,2,70.0,4417.0,3084.0
19,max_power_bg_invert,17,1,2,70.0,4418.0,3090.0
19,max_power_bg_invert,18,1,2,70.0,4420.0,3090.0
19,max_power_bg_invert,19,1,2,70.0,4423.0,3094.4
19,max_power_bg_invert,20,1,2,70.0,4424.0,3094.4
19,max_power_bg_invert,21,1,2,70.0,4424.0,3099.6
19,max_power_bg_invert,22,1,2,70.0,4422.0,3100.0
19,max_power_bg_invert,23,1,2,70.0,4423.0,3104.0
19,max_power_bg_invert,24,1,2,70.0,4422.0,3103.6
19,max_power_bg_invert,25,1,2,70.0,4422.0,3104.0
19,max_power_bg_invert,26,1,2,70.0,4423.0,3107.6
19,max_power_bg_invert,27,1,2,70.0,4423.0,3107.6
19,max_power_bg_invert,28,1,2,70.0,4424.0,3106.8
19,max_power_bg_invert,29,1,2,70.0,4422.0,3107.6
19,max_power_bg_invert,30,1,2,70.0,4423.0,3112.0
19,max_power_bg_invert,31,1,2,70.0,4426.0,3112.0
19,max_power_bg_invert,32,1,2,70.0,4427.0,3112.0
19,max_power_bg_invert,33,1,2,70.0,4428.0,3111.2
19,max_power_bg_invert,34,1,2,70.0,4429.0,3113.2
19,max_power_bg_invert,35,1,2,70.0,4430.0,3117.2
19,max_power_bg_invert,36,1,2,70.0,4430.0,3117.2
19,max_power_bg_invert,37,1,2,70.0,4432.0,3116.8
19,max_power_bg_invert,38,1,2,70.0,4432.0,3116.8
19,max_power_bg_invert,39,1,2,70.0,4433.0,3116.4
19,max_power_bg_invert,40,1,2,70.0,4420.0,3146.4
19,max_power_bg_invert,41,1,2,70.0,4414.0,3152.8
19,max_power_bg_invert,42,1,2,70.0,4420.0,3150.8
19,max_power_bg_invert,43,1,2,70.0,4430.0,3149.2
19,max_power_bg_invert,44,1,2,70.0,4442.0,3142.4
19,max_power_bg_invert,45,1,2,70.0,4444.0,3138.8
19,max_power_bg_invert,46,1,2,70.0,4447.0,3140.0
19,max_power_bg_invert,47,1,2,70.0,4448.0,3139.2
19,max_power_bg_invert,48,1,2,70.0,4447.0,3140.4
19,max_power_bg_invert,49,1,2,70.0,4440.0,3144.8
19,max_power_bg_invert,50,1,2,70.0,4442.0,3143.6
19,max_power_bg_invert,51,1,2,70.0,4441.0,3144.0
19,max_power_bg_invert,52,1,2,70.0,4438.0,3142.8
19,max_power_bg_invert,53,1,2,70.0,4440.0,3139.2
19,max_power_bg_invert,54,1,2,70.0,4439.0,3139.6
19,max_power_bg_invert,55,1,2,70.0,4439.0,3138.8
19,max_power_bg_invert,56,1,2,70.0,4440.0,3138.0
19,max_power_bg_invert,57,1,2,70.0,4439.0,3137.6
19,max_power_bg_invert,58,1,2,70.0,4440.0,3136.4
19,max_power_bg_invert,59,1,2,70.0,4442.0,3133.6
19,max_power_bg_invert,60,1,2,70.0,4441.0,3134.4
19,max_power_bg_invert,61,1,2,70.0,4442.0,3132.8
19,max_power_bg_invert,62,1,2,70.0,4442.0,3134.4
19,max_power_bg_invert,63,1,2,70.0,4442.0,3134.0
19,max_power_bg_invert,64,1,2,70.0,4440.0,3134.4
19,max_power_bg_invert,65,1,2,70.0,4441.0,3132.8
19,max_power_bg_invert,66,1,2,70.0,4440.0,3133.2
19,max_power_bg_invert,67,1,2,70.0,4439.0,3133.6
19,max_power_bg_invert,68,1,2,70.0,4437.0,3134.8
19,max_power_bg_invert,69,1,2,70.0,4437.0,3136.8
19,max_power_bg_invert,70,1,2,70.0,4438.0,3136.0
19,max_power_bg_invert,71,1,2,70.0,4438.0,3136.4
19,max_power_bg_invert,72,1,2,70.0,4439.0,3135.6
19,max_power_bg_invert,73,1,2,70.0,4439.0,3136.4
19,max_power_bg_invert,74,1,2,70.0,4440.0,3136.4
19,max_power_bg_invert,75,1,2,70.0,4441.0,3135.2
19,max_power_bg_invert,76,1,2,70.0,4441.0,3135.6
19,max_power_bg_invert,77,1,2,70.0,4441.0,3135.2
19,max_power_bg_invert,78,1,2,70.0,4442.0,3134.8
19,max_power_bg_invert,79,1,2,70.0,4443.0,3134.4
19,max_power_bg_invert,80,1,2,70.0,4470.0,3119.6
19,max_power_bg_invert,81,1,2,70.0,4473.0,3119.2
19,max_power_bg_invert,82,1,2,70.0,4472.0,3114.4
19,max_power_bg_invert,83,1,2,70.0,4474.0,3113.6
19,max_power_bg_invert,84,1,2,70.0,4471.0,3109.2
19,max_power_bg_invert,85,1,2,70.0,4472.0,3109.2
19,max_power_bg_invert,86,1,2,70.0,4475.0,3108.8
19,max_power_bg_invert,87,1,2,70.0,4479.0,3106.8
19,max_power_bg_invert,88,1,2,70.0,4479.0,3108.0
19,max_power_bg_invert,89,1,2,70.0,4477.0,3108.8
19,max_power_bg_invert,90,1,2,70.0,4477.0,3110.4
19,max_power_bg_invert,0,1,3,0.0,0.0,0.0
19,max_power_bg_invert,1,1,3,0.0,0.0,0.0
19,max_power_bg_invert,2,1,3,69.0,4300.0,3136.4
19,max_power_bg_invert,3,1,3,69.0,4305.0,3129.2
19,max_power_bg_invert,4,1,3,69.0,4307.0,3121.6
19,max_power_bg_invert,5,1,3,70.0,4297.0,3126.0
19,max_power_bg_invert,6,1,3,70.0,4295.0,3128.4
19,max_power_bg_invert,7,1,3,70.0,4291.0,3132.8
19,max_power_bg_invert,8,1,3,70.0,4291.0,3126.4
19,max_power_bg_invert,9,1,3,70.0,4292.0,3125.6
19,max_power_bg_invert,10,1,3,70.0,4296.0,3124.4
19,max_power_bg_invert,11,1,3,70.0,4291.0,3126.0
19,max_power_bg_invert,12,1,3,69.0,4290.0,3124.4
19,max_power_bg_invert,13,1,3,70.0,4291.0,3124.8
19,max_power_bg_invert,14,1,3,70.0,4292.0,3124.4
19,max_power_bg_invert,15,1,3,70.0,4292.0,3124.8
19,max_power_bg_invert,16,1,3,70.0,4295.0,3121.6
19,max_power_bg_invert,17,1,3,70.0,4292.0,3123.2
19,max_power_bg_invert,18,1,3,70.0,4293.0,3122.8
19,max_power_bg_invert,19,1,3,69.0,4293.0,3123.2
19,max_power_bg_invert,20,1,3,70.0,4293.0,3122.4
19,max_power_bg_invert,21,1,3,70.0,4293.0,3123.2
19,max_power_bg_invert,22,1,3,70.0,4292.0,3124.0
19,max_power_bg_invert,23,1,3,70.0,4291.0,3124.0
19,max_power_bg_invert,24,1,3,70.0,4290.0,3125.2
19,max_power_bg_invert,25,1,3,70.0,4292.0,3124.4
19,max_power_bg_invert,26,1,3,70.0,4291.0,3125.6
19,max_power_bg_invert,27,1,3,70.0,4291.0,3125.2
19,max_power_bg_invert,28,1,3,70.0,4291.0,3124.4
19,max_power_bg_invert,29,1,3,70.0,4292.0,3124.0
19,max_power_bg_invert,30,1,3,70.0,4292.0,3123.2
19,max_power_bg_invert,31,1,3,70.0,4290.0,3124.4
19,max_power_bg_invert,32,1,3,70.0,4290.0,3124.0
19,max_power_bg_invert,33,1,3,70.0,4289.0,3126.4
19,max_power_bg_invert,34,1,3,70.0,4289.0,3126.4
19,max_power_bg_invert,35,1,3,70.0,4288.0,3126.0
19,max_power_bg_invert,36,1,3,70.0,4289.0,3126.4
19,max_power_bg_invert,37,1,3,70.0,4289.0,3126.4
19,max_power_bg_invert,38,1,3,70.0,4291.0,3125.6
19,max_power_bg_invert,39,1,3,70.0,4292.0,3125.6
19,max_power_bg_invert,40,1,3,70.0,4280.0,3129.6
19,max_power_bg_invert,41,1,3,70.0,4294.0,3124.4
19,max_power_bg_invert,42,1,3,70.0,4293.0,3130.0
19,max_power_bg_invert,43,1,3,70.0,4284.0,3134.8
19,max_power_bg_invert,44,1,3,70.0,4297.0,3130.0
19,max_power_bg_invert,45,1,3,70.0,4296.0,3133.2
19,max_power_bg_invert,46,1,3,70.0,4297.0,3128.4
19,max_power_bg_invert,47,1,3,70.0,4293.0,3133.6
19,max_power_bg_invert,48,1,3,70.0,4295.0,3132.8
19,max_power_bg_invert,49,1,3,70.0,4294.0,3130.8
19,max_power_bg_invert,50,1,3,70.0,4296.0,3129.2
19,max_power_bg_invert,51,1,3,70.0,4292.0,3132.4
19,max_power_bg_invert,52,1,3,70.0,4290.0,3132.8
19,max_power_bg_invert,53,1,3,70.0,4288.0,3133.2
19,max_power_bg_invert,54,1,3,70.0,4290.0,3130.8
19,max_power_bg_invert,55,1,3,70.0,4292.0,3128.8
19,max_power_bg_invert,56,1,3,70.0,4292.0,3129.2
19,max_power_bg_invert,57,1,3,70.0,4292.0,3129.6
19,max_power_bg_invert,58,1,3,70.0,4292.0,3126.8
19,max_power_bg_invert,59,1,3,70.0,4291.0,3127.6
19,max_power_bg_invert,60,1,3,70.0,4293.0,3126.8
19,max_power_bg_invert,61,1,3,70.0,4293.0,3126.8
19,max_power_bg_invert,62,1,3,70.0,4293.0,3126.4
19,max_power_bg_invert,63,1,3,70.0,4292.0,3126.8
19,max_power_bg_invert,64,1,3,70.0,4292.0,3126.8
19,max_power_bg_invert,65,1,3,70.0,4294.0,3126.0
19,max_power_bg_invert,66,1,3,70.0,4294.0,3127.2
19,max_power_bg_invert,67,1,3,70.0,4294.0,3128.0
19,max_power_bg_invert,68,1,3,70.0,4295.0,3128.8
19,max_power_bg_invert,69,1,3,70.0,4293.0,3129.6
19,max_power_bg_invert,70,1,3,70.0,4295.0,3128.8
19,max_power_bg_invert,71,1,3,70.0,4296.0,3128.0
19,max_power_bg_invert,72,1,3,70.0,4296.0,3128.0
19,max_power_bg_invert,73,1,3,70.0,4297.0,3127.6
19,max_power_bg_invert,74,1,3,70.0,4296.0,3127.6
19,max_power_bg_invert,75,1,3,70.0,4296.0,3127.6
19,max_power_bg_invert,76,1,3,70.0,4296.0,3126.0
19,max_power_bg_invert,77,1,3,70.0,4295.0,3126.8
19,max_power_bg_invert,78,1,3,70.0,4295.0,3127.2
19,max_power_bg_invert,79,1,3,70.0,4296.0,3128.4
19,max_power_bg_invert,80,1,3,70.0,4260.0,3131.6
19,max_power_bg_invert,81,1,3,70.0,4273.0,3132.8
19,max_power_bg_invert,82,1,3,70.0,4279.0,3129.2
19,max_power_bg_invert,83,1,3,70.0,4284.0,3129.6
19,max_power_bg_invert,84,1,3,70.0,4277.0,3135.6
19,max_power_bg_invert,85,1,3,70.0,4279.0,3134.8
19,max_power_bg_invert,86,1,3,70.0,4280.0,3137.2
19,max_power_bg_invert,87,1,3,70.0,4283.0,3134.8
19,max_power_bg_invert,88,1,3,70.0,4281.0,3137.6
19,max_power_bg_invert,89,1,3,70.0,4282.0,3138.0
19,max_power_bg_invert,90,1,3,70.0,4284.0,3136.8
19,max_power_bg_invert,0,2,3,62.0,1300.0,3057.2
19,max_power_bg_invert,1,2,3,69.0,4320.0,2612.0
19,max_power_bg_invert,2,2,3,69.0,4340.0,2862.8
19,max_power_bg_invert,3,2,3,69.0,4327.0,2948.4
19,max_power_bg_invert,4,2,3,69.0,4335.0,2986.8
19,max_power_bg_invert,5,2,3,69.0,4338.0,3008.4
19,max_power_bg_invert,6,2,3,69.0,4340.0,3033.6
19,max_power_bg_invert,7,2,3,69.0,4342.0,3040.4
19,max_power_bg_invert,8,2,3,69.0,4344.0,3047.2
19,max_power_bg_invert,9,2,3,69.0,4347.0,3056.0
19,max_power_bg_invert,10,2,3,69.0,4348.0,3058.4
19,max_power_bg_invert,11,2,3,69.0,4350.0,3062.0
19,max_power_bg_invert,12,2,3,69.0,4350.0,3065.2
19,max_power_bg_invert,13,2,3,69.0,4354.0,3066.0
19,max_power_bg_invert,14,2,3,69.0,4355.0,3069.6
19,max_power_bg_invert,15,2,3,69.0,4353.0,3075.2
19,max_power_bg_invert,16,2,3,69.0,4353.0,3074.0
19,max_power_bg_invert,17,2,3,69.0,4355.0,3076.8
19,max_power_bg_invert,18,2,3,69.0,4355.0,3080.8
19,max_power_bg_invert,19,2,3,69.0,4352.0,3082.0
19,max_power_bg_invert,20,2,3,69.0,4353.0,3084.4
19,max_power_bg_invert,21,2,3,69.0,4356.0,3086.4
19,max_power_bg_invert,22,2,3,69.0,4355.0,3086.8
19,max_power_bg_invert,23,2,3,69.0,4356.0,3086.4
19,max_power_bg_invert,24,2,3,69.0,4357.0,3090.8
19,max_power_bg_invert,25,2,3,69.0,4357.0,3090.8
19,max_power_bg_invert,26,2,3,69.0,4358.0,3090.4
19,max_power_bg_invert,27,2,3,69.0,4358.0,3094.4
19,max_power_bg_invert,28,2,3,69.0,4360.0,3093.6
19,max_power_bg_invert,29,2,3,69.0,4361.0,3092.8
19,max_power_bg_invert,30,2,3,69.0,4359.0,3093.6
19,max_power_bg_invert,31,2,3,69.0,4356.0,3094.4
19,max_power_bg_invert,32,2,3,69.0,4356.0,3098.0
19,max_power_bg_invert,33,2,3,69.0,4355.0,3098.0
19,max_power_bg_invert,34,2,3,69.0,4355.0,3097.6
19,max_power_bg_invert,35,2,3,69.0,4354.0,3098.0
19,max_power_bg_invert,36,2,3,69.0,4353.0,3098.0
19,max_power_bg_invert,37,2,3,69.0,4354.0,3102.4
19,max_power_bg_invert,38,2,3,69.0,4352.0,3102.4
19,max_power_bg_invert,39,2,3,69.0,4352.0,3102.8
19,max_power_bg_invert,40,2,3,69.0,4370.0,3092.4
19,max_power_bg_invert,41,2,3,69.0,4355.0,3123.6
19,max_power_bg_invert,42,2,3,69.0,4363.0,3120.4
19,max_power_bg_invert,43,2,3,69.0,4357.0,3125.2
19,max_power_bg_invert,44,2,3,69.0,4353.0,3128.8
19,max_power_bg_invert,45,2,3,70.0,4352.0,3133.6
19,max_power_bg_invert,46,2,3,70.0,4362.0,3128.8
19,max_power_bg_invert,47,2,3,69.0,4360.0,3129.6
19,max_power_bg_invert,48,2,3,69.0,4360.0,3128.8
19,max_power_bg_invert,49,2,3,69.0,4355.0,3132.8
19,max_power_bg_invert,50,2,3,69.0,4354.0,3134.0
19,max_power_bg_invert,51,2,3,70.0,4356.0,3132.4
19,max_power_bg_invert,52,2,3,69.0,4356.0,3130.4
19,max_power_bg_invert,53,2,3,69.0,4356.0,3129.6
19,max_power_bg_invert,54,2,3,70.0,4356.0,3129.6
19,max_power_bg_invert,55,2,3,70.0,4354.0,3132.8
19,max_power_bg_invert,56,2,3,70.0,4353.0,3131.6
19,max_power_bg_invert,57,2,3,69.0,4353.0,3131.2
19,max_power_bg_invert,58,2,3,70.0,4354.0,3130.4
19,max_power_bg_invert,59,2,3,69.0,4356.0,3130.0
19,max_power_bg_invert,60,2,3,69.0,4354.0,3131.2
19,max_power_bg_invert,61,2,3,69.0,4355.0,3131.2
19,max_power_bg_invert,62,2,3,70.0,4355.0,3130.8
19,max_power_bg_invert,63,2,3,69.0,4354.0,3130.8
19,max_power_bg_invert,64,2,3,70.0,4353.0,3128.4
19,max_power_bg_invert,65,2,3,69.0,4354.0,3127.6
19,max_power_bg_invert,66,2,3,70.0,4353.0,3126.8
19,max_power_bg_invert,67,2,3,70.0,4354.0,3126.4
19,max_power_bg_invert,68,2,3,70.0,4352.0,3127.2
19,max_power_bg_invert,69,2,3,69.0,4350.0,3128.0
19,max_power_bg_invert,70,2,3,69.0,4350.0,3127.6
19,max_power_bg_invert,71,2,3,69.0,4350.0,3128.0
19,max_power_bg_invert,72,2,3,69.0,4349.0,3130.0
19,max_power_bg_invert,73,2,3,69.0,4349.0,3130.4
19,max_power_bg_invert,74,2,3,70.0,4348.0,3129.6
19,max_power_bg_invert,75,2,3,70.0,4348.0,3129.6
19,max_power_bg_invert,76,2,3,70.0,4349.0,3129.2
19,max_power_bg_invert,77,2,3,70.0,4348.0,3130.0
19,max_power_bg_invert,78,2,3,70.0,4349.0,3129.6
19,max_power_bg_invert,79,2,3,70.0,4348.0,3130.0
19,max_power_bg_invert,80,2,3,70.0,4331.0,3129.2
19,max_power_bg_invert,81,2,3,69.0,4357.0,3119.6
19,max_power_bg_invert,82,2,3,70.0,4341.0,3128.4
19,max_power_bg_invert,83,2,3,69.0,4343.0,3127.6
19,max_power_bg_invert,84,2,3,69.0,4328.0,3136.0
19,max_power_bg_invert,85,2,3,70.0,4336.0,3136.0
19,max_power_bg_invert,86,2,3,70.0,4336.0,3135.6
19,max_power_bg_invert,87,2,3,69.0,4337.0,3137.2
19,max_power_bg_invert,88,2,3,70.0,4340.0,3135.2
19,max_power_bg_invert,89,2,3,69.0,4341.0,3136.0
19,max_power_bg_invert,90,2,3,69.0,4342.0,3136.0
20,max_power_bg_invert,0,0,1,59.0,1012.0,3118.8
20,max_power_bg_invert,1,0,1,65.0,3890.0,2840.8
20,max_power_bg_invert,2,0,1,66.0,4040.0,3009.6
20,max_power_bg_invert,3,0,1,66.0,4072.0,3073.6
20,max_power_bg_invert,4,0,1,66.0,4107.0,3104.8
20,max_power_bg_invert,5,0,1,66.0,4122.0,3127.6
20,max_power_bg_invert,6,0,1,66.0,4144.0,3134.4
20,max_power_bg_invert,7,0,1,66.0,4150.0,3146.4
20,max_power_bg_invert,8,0,1,66.0,4158.0,3150.8
20,max_power_bg_invert,9,0,1,66.0,4167.0,3153.2
20,max_power_bg_invert,10,0,1,66.0,4169.0,3157.2
20,max_power_bg_invert,11,0,1,66.0,4169.0,3163.2
20,max_power_bg_invert,12,0,1,66.0,4172.0,3168.8
20,max_power_bg_invert,13,0,1,66.0,4175.0,3170.8
20,max_power_bg_invert,14,0,1,66.0,4178.0,3173.6
20,max_power_bg_invert,15,0,1,66.0,4179.0,3172.4
20,max_power_bg_invert,16,0,1,66.0,4180.0,3177.2
20,max_power_bg_invert,17,0,1,66.0,4184.0,3174.4
20,max_power_bg_invert,18,0,1,66.0,4185.0,3178.8
20,max_power_bg_invert,19,0,1,66.0,4187.0,3177.6
20,max_power_bg_invert,20,0,1,66.0,4187.0,3178.0
20,max_power_bg_invert,21,0,1,66.0,4190.0,3181.2
20,max_power_bg_invert,22,0,1,66.0,4191.0,3180.8
20,max_power_bg_invert,23,0,1,66.0,4192.0,3180.4
20,max_power_bg_invert,24,0,1,66.0,4194.0,3179.2
20,max_power_bg_invert,25,0,1,66.0,4195.0,3178.0
20,max_power_bg_invert,26,0,1,66.0,4198.0,3182.0
20,max_power_bg_invert,27,0,1,67.0,4196.0,3182.8
20,max_power_bg_invert,28,0,1,66.0,4198.0,3182.0
20,max_power_bg_invert,29,0,1,66.0,4198.0,3181.6
20,max_power_bg_invert,30,0,1,66.0,4197.0,3183.2
20,max_power_bg_invert,31,0,1,66.0,4199.0,3181.6
20,max_power_bg_invert,32,0,1,66.0,4199.0,3186.4
20,max_power_bg_invert,33,0,1,66.0,4199.0,3186.4
20,max_power_bg_invert,34,0,1,66.0,4199.0,3186.4
20,max_power_bg_invert,35,0,1,66.0,4199.0,3186.0
20,max_power_bg_invert,36,0,1,66.0,4199.0,3186.0
20,max_power_bg_invert,37,0,1,66.0,4199.0,3185.6
20,max_power_bg_invert,38,0,1,66.0,4199.0,3184.0
20,max_power_bg_invert,39,0,1,66.0,4200.0,3182.8
20,max_power_bg_invert,40,0,1,66.0,4200.0,3196.4
20,max_power_bg_invert,41,0,1,66.0,4215.0,3199.6
20,max_power_bg_invert,42,0,1,66.0,4220.0,3199.6
20,max_power_bg_invert,43,0,1,66.0,4220.0,3196.0
20,max_power_bg_invert,44,0,1,66.0,4218.0,3196.0
20,max_power_bg_invert,45,0,1,66.0,4222.0,3190.4
20,max_power_bg_invert,46,0,1,66.0,4225.0,3188.0
20,max_power_bg_invert,47,0,1,66.0,4229.0,3184.8
20,max_power_bg_invert,48,0,1,66.0,4227.0,3186.0
20,max_power_bg_invert,49,0,1,66.0,4223.0,3190.0
20,max_power_bg_invert,50,0,1,66.0,4222.0,3189.6
20,max_power_bg_invert,51,0,1,66.0,4220.0,3189.2
20,max_power_bg_invert,52,0,1,66.0,4218.0,3190.4
20,max_power_bg_invert,53,0,1,66.0,4219.0,3190.4
20,max_power_bg_invert,54,0,1,66.0,4220.0,3190.0
20,max_power_bg_invert,55,0,1,66.0,4219.0,3190.4
20,max_power_bg_invert,56,0,1,66.0,4218.0,3189.6
20,max_power_bg_invert,57,0,1,66.0,4217.0,3190.8
20,max_power_bg_invert,58,0,1,66.0,4218.0,3190.8
20,max_power_bg_invert,59,0,1,66.0,4218.0,3190.8
20,max_power_bg_invert,60,0,1,66.0,4219.0,3189.6
20,max_power_bg_invert,61,0,1,66.0,4217.0,3190.4
20,max_power_bg_invert,62,0,1,66.0,4216.0,3190.0
20,max_power_bg_invert,63,0,1,66.0,4215.0,3190.8
20,max_power_bg_invert,64,0,1,66.0,4214.0,3192.4
20,max_power_bg_invert,65,0,1,66.0,4215.0,3191.6
20,max_power_bg_invert,66,0,1,66.0,4214.0,3192.0
20,max_power_bg_invert,67,0,1,66.0,4215.0,3190.8
20,max_power_bg_invert,68,0,1,66.0,4218.0,3189.6
20,max_power_bg_invert,69,0,1,66.0,4218.0,3189.2
20,max_power_bg_invert,70,0,1,66.0,4217.0,3189.2
20,max_power_bg_invert,71,0,1,66.0,4218.0,3188.8
20,max_power_bg_invert,72,0,1,66.0,4218.0,3188.4
20,max_power_bg_invert,73,0,1,66.0,4218.0,3188.4
20,max_power_bg_invert,74,0,1,66.0,4218.0,3188.4
20,max_power_bg_invert,75,0,1,66.0,4220.0,3187.2
20,max_power_bg_invert,76,0,1,66.0,4220.0,3186.8
20,max_power_bg_invert,77,0,1,66.0,4219.0,3187.6
20,max_power_bg_invert,78,0,1,66.0,4219.0,3187.6
20,max_power_bg_invert,79,0,1,66.0,4219.0,3187.6
20,max_power_bg_invert,80,0,1,66.0,4192.0,3201.6
20,max_power_bg_invert,81,0,1,66.0,4185.0,3192.8
20,max_power_bg_invert,82,0,1,66.0,4203.0,3184.8
20,max_power_bg_invert,83,0,1,67.0,4197.0,3195.6
20,max_power_bg_invert,84,0,1,66.0,4208.0,3186.8
20,max_power_bg_invert,85,0,1,66.0,4207.0,3184.8
20,max_power_bg_invert,86,0,1,66.0,4210.0,3183.6
20,max_power_bg_invert,87,0,1,66.0,4214.0,3181.6
20,max_power_bg_invert,88,0,1,67.0,4213.0,3182.4
20,max_power_bg_invert,89,0,1,67.0,4212.0,3183.6
20,max_power_bg_invert,90,0,1,67.0,4212.0,3186.8
20,max_power_bg_invert,0,0,2,60.0,950.0,3142.0
20,max_power_bg_invert,1,0,2,65.0,4080.0,2854.4
20,max_power_bg_invert,2,0,2,66.0,4275.0,3014.4
20,max_power_bg_invert,3,0,2,66.0,4327.0,3062.4
20,max_power_bg_invert,4,0,2,66.0,4346.0,3106.0
20,max_power_bg_invert,5,0,2,66.0,4367.0,3122.8
20,max_power_bg_invert,6,0,2,66.0,4369.0,3136.4
20,max_power_bg_invert,7,0,2,66.0,4375.0,3147.2
20,max_power_bg_invert,8,0,2,66.0,4382.0,3150.0
20,max_power_bg_invert,9,0,2,66.0,4386.0,3156.4
20,max_power_bg_invert,10,0,2,66.0,4388.0,3156.4
20,max_power_bg_invert,11,0,2,66.0,4393.0,3157.2
20,max_power_bg_invert,12,0,2,66.0,4396.0,3160.4
20,max_power_bg_invert,13,0,2,66.0,4399.0,3164.0
20,max_power_bg_invert,14,0,2,66.0,4403.0,3166.0
20,max_power_bg_invert,15,0,2,66.0,4404.0,3165.2
20,max_power_bg_invert,16,0,2,66.0,4407.0,3169.6
20,max_power_bg_invert,17,0,2,66.0,4406.0,3169.2
20,max_power_bg_invert,18,0,2,66.0,4409.0,3172.0
20,max_power_bg_invert,19,0,2,66.0,4413.0,3170.4
20,max_power_bg_invert,20,0,2,66.0,4414.0,3169.6
20,max_power_bg_invert,21,0,2,66.0,4414.0,3173.6
20,max_power_bg_invert,22,0,2,66.0,4413.0,3175.2
20,max_power_bg_invert,23,0,2,66.0,4415.0,3173.2
20,max_power_bg_invert,24,0,2,66.0,4417.0,3172.0
20,max_power_bg_invert,25,0,2,66.0,4418.0,3177.2
20,max_power_bg_invert,26,0,2,66.0,4418.0,3176.4
20,max_power_bg_invert,27,0,2,66.0,4419.0,3175.2
20,max_power_bg_invert,28,0,2,66.0,4420.0,3174.0
20,max_power_bg_invert,29,0,2,66.0,4421.0,3174.4
20,max_power_bg_invert,30,0,2,66.0,4422.0,3173.2
20,max_power_bg_invert,31,0,2,66.0,4423.0,3176.8
20,max_power_bg_invert,32,0,2,66.0,4424.0,3176.0
20,max_power_bg_invert,33,0,2,66.0,4424.0,3176.0
20,max_power_bg_invert,34,0,2,66.0,4425.0,3174.8
20,max_power_bg_invert,35,0,2,66.0,4426.0,3174.4
20,max_power_bg_invert,36,0,2,66.0,4426.0,3173.6
20,max_power_bg_invert,37,0,2,66.0,4426.0,3173.6
20,max_power_bg_invert,38,0,2,66.0,4427.0,3173.6
20,max_power_bg_invert,39,0,2,66.0,4427.0,3172.8
20,max_power_bg_invert,40,0,2,66.0,4460.0,3154.4
20,max_power_bg_invert,41,0,2,66.0,4455.0,3160.4
20,max_power_bg_invert,42,0,2,66.0,4448.0,3162.8
20,max_power_bg_invert,43,0,2,66.0,4438.0,3172.0
20,max_power_bg_invert,44,0,2,66.0,4438.0,3170.8
20,max_power_bg_invert,45,0,2,66.0,4440.0,3169.6
20,max_power_bg_invert,46,0,2,66.0,4441.0,3167.6
20,max_power_bg_invert,47,0,2,66.0,4443.0,3165.2
20,max_power_bg_invert,48,0,2,66.0,4444.0,3162.4
20,max_power_bg_invert,49,0,2,66.0,4442.0,3163.2
20,max_power_bg_invert,50,0,2,66.0,4447.0,3162.8
20,max_power_bg_invert,51,0,2,67.0,4447.0,3163.6
20,max_power_bg_invert,52,0,2,66.0,4449.0,3162.0
20,max_power_bg_invert,53,0,2,66.0,4451.0,3160.8
20,max_power_bg_invert,54,0,2,66.0,4451.0,3161.6
20,max_power_bg_invert,55,0,2,66.0,4451.0,3168.0
20,max_power_bg_invert,56,0,2,66.0,4451.0,3167.2
20,max_power_bg_invert,57,0,2,66.0,4450.0,3169.2
20,max_power_bg_invert,58,0,2,66.0,4451.0,3173.6
20,max_power_bg_invert,59,0,2,66.0,4452.0,3172.8
20,max_power_bg_invert,60,0,2,66.0,4450.0,3173.2
20,max_power_bg_invert,61,0,2,67.0,4452.0,3172.0
20,max_power_bg_invert,62,0,2,67.0,4452.0,3172.8
20,max_power_bg_invert,63,0,2,66.0,4452.0,3173.6
20,max_power_bg_invert,64,0,2,66.0,4452.0,3174.0
20,max_power_bg_invert,65,0,2,66.0,4453.0,3173.6
20,max_power_bg_invert,66,0,2,67.0,4453.0,3178.4
20,max_power_bg_invert,67,0,2,66.0,4453.0,3178.8
20,max_power_bg_invert,68,0,2,66.0,4453.0,3178.8
20,max_power_bg_invert,69,0,2,67.0,4453.0,3177.6
20,max_power_bg_invert,70,0,2,66.0,4452.0,3178.4
20,max_power_bg_invert,71,0,2,66.0,4450.0,3180.0
20,max_power_bg_invert,72,0,2,67.0,4451.0,3186.0
20,max_power_bg_invert,73,0,2,66.0,4451.0,3186.0
20,max_power_bg_invert,74,0,2,66.0,4451.0,3185.2
20,max_power_bg_invert,75,0,2,66.0,4450.0,3186.0
20,max_power_bg_invert,76,0,2,66.0,4451.0,3185.6
20,max_power_bg_invert,77,0,2,67.0,4451.0,3185.6
20,max_power_bg_invert,78,0,2,66.0,4452.0,3185.2
20,max_power_bg_invert,79,0,2,66.0,4453.0,3184.4
20,max_power_bg_invert,80,0,2,66.0,4440.0,3221.6
20,max_power_bg_invert,81,0,2,67.0,4450.0,3208.8
20,max_power_bg_invert,82,0,2,67.0,4460.0,3200.4
20,max_power_bg_invert,83,0,2,66.0,4457.0,3208.0
20,max_power_bg_invert,84,0,2,67.0,4463.0,3201.2
20,max_power_bg_invert,85,0,2,67.0,4459.0,3202.4
20,max_power_bg_invert,86,0,2,67.0,4460.0,3199.6
20,max_power_bg_invert,87,0,2,67.0,4455.0,3200.8
20,max_power_bg_invert,88,0,2,66.0,4457.0,3199.6
20,max_power_bg_invert,89,0,2,67.0,4461.0,3196.0
20,max_power_bg_invert,90,0,2,67.0,4457.0,3196.8
20,max_power_bg_invert,0,0,3,60.0,1000.0,3146.0
20,max_power_bg_invert,1,0,3,66.0,3980.0,2787.2
20,max_power_bg_invert,2,0,3,66.0,4145.0,2999.2
20,max_power_bg_invert,3,0,3,66.0,4193.0,3059.2
20,max_power_bg_invert,4,0,3,66.0,4223.0,3096.0
20,max_power_bg_invert,5,0,3,66.0,4240.0,3118.0
20,max_power_bg_invert,6,0,3,66.0,4249.0,3132.0
20,max_power_bg_invert,7,0,3,66.0,4255.0,3140.4
20,max_power_bg_invert,8,0,3,66.0,4261.0,3144.0
20,max_power_bg_invert,9,0,3,66.0,4264.0,3150.0
20,max_power_bg_invert,10,0,3,66.0,4271.0,3155.2
20,max_power_bg_invert,11,0,3,66.0,4274.0,3159.6
20,max_power_bg_invert,12,0,3,66.0,4277.0,3162.0
20,max_power_bg_invert,13,0,3,66.0,4278.0,3165.2
20,max_power_bg_invert,14,0,3,66.0,4278.0,3162.4
20,max_power_bg_invert,15,0,3,67.0,4276.0,3167.2
20,max_power_bg_invert,16,0,3,66.0,4278.0,3167.6
20,max_power_bg_invert,17,0,3,66.0,4277.0,3172.8
20,max_power_bg_invert,18,0,3,66.0,4277.0,3174.0
20,max_power_bg_invert,19,0,3,66.0,4277.0,3178.0
20,max_power_bg_invert,20,0,3,66.0,4278.0,3176.8
20,max_power_bg_invert,21,0,3,66.0,4278.0,3178.8
20,max_power_bg_invert,22,0,3,66.0,4278.0,3183.2
20,max_power_bg_invert,23,0,3,66.0,4279.0,3182.8
20,max_power_bg_invert,24,0,3,66.0,4280.0,3182.4
20,max_power_bg_invert,25,0,3,66.0,4281.0,3181.6
20,max_power_bg_invert,26,0,3,67.0,4281.0,3186.0
20,max_power_bg_invert,27,0,3,66.0,4282.0,3185.6
20,max_power_bg_invert,28,0,3,66.0,4283.0,3185.6
20,max_power_bg_invert,29,0,3,66.0,4283.0,3185.2
20,max_power_bg_invert,30,0,3,66.0,4283.0,3185.2
20,max_power_bg_invert,31,0,3,66.0,4283.0,3185.2
20,max_power_bg_invert,32,0,3,66.0,4283.0,3185.6
20,max_power_bg_invert,33,0,3,66.0,4284.0,3189.6
20,max_power_bg_invert,34,0,3,66.0,4283.0,3189.6
20,max_power_bg_invert,35,0,3,66.0,4284.0,3188.8
20,max_power_bg_invert,36,0,3,66.0,4284.0,3188.8
20,max_power_bg_invert,37,0,3,66.0,4285.0,3188.8
20,max_power_bg_invert,38,0,3,66.0,4284.0,3190.0
20,max_power_bg_invert,39,0,3,66.0,4285.0,3188.8
20,max_power_bg_invert,40,0,3,67.0,4290.0,3206.4
20,max_power_bg_invert,41,0,3,67.0,4295.0,3186.8
20,max_power_bg_invert,42,0,3,66.0,4296.0,3193.6
20,max_power_bg_invert,43,0,3,66.0,4297.0,3195.2
20,max_power_bg_invert,44,0,3,66.0,4304.0,3190.4
20,max_power_bg_invert,45,0,3,66.0,4305.0,3191.6
20,max_power_bg_invert,46,0,3,66.0,4302.0,3192.8
20,max_power_bg_invert,47,0,3,66.0,4302.0,3194.0
20,max_power_bg_invert,48,0,3,66.0,4302.0,3195.6
20,max_power_bg_invert,49,0,3,66.0,4302.0,3195.2
20,max_power_bg_invert,50,0,3,66.0,4300.0,3197.6
20,max_power_bg_invert,51,0,3,67.0,4300.0,3196.8
20,max_power_bg_invert,52,0,3,66.0,4295.0,3199.2
20,max_power_bg_invert,53,0,3,67.0,4294.0,3200.0
20,max_power_bg_invert,54,0,3,66.0,4294.0,3200.0
20,max_power_bg_invert,55,0,3,67.0,4295.0,3199.2
20,max_power_bg_invert,56,0,3,66.0,4298.0,3196.8
20,max_power_bg_invert,57,0,3,67.0,4298.0,3195.2
20,max_power_bg_invert,58,0,3,67.0,4296.0,3196.0
20,max_power_bg_invert,59,0,3,66.0,4295.0,3196.8
20,max_power_bg_invert,60,0,3,66.0,4298.0,3194.0
20,max_power_bg_invert,61,0,3,66.0,4296.0,3196.0
20,max_power_bg_invert,62,0,3,67.0,4297.0,3195.2
20,max_power_bg_invert,63,0,3,66.0,4298.0,3193.6
20,max_power_bg_invert,64,0,3,66.0,4297.0,3193.2
20,max_power_bg_invert,65,0,3,66.0,4296.0,3193.6
20,max_power_bg_invert,66,0,3,67.0,4294.0,3195.6
20,max_power_bg_invert,67,0,3,66.0,4295.0,3196.0
20,max_power_bg_invert,68,0,3,67.0,4296.0,3195.2
20,max_power_bg_invert,69,0,3,66.0,4297.0,3194.8
20,max_power_bg_invert,70,0,3,67.0,4296.0,3195.6
20,max_power_bg_invert,71,0,3,67.0,4297.0,3193.6
20,max_power_bg_invert,72,0,3,67.0,4297.0,3193.6
20,max_power_bg_invert,73,0,3,67.0,4296.0,3194.8
20,max_power_bg_invert,74,0,3,66.0,4296.0,3194.4
20,max_power_bg_invert,75,0,3,66.0,4296.0,3194.8
20,max_power_bg_invert,76,0,3,67.0,4297.0,3194.0
20,max_power_bg_invert,77,0,3,67.0,4297.0,3193.6
20,max_power_bg_invert,78,0,3,67.0,4297.0,3193.6
20,max_power_bg_invert,79,0,3,67.0,4297.0,3193.2
20,max_power_bg_invert,80,0,3,67.0,4280.0,3190.4
20,max_power_bg_invert,81,0,3,66.0,4300.0,3186.4
20,max_power_bg_invert,82,0,3,67.0,4296.0,3180.4
20,max_power_bg_invert,83,0,3,67.0,4312.0,3180.0
20,max_power_bg_invert,84,0,3,67.0,4308.0,3177.6
20,max_power_bg_invert,85,0,3,67.0,4308.0,3175.2
20,max_power_bg_invert,86,0,3,67.0,4305.0,3175.2
20,max_power_bg_invert,87,0,3,67.0,4306.0,3175.6
20,max_power_bg_invert,88,0,3,67.0,4309.0,3173.2
20,max_power_bg_invert,89,0,3,67.0,4307.0,3173.6
20,max_power_bg_invert,90,0,3,67.0,4306.0,3173.6
20,max_power_bg_invert,0,1,2,60.0,1012.0,3152.0
20,max_power_bg_invert,1,1,2,66.0,3929.0,2808.8
20,max_power_bg_invert,2,1,2,67.0,4109.0,3009.2
20,max_power_bg_invert,3,1,2,66.0,4168.0,3062.0
20,max_power_bg_invert,4,1,2,67.0,4207.0,3093.2
20,max_power_bg_invert,5,1,2,67.0,4224.0,3118.0
20,max_power_bg_invert,6,1,2,67.0,4242.0,3131.6
20,max_power_bg_invert,7,1,2,67.0,4252.0,3136.4
20,max_power_bg_invert,8,1,2,67.0,4258.0,3146.4
20,max_power_bg_invert,9,1,2,67.0,4261.0,3152.0
20,max_power_bg_invert,10,1,2,67.0,4263.0,3155.2
20,max_power_bg_invert,11,1,2,67.0,4264.0,3160.4
20,max_power_bg_invert,12,1,2,67.0,4268.0,3164.0
20,max_power_bg_invert,13,1,2,67.0,4270.0,3165.6
20,max_power_bg_invert,14,1,2,67.0,4270.0,3168.4
20,max_power_bg_invert,15,1,2,67.0,4269.0,3173.2
20,max_power_bg_invert,16,1,2,67.0,4271.0,3172.4
20,max_power_bg_invert,17,1,2,67.0,4272.0,3178.0
20,max_power_bg_invert,18,1,2,67.0,4274.0,3176.4
20,max_power_bg_invert,19,1,2,67.0,4277.0,3180.0
20,max_power_bg_invert,20,1,2,67.0,4279.0,3178.4
20,max_power_bg_invert,21,1,2,67.0,4281.0,3176.8
20,max_power_bg_invert,22,1,2,67.0,4281.0,3176.0
20,max_power_bg_invert,23,1,2,67.0,4283.0,3178.8
20,max_power_bg_invert,24,1,2,67.0,4284.0,3178.0
20,max_power_bg_invert,25,1,2,67.0,4284.0,3178.0
20,max_power_bg_invert,26,1,2,67.0,4287.0,3176.0
20,max_power_bg_invert,27,1,2,67.0,4285.0,3181.2
20,max_power_bg_invert,28,1,2,67.0,4285.0,3180.8
20,max_power_bg_invert,29,1,2,67.0,4285.0,3179.6
20,max_power_bg_invert,30,1,2,67.0,4285.0,3179.2
20,max_power_bg_invert,31,1,2,67.0,4285.0,3179.6
20,max_power_bg_invert,32,1,2,67.0,4286.0,3177.2
20,max_power_bg_invert,33,1,2,67.0,4287.0,3176.4
20,max_power_bg_invert,34,1,2,67.0,4287.0,3181.2
20,max_power_bg_invert,35,1,2,67.0,4288.0,3180.0
20,max_power_bg_invert,36,1,2,67.0,4287.0,3180.4
20,max_power_bg_invert,37,1,2,67.0,4287.0,3180.4
20,max_power_bg_invert,38,1,2,67.0,4287.0,3180.4
20,max_power_bg_invert,39,1,2,67.0,4288.0,3180.4
20,max_power_bg_invert,40,1,2,67.0,4260.0,3217.6
20,max_power_bg_invert,41,1,2,67.0,4285.0,3200.0
20,max_power_bg_invert,42,1,2,67.0,4303.0,3194.0
20,max_power_bg_invert,43,1,2,67.0,4294.0,3196.0
20,max_power_bg_invert,44,1,2,67.0,4300.0,3187.2
20,max_power_bg_invert,45,1,2,67.0,4301.0,3188.8
20,max_power_bg_invert,46,1,2,67.0,4301.0,3185.2
20,max_power_bg_invert,47,1,2,67.0,4303.0,3182.4
20,max_power_bg_invert,48,1,2,67.0,4303.0,3178.4
20,max_power_bg_invert,49,1,2,67.0,4303.0,3178.8
20,max_power_bg_invert,50,1,2,67.0,4308.0,3177.6
20,max_power_bg_invert,51,1,2,67.0,4310.0,3176.4
20,max_power_bg_invert,52,1,2,67.0,4311.0,3177.2
20,max_power_bg_invert,53,1,2,67.0,4310.0,3177.6
20,max_power_bg_invert,54,1,2,67.0,4313.0,3176.4
20,max_power_bg_invert,55,1,2,67.0,4312.0,3176.0
20,max_power_bg_invert,56,1,2,67.0,4312.0,3176.0
20,max_power_bg_invert,57,1,2,67.0,4311.0,3176.8
20,max_power_bg_invert,58,1,2,67.0,4311.0,3176.8
20,max_power_bg_invert,59,1,2,67.0,4311.0,3176.4
20,max_power_bg_invert,60,1,2,67.0,4310.0,3177.2
20,max_power_bg_invert,61,1,2,67.0,4310.0,3178.4
20,max_power_bg_invert,62,1,2,67.0,4311.0,3178.0
20,max_power_bg_invert,63,1,2,67.0,4310.0,3179.6
20,max_power_bg_invert,64,1,2,67.0,4310.0,3180.4
20,max_power_bg_invert,65,1,2,67.0,4309.0,3180.4
20,max_power_bg_invert,66,1,2,67.0,4309.0,3180.0
20,max_power_bg_invert,67,1,2,67.0,4311.0,3179.2
20,max_power_bg_invert,68,1,2,67.0,4311.0,3179.6
20,max_power_bg_invert,69,1,2,67.0,4311.0,3179.2
20,max_power_bg_invert,70,1,2,67.0,4311.0,3179.2
20,max_power_bg_invert,71,1,2,67.0,4311.0,3178.4
20,max_power_bg_invert,72,1,2,67.0,4311.0,3178.0
20,max_power_bg_invert,73,1,2,67.0,4311.0,3178.4
20,max_power_bg_invert,74,1,2,67.0,4310.0,3178.8
20,max_power_bg_invert,75,1,2,67.0,4310.0,3180.0
20,max_power_bg_invert,76,1,2,67.0,4309.0,3180.4
20,max_power_bg_invert,77,1,2,67.0,4310.0,3180.0
20,max_power_bg_invert,78,1,2,67.0,4309.0,3179.6
20,max_power_bg_invert,79,1,2,67.0,4309.0,3179.2
20,max_power_bg_invert,80,1,2,67.0,4300.0,3178.4
20,max_power_bg_invert,81,1,2,67.0,4310.0,3168.8
20,max_power_bg_invert,82,1,2,67.0,4316.0,3165.2
20,max_power_bg_invert,83,1,2,67.0,4317.0,3164.8
20,max_power_bg_invert,84,1,2,67.0,4320.0,3164.8
20,max_power_bg_invert,85,1,2,67.0,4312.0,3170.4
20,max_power_bg_invert,86,1,2,67.0,4311.0,3171.2
20,max_power_bg_invert,87,1,2,67.0,4316.0,3174.8
20,max_power_bg_invert,88,1,2,67.0,4318.0,3172.8
20,max_power_bg_invert,89,1,2,67.0,4314.0,3176.8
20,max_power_bg_invert,90,1,2,67.0,4313.0,3182.0
20,max_power_bg_invert,0,1,3,60.0,1025.0,3143.2
20,max_power_bg_invert,1,1,3,66.0,4110.0,2651.2
20,max_power_bg_invert,2,1,3,67.0,4144.0,2906.0
20,max_power_bg_invert,3,1,3,67.0,4155.0,2986.0
20,max_power_bg_invert,4,1,3,67.0,4158.0,3035.6
20,max_power_bg_invert,5,1,3,67.0,4157.0,3062.8
20,max_power_bg_invert,6,1,3,67.0,4152.0,3088.8
20,max_power_bg_invert,7,1,3,67.0,4153.0,3103.6
20,max_power_bg_invert,8,1,3,67.0,4156.0,3110.8
20,max_power_bg_invert,9,1,3,67.0,4157.0,3119.6
20,max_power_bg_invert,10,1,3,67.0,4158.0,3124.4
20,max_power_bg_invert,11,1,3,67.0,4161.0,3128.0
20,max_power_bg_invert,12,1,3,67.0,4162.0,3132.4
20,max_power_bg_invert,13,1,3,67.0,4165.0,3134.0
20,max_power_bg_invert,14,1,3,67.0,4164.0,3138.8
20,max_power_bg_invert,15,1,3,67.0,4167.0,3135.2
20,max_power_bg_invert,16,1,3,67.0,4166.0,3140.4
20,max_power_bg_invert,17,1,3,67.0,4167.0,3140.8
20,max_power_bg_invert,18,1,3,67.0,4165.0,3145.6
20,max_power_bg_invert,19,1,3,67.0,4165.0,3145.6
20,max_power_bg_invert,20,1,3,67.0,4164.0,3145.6
20,max_power_bg_invert,21,1,3,67.0,4165.0,3145.2
20,max_power_bg_invert,22,1,3,67.0,4165.0,3148.8
20,max_power_bg_invert,23,1,3,67.0,4165.0,3148.8
20,max_power_bg_invert,24,1,3,67.0,4165.0,3148.0
20,max_power_bg_invert,25,1,3,67.0,4166.0,3147.2
20,max_power_bg_invert,26,1,3,67.0,4165.0,3152.4
20,max_power_bg_invert,27,1,3,67.0,4164.0,3152.4
20,max_power_bg_invert,28,1,3,67.0,4165.0,3152.4
20,max_power_bg_invert,29,1,3,67.0,4165.0,3153.2
20,max_power_bg_invert,30,1,3,67.0,4165.0,3154.0
20,max_power_bg_invert,31,1,3,67.0,4165.0,3153.6
20,max_power_bg_invert,32,1,3,67.0,4165.0,3158.0
20,max_power_bg_invert,33,1,3,67.0,4166.0,3157.6
20,max_power_bg_invert,34,1,3,67.0,4165.0,3158.0
20,max_power_bg_invert,35,1,3,67.0,4167.0,3157.2
20,max_power_bg_invert,36,1,3,67.0,4166.0,3157.6
20,max_power_bg_invert,37,1,3,67.0,4166.0,3157.2
20,max_power_bg_invert,38,1,3,67.0,4167.0,3156.8
20,max_power_bg_invert,39,1,3,67.0,4166.0,3158.0
20,max_power_bg_invert,40,1,3,67.0,4160.0,3168.8
20,max_power_bg_invert,41,1,3,67.0,4160.0,3170.4
20,max_power_bg_invert,42,1,3,67.0,4165.0,3174.0
20,max_power_bg_invert,43,1,3,67.0,4174.0,3176.8
20,max_power_bg_invert,44,1,3,67.0,4175.0,3179.6
20,max_power_bg_invert,45,1,3,67.0,4171.0,3184.0
20,max_power_bg_invert,46,1,3,67.0,4169.0,3185.2
20,max_power_bg_invert,47,1,3,67.0,4165.0,3189.2
20,max_power_bg_invert,48,1,3,67.0,4163.0,3190.4
20,max_power_bg_invert,49,1,3,67.0,4159.0,3194.4
20,max_power_bg_invert,50,1,3,67.0,4160.0,3193.6
20,max_power_bg_invert,51,1,3,67.0,4159.0,3194.0
20,max_power_bg_invert,52,1,3,67.0,4160.0,3192.4
20,max_power_bg_invert,53,1,3,67.0,4160.0,3191.6
20,max_power_bg_invert,54,1,3,67.0,4159.0,3196.4
20,max_power_bg_invert,55,1,3,67.0,4157.0,3198.4
20,max_power_bg_invert,56,1,3,67.0,4154.0,3199.6
20,max_power_bg_invert,57,1,3,67.0,4155.0,3199.2
20,max_power_bg_invert,58,1,3,67.0,4156.0,3198.8
20,max_power_bg_invert,59,1,3,67.0,4156.0,3200.0
20,max_power_bg_invert,60,1,3,67.0,4156.0,3203.6
20,max_power_bg_invert,61,1,3,67.0,4157.0,3204.0
20,max_power_bg_invert,62,1,3,67.0,4156.0,3204.8
20,max_power_bg_invert,63,1,3,67.0,4155.0,3205.6
20,max_power_bg_invert,64,1,3,67.0,4156.0,3204.8
20,max_power_bg_invert,65,1,3,67.0,4157.0,3204.0
20,max_power_bg_invert,66,1,3,67.0,4157.0,3204.4
20,max_power_bg_invert,67,1,3,67.0,4157.0,3204.0
20,max_power_bg_invert,68,1,3,67.0,4157.0,3203.2
20,max_power_bg_invert,69,1,3,67.0,4156.0,3204.0
20,max_power_bg_invert,70,1,3,67.0,4155.0,3204.0
20,max_power_bg_invert,71,1,3,67.0,4156.0,3204.0
20,max_power_bg_invert,72,1,3,67.0,4156.0,3203.2
20,max_power_bg_invert,73,1,3,67.0,4157.0,3202.8
20,max_power_bg_invert,74,1,3,67.0,4158.0,3202.4
20,max_power_bg_invert,75,1,3,67.0,4158.0,3207.2
20,max_power_bg_invert,76,1,3,67.0,4158.0,3208.0
20,max_power_bg_invert,77,1,3,67.0,4158.0,3207.2
20,max_power_bg_invert,78,1,3,67.0,4159.0,3207.2
20,max_power_bg_invert,79,1,3,67.0,4159.0,3207.2
20,max_power_bg_invert,80,1,3,67.0,4215.0,3173.2
20,max_power_bg_invert,81,1,3,67.0,4192.0,3171.6
20,max_power_bg_invert,82,1,3,67.0,4195.0,3180.4
20,max_power_bg_invert,83,1,3,67.0,4183.0,3190.4
20,max_power_bg_invert,84,1,3,67.0,4187.0,3183.6
20,max_power_bg_invert,85,1,3,67.0,4185.0,3182.8
20,max_power_bg_invert,86,1,3,67.0,4186.0,3184.4
20,max_power_bg_invert,87,1,3,67.0,4180.0,3189.6
20,max_power_bg_invert,88,1,3,67.0,4171.0,3195.2
20,max_power_bg_invert,89,1,3,67.0,4176.0,3194.0
20,max_power_bg_invert,90,1,3,67.0,4178.0,3194.4
20,max_power_bg_invert,0,2,3,60.0,987.0,3144.4
20,max_power_bg_invert,1,2,3,65.0,3880.0,2801.6
20,max_power_bg_invert,2,2,3,66.0,4052.0,2974.0
20,max_power_bg_invert,3,2,3,66.0,4096.0,3061.6
20,max_power_bg_invert,4,2,3,66.0,4133.0,3090.4
20,max_power_bg_invert,5,2,3,66.0,4148.0,3114.8
20,max_power_bg_invert,6,2,3,66.0,4158.0,3130.4
20,max_power_bg_invert,7,2,3,66.0,4169.0,3135.6
20,max_power_bg_invert,8,2,3,66.0,4175.0,3140.4
20,max_power_bg_invert,9,2,3,66.0,4178.0,3148.0
20,max_power_bg_invert,10,2,3,66.0,4185.0,3156.0
20,max_power_bg_invert,11,2,3,66.0,4191.0,3157.2
20,max_power_bg_invert,12,2,3,66.0,4194.0,3160.4
20,max_power_bg_invert,13,2,3,66.0,4196.0,3159.6
20,max_power_bg_invert,14,2,3,66.0,4201.0,3161.2
20,max_power_bg_invert,15,2,3,66.0,4201.0,3166.8
20,max_power_bg_invert,16,2,3,66.0,4203.0,3166.8
20,max_power_bg_invert,17,2,3,66.0,4205.0,3169.2
20,max_power_bg_invert,18,2,3,66.0,4205.0,3168.0
20,max_power_bg_invert,19,2,3,66.0,4205.0,3172.4
20,max_power_bg_invert,20,2,3,66.0,4204.0,3171.2
20,max_power_bg_invert,21,2,3,66.0,4203.0,3171.2
20,max_power_bg_invert,22,2,3,66.0,4204.0,3175.2
20,max_power_bg_invert,23,2,3,66.0,4204.0,3175.6
20,max_power_bg_invert,24,2,3,66.0,4206.0,3174.4
20,max_power_bg_invert,25,2,3,66.0,4206.0,3174.8
20,max_power_bg_invert,26,2,3,66.0,4206.0,3174.8
20,max_power_bg_invert,27,2,3,66.0,4207.0,3179.2
20,max_power_bg_invert,28,2,3,66.0,4208.0,3178.0
20,max_power_bg_invert,29,2,3,66.0,4207.0,3178.4
20,max_power_bg_invert,30,2,3,66.0,4207.0,3178.0
20,max_power_bg_invert,31,2,3,66.0,4207.0,3177.6
20,max_power_bg_invert,32,2,3,66.0,4206.0,3177.6
20,max_power_bg_invert,33,2,3,66.0,4205.0,3184.0
20,max_power_bg_invert,34,2,3,66.0,4205.0,3183.6
20,max_power_bg_invert,35,2,3,66.0,4205.0,3183.6
20,max_power_bg_invert,36,2,3,66.0,4206.0,3182.8
20,max_power_bg_invert,37,2,3,66.0,4206.0,3182.4
20,max_power_bg_invert,38,2,3,66.0,4206.0,3182.8
20,max_power_bg_invert,39,2,3,66.0,4206.0,3182.4
20,max_power_bg_invert,40,2,3,66.0,4227.0,3176.4
20,max_power_bg_invert,41,2,3,66.0,4250.0,3158.8
20,max_power_bg_invert,42,2,3,66.0,4236.0,3172.0
20,max_power_bg_invert,43,2,3,66.0,4225.0,3178.8
20,max_power_bg_invert,44,2,3,66.0,4220.0,3183.6
20,max_power_bg_invert,45,2,3,66.0,4218.0,3187.2
20,max_power_bg_invert,46,2,3,66.0,4220.0,3184.0
20,max_power_bg_invert,47,2,3,66.0,4224.0,3181.6
20,max_power_bg_invert,48,2,3,66.0,4224.0,3185.2
20,max_power_bg_invert,49,2,3,66.0,4223.0,3186.8
20,max_power_bg_invert,50,2,3,66.0,4225.0,3186.0
20,max_power_bg_invert,51,2,3,66.0,4227.0,3186.0
20,max_power_bg_invert,52,2,3,66.0,4227.0,3184.0
20,max_power_bg_invert,53,2,3,66.0,4227.0,3184.4
20,max_power_bg_invert,54,2,3,66.0,4221.0,3186.8
20,max_power_bg_invert,55,2,3,66.0,4222.0,3185.6
20,max_power_bg_invert,56,2,3,66.0,4221.0,3184.8
20,max_power_bg_invert,57,2,3,66.0,4219.0,3186.0
20,max_power_bg_invert,58,2,3,66.0,4220.0,3184.8
20,max_power_bg_invert,59,2,3,66.0,4222.0,3183.6
20,max_power_bg_invert,60,2,3,66.0,4223.0,3182.4
20,max_power_bg_invert,61,2,3,66.0,4222.0,3182.8
20,max_power_bg_invert,62,2,3,66.0,4220.0,3184.8
20,max_power_bg_invert,63,2,3,66.0,4217.0,3186.4
20,max_power_bg_invert,64,2,3,66.0,4217.0,3186.4
20,max_power_bg_invert,65,2,3,66.0,4216.0,3187.2
20,max_power_bg_invert,66,2,3,66.0,4216.0,3187.2
20,max_power_bg_invert,67,2,3,66.0,4216.0,3186.8
20,max_power_bg_invert,68,2,3,66.0,4215.0,3186.0
20,max_power_bg_invert,69,2,3,66.0,4214.0,3186.4
20,max_power_bg_invert,70,2,3,66.0,4213.0,3186.8
20,max_power_bg_invert,71,2,3,66.0,4213.0,3186.8
20,max_power_bg_invert,72,2,3,66.0,4213.0,3186.0
20,max_power_bg_invert,73,2,3,66.0,4213.0,3186.0
20,max_power_bg_invert,74,2,3,66.0,4214.0,3186.0
20,max_power_bg_invert,75,2,3,66.0,4213.0,3186.0
20,max_power_bg_invert,76,2,3,66.0,4213.0,3185.2
20,max_power_bg_invert,77,2,3,66.0,4214.0,3183.6
20,max_power_bg_invert,78,2,3,66.0,4213.0,3184.8
20,max_power_bg_invert,79,2,3,66.0,4213.0,3184.8
20,max_power_bg_invert,80,2,3,66.0,4170.0,3188.8
20,max_power_bg_invert,81,2,3,66.0,4189.0,3184.8
20,max_power_bg_invert,82,2,3,66.0,4176.0,3194.4
20,max_power_bg_invert,83,2,3,66.0,4182.0,3193.6
20,max_power_bg_invert,84,2,3,66.0,4189.0,3192.8
20,max_power_bg_invert,85,2,3,66.0,4186.0,3191.6
20,max_power_bg_invert,86,2,3,66.0,4194.0,3189.2
20,max_power_bg_invert,87,2,3,66.0,4193.0,3189.6
20,max_power_bg_invert,88,2,3,66.0,4195.0,3191.6
20,max_power_bg_invert,89,2,3,66.0,4194.0,3191.6
20,max_power_bg_invert,90,2,3,66.0,4196.0,3192.4
21,max_power_bg_invert,0,0,1,59.0,887.0,3110.0
21,max_power_bg_invert,1,0,1,66.0,3650.0,2738.4
21,max_power_bg_invert,2,0,1,67.0,3795.0,2938.4
21,max_power_bg_invert,3,0,1,66.0,3837.0,3010.0
21,max_power_bg_invert,4,0,1,67.0,3861.0,3056.0
21,max_power_bg_invert,5,0,1,67.0,3881.0,3076.0
21,max_power_bg_invert,6,0,1,67.0,3893.0,3085.2
21,max_power_bg_invert,7,0,1,67.0,3891.0,3096.8
21,max_power_bg_invert,8,0,1,67.0,3898.0,3107.6
21,max_power_bg_invert,9,0,1,67.0,3903.0,3110.4
21,max_power_bg_invert,10,0,1,67.0,3913.0,3113.6
21,max_power_bg_invert,11,0,1,67.0,3917.0,3115.6
21,max_power_bg_invert,12,0,1,67.0,3922.0,3118.4
21,max_power_bg_invert,13,0,1,67.0,3923.0,3122.4
21,max_power_bg_invert,14,0,1,67.0,3927.0,3120.4
21,max_power_bg_invert,15,0,1,67.0,3927.0,3126.0
21,max_power_bg_invert,16,0,1,67.0,3928.0,3129.6
21,max_power_bg_invert,17,0,1,67.0,3927.0,3130.0
21,max_power_bg_invert,18,0,1,67.0,3930.0,3129.6
21,max_power_bg_invert,19,0,1,67.0,3932.0,3131.2
21,max_power_bg_invert,20,0,1,67.0,3932.0,3131.6
21,max_power_bg_invert,21,0,1,67.0,3931.0,3130.8
21,max_power_bg_invert,22,0,1,67.0,3932.0,3134.8
21,max_power_bg_invert,23,0,1,67.0,3933.0,3132.0
21,max_power_bg_invert,24,0,1,67.0,3933.0,3133.2
21,max_power_bg_invert,25,0,1,67.0,3934.0,3132.4
21,max_power_bg_invert,26,0,1,67.0,3935.0,3138.0
21,max_power_bg_invert,27,0,1,67.0,3935.0,3137.2
21,max_power_bg_invert,28,0,1,67.0,3936.0,3136.8
21,max_power_bg_invert,29,0,1,67.0,3937.0,3135.2
21,max_power_bg_invert,30,0,1,67.0,3938.0,3133.6
21,max_power_bg_invert,31,0,1,67.0,3937.0,3134.4
21,max_power_bg_invert,32,0,1,67.0,3938.0,3139.6
21,max_power_bg_invert,33,0,1,67.0,3938.0,3138.8
21,max_power_bg_invert,34,0,1,67.0,3938.0,3138.4
21,max_power_bg_invert,35,0,1,67.0,3937.0,3138.8
21,max_power_bg_invert,36,0,1,67.0,3938.0,3138.0
21,max_power_bg_invert,37,0,1,67.0,3938.0,3137.6
21,max_power_bg_invert,38,0,1,67.0,3939.0,3136.8
21,max_power_bg_invert,39,0,1,67.0,3937.0,3138.0
21,max_power_bg_invert,40,0,1,67.0,3910.0,3148.0
21,max_power_bg_invert,41,0,1,67.0,3940.0,3142.4
21,max_power_bg_invert,42,0,1,67.0,3953.0,3133.2
21,max_power_bg_invert,43,0,1,67.0,3948.0,3138.0
21,max_power_bg_invert,44,0,1,67.0,3944.0,3138.4
21,max_power_bg_invert,45,0,1,67.0,3944.0,3141.6
21,max_power_bg_invert,46,0,1,67.0,3944.0,3141.2
21,max_power_bg_invert,47,0,1,67.0,3944.0,3144.0
21,max_power_bg_invert,48,0,1,67.0,3943.0,3146.8
21,max_power_bg_invert,49,0,1,67.0,3940.0,3147.2
21,max_power_bg_invert,50,0,1,67.0,3941.0,3147.6
21,max_power_bg_invert,51,0,1,67.0,3944.0,3146.8
21,max_power_bg_invert,52,0,1,67.0,3948.0,3144.8
21,max_power_bg_invert,53,0,1,67.0,3951.0,3142.8
21,max_power_bg_invert,54,0,1,67.0,3950.0,3144.4
21,max_power_bg_invert,55,0,1,67.0,3949.0,3145.6
21,max_power_bg_invert,56,0,1,67.0,3948.0,3147.2
21,max_power_bg_invert,57,0,1,67.0,3949.0,3146.4
21,max_power_bg_invert,58,0,1,67.0,3948.0,3145.6
21,max_power_bg_invert,59,0,1,67.0,3947.0,3146.8
21,max_power_bg_invert,60,0,1,67.0,3946.0,3146.4
21,max_power_bg_invert,61,0,1,67.0,3943.0,3147.6
21,max_power_bg_invert,62,0,1,67.0,3943.0,3147.6
21,max_power_bg_invert,63,0,1,67.0,3942.0,3148.0
21,max_power_bg_invert,64,0,1,67.0,3942.0,3148.4
21,max_power_bg_invert,65,0,1,67.0,3941.0,3148.4
21,max_power_bg_invert,66,0,1,67.0,3942.0,3147.2
21,max_power_bg_invert,67,0,1,67.0,3943.0,3146.8
21,max_power_bg_invert,68,0,1,67.0,3941.0,3148.0
21,max_power_bg_invert,69,0,1,67.0,3940.0,3147.6
21,max_power_bg_invert,70,0,1,67.0,3940.0,3148.4
21,max_power_bg_invert,71,0,1,67.0,3939.0,3148.0
21,max_power_bg_invert,72,0,1,67.0,3940.0,3147.2
21,max_power_bg_invert,73,0,1,67.0,3939.0,3147.6
21,max_power_bg_invert,74,0,1,67.0,3940.0,3146.0
21,max_power_bg_invert,75,0,1,67.0,3939.0,3146.8
21,max_power_bg_invert,76,0,1,67.0,3938.0,3147.6
21,max_power_bg_invert,77,0,1,67.0,3938.0,3148.4
21,max_power_bg_invert,78,0,1,67.0,3937.0,3148.4
21,max_power_bg_invert,79,0,1,67.0,3938.0,3147.2
21,max_power_bg_invert,80,0,1,67.0,3900.0,3164.8
21,max_power_bg_invert,81,0,1,67.0,3936.0,3136.8
21,max_power_bg_invert,82,0,1,67.0,3951.0,3127.6
21,max_power_bg_invert,83,0,1,67.0,3958.0,3132.0
21,max_power_bg_invert,84,0,1,67.0,3953.0,3134.8
21,max_power_bg_invert,85,0,1,67.0,3955.0,3134.8
21,max_power_bg_invert,86,0,1,67.0,3949.0,3135.6
21,max_power_bg_invert,87,0,1,67.0,3946.0,3136.8
21,max_power_bg_invert,88,0,1,67.0,3951.0,3133.6
21,max_power_bg_invert,89,0,1,67.0,3947.0,3136.0
21,max_power_bg_invert,90,0,1,67.0,3946.0,3136.8
21,max_power_bg_invert,0,0,2,60.0,900.0,3127.6
21,max_power_bg_invert,1,0,2,67.0,3860.0,2726.8
21,max_power_bg_invert,2,0,2,67.0,4040.0,2924.8
21,max_power_bg_invert,3,0,2,67.0,4086.0,2994.8
21,max_power_bg_invert,4,0,2,67.0,4112.0,3032.0
21,max_power_bg_invert,5,0,2,67.0,4130.0,3052.4
21,max_power_bg_invert,6,0,2,67.0,4137.0,3070.0
21,max_power_bg_invert,7,0,2,67.0,4148.0,3077.6
21,max_power_bg_invert,8,0,2,67.0,4157.0,3079.6
21,max_power_bg_invert,9,0,2,67.0,4157.0,3090.0
21,max_power_bg_invert,10,0,2,67.0,4159.0,3100.4
21,max_power_bg_invert,11,0,2,67.0,4163.0,3102.4
21,max_power_bg_invert,12,0,2,67.0,4168.0,3104.4
21,max_power_bg_invert,13,0,2,67.0,4170.0,3109.2
21,max_power_bg_invert,14,0,2,67.0,4171.0,3109.2
21,max_power_bg_invert,15,0,2,67.0,4171.0,3114.4
21,max_power_bg_invert,16,0,2,67.0,4173.0,3113.6
21,max_power_bg_invert,17,0,2,67.0,4174.0,3117.2
21,max_power_bg_invert,18,0,2,67.0,4175.0,3118.0
21,max_power_bg_invert,19,0,2,67.0,4175.0,3122.4
21,max_power_bg_invert,20,0,2,67.0,4175.0,3120.8
21,max_power_bg_invert,21,0,2,67.0,4177.0,3120.0
21,max_power_bg_invert,22,0,2,67.0,4176.0,3125.2
21,max_power_bg_invert,23,0,2,67.0,4179.0,3123.6
21,max_power_bg_invert,24,0,2,67.0,4179.0,3122.4
21,max_power_bg_invert,25,0,2,67.0,4178.0,3123.2
21,max_power_bg_invert,26,0,2,67.0,4178.0,3123.2
21,max_power_bg_invert,27,0,2,67.0,4179.0,3127.6
21,max_power_bg_invert,28,0,2,67.0,4178.0,3128.0
21,max_power_bg_invert,29,0,2,67.0,4178.0,3128.0
21,max_power_bg_invert,30,0,2,67.0,4179.0,3127.2
21,max_power_bg_invert,31,0,2,67.0,4179.0,3127.6
21,max_power_bg_invert,32,0,2,67.0,4180.0,3126.8
21,max_power_bg_invert,33,0,2,67.0,4180.0,3132.0
21,max_power_bg_invert,34,0,2,67.0,4179.0,3132.8
21,max_power_bg_invert,35,0,2,67.0,4180.0,3132.0
21,max_power_bg_invert,36,0,2,67.0,4180.0,3131.6
21,max_power_bg_invert,37,0,2,67.0,4180.0,3131.2
21,max_power_bg_invert,38,0,2,67.0,4180.0,3130.8
21,max_power_bg_invert,39,0,2,67.0,4181.0,3130.4
21,max_power_bg_invert,40,0,2,67.0,4210.0,3123.6
21,max_power_bg_invert,41,0,2,67.0,4204.0,3128.4
21,max_power_bg_invert,42,0,2,67.0,4193.0,3144.8
21,max_power_bg_invert,43,0,2,67.0,4182.0,3149.2
21,max_power_bg_invert,44,0,2,67.0,4183.0,3155.2
21,max_power_bg_invert,45,0,2,67.0,4179.0,3158.4
21,max_power_bg_invert,46,0,2,67.0,4175.0,3161.2
21,max_power_bg_invert,47,0,2,67.0,4175.0,3159.2
21,max_power_bg_invert,48,0,2,67.0,4176.0,3159.6
21,max_power_bg_invert,49,0,2,67.0,4178.0,3158.4
21,max_power_bg_invert,50,0,2,67.0,4175.0,3154.0
21,max_power_bg_invert,51,0,2,67.0,4179.0,3150.8
21,max_power_bg_invert,52,0,2,67.0,4177.0,3150.4
21,max_power_bg_invert,53,0,2,67.0,4177.0,3154.8
21,max_power_bg_invert,54,0,2,67.0,4178.0,3154.4
21,max_power_bg_invert,55,0,2,68.0,4175.0,3156.0
21,max_power_bg_invert,56,0,2,67.0,4176.0,3154.8
21,max_power_bg_invert,57,0,2,67.0,4177.0,3154.8
21,max_power_bg_invert,58,0,2,67.0,4178.0,3154.4
21,max_power_bg_invert,59,0,2,68.0,4180.0,3154.0
21,max_power_bg_invert,60,0,2,68.0,4182.0,3152.8
21,max_power_bg_invert,61,0,2,67.0,4183.0,3152.8
21,max_power_bg_invert,62,0,2,68.0,4185.0,3152.4
21,max_power_bg_invert,63,0,2,67.0,4186.0,3152.0
21,max_power_bg_invert,64,0,2,67.0,4187.0,3152.0
21,max_power_bg_invert,65,0,2,67.0,4186.0,3152.0
21,max_power_bg_invert,66,0,2,67.0,4186.0,3153.2
21,max_power_bg_invert,67,0,2,68.0,4187.0,3152.4
21,max_power_bg_invert,68,0,2,68.0,4187.0,3152.4
21,max_power_bg_invert,69,0,2,67.0,4187.0,3151.2
21,max_power_bg_invert,70,0,2,68.0,4187.0,3156.0
21,max_power_bg_invert,71,0,2,68.0,4187.0,3154.8
21,max_power_bg_invert,72,0,2,68.0,4186.0,3156.0
21,max_power_bg_invert,73,0,2,67.0,4185.0,3155.6
21,max_power_bg_invert,74,0,2,67.0,4185.0,3157.2
21,max_power_bg_invert,75,0,2,68.0,4185.0,3157.6
21,max_power_bg_invert,76,0,2,67.0,4185.0,3156.8
21,max_power_bg_invert,77,0,2,67.0,4184.0,3157.6
21,max_power_bg_invert,78,0,2,68.0,4185.0,3156.8
21,max_power_bg_invert,79,0,2,68.0,4186.0,3156.0
21,max_power_bg_invert,80,0,2,67.0,4180.0,3169.6
21,max_power_bg_invert,81,0,2,67.0,4179.0,3168.0
21,max_power_bg_invert,82,0,2,68.0,4172.0,3160.4
21,max_power_bg_invert,83,0,2,68.0,4174.0,3160.4
21,max_power_bg_invert,84,0,2,68.0,4179.0,3160.0
21,max_power_bg_invert,85,0,2,68.0,4179.0,3159.6
21,max_power_bg_invert,86,0,2,68.0,4178.0,3164.0
21,max_power_bg_invert,87,0,2,68.0,4183.0,3158.4
21,max_power_bg_invert,88,0,2,67.0,4180.0,3160.4
21,max_power_bg_invert,89,0,2,67.0,4185.0,3156.0
21,max_power_bg_invert,90,0,2,68.0,4186.0,3154.4
21,max_power_bg_invert,0,0,3,60.0,950.0,3065.6
21,max_power_bg_invert,1,0,3,67.0,3760.0,2720.0
21,max_power_bg_invert,2,0,3,67.0,3885.0,2935.6
21,max_power_bg_invert,3,0,3,67.0,3941.0,2998.0
21,max_power_bg_invert,4,0,3,67.0,3956.0,3038.0
21,max_power_bg_invert,5,0,3,67.0,3973.0,3060.4
21,max_power_bg_invert,6,0,3,67.0,3986.0,3080.0
21,max_power_bg_invert,7,0,3,67.0,3992.0,3091.2
21,max_power_bg_invert,8,0,3,67.0,4000.0,3102.0
21,max_power_bg_invert,9,0,3,67.0,4004.0,3111.6
21,max_power_bg_invert,10,0,3,67.0,4011.0,3113.2
21,max_power_bg_invert,11,0,3,67.0,4012.0,3116.8
21,max_power_bg_invert,12,0,3,67.0,4015.0,3119.6
21,max_power_bg_invert,13,0,3,67.0,4015.0,3125.2
21,max_power_bg_invert,14,0,3,67.0,4019.0,3129.6
21,max_power_bg_invert,15,0,3,67.0,4019.0,3134.4
21,max_power_bg_invert,16,0,3,67.0,4022.0,3132.0
21,max_power_bg_invert,17,0,3,67.0,4025.0,3135.2
21,max_power_bg_invert,18,0,3,67.0,4025.0,3136.0
21,max_power_bg_invert,19,0,3,67.0,4026.0,3134.4
21,max_power_bg_invert,20,0,3,67.0,4029.0,3136.8
21,max_power_bg_invert,21,0,3,67.0,4030.0,3136.4
21,max_power_bg_invert,22,0,3,67.0,4031.0,3135.2
21,max_power_bg_invert,23,0,3,67.0,4031.0,3138.8
21,max_power_bg_invert,24,0,3,67.0,4033.0,3138.0
21,max_power_bg_invert,25,0,3,68.0,4033.0,3138.0
21,max_power_bg_invert,26,0,3,67.0,4033.0,3137.6
21,max_power_bg_invert,27,0,3,67.0,4033.0,3141.2
21,max_power_bg_invert,28,0,3,67.0,4036.0,3138.4
21,max_power_bg_invert,29,0,3,67.0,4038.0,3136.8
21,max_power_bg_invert,30,0,3,68.0,4037.0,3137.2
21,max_power_bg_invert,31,0,3,68.0,4037.0,3136.8
21,max_power_bg_invert,32,0,3,68.0,4037.0,3136.4
21,max_power_bg_invert,33,0,3,67.0,4038.0,3136.0
21,max_power_bg_invert,34,0,3,67.0,4038.0,3140.8
21,max_power_bg_invert,35,0,3,67.0,4038.0,3140.4
21,max_power_bg_invert,36,0,3,68.0,4037.0,3141.2
21,max_power_bg_invert,37,0,3,67.0,4036.0,3141.2
21,max_power_bg_invert,38,0,3,68.0,4036.0,3140.8
21,max_power_bg_invert,39,0,3,67.0,4035.0,3141.2
21,max_power_bg_invert,40,0,3,67.0,4030.0,3152.8
21,max_power_bg_invert,41,0,3,67.0,4040.0,3152.0
21,max_power_bg_invert,42,0,3,68.0,4053.0,3146.4
21,max_power_bg_invert,43,0,3,68.0,4051.0,3145.6
21,max_power_bg_invert,44,0,3,68.0,4053.0,3146.8
21,max_power_bg_invert,45,0,3,68.0,4055.0,3144.4
21,max_power_bg_invert,46,0,3,68.0,4057.0,3143.6
21,max_power_bg_invert,47,0,3,68.0,4055.0,3143.6
21,max_power_bg_invert,48,0,3,68.0,4055.0,3143.2
21,max_power_bg_invert,49,0,3,68.0,4055.0,3143.2
21,max_power_bg_invert,50,0,3,68.0,4053.0,3143.2
21,max_power_bg_invert,51,0,3,68.0,4052.0,3143.6
21,max_power_bg_invert,52,0,3,68.0,4053.0,3141.2
21,max_power_bg_invert,53,0,3,67.0,4054.0,3141.6
21,max_power_bg_invert,54,0,3,68.0,4055.0,3142.0
21,max_power_bg_invert,55,0,3,68.0,4055.0,3142.4
21,max_power_bg_invert,56,0,3,68.0,4056.0,3141.6
21,max_power_bg_invert,57,0,3,68.0,4054.0,3143.2
21,max_power_bg_invert,58,0,3,68.0,4055.0,3142.0
21,max_power_bg_invert,59,0,3,68.0,4056.0,3140.8
21,max_power_bg_invert,60,0,3,68.0,4055.0,3141.2
21,max_power_bg_invert,61,0,3,68.0,4052.0,3142.4
21,max_power_bg_invert,62,0,3,67.0,4051.0,3143.6
21,max_power_bg_invert,63,0,3,68.0,4053.0,3142.8
21,max_power_bg_invert,64,0,3,68.0,4054.0,3142.0
21,max_power_bg_invert,65,0,3,68.0,4055.0,3141.2
21,max_power_bg_invert,66,0,3,68.0,4056.0,3141.6
21,max_power_bg_invert,67,0,3,68.0,4054.0,3143.6
21,max_power_bg_invert,68,0,3,68.0,4052.0,3144.0
21,max_power_bg_invert,69,0,3,68.0,4053.0,3144.0
21,max_power_bg_invert,70,0,3,68.0,4053.0,3144.8
21,max_power_bg_invert,71,0,3,68.0,4053.0,3144.4
21,max_power_bg_invert,72,0,3,68.0,4053.0,3143.6
21,max_power_bg_invert,73,0,3,68.0,4053.0,3144.0
21,max_power_bg_invert,74,0,3,68.0,4053.0,3144.0
21,max_power_bg_invert,75,0,3,68.0,4051.0,3144.8
21,max_power_bg_invert,76,0,3,68.0,4050.0,3144.8
21,max_power_bg_invert,77,0,3,68.0,4050.0,3145.2
21,max_power_bg_invert,78,0,3,68.0,4050.0,3145.6
21,max_power_bg_invert,79,0,3,68.0,4050.0,3144.8
21,max_power_bg_invert,80,0,3,68.0,4010.0,3156.8
21,max_power_bg_invert,81,0,3,68.0,4005.0,3161.6
21,max_power_bg_invert,82,0,3,68.0,4000.0,3157.6
21,max_power_bg_invert,83,0,3,68.0,4010.0,3154.8
21,max_power_bg_invert,84,0,3,68.0,4012.0,3154.4
21,max_power_bg_invert,85,0,3,68.0,4017.0,3155.6
21,max_power_bg_invert,86,0,3,68.0,4025.0,3150.0
21,max_power_bg_invert,87,0,3,68.0,4028.0,3146.4
21,max_power_bg_invert,88,0,3,68.0,4032.0,3144.4
21,max_power_bg_invert,89,0,3,68.0,4035.0,3149.2
21,max_power_bg_invert,90,0,3,68.0,4034.0,3151.2
21,max_power_bg_invert,0,1,2,60.0,925.0,2998.0
21,max_power_bg_invert,1,1,2,67.0,3740.0,2743.2
21,max_power_bg_invert,2,1,2,67.0,3894.0,2938.4
21,max_power_bg_invert,3,1,2,67.0,3944.0,3002.0
21,max_power_bg_invert,4,1,2,67.0,3966.0,3043.6
21,max_power_bg_invert,5,1,2,68.0,3979.0,3070.4
21,max_power_bg_invert,6,1,2,68.0,3986.0,3087.6
21,max_power_bg_invert,7,1,2,68.0,3995.0,3099.6
21,max_power_bg_invert,8,1,2,68.0,4001.0,3104.4
21,max_power_bg_invert,9,1,2,68.0,4006.0,3112.8
21,max_power_bg_invert,10,1,2,68.0,4010.0,3115.2
21,max_power_bg_invert,11,1,2,68.0,4012.0,3117.6
21,max_power_bg_invert,12,1,2,68.0,4015.0,3122.0
21,max_power_bg_invert,13,1,2,68.0,4017.0,3125.6
21,max_power_bg_invert,14,1,2,68.0,4018.0,3127.6
21,max_power_bg_invert,15,1,2,68.0,4019.0,3126.4
21,max_power_bg_invert,16,1,2,68.0,4019.0,3131.6
21,max_power_bg_invert,17,1,2,68.0,4019.0,3129.6
21,max_power_bg_invert,18,1,2,68.0,4022.0,3133.6
21,max_power_bg_invert,19,1,2,68.0,4023.0,3130.8
21,max_power_bg_invert,20,1,2,68.0,4023.0,3130.0
21,max_power_bg_invert,21,1,2,68.0,4025.0,3133.2
21,max_power_bg_invert,22,1,2,68.0,4026.0,3132.8
21,max_power_bg_invert,23,1,2,68.0,4029.0,3130.0
21,max_power_bg_invert,24,1,2,68.0,4033.0,3128.4
21,max_power_bg_invert,25,1,2,68.0,4031.0,3128.4
21,max_power_bg_invert,26,1,2,68.0,4033.0,3132.8
21,max_power_bg_invert,27,1,2,68.0,4034.0,3132.4
21,max_power_bg_invert,28,1,2,68.0,4036.0,3131.2
21,max_power_bg_invert,29,1,2,68.0,4036.0,3131.2
21,max_power_bg_invert,30,1,2,68.0,4037.0,3130.0
21,max_power_bg_invert,31,1,2,68.0,4037.0,3131.2
21,max_power_bg_invert,32,1,2,68.0,4038.0,3134.4
21,max_power_bg_invert,33,1,2,68.0,4037.0,3134.8
21,max_power_bg_invert,34,1,2,68.0,4036.0,3134.8
21,max_power_bg_invert,35,1,2,68.0,4036.0,3134.8
21,max_power_bg_invert,36,1,2,68.0,4035.0,3137.6
21,max_power_bg_invert,37,1,2,68.0,4035.0,3137.2
21,max_power_bg_invert,38,1,2,68.0,4035.0,3137.6
21,max_power_bg_invert,39,1,2,68.0,4035.0,3137.6
21,max_power_bg_invert,40,1,2,68.0,4110.0,3115.6
21,max_power_bg_invert,41,1,2,68.0,4054.0,3136.8
21,max_power_bg_invert,42,1,2,68.0,4056.0,3145.6
21,max_power_bg_invert,43,1,2,68.0,4053.0,3142.4
21,max_power_bg_invert,44,1,2,68.0,4055.0,3143.2
21,max_power_bg_invert,45,1,2,68.0,4050.0,3146.8
21,max_power_bg_invert,46,1,2,68.0,4052.0,3145.6
21,max_power_bg_invert,47,1,2,68.0,4048.0,3147.2
21,max_power_bg_invert,48,1,2,68.0,4048.0,3148.0
21,max_power_bg_invert,49,1,2,68.0,4048.0,3147.2
21,max_power_bg_invert,50,1,2,68.0,4049.0,3143.6
21,max_power_bg_invert,51,1,2,68.0,4048.0,3145.2
21,max_power_bg_invert,52,1,2,68.0,4044.0,3147.6
21,max_power_bg_invert,53,1,2,68.0,4047.0,3147.2
21,max_power_bg_invert,54,1,2,68.0,4047.0,3146.0
21,max_power_bg_invert,55,1,2,68.0,4049.0,3145.6
21,max_power_bg_invert,56,1,2,68.0,4046.0,3145.2
21,max_power_bg_invert,57,1,2,68.0,4048.0,3142.8
21,max_power_bg_invert,58,1,2,68.0,4049.0,3146.8
21,max_power_bg_invert,59,1,2,68.0,4049.0,3146.8
21,max_power_bg_invert,60,1,2,68.0,4049.0,3146.8
21,max_power_bg_invert,61,1,2,68.0,4049.0,3146.8
21,max_power_bg_invert,62,1,2,68.0,4048.0,3147.6
21,max_power_bg_invert,63,1,2,68.0,4049.0,3148.4
21,max_power_bg_invert,64,1,2,68.0,4048.0,3148.8
21,max_power_bg_invert,65,1,2,68.0,4049.0,3148.4
21,max_power_bg_invert,66,1,2,68.0,4050.0,3147.6
21,max_power_bg_invert,67,1,2,68.0,4050.0,3147.2
21,max_power_bg_invert,68,1,2,68.0,4048.0,3148.4
21,max_power_bg_invert,69,1,2,68.0,4048.0,3148.0
21,max_power_bg_invert,70,1,2,68.0,4048.0,3148.8
21,max_power_bg_invert,71,1,2,68.0,4048.0,3149.2
21,max_power_bg_invert,72,1,2,68.0,4047.0,3150.0
21,max_power_bg_invert,73,1,2,68.0,4046.0,3150.4
21,max_power_bg_invert,74,1,2,68.0,4047.0,3149.6
21,max_power_bg_invert,75,1,2,68.0,4047.0,3150.0
21,max_power_bg_invert,76,1,2,68.0,4048.0,3148.4
21,max_power_bg_invert,77,1,2,68.0,4049.0,3148.4
21,max_power_bg_invert,78,1,2,68.0,4049.0,3148.0
21,max_power_bg_invert,79,1,2,68.0,4049.0,3147.2
21,max_power_bg_invert,80,1,2,68.0,4060.0,3192.0
21,max_power_bg_invert,81,1,2,68.0,4054.0,3176.8
21,max_power_bg_invert,82,1,2,68.0,4056.0,3160.0
21,max_power_bg_invert,83,1,2,68.0,4056.0,3154.8
21,max_power_bg_invert,84,1,2,68.0,4055.0,3158.0
21,max_power_bg_invert,85,1,2,68.0,4055.0,3158.0
21,max_power_bg_invert,86,1,2,68.0,4058.0,3154.0
21,max_power_bg_invert,87,1,2,68.0,4058.0,3156.8
21,max_power_bg_invert,88,1,2,68.0,4056.0,3158.0
21,max_power_bg_invert,89,1,2,68.0,4055.0,3155.2
21,max_power_bg_invert,90,1,2,68.0,4056.0,3158.4
21,max_power_bg_invert,0,1,3,60.0,875.0,3115.2
21,max_power_bg_invert,1,1,3,67.0,3640.0,2788.4
21,max_power_bg_invert,2,1,3,68.0,3765.0,2968.0
21,max_power_bg_invert,3,1,3,68.0,3806.0,3038.4
21,max_power_bg_invert,4,1,3,68.0,3828.0,3074.8
21,max_power_bg_invert,5,1,3,68.0,3844.0,3090.0
21,max_power_bg_invert,6,1,3,68.0,3852.0,3102.4
21,max_power_bg_invert,7,1,3,68.0,3860.0,3114.4
21,max_power_bg_invert,8,1,3,68.0,3867.0,3112.4
21,max_power_bg_invert,9,1,3,68.0,3876.0,3110.8
21,max_power_bg_invert,10,1,3,68.0,3876.0,3116.4
21,max_power_bg_invert,11,1,3,68.0,3877.0,3120.4
21,max_power_bg_invert,12,1,3,68.0,3882.0,3122.4
21,max_power_bg_invert,13,1,3,68.0,3887.0,3124.4
21,max_power_bg_invert,14,1,3,68.0,3886.0,3124.4
21,max_power_bg_invert,15,1,3,68.0,3888.0,3126.8
21,max_power_bg_invert,16,1,3,68.0,3891.0,3124.0
21,max_power_bg_invert,17,1,3,68.0,3888.0,3130.0
21,max_power_bg_invert,18,1,3,68.0,3890.0,3130.0
21,max_power_bg_invert,19,1,3,68.0,3891.0,3128.4
21,max_power_bg_invert,20,1,3,68.0,3893.0,3132.4
21,max_power_bg_invert,21,1,3,68.0,3893.0,3130.8
21,max_power_bg_invert,22,1,3,68.0,3894.0,3129.2
21,max_power_bg_invert,23,1,3,68.0,3894.0,3128.4
21,max_power_bg_invert,24,1,3,68.0,3894.0,3128.8
21,max_power_bg_invert,25,1,3,68.0,3895.0,3128.8
21,max_power_bg_invert,26,1,3,68.0,3894.0,3133.2
21,max_power_bg_invert,27,1,3,68.0,3895.0,3132.8
21,max_power_bg_invert,28,1,3,68.0,3895.0,3133.2
21,max_power_bg_invert,29,1,3,68.0,3897.0,3132.0
21,max_power_bg_invert,30,1,3,68.0,3898.0,3131.6
21,max_power_bg_invert,31,1,3,68.0,3898.0,3131.6
21,max_power_bg_invert,32,1,3,68.0,3899.0,3138.0
21,max_power_bg_invert,33,1,3,68.0,3900.0,3137.2
21,max_power_bg_invert,34,1,3,68.0,3902.0,3136.4
21,max_power_bg_invert,35,1,3,68.0,3902.0,3137.2
21,max_power_bg_invert,36,1,3,68.0,3902.0,3136.0
21,max_power_bg_invert,37,1,3,68.0,3902.0,3136.4
21,max_power_bg_invert,38,1,3,68.0,3903.0,3136.4
21,max_power_bg_invert,39,1,3,68.0,3903.0,3135.2
21,max_power_bg_invert,40,1,3,68.0,3930.0,3168.4
21,max_power_bg_invert,41,1,3,68.0,3925.0,3160.4
21,max_power_bg_invert,42,1,3,68.0,3924.0,3163.2
21,max_power_bg_invert,43,1,3,68.0,3923.0,3166.4
21,max_power_bg_invert,44,1,3,68.0,3914.0,3165.6
21,max_power_bg_invert,45,1,3,68.0,3915.0,3166.0
21,max_power_bg_invert,46,1,3,68.0,3916.0,3164.4
21,max_power_bg_invert,47,1,3,68.0,3915.0,3168.0
21,max_power_bg_invert,48,1,3,68.0,3917.0,3166.8
21,max_power_bg_invert,49,1,3,68.0,3917.0,3168.4
21,max_power_bg_invert,50,1,3,68.0,3913.0,3170.8
21,max_power_bg_invert,51,1,3,68.0,3911.0,3172.0
21,max_power_bg_invert,52,1,3,68.0,3908.0,3174.0
21,max_power_bg_invert,53,1,3,68.0,3910.0,3171.6
21,max_power_bg_invert,54,1,3,68.0,3913.0,3170.4
21,max_power_bg_invert,55,1,3,68.0,3909.0,3172.0
21,max_power_bg_invert,56,1,3,68.0,3908.0,3165.6
21,max_power_bg_invert,57,1,3,68.0,3907.0,3166.8
21,max_power_bg_invert,58,1,3,68.0,3907.0,3166.0
21,max_power_bg_invert,59,1,3,68.0,3908.0,3164.4
21,max_power_bg_invert,60,1,3,68.0,3908.0,3164.4
21,max_power_bg_invert,61,1,3,68.0,3908.0,3163.2
21,max_power_bg_invert,62,1,3,68.0,3908.0,3162.8
21,max_power_bg_invert,63,1,3,68.0,3908.0,3163.2
21,max_power_bg_invert,64,1,3,68.0,3909.0,3162.0
21,max_power_bg_invert,65,1,3,68.0,3910.0,3160.8
21,max_power_bg_invert,66,1,3,68.0,3910.0,3161.2
21,max_power_bg_invert,67,1,3,68.0,3911.0,3160.4
21,max_power_bg_invert,68,1,3,68.0,3910.0,3161.2
21,max_power_bg_invert,69,1,3,68.0,3910.0,3160.8
21,max_power_bg_invert,70,1,3,68.0,3910.0,3161.2
21,max_power_bg_invert,71,1,3,68.0,3909.0,3160.8
21,max_power_bg_invert,72,1,3,68.0,3909.0,3161.2
21,max_power_bg_invert,73,1,3,68.0,3909.0,3161.6
21,max_power_bg_invert,74,1,3,68.0,3909.0,3162.0
21,max_power_bg_invert,75,1,3,68.0,3910.0,3160.8
21,max_power_bg_invert,76,1,3,68.0,3910.0,3161.2
21,max_power_bg_invert,77,1,3,68.0,3911.0,3161.2
21,max_power_bg_invert,78,1,3,68.0,3911.0,3161.6
21,max_power_bg_invert,79,1,3,68.0,3912.0,3161.6
21,max_power_bg_invert,80,1,3,68.0,3920.0,3177.6
21,max_power_bg_invert,81,1,3,68.0,3919.0,3174.8
21,max_power_bg_invert,82,1,3,68.0,3927.0,3173.2
21,max_power_bg_invert,83,1,3,68.0,3925.0,3171.2
21,max_power_bg_invert,84,1,3,68.0,3918.0,3172.8
21,max_power_bg_invert,85,1,3,68.0,3918.0,3168.0
21,max_power_bg_invert,86,1,3,68.0,3919.0,3164.4
21,max_power_bg_invert,87,1,3,68.0,3914.0,3169.6
21,max_power_bg_invert,88,1,3,68.0,3914.0,3165.6
21,max_power_bg_invert,89,1,3,68.0,3915.0,3159.6
21,max_power_bg_invert,90,1,3,68.0,3914.0,3162.0
21,max_power_bg_invert,0,2,3,60.0,900.0,3105.6
21,max_power_bg_invert,1,2,3,67.0,3980.0,2507.6
21,max_power_bg_invert,2,2,3,67.0,3959.0,2836.0
21,max_power_bg_invert,3,2,3,67.0,3958.0,2934.4
21,max_power_bg_invert,4,2,3,67.0,3953.0,2992.4
21,max_power_bg_invert,5,2,3,67.0,3953.0,3016.8
21,max_power_bg_invert,6,2,3,67.0,3950.0,3043.6
21,max_power_bg_invert,7,2,3,67.0,3958.0,3054.0
21,max_power_bg_invert,8,2,3,67.0,3962.0,3060.4
21,max_power_bg_invert,9,2,3,67.0,3961.0,3072.8
21,max_power_bg_invert,10,2,3,68.0,3962.0,3077.2
21,max_power_bg_invert,11,2,3,68.0,3963.0,3087.6
21,max_power_bg_invert,12,2,3,67.0,3961.0,3095.6
21,max_power_bg_invert,13,2,3,67.0,3960.0,3094.8
21,max_power_bg_invert,14,2,3,67.0,3959.0,3101.2
21,max_power_bg_invert,15,2,3,67.0,3957.0,3108.4
21,max_power_bg_invert,16,2,3,67.0,3959.0,3108.4
21,max_power_bg_invert,17,2,3,67.0,3956.0,3112.8
21,max_power_bg_invert,18,2,3,67.0,3955.0,3112.4
21,max_power_bg_invert,19,2,3,68.0,3954.0,3118.0
21,max_power_bg_invert,20,2,3,67.0,3954.0,3119.2
21,max_power_bg_invert,21,2,3,67.0,3953.0,3119.6
21,max_power_bg_invert,22,2,3,67.0,3952.0,3124.8
21,max_power_bg_invert,23,2,3,67.0,3953.0,3125.2
21,max_power_bg_invert,24,2,3,68.0,3953.0,3123.6
21,max_power_bg_invert,25,2,3,67.0,3953.0,3124.0
21,max_power_bg_invert,26,2,3,67.0,3952.0,3124.0
21,max_power_bg_invert,27,2,3,67.0,3953.0,3128.0
21,max_power_bg_invert,28,2,3,67.0,3952.0,3128.8
21,max_power_bg_invert,29,2,3,67.0,3953.0,3128.0
21,max_power_bg_invert,30,2,3,67.0,3953.0,3128.0
21,max_power_bg_invert,31,2,3,68.0,3953.0,3127.6
21,max_power_bg_invert,32,2,3,68.0,3952.0,3128.0
21,max_power_bg_invert,33,2,3,68.0,3952.0,3132.0
21,max_power_bg_invert,34,2,3,68.0,3951.0,3132.4
21,max_power_bg_invert,35,2,3,67.0,3952.0,3131.6
21,max_power_bg_invert,36,2,3,68.0,3952.0,3131.2
21,max_power_bg_invert,37,2,3,67.0,3953.0,3130.8
21,max_power_bg_invert,38,2,3,68.0,3953.0,3130.8
21,max_power_bg_invert,39,2,3,68.0,3953.0,3130.8
21,max_power_bg_invert,40,2,3,67.0,3940.0,3140.0
21,max_power_bg_invert,41,2,3,68.0,3935.0,3140.4
21,max_power_bg_invert,42,2,3,68.0,3943.0,3139.6
21,max_power_bg_invert,43,2,3,68.0,3943.0,3147.2
21,max_power_bg_invert,44,2,3,68.0,3942.0,3145.2
21,max_power_bg_invert,45,2,3,68.0,3945.0,3146.8
21,max_power_bg_invert,46,2,3,67.0,3947.0,3148.8
21,max_power_bg_invert,47,2,3,68.0,3949.0,3148.4
21,max_power_bg_invert,48,2,3,68.0,3942.0,3152.4
21,max_power_bg_invert,49,2,3,68.0,3944.0,3150.4
21,max_power_bg_invert,50,2,3,68.0,3943.0,3150.4
21,max_power_bg_invert,51,2,3,68.0,3946.0,3146.8
21,max_power_bg_invert,52,2,3,68.0,3944.0,3147.6
21,max_power_bg_invert,53,2,3,68.0,3945.0,3147.2
21,max_power_bg_invert,54,2,3,68.0,3944.0,3146.8
21,max_power_bg_invert,55,2,3,68.0,3944.0,3146.0
21,max_power_bg_invert,56,2,3,68.0,3946.0,3146.4
21,max_power_bg_invert,57,2,3,68.0,3949.0,3144.8
21,max_power_bg_invert,58,2,3,68.0,3948.0,3146.4
21,max_power_bg_invert,59,2,3,68.0,3949.0,3145.6
21,max_power_bg_invert,60,2,3,68.0,3950.0,3144.8
21,max_power_bg_invert,61,2,3,68.0,3951.0,3143.6
21,max_power_bg_invert,62,2,3,67.0,3953.0,3142.8
21,max_power_bg_invert,63,2,3,68.0,3954.0,3141.6
21,max_power_bg_invert,64,2,3,68.0,3954.0,3140.8
21,max_power_bg_invert,65,2,3,68.0,3955.0,3140.4
21,max_power_bg_invert,66,2,3,68.0,3954.0,3140.8
21,max_power_bg_invert,67,2,3,68.0,3955.0,3140.8
21,max_power_bg_invert,68,2,3,68.0,3953.0,3141.6
21,max_power_bg_invert,69,2,3,67.0,3954.0,3141.2
21,max_power_bg_invert,70,2,3,68.0,3955.0,3141.2
21,max_power_bg_invert,71,2,3,68.0,3955.0,3140.0
21,max_power_bg_invert,72,2,3,68.0,3954.0,3140.8
21,max_power_bg_invert,73,2,3,68.0,3954.0,3140.8
21,max_power_bg_invert,74,2,3,68.0,3954.0,3140.8
21,max_power_bg_invert,75,2,3,68.0,3955.0,3139.6
21,max_power_bg_invert,76,2,3,68.0,3955.0,3139.6
21,max_power_bg_invert,77,2,3,68.0,3954.0,3142.0
21,max_power_bg_invert,78,2,3,68.0,3954.0,3140.4
21,max_power_bg_invert,79,2,3,68.0,3954.0,3140.4
21,max_power_bg_invert,80,2,3,68.0,3968.0,3121.6
21,max_power_bg_invert,81,2,3,68.0,3957.0,3123.6
21,max_power_bg_invert,82,2,3,68.0,3961.0,3126.8
21,max_power_bg_invert,83,2,3,68.0,3968.0,3127.2
21,max_power_bg_invert,84,2,3,68.0,3967.0,3134.4
21,max_power_bg_invert,85,2,3,68.0,3973.0,3132.8
21,max_power_bg_invert,86,2,3,68.0,3971.0,3135.2
21,max_power_bg_invert,87,2,3,68.0,3967.0,3132.8
21,max_power_bg_invert,88,2,3,68.0,3965.0,3132.4
21,max_power_bg_invert,89,2,3,68.0,3964.0,3134.0
21,max_power_bg_invert,90,2,3,68.0,3967.0,3131.6
22,max_power_bg_invert,0,0,1,62.0,1100.0,3291.2
22,max_power_bg_invert,1,0,1,67.0,4190.0,2742.4
22,max_power_bg_invert,2,0,1,68.0,4195.0,3062.4
22,max_power_bg_invert,3,0,1,68.0,4175.0,3171.2
22,max_power_bg_invert,4,0,1,68.0,4184.0,3221.2
22,max_power_bg_invert,5,0,1,68.0,4189.0,3258.8
22,max_power_bg_invert,6,0,1,68.0,4183.0,3283.2
22,max_power_bg_invert,7,0,1,68.0,4185.0,3297.6
22,max_power_bg_invert,8,0,1,68.0,4184.0,3310.4
22,max_power_bg_invert,9,0,1,68.0,4184.0,3320.8
22,max_power_bg_invert,10,0,1,68.0,4184.0,3333.2
22,max_power_bg_invert,11,0,1,68.0,4183.0,3338.8
22,max_power_bg_invert,12,0,1,68.0,4185.0,3342.4
22,max_power_bg_invert,13,0,1,68.0,4185.0,3347.6
22,max_power_bg_invert,14,0,1,68.0,4185.0,3352.4
22,max_power_bg_invert,15,0,1,68.0,4184.0,3358.0
22,max_power_bg_invert,16,0,1,68.0,4183.0,3358.0
22,max_power_bg_invert,17,0,1,68.0,4185.0,3362.0
22,max_power_bg_invert,18,0,1,68.0,4185.0,3362.0
22,max_power_bg_invert,19,0,1,68.0,4186.0,3367.2
22,max_power_bg_invert,20,0,1,68.0,4186.0,3366.4
22,max_power_bg_invert,21,0,1,68.0,4186.0,3366.8
22,max_power_bg_invert,22,0,1,68.0,4186.0,3371.2
22,max_power_bg_invert,23,0,1,68.0,4187.0,3369.6
22,max_power_bg_invert,24,0,1,68.0,4186.0,3370.0
22,max_power_bg_invert,25,0,1,68.0,4188.0,3374.4
22,max_power_bg_invert,26,0,1,68.0,4189.0,3374.0
22,max_power_bg_invert,27,0,1,68.0,4190.0,3372.4
22,max_power_bg_invert,28,0,1,68.0,4191.0,3371.6
22,max_power_bg_invert,29,0,1,68.0,4190.0,3371.2
22,max_power_bg_invert,30,0,1,68.0,4190.0,3375.6
22,max_power_bg_invert,31,0,1,68.0,4191.0,3374.0
22,max_power_bg_invert,32,0,1,68.0,4191.0,3374.4
22,max_power_bg_invert,33,0,1,68.0,4190.0,3374.4
22,max_power_bg_invert,34,0,1,68.0,4191.0,3373.6
22,max_power_bg_invert,35,0,1,68.0,4191.0,3372.8
22,max_power_bg_invert,36,0,1,68.0,4191.0,3373.2
22,max_power_bg_invert,37,0,1,68.0,4191.0,3372.8
22,max_power_bg_invert,38,0,1,68.0,4192.0,3376.4
22,max_power_bg_invert,39,0,1,68.0,4192.0,3376.4
22,max_power_bg_invert,40,0,1,68.0,4179.0,3378.0
22,max_power_bg_invert,41,0,1,68.0,4204.0,3378.4
22,max_power_bg_invert,42,0,1,68.0,4209.0,3372.8
22,max_power_bg_invert,43,0,1,68.0,4204.0,3376.4
22,max_power_bg_invert,44,0,1,68.0,4199.0,3376.4
22,max_power_bg_invert,45,0,1,68.0,4199.0,3376.4
22,max_power_bg_invert,46,0,1,68.0,4196.0,3381.2
22,max_power_bg_invert,47,0,1,68.0,4198.0,3380.4
22,max_power_bg_invert,48,0,1,68.0,4198.0,3381.2
22,max_power_bg_invert,49,0,1,68.0,4202.0,3379.6
22,max_power_bg_invert,50,0,1,68.0,4202.0,3379.2
22,max_power_bg_invert,51,0,1,68.0,4205.0,3378.0
22,max_power_bg_invert,52,0,1,68.0,4203.0,3380.4
22,max_power_bg_invert,53,0,1,68.0,4202.0,3379.6
22,max_power_bg_invert,54,0,1,68.0,4203.0,3378.8
22,max_power_bg_invert,55,0,1,68.0,4202.0,3379.6
22,max_power_bg_invert,56,0,1,68.0,4201.0,3379.6
22,max_power_bg_invert,57,0,1,68.0,4202.0,3380.0
22,max_power_bg_invert,58,0,1,68.0,4203.0,3380.0
22,max_power_bg_invert,59,0,1,68.0,4204.0,3378.0
22,max_power_bg_invert,60,0,1,68.0,4203.0,3377.2
22,max_power_bg_invert,61,0,1,68.0,4203.0,3376.4
22,max_power_bg_invert,62,0,1,68.0,4203.0,3376.8
22,max_power_bg_invert,63,0,1,68.0,4202.0,3377.2
22,max_power_bg_invert,64,0,1,68.0,4203.0,3376.4
22,max_power_bg_invert,65,0,1,68.0,4204.0,3376.0
22,max_power_bg_invert,66,0,1,68.0,4204.0,3375.2
22,max_power_bg_invert,67,0,1,68.0,4204.0,3376.0
22,max_power_bg_invert,68,0,1,68.0,4203.0,3377.2
22,max_power_bg_invert,69,0,1,68.0,4203.0,3376.0
22,max_power_bg_invert,70,0,1,68.0,4202.0,3376.8
22,max_power_bg_invert,71,0,1,68.0,4202.0,3376.8
22,max_power_bg_invert,72,0,1,68.0,4202.0,3376.4
22,max_power_bg_invert,73,0,1,68.0,4202.0,3376.4
22,max_power_bg_invert,74,0,1,68.0,4201.0,3376.4
22,max_power_bg_invert,75,0,1,68.0,4201.0,3377.2
22,max_power_bg_invert,76,0,1,68.0,4201.0,3376.4
22,max_power_bg_invert,77,0,1,68.0,4200.0,3376.4
22,max_power_bg_invert,78,0,1,68.0,4200.0,3376.4
22,max_power_bg_invert,79,0,1,68.0,4199.0,3381.6
22,max_power_bg_invert,80,0,1,68.0,4209.0,3348.0
22,max_power_bg_invert,81,0,1,68.0,4209.0,3350.8
22,max_power_bg_invert,82,0,1,68.0,4213.0,3364.0
22,max_power_bg_invert,83,0,1,68.0,4199.0,3374.8
22,max_power_bg_invert,84,0,1,68.0,4201.0,3375.2
22,max_power_bg_invert,85,0,1,69.0,4199.0,3374.8
22,max_power_bg_invert,86,0,1,69.0,4201.0,3372.8
22,max_power_bg_invert,87,0,1,68.0,4198.0,3375.2
22,max_power_bg_invert,88,0,1,68.0,4196.0,3377.6
22,max_power_bg_invert,89,0,1,68.0,4192.0,3378.8
22,max_power_bg_invert,90,0,1,68.0,4188.0,3387.2
22,max_power_bg_invert,0,0,2,62.0,1100.0,3278.0
22,max_power_bg_invert,1,0,2,67.0,4100.0,2959.6
22,max_power_bg_invert,2,0,2,67.0,4270.0,3171.2
22,max_power_bg_invert,3,0,2,68.0,4320.0,3233.6
22,max_power_bg_invert,4,0,2,68.0,4351.0,3268.8
22,max_power_bg_invert,5,0,2,68.0,4369.0,3286.0
22,max_power_bg_invert,6,0,2,68.0,4377.0,3303.2
22,max_power_bg_invert,7,0,2,68.0,4377.0,3316.8
22,max_power_bg_invert,8,0,2,68.0,4384.0,3320.4
22,max_power_bg_invert,9,0,2,68.0,4389.0,3330.0
22,max_power_bg_invert,10,0,2,68.0,4391.0,3332.8
22,max_power_bg_invert,11,0,2,68.0,4394.0,3335.2
22,max_power_bg_invert,12,0,2,68.0,4395.0,3338.0
22,max_power_bg_invert,13,0,2,68.0,4396.0,3348.0
22,max_power_bg_invert,14,0,2,68.0,4397.0,3352.8
22,max_power_bg_invert,15,0,2,68.0,4398.0,3353.6
22,max_power_bg_invert,16,0,2,68.0,4396.0,3357.6
22,max_power_bg_invert,17,0,2,68.0,4397.0,3362.4
22,max_power_bg_invert,18,0,2,68.0,4399.0,3362.0
22,max_power_bg_invert,19,0,2,68.0,4403.0,3364.4
22,max_power_bg_invert,20,0,2,68.0,4402.0,3364.4
22,max_power_bg_invert,21,0,2,68.0,4403.0,3370.8
22,max_power_bg_invert,22,0,2,68.0,4403.0,3369.6
22,max_power_bg_invert,23,0,2,68.0,4404.0,3372.0
22,max_power_bg_invert,24,0,2,68.0,4405.0,3370.4
22,max_power_bg_invert,25,0,2,68.0,4406.0,3375.2
22,max_power_bg_invert,26,0,2,68.0,4405.0,3374.8
22,max_power_bg_invert,27,0,2,68.0,4405.0,3379.2
22,max_power_bg_invert,28,0,2,68.0,4406.0,3378.0
22,max_power_bg_invert,29,0,2,68.0,4406.0,3378.0
22,max_power_bg_invert,30,0,2,68.0,4408.0,3382.4
22,max_power_bg_invert,31,0,2,68.0,4410.0,3380.8
22,max_power_bg_invert,32,0,2,68.0,4410.0,3380.8
22,max_power_bg_invert,33,0,2,68.0,4410.0,3385.2
22,max_power_bg_invert,34,0,2,68.0,4410.0,3386.4
22,max_power_bg_invert,35,0,2,68.0,4410.0,3386.0
22,max_power_bg_invert,36,0,2,68.0,4410.0,3385.6
22,max_power_bg_invert,37,0,2,68.0,4410.0,3389.6
22,max_power_bg_invert,38,0,2,68.0,4411.0,3390.0
22,max_power_bg_invert,39,0,2,68.0,4411.0,3389.6
22,max_power_bg_invert,40,0,2,68.0,4428.0,3400.0
22,max_power_bg_invert,41,0,2,68.0,4420.0,3397.2
22,max_power_bg_invert,42,0,2,68.0,4403.0,3411.6
22,max_power_bg_invert,43,0,2,68.0,4407.0,3410.8
22,max_power_bg_invert,44,0,2,68.0,4418.0,3410.8
22,max_power_bg_invert,45,0,2,68.0,4415.0,3411.2
22,max_power_bg_invert,46,0,2,68.0,4416.0,3407.2
22,max_power_bg_invert,47,0,2,68.0,4414.0,3407.6
22,max_power_bg_invert,48,0,2,68.0,4412.0,3408.4
22,max_power_bg_invert,49,0,2,68.0,4413.0,3408.8
22,max_power_bg_invert,50,0,2,68.0,4413.0,3408.8
22,max_power_bg_invert,51,0,2,68.0,4417.0,3407.2
22,max_power_bg_invert,52,0,2,68.0,4414.0,3411.2
22,max_power_bg_invert,53,0,2,68.0,4416.0,3410.4
22,max_power_bg_invert,54,0,2,68.0,4419.0,3409.2
22,max_power_bg_invert,55,0,2,68.0,4420.0,3408.4
22,max_power_bg_invert,56,0,2,68.0,4419.0,3409.2
22,max_power_bg_invert,57,0,2,68.0,4419.0,3408.4
22,max_power_bg_invert,58,0,2,68.0,4422.0,3406.0
22,max_power_bg_invert,59,0,2,68.0,4423.0,3405.2
22,max_power_bg_invert,60,0,2,68.0,4422.0,3405.6
22,max_power_bg_invert,61,0,2,68.0,4422.0,3404.4
22,max_power_bg_invert,62,0,2,68.0,4423.0,3403.2
22,max_power_bg_invert,63,0,2,68.0,4423.0,3403.6
22,max_power_bg_invert,64,0,2,68.0,4422.0,3404.8
22,max_power_bg_invert,65,0,2,68.0,4422.0,3404.0
22,max_power_bg_invert,66,0,2,68.0,4422.0,3403.2
22,max_power_bg_invert,67,0,2,68.0,4423.0,3401.6
22,max_power_bg_invert,68,0,2,68.0,4423.0,3402.0
22,max_power_bg_invert,69,0,2,68.0,4423.0,3400.4
22,max_power_bg_invert,70,0,2,68.0,4424.0,3400.0
22,max_power_bg_invert,71,0,2,68.0,4423.0,3400.4
22,max_power_bg_invert,72,0,2,68.0,4423.0,3400.4
22,max_power_bg_invert,73,0,2,68.0,4422.0,3401.2
22,max_power_bg_invert,74,0,2,68.0,4421.0,3401.2
22,max_power_bg_invert,75,0,2,68.0,4421.0,3401.2
22,max_power_bg_invert,76,0,2,68.0,4422.0,3400.8
22,max_power_bg_invert,77,0,2,68.0,4421.0,3401.2
22,max_power_bg_invert,78,0,2,68.0,4422.0,3400.4
22,max_power_bg_invert,79,0,2,68.0,4422.0,3400.0
22,max_power_bg_invert,80,0,2,68.0,4430.0,3394.8
22,max_power_bg_invert,81,0,2,68.0,4414.0,3401.2
22,max_power_bg_invert,82,0,2,68.0,4427.0,3396.0
22,max_power_bg_invert,83,0,2,68.0,4428.0,3394.0
22,max_power_bg_invert,84,0,2,68.0,4432.0,3391.6
22,max_power_bg_invert,85,0,2,68.0,4432.0,3391.6
22,max_power_bg_invert,86,0,2,68.0,4429.0,3391.2
22,max_power_bg_invert,87,0,2,68.0,4421.0,3394.8
22,max_power_bg_invert,88,0,2,68.0,4426.0,3391.2
22,max_power_bg_invert,89,0,2,68.0,4429.0,3389.6
22,max_power_bg_invert,90,0,2,68.0,4428.0,3389.2
22,max_power_bg_invert,0,0,3,63.0,975.0,3330.4
22,max_power_bg_invert,1,0,3,68.0,3950.0,2969.6
22,max_power_bg_invert,2,0,3,68.0,4105.0,3170.0
22,max_power_bg_invert,3,0,3,68.0,4148.0,3256.0
22,max_power_bg_invert,4,0,3,68.0,4174.0,3294.4
22,max_power_bg_invert,5,0,3,68.0,4191.0,3315.6
22,max_power_bg_invert,6,0,3,68.0,4210.0,3325.6
22,max_power_bg_invert,7,0,3,68.0,4222.0,3333.6
22,max_power_bg_invert,8,0,3,68.0,4225.0,3344.8
22,max_power_bg_invert,9,0,3,68.0,4229.0,3350.0
22,max_power_bg_invert,10,0,3,68.0,4230.0,3353.2
22,max_power_bg_invert,11,0,3,68.0,4233.0,3360.4
22,max_power_bg_invert,12,0,3,68.0,4239.0,3360.4
22,max_power_bg_invert,13,0,3,68.0,4242.0,3362.8
22,max_power_bg_invert,14,0,3,68.0,4244.0,3366.0
22,max_power_bg_invert,15,0,3,68.0,4246.0,3369.6
22,max_power_bg_invert,16,0,3,68.0,4250.0,3367.6
22,max_power_bg_invert,17,0,3,68.0,4250.0,3372.8
22,max_power_bg_invert,18,0,3,68.0,4250.0,3372.8
22,max_power_bg_invert,19,0,3,68.0,4252.0,3371.6
22,max_power_bg_invert,20,0,3,68.0,4255.0,3374.0
22,max_power_bg_invert,21,0,3,68.0,4256.0,3373.2
22,max_power_bg_invert,22,0,3,68.0,4256.0,3372.0
22,max_power_bg_invert,23,0,3,68.0,4257.0,3376.0
22,max_power_bg_invert,24,0,3,68.0,4258.0,3374.8
22,max_power_bg_invert,25,0,3,68.0,4259.0,3374.0
22,max_power_bg_invert,26,0,3,68.0,4261.0,3371.6
22,max_power_bg_invert,27,0,3,68.0,4262.0,3375.2
22,max_power_bg_invert,28,0,3,68.0,4262.0,3374.8
22,max_power_bg_invert,29,0,3,68.0,4263.0,3374.8
22,max_power_bg_invert,30,0,3,68.0,4263.0,3374.0
22,max_power_bg_invert,31,0,3,68.0,4263.0,3374.0
22,max_power_bg_invert,32,0,3,68.0,4264.0,3373.6
22,max_power_bg_invert,33,0,3,68.0,4264.0,3373.6
22,max_power_bg_invert,34,0,3,68.0,4264.0,3378.4
22,max_power_bg_invert,35,0,3,68.0,4265.0,3378.4
22,max_power_bg_invert,36,0,3,68.0,4266.0,3377.6
22,max_power_bg_invert,37,0,3,68.0,4266.0,3377.6
22,max_power_bg_invert,38,0,3,68.0,4266.0,3377.2
22,max_power_bg_invert,39,0,3,68.0,4266.0,3376.8
22,max_power_bg_invert,40,0,3,68.0,4279.0,3373.2
22,max_power_bg_invert,41,0,3,68.0,4270.0,3370.8
22,max_power_bg_invert,42,0,3,68.0,4260.0,3390.8
22,max_power_bg_invert,43,0,3,68.0,4270.0,3388.8
22,max_power_bg_invert,44,0,3,68.0,4277.0,3380.8
22,max_power_bg_invert,45,0,3,68.0,4288.0,3378.8
22,max_power_bg_invert,46,0,3,68.0,4282.0,3380.4
22,max_power_bg_invert,47,0,3,68.0,4278.0,3382.8
22,max_power_bg_invert,48,0,3,68.0,4280.0,3385.6
22,max_power_bg_invert,49,0,3,68.0,4280.0,3381.2
22,max_power_bg_invert,50,0,3,68.0,4280.0,3382.0
22,max_power_bg_invert,51,0,3,68.0,4284.0,3387.2
22,max_power_bg_invert,52,0,3,68.0,4285.0,3387.2
22,max_power_bg_invert,53,0,3,69.0,4284.0,3386.0
22,max_power_bg_invert,54,0,3,68.0,4283.0,3386.4
22,max_power_bg_invert,55,0,3,68.0,4282.0,3385.2
22,max_power_bg_invert,56,0,3,68.0,4282.0,3385.2
22,max_power_bg_invert,57,0,3,68.0,4284.0,3384.0
22,max_power_bg_invert,58,0,3,68.0,4284.0,3388.0
22,max_power_bg_invert,59,0,3,68.0,4284.0,3387.6
22,max_power_bg_invert,60,0,3,68.0,4284.0,3387.6
22,max_power_bg_invert,61,0,3,68.0,4285.0,3386.8
22,max_power_bg_invert,62,0,3,68.0,4286.0,3385.6
22,max_power_bg_invert,63,0,3,69.0,4284.0,3390.8
22,max_power_bg_invert,64,0,3,68.0,4285.0,3390.8
22,max_power_bg_invert,65,0,3,68.0,4285.0,3390.4
22,max_power_bg_invert,66,0,3,68.0,4283.0,3391.2
22,max_power_bg_invert,67,0,3,68.0,4282.0,3391.2
22,max_power_bg_invert,68,0,3,68.0,4281.0,3391.2
22,max_power_bg_invert,69,0,3,68.0,4281.0,3392.4
22,max_power_bg_invert,70,0,3,68.0,4282.0,3391.2
22,max_power_bg_invert,71,0,3,69.0,4282.0,3391.2
22,max_power_bg_invert,72,0,3,68.0,4281.0,3392.0
22,max_power_bg_invert,73,0,3,69.0,4281.0,3396.8
22,max_power_bg_invert,74,0,3,68.0,4280.0,3397.2
22,max_power_bg_invert,75,0,3,68.0,4280.0,3396.8
22,max_power_bg_invert,76,0,3,69.0,4281.0,3396.8
22,max_power_bg_invert,77,0,3,68.0,4281.0,3396.0
22,max_power_bg_invert,78,0,3,69.0,4281.0,3396.0
22,max_power_bg_invert,79,0,3,68.0,4281.0,3395.6
22,max_power_bg_invert,80,0,3,68.0,4270.0,3416.0
22,max_power_bg_invert,81,0,3,68.0,4263.0,3410.8
22,max_power_bg_invert,82,0,3,68.0,4268.0,3412.4
22,max_power_bg_invert,83,0,3,69.0,4256.0,3420.0
22,max_power_bg_invert,84,0,3,68.0,4257.0,3420.8
22,max_power_bg_invert,85,0,3,68.0,4270.0,3412.4
22,max_power_bg_invert,86,0,3,68.0,4273.0,3409.2
22,max_power_bg_invert,87,0,3,68.0,4275.0,3409.6
22,max_power_bg_invert,88,0,3,69.0,4279.0,3411.2
22,max_power_bg_invert,89,0,3,69.0,4281.0,3410.0
22,max_power_bg_invert,90,0,3,69.0,4283.0,3410.0
22,max_power_bg_invert,0,1,2,63.0,1000.0,3327.2
22,max_power_bg_invert,1,1,2,68.0,4280.0,2736.4
22,max_power_bg_invert,2,1,2,68.0,4300.0,3047.2
22,max_power_bg_invert,3,1,2,68.0,4289.0,3148.8
22,max_power_bg_invert,4,1,2,69.0,4287.0,3208.4
22,max_power_bg_invert,5,1,2,68.0,4289.0,3242.0
22,max_power_bg_invert,6,1,2,69.0,4289.0,3264.8
22,max_power_bg_invert,7,1,2,68.0,4294.0,3274.4
22,max_power_bg_invert,8,1,2,69.0,4287.0,3296.0
22,max_power_bg_invert,9,1,2,69.0,4285.0,3305.2
22,max_power_bg_invert,10,1,2,69.0,4282.0,3315.2
22,max_power_bg_invert,11,1,2,68.0,4283.0,3324.0
22,max_power_bg_invert,12,1,2,69.0,4285.0,3327.2
22,max_power_bg_invert,13,1,2,69.0,4287.0,3332.0
22,max_power_bg_invert,14,1,2,69.0,4289.0,3336.0
22,max_power_bg_invert,15,1,2,69.0,4289.0,3340.4
22,max_power_bg_invert,16,1,2,69.0,4290.0,3343.6
22,max_power_bg_invert,17,1,2,69.0,4289.0,3349.6
22,max_power_bg_invert,18,1,2,69.0,4288.0,3350.4
22,max_power_bg_invert,19,1,2,69.0,4286.0,3356.8
22,max_power_bg_invert,20,1,2,69.0,4285.0,3357.6
22,max_power_bg_invert,21,1,2,69.0,4283.0,3364.8
22,max_power_bg_invert,22,1,2,69.0,4282.0,3364.8
22,max_power_bg_invert,23,1,2,69.0,4281.0,3370.0
22,max_power_bg_invert,24,1,2,69.0,4280.0,3370.4
22,max_power_bg_invert,25,1,2,69.0,4281.0,3370.0
22,max_power_bg_invert,26,1,2,69.0,4283.0,3373.6
22,max_power_bg_invert,27,1,2,69.0,4282.0,3374.8
22,max_power_bg_invert,28,1,2,69.0,4282.0,3374.8
22,max_power_bg_invert,29,1,2,69.0,4282.0,3378.4
22,max_power_bg_invert,30,1,2,69.0,4281.0,3379.2
22,max_power_bg_invert,31,1,2,69.0,4282.0,3378.8
22,max_power_bg_invert,32,1,2,69.0,4283.0,3377.6
22,max_power_bg_invert,33,1,2,69.0,4285.0,3376.4
22,max_power_bg_invert,34,1,2,69.0,4285.0,3380.8
22,max_power_bg_invert,35,1,2,69.0,4285.0,3380.8
22,max_power_bg_invert,36,1,2,69.0,4285.0,3380.8
22,max_power_bg_invert,37,1,2,69.0,4284.0,3380.8
22,max_power_bg_invert,38,1,2,69.0,4285.0,3379.2
22,max_power_bg_invert,39,1,2,69.0,4285.0,3378.8
22,max_power_bg_invert,40,1,2,69.0,4278.0,3393.6
22,max_power_bg_invert,41,1,2,69.0,4274.0,3404.0
22,max_power_bg_invert,42,1,2,69.0,4276.0,3406.0
22,max_power_bg_invert,43,1,2,69.0,4284.0,3401.6
22,max_power_bg_invert,44,1,2,69.0,4287.0,3396.8
22,max_power_bg_invert,45,1,2,69.0,4284.0,3395.2
22,max_power_bg_invert,46,1,2,69.0,4288.0,3391.6
22,max_power_bg_invert,47,1,2,69.0,4285.0,3392.8
22,max_power_bg_invert,48,1,2,69.0,4288.0,3394.8
22,max_power_bg_invert,49,1,2,69.0,4290.0,3394.4
22,max_power_bg_invert,50,1,2,69.0,4296.0,3390.8
22,max_power_bg_invert,51,1,2,69.0,4295.0,3391.2
22,max_power_bg_invert,52,1,2,69.0,4295.0,3390.4
22,max_power_bg_invert,53,1,2,69.0,4296.0,3390.8
22,max_power_bg_invert,54,1,2,69.0,4299.0,3388.8
22,max_power_bg_invert,55,1,2,69.0,4298.0,3388.8
22,max_power_bg_invert,56,1,2,69.0,4298.0,3391.2
22,max_power_bg_invert,57,1,2,69.0,4296.0,3393.6
22,max_power_bg_invert,58,1,2,69.0,4295.0,3394.4
22,max_power_bg_invert,59,1,2,69.0,4294.0,3393.2
22,max_power_bg_invert,60,1,2,69.0,4295.0,3392.8
22,max_power_bg_invert,61,1,2,69.0,4293.0,3393.6
22,max_power_bg_invert,62,1,2,69.0,4291.0,3396.4
22,max_power_bg_invert,63,1,2,69.0,4293.0,3394.4
22,max_power_bg_invert,64,1,2,69.0,4292.0,3395.6
22,max_power_bg_invert,65,1,2,69.0,4293.0,3395.2
22,max_power_bg_invert,66,1,2,69.0,4294.0,3394.8
22,max_power_bg_invert,67,1,2,69.0,4294.0,3394.0
22,max_power_bg_invert,68,1,2,69.0,4294.0,3394.0
22,max_power_bg_invert,69,1,2,69.0,4294.0,3394.0
22,max_power_bg_invert,70,1,2,69.0,4294.0,3393.6
22,max_power_bg_invert,71,1,2,69.0,4292.0,3395.2
22,max_power_bg_invert,72,1,2,69.0,4291.0,3396.4
22,max_power_bg_invert,73,1,2,69.0,4290.0,3396.8
22,max_power_bg_invert,74,1,2,69.0,4289.0,3398.4
22,max_power_bg_invert,75,1,2,69.0,4288.0,3398.4
22,max_power_bg_invert,76,1,2,69.0,4287.0,3398.4
22,max_power_bg_invert,77,1,2,69.0,4287.0,3398.4
22,max_power_bg_invert,78,1,2,69.0,4288.0,3397.6
22,max_power_bg_invert,79,1,2,69.0,4288.0,3397.6
22,max_power_bg_invert,80,1,2,69.0,4310.0,3392.0
22,max_power_bg_invert,81,1,2,69.0,4294.0,3402.4
22,max_power_bg_invert,82,1,2,69.0,4293.0,3396.4
22,max_power_bg_invert,83,1,2,69.0,4287.0,3402.8
22,max_power_bg_invert,84,1,2,69.0,4281.0,3405.2
22,max_power_bg_invert,85,1,2,69.0,4291.0,3400.8
22,max_power_bg_invert,86,1,2,69.0,4286.0,3407.2
22,max_power_bg_invert,87,1,2,69.0,4284.0,3406.0
22,max_power_bg_invert,88,1,2,69.0,4280.0,3405.6
22,max_power_bg_invert,89,1,2,69.0,4279.0,3403.6
22,max_power_bg_invert,90,1,2,69.0,4284.0,3404.4
22,max_power_bg_invert,0,1,3,63.0,1100.0,3278.4
22,max_power_bg_invert,1,1,3,68.0,3840.0,2936.0
22,max_power_bg_invert,2,1,3,69.0,3999.0,3160.4
22,max_power_bg_invert,3,1,3,69.0,4037.0,3242.8
22,max_power_bg_invert,4,1,3,69.0,4071.0,3285.6
22,max_power_bg_invert,5,1,3,69.0,4091.0,3304.4
22,max_power_bg_invert,6,1,3,69.0,4103.0,3322.0
22,max_power_bg_invert,7,1,3,69.0,4116.0,3331.2
22,max_power_bg_invert,8,1,3,68.0,4123.0,3342.8
22,max_power_bg_invert,9,1,3,69.0,4126.0,3348.4
22,max_power_bg_invert,10,1,3,69.0,4128.0,3352.4
22,max_power_bg_invert,11,1,3,69.0,4131.0,3354.0
22,max_power_bg_invert,12,1,3,69.0,4135.0,3361.2
22,max_power_bg_invert,13,1,3,69.0,4138.0,3361.6
22,max_power_bg_invert,14,1,3,69.0,4138.0,3364.8
22,max_power_bg_invert,15,1,3,69.0,4143.0,3366.4
22,max_power_bg_invert,16,1,3,69.0,4146.0,3369.2
22,max_power_bg_invert,17,1,3,69.0,4146.0,3368.4
22,max_power_bg_invert,18,1,3,69.0,4147.0,3370.4
22,max_power_bg_invert,19,1,3,69.0,4146.0,3370.4
22,max_power_bg_invert,20,1,3,69.0,4149.0,3369.6
22,max_power_bg_invert,21,1,3,69.0,4150.0,3374.4
22,max_power_bg_invert,22,1,3,69.0,4152.0,3372.8
22,max_power_bg_invert,23,1,3,69.0,4151.0,3372.4
22,max_power_bg_invert,24,1,3,69.0,4152.0,3376.8
22,max_power_bg_invert,25,1,3,69.0,4152.0,3377.2
22,max_power_bg_invert,26,1,3,69.0,4152.0,3376.8
22,max_power_bg_invert,27,1,3,69.0,4152.0,3376.4
22,max_power_bg_invert,28,1,3,69.0,4152.0,3376.4
22,max_power_bg_invert,29,1,3,69.0,4152.0,3380.8
22,max_power_bg_invert,30,1,3,69.0,4152.0,3380.0
22,max_power_bg_invert,31,1,3,69.0,4153.0,3380.0
22,max_power_bg_invert,32,1,3,69.0,4154.0,3379.2
22,max_power_bg_invert,33,1,3,69.0,4155.0,3377.2
22,max_power_bg_invert,34,1,3,69.0,4156.0,3376.0
22,max_power_bg_invert,35,1,3,69.0,4155.0,3375.6
22,max_power_bg_invert,36,1,3,69.0,4155.0,3380.4
22,max_power_bg_invert,37,1,3,69.0,4155.0,3380.8
22,max_power_bg_invert,38,1,3,69.0,4156.0,3380.0
22,max_power_bg_invert,39,1,3,69.0,4155.0,3380.8
22,max_power_bg_invert,40,1,3,69.0,4145.0,3383.2
22,max_power_bg_invert,41,1,3,69.0,4162.0,3383.2
22,max_power_bg_invert,42,1,3,69.0,4155.0,3392.8
22,max_power_bg_invert,43,1,3,69.0,4163.0,3385.6
22,max_power_bg_invert,44,1,3,69.0,4154.0,3393.2
22,max_power_bg_invert,45,1,3,69.0,4151.0,3396.0
22,max_power_bg_invert,46,1,3,69.0,4150.0,3394.8
22,max_power_bg_invert,47,1,3,69.0,4148.0,3398.0
22,max_power_bg_invert,48,1,3,69.0,4150.0,3396.8
22,max_power_bg_invert,49,1,3,69.0,4152.0,3393.6
22,max_power_bg_invert,50,1,3,69.0,4152.0,3394.0
22,max_power_bg_invert,51,1,3,69.0,4147.0,3395.2
22,max_power_bg_invert,52,1,3,69.0,4146.0,3396.4
22,max_power_bg_invert,53,1,3,69.0,4147.0,3396.0
22,max_power_bg_invert,54,1,3,69.0,4147.0,3395.6
22,max_power_bg_invert,55,1,3,69.0,4146.0,3395.6
22,max_power_bg_invert,56,1,3,69.0,4149.0,3396.0
22,max_power_bg_invert,57,1,3,69.0,4149.0,3396.4
22,max_power_bg_invert,58,1,3,69.0,4149.0,3396.4
22,max_power_bg_invert,59,1,3,69.0,4148.0,3396.8
22,max_power_bg_invert,60,1,3,69.0,4147.0,3396.8
22,max_power_bg_invert,61,1,3,69.0,4146.0,3397.2
22,max_power_bg_invert,62,1,3,69.0,4146.0,3396.4
22,max_power_bg_invert,63,1,3,69.0,4146.0,3394.8
22,max_power_bg_invert,64,1,3,69.0,4146.0,3394.0
22,max_power_bg_invert,65,1,3,69.0,4148.0,3393.6
22,max_power_bg_invert,66,1,3,69.0,4148.0,3394.4
22,max_power_bg_invert,67,1,3,69.0,4148.0,3393.6
22,max_power_bg_invert,68,1,3,69.0,4148.0,3393.2
22,max_power_bg_invert,69,1,3,69.0,4148.0,3393.2
22,max_power_bg_invert,70,1,3,69.0,4148.0,3392.8
22,max_power_bg_invert,71,1,3,69.0,4148.0,3392.8
22,max_power_bg_invert,72,1,3,69.0,4148.0,3391.2
22,max_power_bg_invert,73,1,3,69.0,4148.0,3391.2
22,max_power_bg_invert,74,1,3,69.0,4149.0,3390.0
22,max_power_bg_invert,75,1,3,69.0,4149.0,3390.0
22,max_power_bg_invert,76,1,3,69.0,4149.0,3390.0
22,max_power_bg_invert,77,1,3,69.0,4148.0,3390.0
22,max_power_bg_invert,78,1,3,69.0,4149.0,3389.2
22,max_power_bg_invert,79,1,3,69.0,4149.0,3388.4
22,max_power_bg_invert,80,1,3,69.0,4139.0,3387.2
22,max_power_bg_invert,81,1,3,69.0,4150.0,3383.2
22,max_power_bg_invert,82,1,3,69.0,4153.0,3384.4
22,max_power_bg_invert,83,1,3,69.0,4161.0,3380.8
22,max_power_bg_invert,84,1,3,69.0,4151.0,3385.6
22,max_power_bg_invert,85,1,3,69.0,4149.0,3387.6
22,max_power_bg_invert,86,1,3,69.0,4144.0,3389.2
22,max_power_bg_invert,87,1,3,69.0,4142.0,3387.6
22,max_power_bg_invert,88,1,3,69.0,4145.0,3386.0
22,max_power_bg_invert,89,1,3,69.0,4144.0,3387.2
22,max_power_bg_invert,90,1,3,69.0,4146.0,3386.8
22,max_power_bg_invert,0,2,3,63.0,987.0,3354.0
22,max_power_bg_invert,1,2,3,68.0,3850.0,2987.6
22,max_power_bg_invert,2,2,3,68.0,4000.0,3173.2
22,max_power_bg_invert,3,2,3,68.0,4068.0,3249.2
22,max_power_bg_invert,4,2,3,68.0,4097.0,3289.2
22,max_power_bg_invert,5,2,3,68.0,4118.0,3313.2
22,max_power_bg_invert,6,2,3,68.0,4125.0,3326.4
22,max_power_bg_invert,7,2,3,68.0,4136.0,3339.2
22,max_power_bg_invert,8,2,3,68.0,4144.0,3348.4
22,max_power_bg_invert,9,2,3,68.0,4145.0,3356.8
22,max_power_bg_invert,10,2,3,68.0,4149.0,3362.8
22,max_power_bg_invert,11,2,3,68.0,4152.0,3366.4
22,max_power_bg_invert,12,2,3,68.0,4159.0,3368.4
22,max_power_bg_invert,13,2,3,68.0,4160.0,3373.2
22,max_power_bg_invert,14,2,3,68.0,4164.0,3376.0
22,max_power_bg_invert,15,2,3,68.0,4168.0,3373.2
22,max_power_bg_invert,16,2,3,68.0,4171.0,3374.8
22,max_power_bg_invert,17,2,3,68.0,4172.0,3380.4
22,max_power_bg_invert,18,2,3,68.0,4173.0,3380.4
22,max_power_bg_invert,19,2,3,68.0,4175.0,3384.0
22,max_power_bg_invert,20,2,3,68.0,4174.0,3383.6
22,max_power_bg_invert,21,2,3,68.0,4173.0,3384.4
22,max_power_bg_invert,22,2,3,68.0,4176.0,3387.2
22,max_power_bg_invert,23,2,3,68.0,4177.0,3386.4
22,max_power_bg_invert,24,2,3,68.0,4178.0,3385.6
22,max_power_bg_invert,25,2,3,68.0,4180.0,3391.6
22,max_power_bg_invert,26,2,3,68.0,4181.0,3390.4
22,max_power_bg_invert,27,2,3,68.0,4182.0,3390.0
22,max_power_bg_invert,28,2,3,68.0,4182.0,3390.0
22,max_power_bg_invert,29,2,3,68.0,4183.0,3389.6
22,max_power_bg_invert,30,2,3,68.0,4182.0,3394.8
22,max_power_bg_invert,31,2,3,68.0,4183.0,3397.6
22,max_power_bg_invert,32,2,3,68.0,4183.0,3397.6
22,max_power_bg_invert,33,2,3,68.0,4184.0,3397.2
22,max_power_bg_invert,34,2,3,68.0,4183.0,3397.6
22,max_power_bg_invert,35,2,3,68.0,4183.0,3397.6
22,max_power_bg_invert,36,2,3,68.0,4183.0,3397.2
22,max_power_bg_invert,37,2,3,68.0,4183.0,3396.8
22,max_power_bg_invert,38,2,3,68.0,4184.0,3401.6
22,max_power_bg_invert,39,2,3,68.0,4185.0,3400.4
22,max_power_bg_invert,40,2,3,68.0,4200.0,3391.6
22,max_power_bg_invert,41,2,3,68.0,4180.0,3408.4
22,max_power_bg_invert,42,2,3,68.0,4166.0,3417.6
22,max_power_bg_invert,43,2,3,68.0,4175.0,3412.8
22,max_power_bg_invert,44,2,3,68.0,4179.0,3409.2
22,max_power_bg_invert,45,2,3,68.0,4184.0,3406.8
22,max_power_bg_invert,46,2,3,68.0,4181.0,3410.0
22,max_power_bg_invert,47,2,3,68.0,4182.0,3410.4
22,max_power_bg_invert,48,2,3,68.0,4185.0,3410.8
22,max_power_bg_invert,49,2,3,68.0,4184.0,3409.2
22,max_power_bg_invert,50,2,3,68.0,4186.0,3406.4
22,max_power_bg_invert,51,2,3,68.0,4184.0,3407.2
22,max_power_bg_invert,52,2,3,68.0,4186.0,3407.2
22,max_power_bg_invert,53,2,3,68.0,4186.0,3407.2
22,max_power_bg_invert,54,2,3,68.0,4185.0,3407.6
22,max_power_bg_invert,55,2,3,68.0,4182.0,3408.4
22,max_power_bg_invert,56,2,3,68.0,4181.0,3408.8
22,max_power_bg_invert,57,2,3,68.0,4180.0,3410.0
22,max_power_bg_invert,58,2,3,68.0,4180.0,3410.4
22,max_power_bg_invert,59,2,3,68.0,4180.0,3410.8
22,max_power_bg_invert,60,2,3,68.0,4179.0,3411.6
22,max_power_bg_invert,61,2,3,68.0,4180.0,3411.2
22,max_power_bg_invert,62,2,3,68.0,4179.0,3411.6
22,max_power_bg_invert,63,2,3,68.0,4179.0,3411.2
22,max_power_bg_invert,64,2,3,68.0,4179.0,3412.0
22,max_power_bg_invert,65,2,3,68.0,4179.0,3408.0
22,max_power_bg_invert,66,2,3,68.0,4178.0,3408.0
22,max_power_bg_invert,67,2,3,68.0,4180.0,3408.0
22,max_power_bg_invert,68,2,3,68.0,4180.0,3406.4
22,max_power_bg_invert,69,2,3,68.0,4181.0,3405.6
22,max_power_bg_invert,70,2,3,68.0,4181.0,3405.6
22,max_power_bg_invert,71,2,3,68.0,4182.0,3404.4
22,max_power_bg_invert,72,2,3,68.0,4183.0,3403.6
22,max_power_bg_invert,73,2,3,69.0,4184.0,3404.0
22,max_power_bg_invert,74,2,3,68.0,4183.0,3404.4
22,max_power_bg_invert,75,2,3,68.0,4184.0,3404.0
22,max_power_bg_invert,76,2,3,68.0,4183.0,3404.0
22,max_power_bg_invert,77,2,3,68.0,4183.0,3404.4
22,max_power_bg_invert,78,2,3,68.0,4182.0,3404.8
22,max_power_bg_invert,79,2,3,68.0,4182.0,3405.2
22,max_power_bg_invert,80,2,3,68.0,4162.0,3421.6
22,max_power_bg_invert,81,2,3,68.0,4159.0,3416.0
22,max_power_bg_invert,82,2,3,68.0,4159.0,3412.0
22,max_power_bg_invert,83,2,3,68.0,4164.0,3409.2
22,max_power_bg_invert,84,2,3,68.0,4171.0,3406.4
22,max_power_bg_invert,85,2,3,68.0,4165.0,3411.6
22,max_power_bg_invert,86,2,3,68.0,4167.0,3412.4
22,max_power_bg_invert,87,2,3,68.0,4170.0,3410.8
22,max_power_bg_invert,88,2,3,68.0,4175.0,3408.0
22,max_power_bg_invert,89,2,3,68.0,4175.0,3409.6
22,max_power_bg_invert,90,2,3,69.0,4176.0,3410.4
23,max_power_bg_invert,0,0,1,61.0,900.0,3280.8
23,max_power_bg_invert,1,0,1,66.0,3590.0,3020.4
23,max_power_bg_invert,2,0,1,67.0,3721.0,3190.0
23,max_power_bg_invert,3,0,1,67.0,3782.0,3248.4
23,max_power_bg_invert,4,0,1,67.0,3807.0,3278.4
23,max_power_bg_invert,5,0,1,67.0,3826.0,3298.4
23,max_power_bg_invert,6,0,1,67.0,3834.0,3313.6
23,max_power_bg_invert,7,0,1,67.0,3844.0,3320.0
23,max_power_bg_invert,8,0,1,67.0,3853.0,3322.4
23,max_power_bg_invert,9,0,1,67.0,3856.0,3328.8
23,max_power_bg_invert,10,0,1,67.0,3857.0,3331.2
23,max_power_bg_invert,11,0,1,67.0,3859.0,3333.6
23,max_power_bg_invert,12,0,1,67.0,3863.0,3337.6
23,max_power_bg_invert,13,0,1,67.0,3867.0,3341.2
23,max_power_bg_invert,14,0,1,67.0,3869.0,3344.4
23,max_power_bg_invert,15,0,1,67.0,3867.0,3346.0
23,max_power_bg_invert,16,0,1,67.0,3867.0,3350.4
23,max_power_bg_invert,17,0,1,67.0,3869.0,3348.4
23,max_power_bg_invert,18,0,1,67.0,3870.0,3354.0
23,max_power_bg_invert,19,0,1,67.0,3871.0,3352.4
23,max_power_bg_invert,20,0,1,67.0,3872.0,3352.8
23,max_power_bg_invert,21,0,1,67.0,3872.0,3357.2
23,max_power_bg_invert,22,0,1,67.0,3872.0,3356.8
23,max_power_bg_invert,23,0,1,67.0,3872.0,3356.0
23,max_power_bg_invert,24,0,1,67.0,3872.0,3355.6
23,max_power_bg_invert,25,0,1,67.0,3872.0,3360.0
23,max_power_bg_invert,26,0,1,67.0,3872.0,3359.6
23,max_power_bg_invert,27,0,1,67.0,3872.0,3359.2
23,max_power_bg_invert,28,0,1,67.0,3872.0,3359.2
23,max_power_bg_invert,29,0,1,67.0,3873.0,3358.4
23,max_power_bg_invert,30,0,1,67.0,3873.0,3358.0
23,max_power_bg_invert,31,0,1,67.0,3873.0,3362.4
23,max_power_bg_invert,32,0,1,67.0,3873.0,3362.0
23,max_power_bg_invert,33,0,1,67.0,3873.0,3362.0
23,max_power_bg_invert,34,0,1,67.0,3873.0,3361.2
23,max_power_bg_invert,35,0,1,67.0,3873.0,3361.2
23,max_power_bg_invert,36,0,1,67.0,3873.0,3360.8
23,max_power_bg_invert,37,0,1,67.0,3872.0,3361.2
23,max_power_bg_invert,38,0,1,67.0,3874.0,3360.8
23,max_power_bg_invert,39,0,1,67.0,3874.0,3360.8
23,max_power_bg_invert,40,0,1,67.0,3900.0,3350.0
23,max_power_bg_invert,41,0,1,67.0,3890.0,3358.4
23,max_power_bg_invert,42,0,1,67.0,3886.0,3362.4
23,max_power_bg_invert,43,0,1,67.0,3887.0,3362.8
23,max_power_bg_invert,44,0,1,67.0,3889.0,3359.2
23,max_power_bg_invert,45,0,1,67.0,3886.0,3357.2
23,max_power_bg_invert,46,0,1,67.0,3879.0,3360.8
23,max_power_bg_invert,47,0,1,67.0,3880.0,3364.4
23,max_power_bg_invert,48,0,1,67.0,3881.0,3366.4
23,max_power_bg_invert,49,0,1,67.0,3882.0,3366.4
23,max_power_bg_invert,50,0,1,67.0,3881.0,3367.6
23,max_power_bg_invert,51,0,1,67.0,3882.0,3366.0
23,max_power_bg_invert,52,0,1,67.0,3881.0,3365.2
23,max_power_bg_invert,53,0,1,67.0,3881.0,3365.2
23,max_power_bg_invert,54,0,1,67.0,3882.0,3365.2
23,max_power_bg_invert,55,0,1,67.0,3882.0,3366.0
23,max_power_bg_invert,56,0,1,67.0,3882.0,3365.6
23,max_power_bg_invert,57,0,1,67.0,3882.0,3366.0
23,max_power_bg_invert,58,0,1,67.0,3882.0,3365.2
23,max_power_bg_invert,59,0,1,67.0,3881.0,3365.2
23,max_power_bg_invert,60,0,1,67.0,3881.0,3365.2
23,max_power_bg_invert,61,0,1,67.0,3881.0,3365.6
23,max_power_bg_invert,62,0,1,67.0,3882.0,3365.2
23,max_power_bg_invert,63,0,1,67.0,3882.0,3365.6
23,max_power_bg_invert,64,0,1,67.0,3882.0,3365.2
23,max_power_bg_invert,65,0,1,67.0,3882.0,3365.6
23,max_power_bg_invert,66,0,1,67.0,3882.0,3366.0
23,max_power_bg_invert,67,0,1,67.0,3882.0,3366.4
23,max_power_bg_invert,68,0,1,67.0,3882.0,3366.4
23,max_power_bg_invert,69,0,1,67.0,3881.0,3366.8
23,max_power_bg_invert,70,0,1,67.0,3880.0,3367.6
23,max_power_bg_invert,71,0,1,67.0,3880.0,3367.6
23,max_power_bg_invert,72,0,1,67.0,3880.0,3368.4
23,max_power_bg_invert,73,0,1,67.0,3880.0,3368.0
23,max_power_bg_invert,74,0,1,67.0,3880.0,3367.6
23,max_power_bg_invert,75,0,1,67.0,3880.0,3367.6
23,max_power_bg_invert,76,0,1,67.0,3881.0,3366.8
23,max_power_bg_invert,77,0,1,67.0,3880.0,3367.2
23,max_power_bg_invert,78,0,1,67.0,3880.0,3366.8
23,max_power_bg_invert,79,0,1,67.0,3880.0,3366.8
23,max_power_bg_invert,80,0,1,67.0,3880.0,3349.6
23,max_power_bg_invert,81,0,1,67.0,3880.0,3353.6
23,max_power_bg_invert,82,0,1,67.0,3886.0,3350.0
23,max_power_bg_invert,83,0,1,67.0,3884.0,3353.2
23,max_power_bg_invert,84,0,1,67.0,3889.0,3351.6
23,max_power_bg_invert,85,0,1,67.0,3881.0,3353.6
23,max_power_bg_invert,86,0,1,67.0,3882.0,3351.6
23,max_power_bg_invert,87,0,1,67.0,3880.0,3356.0
23,max_power_bg_invert,88,0,1,67.0,3877.0,3358.4
23,max_power_bg_invert,89,0,1,67.0,3881.0,3357.6
23,max_power_bg_invert,90,0,1,67.0,3878.0,3360.0
23,max_power_bg_invert,0,0,2,61.0,800.0,3254.8
23,max_power_bg_invert,1,0,2,67.0,3780.0,3018.8
23,max_power_bg_invert,2,0,2,67.0,3945.0,3190.0
23,max_power_bg_invert,3,0,2,67.0,3989.0,3255.6
23,max_power_bg_invert,4,0,2,67.0,4023.0,3283.6
23,max_power_bg_invert,5,0,2,67.0,4046.0,3303.6
23,max_power_bg_invert,6,0,2,67.0,4061.0,3314.4
23,max_power_bg_invert,7,0,2,67.0,4075.0,3323.2
23,max_power_bg_invert,8,0,2,67.0,4079.0,3332.4
23,max_power_bg_invert,9,0,2,67.0,4085.0,3339.6
23,max_power_bg_invert,10,0,2,67.0,4090.0,3346.4
23,max_power_bg_invert,11,0,2,67.0,4090.0,3349.6
23,max_power_bg_invert,12,0,2,67.0,4087.0,3352.4
23,max_power_bg_invert,13,0,2,67.0,4088.0,3355.2
23,max_power_bg_invert,14,0,2,67.0,4089.0,3359.2
23,max_power_bg_invert,15,0,2,67.0,4088.0,3359.6
23,max_power_bg_invert,16,0,2,67.0,4086.0,3365.2
23,max_power_bg_invert,17,0,2,67.0,4087.0,3368.8
23,max_power_bg_invert,18,0,2,67.0,4086.0,3370.0
23,max_power_bg_invert,19,0,2,67.0,4086.0,3374.0
23,max_power_bg_invert,20,0,2,67.0,4086.0,3373.6
23,max_power_bg_invert,21,0,2,67.0,4086.0,3372.4
23,max_power_bg_invert,22,0,2,67.0,4087.0,3376.0
23,max_power_bg_invert,23,0,2,67.0,4086.0,3375.6
23,max_power_bg_invert,24,0,2,67.0,4087.0,3375.2
23,max_power_bg_invert,25,0,2,67.0,4087.0,3380.8
23,max_power_bg_invert,26,0,2,67.0,4088.0,3380.0
23,max_power_bg_invert,27,0,2,67.0,4089.0,3380.0
23,max_power_bg_invert,28,0,2,67.0,4088.0,3379.6
23,max_power_bg_invert,29,0,2,67.0,4089.0,3379.6
23,max_power_bg_invert,30,0,2,67.0,4090.0,3383.6
23,max_power_bg_invert,31,0,2,67.0,4090.0,3383.2
23,max_power_bg_invert,32,0,2,67.0,4090.0,3383.2
23,max_power_bg_invert,33,0,2,67.0,4092.0,3381.6
23,max_power_bg_invert,34,0,2,67.0,4093.0,3381.2
23,max_power_bg_invert,35,0,2,67.0,4092.0,3382.0
23,max_power_bg_invert,36,0,2,67.0,4092.0,3382.0
23,max_power_bg_invert,37,0,2,67.0,4092.0,3381.6
23,max_power_bg_invert,38,0,2,67.0,4093.0,3386.0
23,max_power_bg_invert,39,0,2,67.0,4093.0,3386.0
23,max_power_bg_invert,40,0,2,67.0,4129.0,3378.4
23,max_power_bg_invert,41,0,2,67.0,4114.0,3382.0
23,max_power_bg_invert,42,0,2,67.0,4106.0,3386.0
23,max_power_bg_invert,43,0,2,67.0,4107.0,3384.8
23,max_power_bg_invert,44,0,2,67.0,4108.0,3382.8
23,max_power_bg_invert,45,0,2,67.0,4111.0,3381.6
23,max_power_bg_invert,46,0,2,67.0,4110.0,3382.0
23,max_power_bg_invert,47,0,2,67.0,4111.0,3383.2
23,max_power_bg_invert,48,0,2,67.0,4112.0,3381.6
23,max_power_bg_invert,49,0,2,67.0,4109.0,3384.0
23,max_power_bg_invert,50,0,2,67.0,4108.0,3384.0
23,max_power_bg_invert,51,0,2,67.0,4109.0,3384.0
23,max_power_bg_invert,52,0,2,67.0,4108.0,3382.0
23,max_power_bg_invert,53,0,2,67.0,4105.0,3382.8
23,max_power_bg_invert,54,0,2,67.0,4106.0,3383.6
23,max_power_bg_invert,55,0,2,67.0,4106.0,3383.6
23,max_power_bg_invert,56,0,2,67.0,4105.0,3384.8
23,max_power_bg_invert,57,0,2,67.0,4106.0,3384.0
23,max_power_bg_invert,58,0,2,67.0,4104.0,3385.2
23,max_power_bg_invert,59,0,2,67.0,4105.0,3383.6
23,max_power_bg_invert,60,0,2,67.0,4104.0,3383.2
23,max_power_bg_invert,61,0,2,67.0,4103.0,3383.2
23,max_power_bg_invert,62,0,2,67.0,4103.0,3383.6
23,max_power_bg_invert,63,0,2,67.0,4104.0,3383.2
23,max_power_bg_invert,64,0,2,67.0,4102.0,3382.8
23,max_power_bg_invert,65,0,2,67.0,4103.0,3382.0
23,max_power_bg_invert,66,0,2,67.0,4104.0,3380.8
23,max_power_bg_invert,67,0,2,67.0,4105.0,3380.4
23,max_power_bg_invert,68,0,2,67.0,4104.0,3380.4
23,max_power_bg_invert,69,0,2,67.0,4105.0,3379.6
23,max_power_bg_invert,70,0,2,67.0,4105.0,3379.6
23,max_power_bg_invert,71,0,2,67.0,4105.0,3378.4
23,max_power_bg_invert,72,0,2,67.0,4106.0,3378.4
23,max_power_bg_invert,73,0,2,67.0,4106.0,3378.4
23,max_power_bg_invert,74,0,2,67.0,4106.0,3378.0
23,max_power_bg_invert,75,0,2,67.0,4105.0,3378.0
23,max_power_bg_invert,76,0,2,67.0,4106.0,3377.6
23,max_power_bg_invert,77,0,2,67.0,4105.0,3378.0
23,max_power_bg_invert,78,0,2,67.0,4104.0,3378.4
23,max_power_bg_invert,79,0,2,67.0,4104.0,3378.0
23,max_power_bg_invert,80,0,2,67.0,4100.0,3368.0
23,max_power_bg_invert,81,0,2,68.0,4115.0,3364.0
23,max_power_bg_invert,82,0,2,67.0,4113.0,3370.8
23,max_power_bg_invert,83,0,2,67.0,4117.0,3371.2
23,max_power_bg_invert,84,0,2,67.0,4120.0,3371.6
23,max_power_bg_invert,85,0,2,67.0,4117.0,3376.0
23,max_power_bg_invert,86,0,2,67.0,4117.0,3371.6
23,max_power_bg_invert,87,0,2,67.0,4123.0,3366.0
23,max_power_bg_invert,88,0,2,67.0,4119.0,3366.0
23,max_power_bg_invert,89,0,2,67.0,4121.0,3363.6
23,max_power_bg_invert,90,0,2,67.0,4118.0,3365.2
23,max_power_bg_invert,0,0,3,62.0,800.0,3338.4
23,max_power_bg_invert,1,0,3,67.0,3650.0,3056.8
23,max_power_bg_invert,2,0,3,67.0,3814.0,3214.0
23,max_power_bg_invert,3,0,3,67.0,3872.0,3261.6
23,max_power_bg_invert,4,0,3,67.0,3897.0,3291.6
23,max_power_bg_invert,5,0,3,67.0,3910.0,3306.8
23,max_power_bg_invert,6,0,3,67.0,3918.0,3316.4
23,max_power_bg_invert,7,0,3,67.0,3924.0,3322.8
23,max_power_bg_invert,8,0,3,67.0,3933.0,3323.2
23,max_power_bg_invert,9,0,3,67.0,3936.0,3329.2
23,max_power_bg_invert,10,0,3,67.0,3940.0,3330.0
23,max_power_bg_invert,11,0,3,67.0,3942.0,3334.0
23,max_power_bg_invert,12,0,3,67.0,3947.0,3336.8
23,max_power_bg_invert,13,0,3,67.0,3950.0,3339.6
23,max_power_bg_invert,14,0,3,67.0,3951.0,3338.8
23,max_power_bg_invert,15,0,3,67.0,3954.0,3342.4
23,max_power_bg_invert,16,0,3,67.0,3954.0,3341.6
23,max_power_bg_invert,17,0,3,67.0,3954.0,3345.6
23,max_power_bg_invert,18,0,3,67.0,3956.0,3344.4
23,max_power_bg_invert,19,0,3,67.0,3958.0,3348.0
23,max_power_bg_invert,20,0,3,67.0,3959.0,3346.4
23,max_power_bg_invert,21,0,3,67.0,3958.0,3347.2
23,max_power_bg_invert,22,0,3,67.0,3959.0,3346.4
23,max_power_bg_invert,23,0,3,67.0,3958.0,3352.0
23,max_power_bg_invert,24,0,3,67.0,3960.0,3350.4
23,max_power_bg_invert,25,0,3,67.0,3960.0,3349.6
23,max_power_bg_invert,26,0,3,67.0,3960.0,3350.0
23,max_power_bg_invert,27,0,3,67.0,3961.0,3348.8
23,max_power_bg_invert,28,0,3,67.0,3961.0,3353.2
23,max_power_bg_invert,29,0,3,67.0,3962.0,3352.8
23,max_power_bg_invert,30,0,3,67.0,3961.0,3353.2
23,max_power_bg_invert,31,0,3,67.0,3962.0,3356.8
23,max_power_bg_invert,32,0,3,67.0,3963.0,3357.2
23,max_power_bg_invert,33,0,3,67.0,3965.0,3356.0
23,max_power_bg_invert,34,0,3,67.0,3964.0,3356.8
23,max_power_bg_invert,35,0,3,67.0,3965.0,3356.4
23,max_power_bg_invert,36,0,3,67.0,3966.0,3360.8
23,max_power_bg_invert,37,0,3,67.0,3967.0,3360.8
23,max_power_bg_invert,38,0,3,67.0,3967.0,3360.8
23,max_power_bg_invert,39,0,3,67.0,3967.0,3360.4
23,max_power_bg_invert,40,0,3,67.0,3930.0,3388.8
23,max_power_bg_invert,41,0,3,67.0,3970.0,3396.4
23,max_power_bg_invert,42,0,3,67.0,3966.0,3395.6
23,max_power_bg_invert,43,0,3,67.0,3964.0,3396.0
23,max_power_bg_invert,44,0,3,67.0,3971.0,3392.0
23,max_power_bg_invert,45,0,3,67.0,3971.0,3394.0
23,max_power_bg_invert,46,0,3,67.0,3956.0,3401.6
23,max_power_bg_invert,47,0,3,67.0,3953.0,3399.6
23,max_power_bg_invert,48,0,3,67.0,3959.0,3400.0
23,max_power_bg_invert,49,0,3,67.0,3960.0,3397.2
23,max_power_bg_invert,50,0,3,67.0,3965.0,3396.4
23,max_power_bg_invert,51,0,3,67.0,3965.0,3402.8
23,max_power_bg_invert,52,0,3,67.0,3965.0,3401.6
23,max_power_bg_invert,53,0,3,67.0,3964.0,3401.6
23,max_power_bg_invert,54,0,3,67.0,3965.0,3401.6
23,max_power_bg_invert,55,0,3,67.0,3964.0,3401.2
23,max_power_bg_invert,56,0,3,67.0,3965.0,3400.8
23,max_power_bg_invert,57,0,3,68.0,3964.0,3400.8
23,max_power_bg_invert,58,0,3,67.0,3965.0,3399.6
23,max_power_bg_invert,59,0,3,67.0,3966.0,3398.4
23,max_power_bg_invert,60,0,3,67.0,3966.0,3398.4
23,max_power_bg_invert,61,0,3,67.0,3967.0,3397.6
23,max_power_bg_invert,62,0,3,67.0,3968.0,3396.4
23,max_power_bg_invert,63,0,3,67.0,3969.0,3395.6
23,max_power_bg_invert,64,0,3,67.0,3970.0,3394.4
23,max_power_bg_invert,65,0,3,68.0,3969.0,3392.0
23,max_power_bg_invert,66,0,3,67.0,3967.0,3393.6
23,max_power_bg_invert,67,0,3,67.0,3967.0,3393.2
23,max_power_bg_invert,68,0,3,67.0,3967.0,3393.2
23,max_power_bg_invert,69,0,3,67.0,3967.0,3396.0
23,max_power_bg_invert,70,0,3,67.0,3968.0,3395.6
23,max_power_bg_invert,71,0,3,67.0,3969.0,3395.2
23,max_power_bg_invert,72,0,3,67.0,3970.0,3394.4
23,max_power_bg_invert,73,0,3,67.0,3970.0,3394.4
23,max_power_bg_invert,74,0,3,67.0,3969.0,3394.4
23,max_power_bg_invert,75,0,3,67.0,3971.0,3393.6
23,max_power_bg_invert,76,0,3,67.0,3971.0,3393.6
23,max_power_bg_invert,77,0,3,67.0,3971.0,3393.2
23,max_power_bg_invert,78,0,3,67.0,3970.0,3393.6
23,max_power_bg_invert,79,0,3,67.0,3970.0,3394.0
23,max_power_bg_invert,80,0,3,67.0,3990.0,3372.4
23,max_power_bg_invert,81,0,3,67.0,3984.0,3378.0
23,max_power_bg_invert,82,0,3,67.0,3968.0,3382.8
23,max_power_bg_invert,83,0,3,67.0,3966.0,3390.8
23,max_power_bg_invert,84,0,3,67.0,3967.0,3391.2
23,max_power_bg_invert,85,0,3,68.0,3975.0,3387.6
23,max_power_bg_invert,86,0,3,67.0,3977.0,3388.4
23,max_power_bg_invert,87,0,3,67.0,3979.0,3387.2
23,max_power_bg_invert,88,0,3,67.0,3978.0,3386.8
23,max_power_bg_invert,89,0,3,68.0,3980.0,3385.6
23,max_power_bg_invert,90,0,3,67.0,3978.0,3386.4
23,max_power_bg_invert,0,1,2,62.0,875.0,3288.4
23,max_power_bg_invert,1,1,2,67.0,3630.0,3015.2
23,max_power_bg_invert,2,1,2,67.0,3800.0,3198.0
23,max_power_bg_invert,3,1,2,67.0,3855.0,3249.2
23,max_power_bg_invert,4,1,2,68.0,3882.0,3289.6
23,max_power_bg_invert,5,1,2,67.0,3897.0,3310.4
23,max_power_bg_invert,6,1,2,68.0,3906.0,3328.4
23,max_power_bg_invert,7,1,2,68.0,3911.0,3341.6
23,max_power_bg_invert,8,1,2,68.0,3919.0,3344.8
23,max_power_bg_invert,9,1,2,68.0,3921.0,3352.4
23,max_power_bg_invert,10,1,2,68.0,3923.0,3355.2
23,max_power_bg_invert,11,1,2,68.0,3926.0,3363.6
23,max_power_bg_invert,12,1,2,68.0,3927.0,3368.8
23,max_power_bg_invert,13,1,2,68.0,3932.0,3371.6
23,max_power_bg_invert,14,1,2,68.0,3933.0,3371.2
23,max_power_bg_invert,15,1,2,68.0,3934.0,3375.6
23,max_power_bg_invert,16,1,2,68.0,3933.0,3380.8
23,max_power_bg_invert,17,1,2,68.0,3935.0,3378.4
23,max_power_bg_invert,18,1,2,68.0,3935.0,3382.4
23,max_power_bg_invert,19,1,2,68.0,3938.0,3380.8
23,max_power_bg_invert,20,1,2,68.0,3938.0,3379.2
23,max_power_bg_invert,21,1,2,68.0,3939.0,3382.8
23,max_power_bg_invert,22,1,2,68.0,3940.0,3382.0
23,max_power_bg_invert,23,1,2,68.0,3941.0,3381.2
23,max_power_bg_invert,24,1,2,68.0,3943.0,3383.6
23,max_power_bg_invert,25,1,2,68.0,3946.0,3381.6
23,max_power_bg_invert,26,1,2,68.0,3947.0,3380.8
23,max_power_bg_invert,27,1,2,68.0,3948.0,3380.4
23,max_power_bg_invert,28,1,2,68.0,3949.0,3380.0
23,max_power_bg_invert,29,1,2,68.0,3948.0,3384.4
23,max_power_bg_invert,30,1,2,68.0,3948.0,3384.8
23,max_power_bg_invert,31,1,2,67.0,3948.0,3385.2
23,max_power_bg_invert,32,1,2,68.0,3950.0,3384.0
23,max_power_bg_invert,33,1,2,68.0,3950.0,3384.0
23,max_power_bg_invert,34,1,2,68.0,3951.0,3383.6
23,max_power_bg_invert,35,1,2,68.0,3952.0,3382.8
23,max_power_bg_invert,36,1,2,68.0,3952.0,3386.8
23,max_power_bg_invert,37,1,2,68.0,3953.0,3386.0
23,max_power_bg_invert,38,1,2,68.0,3953.0,3386.0
23,max_power_bg_invert,39,1,2,68.0,3954.0,3385.6
23,max_power_bg_invert,40,1,2,68.0,3965.0,3400.8
23,max_power_bg_invert,41,1,2,68.0,3972.0,3391.2
23,max_power_bg_invert,42,1,2,68.0,3968.0,3390.8
23,max_power_bg_invert,43,1,2,68.0,3986.0,3386.0
23,max_power_bg_invert,44,1,2,68.0,3992.0,3381.2
23,max_power_bg_invert,45,1,2,68.0,3997.0,3378.8
23,max_power_bg_invert,46,1,2,68.0,3992.0,3382.8
23,max_power_bg_invert,47,1,2,68.0,3990.0,3381.6
23,max_power_bg_invert,48,1,2,68.0,3991.0,3380.0
23,max_power_bg_invert,49,1,2,68.0,3988.0,3380.4
23,max_power_bg_invert,50,1,2,68.0,3989.0,3380.8
23,max_power_bg_invert,51,1,2,68.0,3991.0,3379.2
23,max_power_bg_invert,52,1,2,68.0,3990.0,3379.2
23,max_power_bg_invert,53,1,2,68.0,3991.0,3376.0
23,max_power_bg_invert,54,1,2,68.0,3989.0,3378.8
23,max_power_bg_invert,55,1,2,68.0,3988.0,3379.6
23,max_power_bg_invert,56,1,2,68.0,3987.0,3380.4
23,max_power_bg_invert,57,1,2,68.0,3985.0,3382.4
23,max_power_bg_invert,58,1,2,68.0,3984.0,3382.4
23,max_power_bg_invert,59,1,2,68.0,3982.0,3383.6
23,max_power_bg_invert,60,1,2,68.0,3984.0,3382.4
23,max_power_bg_invert,61,1,2,68.0,3984.0,3382.0
23,max_power_bg_invert,62,1,2,68.0,3983.0,3382.4
23,max_power_bg_invert,63,1,2,68.0,3981.0,3383.6
23,max_power_bg_invert,64,1,2,68.0,3981.0,3382.8
23,max_power_bg_invert,65,1,2,68.0,3981.0,3382.4
23,max_power_bg_invert,66,1,2,68.0,3981.0,3382.4
23,max_power_bg_invert,67,1,2,68.0,3981.0,3382.4
23,max_power_bg_invert,68,1,2,68.0,3979.0,3384.0
23,max_power_bg_invert,69,1,2,68.0,3980.0,3383.6
23,max_power_bg_invert,70,1,2,68.0,3981.0,3382.8
23,max_power_bg_invert,71,1,2,68.0,3981.0,3382.4
23,max_power_bg_invert,72,1,2,68.0,3981.0,3382.0
23,max_power_bg_invert,73,1,2,68.0,3981.0,3382.0
23,max_power_bg_invert,74,1,2,68.0,3982.0,3380.8
23,max_power_bg_invert,75,1,2,68.0,3981.0,3381.2
23,max_power_bg_invert,76,1,2,68.0,3981.0,3380.8
23,max_power_bg_invert,77,1,2,68.0,3981.0,3380.8
23,max_power_bg_invert,78,1,2,68.0,3981.0,3380.8
23,max_power_bg_invert,79,1,2,68.0,3982.0,3380.4
23,max_power_bg_invert,80,1,2,68.0,3970.0,3375.2
23,max_power_bg_invert,81,1,2,68.0,3999.0,3360.8
23,max_power_bg_invert,82,1,2,68.0,4003.0,3364.8
23,max_power_bg_invert,83,1,2,68.0,3994.0,3366.0
23,max_power_bg_invert,84,1,2,68.0,3995.0,3368.8
23,max_power_bg_invert,85,1,2,68.0,3989.0,3372.4
23,max_power_bg_invert,86,1,2,68.0,3989.0,3369.6
23,max_power_bg_invert,87,1,2,68.0,3988.0,3371.6
23,max_power_bg_invert,88,1,2,68.0,3988.0,3375.6
23,max_power_bg_invert,89,1,2,68.0,3988.0,3376.4
23,max_power_bg_invert,90,1,2,68.0,3985.0,3375.6
23,max_power_bg_invert,0,1,3,62.0,812.0,3317.2
23,max_power_bg_invert,1,1,3,67.0,3500.0,3021.2
23,max_power_bg_invert,2,1,3,67.0,3668.0,3183.6
23,max_power_bg_invert,3,1,3,67.0,3724.0,3260.4
23,max_power_bg_invert,4,1,3,67.0,3746.0,3293.2
23,max_power_bg_invert,5,1,3,68.0,3771.0,3310.8
23,max_power_bg_invert,6,1,3,67.0,3786.0,3313.6
23,max_power_bg_invert,7,1,3,68.0,3800.0,3326.4
23,max_power_bg_invert,8,1,3,67.0,3802.0,3333.2
23,max_power_bg_invert,9,1,3,67.0,3807.0,3340.8
23,max_power_bg_invert,10,1,3,67.0,3811.0,3342.8
23,max_power_bg_invert,11,1,3,67.0,3814.0,3345.2
23,max_power_bg_invert,12,1,3,67.0,3818.0,3348.4
23,max_power_bg_invert,13,1,3,68.0,3818.0,3351.2
23,max_power_bg_invert,14,1,3,68.0,3819.0,3356.0
23,max_power_bg_invert,15,1,3,68.0,3821.0,3354.4
23,max_power_bg_invert,16,1,3,67.0,3824.0,3355.2
23,max_power_bg_invert,17,1,3,68.0,3822.0,3359.2
23,max_power_bg_invert,18,1,3,67.0,3821.0,3364.0
23,max_power_bg_invert,19,1,3,68.0,3822.0,3362.4
23,max_power_bg_invert,20,1,3,68.0,3822.0,3362.4
23,max_power_bg_invert,21,1,3,68.0,3824.0,3365.6
23,max_power_bg_invert,22,1,3,68.0,3825.0,3365.2
23,max_power_bg_invert,23,1,3,68.0,3825.0,3364.8
23,max_power_bg_invert,24,1,3,67.0,3825.0,3365.6
23,max_power_bg_invert,25,1,3,67.0,3825.0,3365.6
23,max_power_bg_invert,26,1,3,68.0,3826.0,3370.0
23,max_power_bg_invert,27,1,3,68.0,3826.0,3370.0
23,max_power_bg_invert,28,1,3,68.0,3828.0,3368.8
23,max_power_bg_invert,29,1,3,68.0,3827.0,3368.8
23,max_power_bg_invert,30,1,3,68.0,3827.0,3368.4
23,max_power_bg_invert,31,1,3,68.0,3827.0,3368.4
23,max_power_bg_invert,32,1,3,68.0,3828.0,3372.0
23,max_power_bg_invert,33,1,3,68.0,3829.0,3372.0
23,max_power_bg_invert,34,1,3,68.0,3829.0,3371.6
23,max_power_bg_invert,35,1,3,68.0,3830.0,3371.2
23,max_power_bg_invert,36,1,3,68.0,3830.0,3370.8
23,max_power_bg_invert,37,1,3,67.0,3829.0,3371.6
23,max_power_bg_invert,38,1,3,68.0,3829.0,3371.6
23,max_power_bg_invert,39,1,3,68.0,3830.0,3371.2
23,max_power_bg_invert,40,1,3,68.0,3830.0,3403.2
23,max_power_bg_invert,41,1,3,67.0,3830.0,3387.6
23,max_power_bg_invert,42,1,3,68.0,3833.0,3375.6
23,max_power_bg_invert,43,1,3,68.0,3830.0,3373.6
23,max_power_bg_invert,44,1,3,68.0,3832.0,3372.8
23,max_power_bg_invert,45,1,3,68.0,3840.0,3370.8
23,max_power_bg_invert,46,1,3,67.0,3842.0,3368.0
23,max_power_bg_invert,47,1,3,68.0,3841.0,3370.0
23,max_power_bg_invert,48,1,3,68.0,3838.0,3375.2
23,max_power_bg_invert,49,1,3,68.0,3839.0,3373.6
23,max_power_bg_invert,50,1,3,68.0,3838.0,3374.4
23,max_power_bg_invert,51,1,3,68.0,3839.0,3376.4
23,max_power_bg_invert,52,1,3,68.0,3840.0,3376.8
23,max_power_bg_invert,53,1,3,67.0,3839.0,3378.4
23,max_power_bg_invert,54,1,3,68.0,3840.0,3378.0
23,max_power_bg_invert,55,1,3,68.0,3840.0,3377.2
23,max_power_bg_invert,56,1,3,68.0,3839.0,3378.8
23,max_power_bg_invert,57,1,3,67.0,3838.0,3378.0
23,max_power_bg_invert,58,1,3,67.0,3838.0,3377.6
23,max_power_bg_invert,59,1,3,67.0,3838.0,3379.6
23,max_power_bg_invert,60,1,3,67.0,3838.0,3378.4
23,max_power_bg_invert,61,1,3,68.0,3836.0,3380.0
23,max_power_bg_invert,62,1,3,67.0,3836.0,3379.2
23,max_power_bg_invert,63,1,3,67.0,3837.0,3378.8
23,max_power_bg_invert,64,1,3,68.0,3837.0,3378.0
23,max_power_bg_invert,65,1,3,67.0,3837.0,3378.0
23,max_power_bg_invert,66,1,3,67.0,3837.0,3378.0
23,max_power_bg_invert,67,1,3,68.0,3838.0,3376.4
23,max_power_bg_invert,68,1,3,68.0,3838.0,3376.8
23,max_power_bg_invert,69,1,3,68.0,3837.0,3376.8
23,max_power_bg_invert,70,1,3,68.0,3838.0,3376.4
23,max_power_bg_invert,71,1,3,67.0,3838.0,3376.0
23,max_power_bg_invert,72,1,3,68.0,3837.0,3376.4
23,max_power_bg_invert,73,1,3,68.0,3837.0,3376.8
23,max_power_bg_invert,74,1,3,67.0,3837.0,3376.8
23,max_power_bg_invert,75,1,3,68.0,3838.0,3376.4
23,max_power_bg_invert,76,1,3,68.0,3839.0,3376.4
23,max_power_bg_invert,77,1,3,68.0,3838.0,3376.4
23,max_power_bg_invert,78,1,3,68.0,3837.0,3376.4
23,max_power_bg_invert,79,1,3,68.0,3838.0,3376.0
23,max_power_bg_invert,80,1,3,68.0,3820.0,3385.2
23,max_power_bg_invert,81,1,3,68.0,3830.0,3379.2
23,max_power_bg_invert,82,1,3,68.0,3846.0,3370.0
23,max_power_bg_invert,83,1,3,68.0,3851.0,3368.0
23,max_power_bg_invert,84,1,3,68.0,3838.0,3372.8
23,max_power_bg_invert,85,1,3,68.0,3840.0,3372.0
23,max_power_bg_invert,86,1,3,68.0,3839.0,3374.0
23,max_power_bg_invert,87,1,3,68.0,3841.0,3372.8
23,max_power_bg_invert,88,1,3,68.0,3841.0,3371.6
23,max_power_bg_invert,89,1,3,68.0,3841.0,3370.0
23,max_power_bg_invert,90,1,3,68.0,3840.0,3374.4
23,max_power_bg_invert,0,2,3,62.0,825.0,3305.6
23,max_power_bg_invert,1,2,3,66.0,3580.0,3000.0
23,max_power_bg_invert,2,2,3,67.0,3740.0,3170.8
23,max_power_bg_invert,3,2,3,67.0,3782.0,3227.2
23,max_power_bg_invert,4,2,3,67.0,3805.0,3265.2
23,max_power_bg_invert,5,2,3,67.0,3824.0,3282.0
23,max_power_bg_invert,6,2,3,67.0,3833.0,3298.4
23,max_power_bg_invert,7,2,3,67.0,3838.0,3308.8
23,max_power_bg_invert,8,2,3,67.0,3843.0,3314.4
23,max_power_bg_invert,9,2,3,67.0,3849.0,3320.0
23,max_power_bg_invert,10,2,3,67.0,3854.0,3322.0
23,max_power_bg_invert,11,2,3,67.0,3853.0,3326.4
23,max_power_bg_invert,12,2,3,67.0,3856.0,3329.6
23,max_power_bg_invert,13,2,3,67.0,3859.0,3334.0
23,max_power_bg_invert,14,2,3,67.0,3864.0,3330.8
23,max_power_bg_invert,15,2,3,67.0,3865.0,3334.0
23,max_power_bg_invert,16,2,3,67.0,3868.0,3332.8
23,max_power_bg_invert,17,2,3,67.0,3869.0,3336.8
23,max_power_bg_invert,18,2,3,67.0,3871.0,3336.0
23,max_power_bg_invert,19,2,3,67.0,3871.0,3340.4
23,max_power_bg_invert,20,2,3,67.0,3873.0,3340.4
23,max_power_bg_invert,21,2,3,67.0,3877.0,3339.2
23,max_power_bg_invert,22,2,3,67.0,3876.0,3339.2
23,max_power_bg_invert,23,2,3,67.0,3877.0,3342.4
23,max_power_bg_invert,24,2,3,67.0,3878.0,3341.6
23,max_power_bg_invert,25,2,3,67.0,3879.0,3340.8
23,max_power_bg_invert,26,2,3,67.0,3880.0,3341.2
23,max_power_bg_invert,27,2,3,67.0,3882.0,3339.6
23,max_power_bg_invert,28,2,3,67.0,3883.0,3342.8
23,max_power_bg_invert,29,2,3,67.0,3883.0,3342.8
23,max_power_bg_invert,30,2,3,67.0,3883.0,3342.4
23,max_power_bg_invert,31,2,3,67.0,3881.0,3343.2
23,max_power_bg_invert,32,2,3,67.0,3881.0,3348.0
23,max_power_bg_invert,33,2,3,67.0,3881.0,3348.0
23,max_power_bg_invert,34,2,3,67.0,3882.0,3347.2
23,max_power_bg_invert,35,2,3,67.0,3883.0,3346.0
23,max_power_bg_invert,36,2,3,67.0,3884.0,3350.4
23,max_power_bg_invert,37,2,3,67.0,3883.0,3350.8
23,max_power_bg_invert,38,2,3,67.0,3883.0,3350.4
23,max_power_bg_invert,39,2,3,67.0,3883.0,3350.0
23,max_power_bg_invert,40,2,3,67.0,3888.0,3370.4
23,max_power_bg_invert,41,2,3,67.0,3904.0,3370.0
23,max_power_bg_invert,42,2,3,67.0,3902.0,3374.4
23,max_power_bg_invert,43,2,3,67.0,3899.0,3382.0
23,max_power_bg_invert,44,2,3,67.0,3897.0,3383.6
23,max_power_bg_invert,45,2,3,67.0,3896.0,3384.0
23,max_power_bg_invert,46,2,3,67.0,3895.0,3381.6
23,max_power_bg_invert,47,2,3,67.0,3895.0,3380.4
23,max_power_bg_invert,48,2,3,67.0,3892.0,3380.8
23,max_power_bg_invert,49,2,3,67.0,3891.0,3380.0
23,max_power_bg_invert,50,2,3,67.0,3893.0,3379.6
23,max_power_bg_invert,51,2,3,67.0,3893.0,3381.2
23,max_power_bg_invert,52,2,3,67.0,3895.0,3381.2
23,max_power_bg_invert,53,2,3,67.0,3895.0,3381.2
23,max_power_bg_invert,54,2,3,67.0,3893.0,3381.6
23,max_power_bg_invert,55,2,3,67.0,3894.0,3382.0
23,max_power_bg_invert,56,2,3,67.0,3894.0,3382.0
23,max_power_bg_invert,57,2,3,67.0,3894.0,3384.0
23,max_power_bg_invert,58,2,3,67.0,3893.0,3384.0
23,max_power_bg_invert,59,2,3,67.0,3893.0,3382.8
23,max_power_bg_invert,60,2,3,67.0,3894.0,3381.2
23,max_power_bg_invert,61,2,3,67.0,3893.0,3382.0
23,max_power_bg_invert,62,2,3,67.0,3894.0,3382.0
23,max_power_bg_invert,63,2,3,67.0,3894.0,3387.6
23,max_power_bg_invert,64,2,3,67.0,3894.0,3387.2
23,max_power_bg_invert,65,2,3,67.0,3895.0,3385.6
23,max_power_bg_invert,66,2,3,67.0,3895.0,3385.6
23,max_power_bg_invert,67,2,3,67.0,3895.0,3383.2
23,max_power_bg_invert,68,2,3,67.0,3895.0,3382.4
23,max_power_bg_invert,69,2,3,67.0,3895.0,3382.4
23,max_power_bg_invert,70,2,3,67.0,3896.0,3382.0
23,max_power_bg_invert,71,2,3,67.0,3897.0,3381.2
23,max_power_bg_invert,72,2,3,67.0,3897.0,3380.8
23,max_power_bg_invert,73,2,3,67.0,3897.0,3380.4
23,max_power_bg_invert,74,2,3,67.0,3897.0,3380.0
23,max_power_bg_invert,75,2,3,67.0,3897.0,3380.4
23,max_power_bg_invert,76,2,3,67.0,3896.0,3380.4
23,max_power_bg_invert,77,2,3,67.0,3897.0,3380.8
23,max_power_bg_invert,78,2,3,67.0,3898.0,3380.4
23,max_power_bg_invert,79,2,3,67.0,3898.0,3380.4
23,max_power_bg_invert,80,2,3,67.0,3860.0,3404.0
23,max_power_bg_invert,81,2,3,67.0,3889.0,3388.4
23,max_power_bg_invert,82,2,3,67.0,3889.0,3390.0
23,max_power_bg_invert,83,2,3,67.0,3897.0,3379.2
23,max_power_bg_invert,84,2,3,67.0,3893.0,3380.8
23,max_power_bg_invert,85,2,3,67.0,3888.0,3383.2
23,max_power_bg_invert,86,2,3,67.0,3885.0,3386.8
23,max_power_bg_invert,87,2,3,67.0,3887.0,3385.2
23,max_power_bg_invert,88,2,3,67.0,3885.0,3388.0
23,max_power_bg_invert,89,2,3,67.0,3887.0,3386.0
23,max_power_bg_invert,90,2,3,67.0,3889.0,3388.0
24,max_power_bg_invert,0,0,1,58.0,1100.0,3018.4
24,max_power_bg_invert,1,0,1,65.0,3900.0,2662.8
24,max_power_bg_invert,2,0,1,65.0,4074.0,2871.6
24,max_power_bg_invert,3,0,1,65.0,4124.0,2938.0
24,max_power_bg_invert,4,0,1,65.0,4141.0,2986.4
24,max_power_bg_invert,5,0,1,65.0,4157.0,3015.6
24,max_power_bg_invert,6,0,1,65.0,4169.0,3031.2
24,max_power_bg_invert,7,0,1,65.0,4177.0,3038.8
24,max_power_bg_invert,8,0,1,65.0,4179.0,3050.0
24,max_power_bg_invert,9,0,1,65.0,4186.0,3052.8
24,max_power_bg_invert,10,0,1,65.0,4187.0,3062.4
24,max_power_bg_invert,11,0,1,65.0,4190.0,3067.2
24,max_power_bg_invert,12,0,1,65.0,4191.0,3070.0
24,max_power_bg_invert,13,0,1,65.0,4192.0,3074.8
24,max_power_bg_invert,14,0,1,65.0,4194.0,3072.4
24,max_power_bg_invert,15,0,1,65.0,4197.0,3075.2
24,max_power_bg_invert,16,0,1,65.0,4198.0,3080.4
24,max_power_bg_invert,17,0,1,65.0,4200.0,3078.8
24,max_power_bg_invert,18,0,1,65.0,4201.0,3082.4
24,max_power_bg_invert,19,0,1,65.0,4202.0,3080.4
24,max_power_bg_invert,20,0,1,65.0,4203.0,3080.4
24,max_power_bg_invert,21,0,1,65.0,4204.0,3084.4
24,max_power_bg_invert,22,0,1,65.0,4204.0,3084.8
24,max_power_bg_invert,23,0,1,65.0,4207.0,3083.2
24,max_power_bg_invert,24,0,1,65.0,4208.0,3087.6
24,max_power_bg_invert,25,0,1,65.0,4210.0,3086.8
24,max_power_bg_invert,26,0,1,65.0,4210.0,3086.8
24,max_power_bg_invert,27,0,1,65.0,4211.0,3086.4
24,max_power_bg_invert,28,0,1,65.0,4212.0,3085.2
24,max_power_bg_invert,29,0,1,65.0,4212.0,3089.6
24,max_power_bg_invert,30,0,1,65.0,4212.0,3089.2
24,max_power_bg_invert,31,0,1,65.0,4213.0,3089.2
24,max_power_bg_invert,32,0,1,65.0,4212.0,3089.2
24,max_power_bg_invert,33,0,1,65.0,4213.0,3087.6
24,max_power_bg_invert,34,0,1,65.0,4213.0,3088.0
24,max_power_bg_invert,35,0,1,65.0,4214.0,3087.2
24,max_power_bg_invert,36,0,1,65.0,4214.0,3092.0
24,max_power_bg_invert,37,0,1,65.0,4214.0,3092.0
24,max_power_bg_invert,38,0,1,65.0,4215.0,3091.6
24,max_power_bg_invert,39,0,1,65.0,4215.0,3091.6
24,max_power_bg_invert,40,0,1,65.0,4270.0,3063.6
24,max_power_bg_invert,41,0,1,65.0,4250.0,3072.8
24,max_power_bg_invert,42,0,1,65.0,4248.0,3076.4
24,max_power_bg_invert,43,0,1,65.0,4246.0,3077.6
24,max_power_bg_invert,44,0,1,65.0,4242.0,3083.6
24,max_power_bg_invert,45,0,1,65.0,4238.0,3083.6
24,max_power_bg_invert,46,0,1,65.0,4238.0,3084.0
24,max_power_bg_invert,47,0,1,65.0,4238.0,3084.8
24,max_power_bg_invert,48,0,1,65.0,4242.0,3082.8
24,max_power_bg_invert,49,0,1,65.0,4241.0,3082.0
24,max_power_bg_invert,50,0,1,65.0,4241.0,3083.6
24,max_power_bg_invert,51,0,1,65.0,4238.0,3086.0
24,max_power_bg_invert,52,0,1,65.0,4237.0,3086.0
24,max_power_bg_invert,53,0,1,65.0,4238.0,3085.2
24,max_power_bg_invert,54,0,1,65.0,4238.0,3086.8
24,max_power_bg_invert,55,0,1,65.0,4239.0,3087.6
24,max_power_bg_invert,56,0,1,65.0,4237.0,3088.0
24,max_power_bg_invert,57,0,1,65.0,4236.0,3092.4
24,max_power_bg_invert,58,0,1,65.0,4236.0,3092.4
24,max_power_bg_invert,59,0,1,65.0,4235.0,3092.8
24,max_power_bg_invert,60,0,1,65.0,4236.0,3092.4
24,max_power_bg_invert,61,0,1,65.0,4235.0,3092.4
24,max_power_bg_invert,62,0,1,65.0,4236.0,3092.8
24,max_power_bg_invert,63,0,1,65.0,4233.0,3094.8
24,max_power_bg_invert,64,0,1,65.0,4233.0,3099.2
24,max_power_bg_invert,65,0,1,65.0,4232.0,3100.0
24,max_power_bg_invert,66,0,1,65.0,4231.0,3100.8
24,max_power_bg_invert,67,0,1,65.0,4230.0,3101.2
24,max_power_bg_invert,68,0,1,65.0,4231.0,3100.4
24,max_power_bg_invert,69,0,1,65.0,4231.0,3100.4
24,max_power_bg_invert,70,0,1,65.0,4231.0,3099.2
24,max_power_bg_invert,71,0,1,65.0,4230.0,3100.0
24,max_power_bg_invert,72,0,1,65.0,4230.0,3104.4
24,max_power_bg_invert,73,0,1,65.0,4230.0,3104.4
24,max_power_bg_invert,74,0,1,65.0,4230.0,3103.6
24,max_power_bg_invert,75,0,1,65.0,4231.0,3102.8
24,max_power_bg_invert,76,0,1,65.0,4231.0,3102.8
24,max_power_bg_invert,77,0,1,65.0,4232.0,3102.0
24,max_power_bg_invert,78,0,1,65.0,4232.0,3102.0
24,max_power_bg_invert,79,0,1,65.0,4232.0,3102.0
24,max_power_bg_invert,80,0,1,65.0,4240.0,3132.8
24,max_power_bg_invert,81,0,1,65.0,4225.0,3140.4
24,max_power_bg_invert,82,0,1,65.0,4227.0,3141.2
24,max_power_bg_invert,83,0,1,65.0,4228.0,3134.8
24,max_power_bg_invert,84,0,1,66.0,4234.0,3126.8
24,max_power_bg_invert,85,0,1,65.0,4227.0,3129.2
24,max_power_bg_invert,86,0,1,65.0,4223.0,3128.0
24,max_power_bg_invert,87,0,1,65.0,4225.0,3129.6
24,max_power_bg_invert,88,0,1,65.0,4222.0,3130.8
24,max_power_bg_invert,89,0,1,65.0,4224.0,3129.6
24,max_power_bg_invert,90,0,1,65.0,4226.0,3130.4
24,max_power_bg_invert,0,0,2,58.0,1100.0,2999.2
24,max_power_bg_invert,1,0,2,65.0,4150.0,2626.4
24,max_power_bg_invert,2,0,2,65.0,4310.0,2851.2
24,max_power_bg_invert,3,0,2,65.0,4372.0,2938.8
24,max_power_bg_invert,4,0,2,65.0,4384.0,2995.2
24,max_power_bg_invert,5,0,2,65.0,4397.0,3022.4
24,max_power_bg_invert,6,0,2,65.0,4406.0,3040.0
24,max_power_bg_invert,7,0,2,65.0,4414.0,3054.0
24,max_power_bg_invert,8,0,2,65.0,4421.0,3058.0
24,max_power_bg_invert,9,0,2,65.0,4427.0,3067.6
24,max_power_bg_invert,10,0,2,65.0,4433.0,3070.0
24,max_power_bg_invert,11,0,2,65.0,4436.0,3076.8
24,max_power_bg_invert,12,0,2,65.0,4438.0,3081.2
24,max_power_bg_invert,13,0,2,65.0,4439.0,3083.6
24,max_power_bg_invert,14,0,2,65.0,4439.0,3085.2
24,max_power_bg_invert,15,0,2,65.0,4441.0,3083.2
24,max_power_bg_invert,16,0,2,65.0,4444.0,3086.8
24,max_power_bg_invert,17,0,2,65.0,4446.0,3088.8
24,max_power_bg_invert,18,0,2,65.0,4448.0,3087.2
24,max_power_bg_invert,19,0,2,65.0,4447.0,3087.2
24,max_power_bg_invert,20,0,2,65.0,4448.0,3092.4
24,max_power_bg_invert,21,0,2,65.0,4449.0,3091.2
24,max_power_bg_invert,22,0,2,65.0,4451.0,3094.0
24,max_power_bg_invert,23,0,2,65.0,4451.0,3094.0
24,max_power_bg_invert,24,0,2,65.0,4452.0,3093.6
24,max_power_bg_invert,25,0,2,65.0,4452.0,3094.0
24,max_power_bg_invert,26,0,2,65.0,4452.0,3098.8
24,max_power_bg_invert,27,0,2,65.0,4451.0,3098.8
24,max_power_bg_invert,28,0,2,65.0,4451.0,3098.4
24,max_power_bg_invert,29,0,2,65.0,4452.0,3098.0
24,max_power_bg_invert,30,0,2,65.0,4453.0,3098.8
24,max_power_bg_invert,31,0,2,65.0,4453.0,3103.6
24,max_power_bg_invert,32,0,2,65.0,4453.0,3102.8
24,max_power_bg_invert,33,0,2,65.0,4452.0,3102.8
24,max_power_bg_invert,34,0,2,65.0,4452.0,3102.4
24,max_power_bg_invert,35,0,2,65.0,4452.0,3102.0
24,max_power_bg_invert,36,0,2,65.0,4454.0,3100.8
24,max_power_bg_invert,37,0,2,65.0,4454.0,3100.4
24,max_power_bg_invert,38,0,2,65.0,4454.0,3100.4
24,max_power_bg_invert,39,0,2,65.0,4455.0,3104.4
24,max_power_bg_invert,40,0,2,65.0,4430.0,3134.0
24,max_power_bg_invert,41,0,2,65.0,4430.0,3132.4
24,max_power_bg_invert,42,0,2,65.0,4446.0,3112.8
24,max_power_bg_invert,43,0,2,65.0,4453.0,3108.0
24,max_power_bg_invert,44,0,2,65.0,4448.0,3109.2
24,max_power_bg_invert,45,0,2,65.0,4452.0,3105.2
24,max_power_bg_invert,46,0,2,65.0,4453.0,3103.6
24,max_power_bg_invert,47,0,2,65.0,4451.0,3105.6
24,max_power_bg_invert,48,0,2,65.0,4453.0,3106.0
24,max_power_bg_invert,49,0,2,65.0,4453.0,3106.0
24,max_power_bg_invert,50,0,2,65.0,4454.0,3108.0
24,max_power_bg_invert,51,0,2,66.0,4456.0,3107.6
24,max_power_bg_invert,52,0,2,65.0,4456.0,3112.0
24,max_power_bg_invert,53,0,2,65.0,4454.0,3112.0
24,max_power_bg_invert,54,0,2,66.0,4454.0,3112.0
24,max_power_bg_invert,55,0,2,65.0,4455.0,3110.8
24,max_power_bg_invert,56,0,2,65.0,4457.0,3109.2
24,max_power_bg_invert,57,0,2,65.0,4458.0,3108.4
24,max_power_bg_invert,58,0,2,65.0,4458.0,3108.4
24,max_power_bg_invert,59,0,2,65.0,4458.0,3108.0
24,max_power_bg_invert,60,0,2,65.0,4458.0,3107.6
24,max_power_bg_invert,61,0,2,65.0,4456.0,3108.8
24,max_power_bg_invert,62,0,2,66.0,4457.0,3108.4
24,max_power_bg_invert,63,0,2,65.0,4457.0,3108.4
24,max_power_bg_invert,64,0,2,66.0,4457.0,3109.6
24,max_power_bg_invert,65,0,2,65.0,4458.0,3109.2
24,max_power_bg_invert,66,0,2,66.0,4459.0,3109.2
24,max_power_bg_invert,67,0,2,65.0,4457.0,3110.4
24,max_power_bg_invert,68,0,2,66.0,4458.0,3109.2
24,max_power_bg_invert,69,0,2,65.0,4459.0,3109.2
24,max_power_bg_invert,70,0,2,65.0,4461.0,3108.4
24,max_power_bg_invert,71,0,2,66.0,4459.0,3109.6
24,max_power_bg_invert,72,0,2,66.0,4459.0,3109.2
24,max_power_bg_invert,73,0,2,65.0,4459.0,3109.2
24,max_power_bg_invert,74,0,2,66.0,4459.0,3109.2
24,max_power_bg_invert,75,0,2,65.0,4459.0,3108.4
24,max_power_bg_invert,76,0,2,65.0,4459.0,3108.8
24,max_power_bg_invert,77,0,2,65.0,4459.0,3108.8
24,max_power_bg_invert,78,0,2,66.0,4460.0,3108.4
24,max_power_bg_invert,79,0,2,65.0,4458.0,3109.6
24,max_power_bg_invert,80,0,2,66.0,4480.0,3105.2
24,max_power_bg_invert,81,0,2,65.0,4495.0,3074.4
24,max_power_bg_invert,82,0,2,65.0,4475.0,3083.2
24,max_power_bg_invert,83,0,2,65.0,4471.0,3083.2
24,max_power_bg_invert,84,0,2,66.0,4461.0,3089.6
24,max_power_bg_invert,85,0,2,66.0,4467.0,3086.0
24,max_power_bg_invert,86,0,2,66.0,4461.0,3090.8
24,max_power_bg_invert,87,0,2,66.0,4460.0,3092.4
24,max_power_bg_invert,88,0,2,65.0,4460.0,3092.4
24,max_power_bg_invert,89,0,2,65.0,4460.0,3093.6
24,max_power_bg_invert,90,0,2,66.0,4461.0,3094.0
24,max_power_bg_invert,0,0,3,0.0,0.0,0.0
24,max_power_bg_invert,1,0,3,0.0,0.0,0.0
24,max_power_bg_invert,2,0,3,65.0,4366.0,3070.4
24,max_power_bg_invert,3,0,3,65.0,4350.0,3089.6
24,max_power_bg_invert,4,0,3,65.0,4350.0,3082.4
24,max_power_bg_invert,5,0,3,65.0,4336.0,3090.0
24,max_power_bg_invert,6,0,3,65.0,4334.0,3092.8
24,max_power_bg_invert,7,0,3,65.0,4336.0,3090.8
24,max_power_bg_invert,8,0,3,65.0,4335.0,3090.8
24,max_power_bg_invert,9,0,3,66.0,4333.0,3090.0
24,max_power_bg_invert,10,0,3,65.0,4332.0,3088.8
24,max_power_bg_invert,11,0,3,65.0,4333.0,3090.0
24,max_power_bg_invert,12,0,3,65.0,4333.0,3090.8
24,max_power_bg_invert,13,0,3,65.0,4335.0,3091.2
24,max_power_bg_invert,14,0,3,65.0,4336.0,3092.4
24,max_power_bg_invert,15,0,3,65.0,4334.0,3094.0
24,max_power_bg_invert,16,0,3,65.0,4334.0,3093.6
24,max_power_bg_invert,17,0,3,66.0,4335.0,3092.8
24,max_power_bg_invert,18,0,3,65.0,4334.0,3092.4
24,max_power_bg_invert,19,0,3,65.0,4335.0,3090.4
24,max_power_bg_invert,20,0,3,65.0,4339.0,3087.6
24,max_power_bg_invert,21,0,3,65.0,4340.0,3086.0
24,max_power_bg_invert,22,0,3,65.0,4339.0,3086.0
24,max_power_bg_invert,23,0,3,65.0,4339.0,3086.0
24,max_power_bg_invert,24,0,3,65.0,4338.0,3086.0
24,max_power_bg_invert,25,0,3,65.0,4339.0,3085.2
24,max_power_bg_invert,26,0,3,65.0,4338.0,3086.0
24,max_power_bg_invert,27,0,3,65.0,4338.0,3085.6
24,max_power_bg_invert,28,0,3,65.0,4337.0,3086.0
24,max_power_bg_invert,29,0,3,65.0,4337.0,3086.4
24,max_power_bg_invert,30,0,3,65.0,4336.0,3086.8
24,max_power_bg_invert,31,0,3,65.0,4337.0,3086.4
24,max_power_bg_invert,32,0,3,65.0,4337.0,3086.0
24,max_power_bg_invert,33,0,3,65.0,4337.0,3086.0
24,max_power_bg_invert,34,0,3,65.0,4338.0,3085.6
24,max_power_bg_invert,35,0,3,65.0,4337.0,3085.6
24,max_power_bg_invert,36,0,3,65.0,4336.0,3085.6
24,max_power_bg_invert,37,0,3,65.0,4335.0,3085.6
24,max_power_bg_invert,38,0,3,65.0,4335.0,3085.6
24,max_power_bg_invert,39,0,3,66.0,4336.0,3090.0
24,max_power_bg_invert,40,0,3,65.0,4300.0,3105.6
24,max_power_bg_invert,41,0,3,65.0,4290.0,3119.2
24,max_power_bg_invert,42,0,3,66.0,4300.0,3116.0
24,max_power_bg_invert,43,0,3,65.0,4307.0,3109.2
24,max_power_bg_invert,44,0,3,65.0,4302.0,3113.6
24,max_power_bg_invert,45,0,3,65.0,4313.0,3109.2
24,max_power_bg_invert,46,0,3,65.0,4314.0,3114.0
24,max_power_bg_invert,47,0,3,65.0,4316.0,3110.4
24,max_power_bg_invert,48,0,3,65.0,4318.0,3110.4
24,max_power_bg_invert,49,0,3,65.0,4316.0,3114.0
24,max_power_bg_invert,50,0,3,66.0,4315.0,3114.0
24,max_power_bg_invert,51,0,3,66.0,4316.0,3114.0
24,max_power_bg_invert,52,0,3,65.0,4316.0,3114.0
24,max_power_bg_invert,53,0,3,65.0,4316.0,3113.6
24,max_power_bg_invert,54,0,3,65.0,4316.0,3114.0
24,max_power_bg_invert,55,0,3,66.0,4317.0,3118.0
24,max_power_bg_invert,56,0,3,65.0,4316.0,3118.8
24,max_power_bg_invert,57,0,3,66.0,4318.0,3118.8
24,max_power_bg_invert,58,0,3,66.0,4317.0,3119.6
24,max_power_bg_invert,59,0,3,65.0,4317.0,3119.2
24,max_power_bg_invert,60,0,3,65.0,4319.0,3117.2
24,max_power_bg_invert,61,0,3,65.0,4321.0,3116.0
24,max_power_bg_invert,62,0,3,66.0,4322.0,3114.0
24,max_power_bg_invert,63,0,3,66.0,4322.0,3114.4
24,max_power_bg_invert,64,0,3,66.0,4321.0,3114.4
24,max_power_bg_invert,65,0,3,65.0,4322.0,3114.0
24,max_power_bg_invert,66,0,3,66.0,4321.0,3113.6
24,max_power_bg_invert,67,0,3,66.0,4321.0,3113.6
24,max_power_bg_invert,68,0,3,66.0,4320.0,3114.4
24,max_power_bg_invert,69,0,3,66.0,4321.0,3114.0
24,max_power_bg_invert,70,0,3,65.0,4320.0,3118.8
24,max_power_bg_invert,71,0,3,66.0,4322.0,3117.6
24,max_power_bg_invert,72,0,3,65.0,4322.0,3117.6
24,max_power_bg_invert,73,0,3,66.0,4323.0,3116.4
24,max_power_bg_invert,74,0,3,66.0,4323.0,3116.4
24,max_power_bg_invert,75,0,3,66.0,4323.0,3115.6
24,max_power_bg_invert,76,0,3,66.0,4324.0,3114.8
24,max_power_bg_invert,77,0,3,66.0,4325.0,3114.4
24,max_power_bg_invert,78,0,3,65.0,4326.0,3113.6
24,max_power_bg_invert,79,0,3,66.0,4325.0,3113.6
24,max_power_bg_invert,80,0,3,66.0,4330.0,3117.2
24,max_power_bg_invert,81,0,3,66.0,4315.0,3126.4
24,max_power_bg_invert,82,0,3,66.0,4327.0,3119.6
24,max_power_bg_invert,83,0,3,66.0,4325.0,3117.2
24,max_power_bg_invert,84,0,3,66.0,4318.0,3113.2
24,max_power_bg_invert,85,0,3,65.0,4325.0,3106.8
24,max_power_bg_invert,86,0,3,66.0,4333.0,3105.2
24,max_power_bg_invert,87,0,3,65.0,4328.0,3106.8
24,max_power_bg_invert,88,0,3,66.0,4327.0,3106.0
24,max_power_bg_invert,89,0,3,66.0,4323.0,3108.8
24,max_power_bg_invert,90,0,3,66.0,4324.0,3110.8
24,max_power_bg_invert,0,1,2,59.0,1100.0,3036.4
24,max_power_bg_invert,1,1,2,65.0,3980.0,2686.8
24,max_power_bg_invert,2,1,2,66.0,4165.0,2871.6
24,max_power_bg_invert,3,1,2,66.0,4227.0,2935.6
24,max_power_bg_invert,4,1,2,66.0,4258.0,2974.8
24,max_power_bg_invert,5,1,2,66.0,4273.0,3000.4
24,max_power_bg_invert,6,1,2,66.0,4286.0,3016.0
24,max_power_bg_invert,7,1,2,66.0,4295.0,3030.0
24,max_power_bg_invert,8,1,2,66.0,4303.0,3037.2
24,max_power_bg_invert,9,1,2,66.0,4305.0,3045.2
24,max_power_bg_invert,10,1,2,66.0,4308.0,3051.6
24,max_power_bg_invert,11,1,2,66.0,4309.0,3059.6
24,max_power_bg_invert,12,1,2,66.0,4313.0,3062.8
24,max_power_bg_invert,13,1,2,66.0,4313.0,3066.4
24,max_power_bg_invert,14,1,2,66.0,4313.0,3070.4
24,max_power_bg_invert,15,1,2,66.0,4312.0,3074.8
24,max_power_bg_invert,16,1,2,66.0,4312.0,3074.0
24,max_power_bg_invert,17,1,2,66.0,4316.0,3076.0
24,max_power_bg_invert,18,1,2,66.0,4315.0,3076.4
24,max_power_bg_invert,19,1,2,66.0,4314.0,3081.6
24,max_power_bg_invert,20,1,2,66.0,4312.0,3081.6
24,max_power_bg_invert,21,1,2,66.0,4314.0,3085.2
24,max_power_bg_invert,22,1,2,66.0,4314.0,3084.8
24,max_power_bg_invert,23,1,2,66.0,4314.0,3084.8
24,max_power_bg_invert,24,1,2,66.0,4316.0,3088.4
24,max_power_bg_invert,25,1,2,66.0,4316.0,3088.0
24,max_power_bg_invert,26,1,2,66.0,4318.0,3086.4
24,max_power_bg_invert,27,1,2,66.0,4317.0,3087.2
24,max_power_bg_invert,28,1,2,66.0,4317.0,3091.2
24,max_power_bg_invert,29,1,2,66.0,4315.0,3091.2
24,max_power_bg_invert,30,1,2,66.0,4315.0,3091.2
24,max_power_bg_invert,31,1,2,66.0,4315.0,3091.2
24,max_power_bg_invert,32,1,2,66.0,4316.0,3090.4
24,max_power_bg_invert,33,1,2,66.0,4314.0,3096.8
24,max_power_bg_invert,34,1,2,66.0,4314.0,3096.4
24,max_power_bg_invert,35,1,2,66.0,4314.0,3096.8
24,max_power_bg_invert,36,1,2,66.0,4315.0,3097.2
24,max_power_bg_invert,37,1,2,66.0,4314.0,3097.6
24,max_power_bg_invert,38,1,2,66.0,4314.0,3097.6
24,max_power_bg_invert,39,1,2,66.0,4314.0,3097.6
24,max_power_bg_invert,40,1,2,66.0,4320.0,3113.6
24,max_power_bg_invert,41,1,2,66.0,4315.0,3116.0
24,max_power_bg_invert,42,1,2,66.0,4320.0,3110.4
24,max_power_bg_invert,43,1,2,66.0,4315.0,3111.2
24,max_power_bg_invert,44,1,2,66.0,4310.0,3115.6
24,max_power_bg_invert,45,1,2,66.0,4308.0,3120.4
24,max_power_bg_invert,46,1,2,66.0,4307.0,3119.2
24,max_power_bg_invert,47,1,2,66.0,4305.0,3118.8
24,max_power_bg_invert,48,1,2,66.0,4310.0,3117.2
24,max_power_bg_invert,49,1,2,66.0,4314.0,3114.8
24,max_power_bg_invert,50,1,2,66.0,4314.0,3114.4
24,max_power_bg_invert,51,1,2,66.0,4317.0,3114.0
24,max_power_bg_invert,52,1,2,66.0,4318.0,3114.0
24,max_power_bg_invert,53,1,2,66.0,4316.0,3115.6
24,max_power_bg_invert,54,1,2,66.0,4317.0,3116.4
24,max_power_bg_invert,55,1,2,66.0,4317.0,3116.4
24,max_power_bg_invert,56,1,2,66.0,4317.0,3116.4
24,max_power_bg_invert,57,1,2,66.0,4315.0,3117.2
24,max_power_bg_invert,58,1,2,66.0,4315.0,3117.2
24,max_power_bg_invert,59,1,2,66.0,4315.0,3117.2
24,max_power_bg_invert,60,1,2,66.0,4315.0,3117.2
24,max_power_bg_invert,61,1,2,66.0,4315.0,3118.0
24,max_power_bg_invert,62,1,2,66.0,4315.0,3118.0
24,max_power_bg_invert,63,1,2,66.0,4314.0,3117.6
24,max_power_bg_invert,64,1,2,66.0,4314.0,3117.6
24,max_power_bg_invert,65,1,2,66.0,4315.0,3117.6
24,max_power_bg_invert,66,1,2,66.0,4315.0,3117.6
24,max_power_bg_invert,67,1,2,66.0,4315.0,3118.0
24,max_power_bg_invert,68,1,2,66.0,4314.0,3119.2
24,max_power_bg_invert,69,1,2,66.0,4315.0,3118.4
24,max_power_bg_invert,70,1,2,66.0,4314.0,3118.8
24,max_power_bg_invert,71,1,2,66.0,4314.0,3118.0
24,max_power_bg_invert,72,1,2,66.0,4315.0,3117.2
24,max_power_bg_invert,73,1,2,66.0,4313.0,3118.0
24,max_power_bg_invert,74,1,2,66.0,4313.0,3118.0
24,max_power_bg_invert,75,1,2,66.0,4313.0,3117.6
24,max_power_bg_invert,76,1,2,66.0,4313.0,3116.8
24,max_power_bg_invert,77,1,2,66.0,4313.0,3116.0
24,max_power_bg_invert,78,1,2,66.0,4313.0,3116.0
24,max_power_bg_invert,79,1,2,67.0,4313.0,3115.6
24,max_power_bg_invert,80,1,2,66.0,4310.0,3113.6
24,max_power_bg_invert,81,1,2,66.0,4310.0,3111.2
24,max_power_bg_invert,82,1,2,66.0,4303.0,3115.6
24,max_power_bg_invert,83,1,2,66.0,4305.0,3110.0
24,max_power_bg_invert,84,1,2,66.0,4306.0,3106.4
24,max_power_bg_invert,85,1,2,66.0,4303.0,3108.0
24,max_power_bg_invert,86,1,2,66.0,4304.0,3105.6
24,max_power_bg_invert,87,1,2,66.0,4301.0,3108.0
24,max_power_bg_invert,88,1,2,66.0,4301.0,3109.2
24,max_power_bg_invert,89,1,2,66.0,4300.0,3108.8
24,max_power_bg_invert,90,1,2,66.0,4302.0,3108.4
24,max_power_bg_invert,0,1,3,59.0,1000.0,2967.6
24,max_power_bg_invert,1,1,3,65.0,3870.0,2733.6
24,max_power_bg_invert,2,1,3,66.0,4025.0,2910.4
24,max_power_bg_invert,3,1,3,66.0,4062.0,2973.2
24,max_power_bg_invert,4,1,3,66.0,4087.0,3014.8
24,max_power_bg_invert,5,1,3,66.0,4108.0,3028.8
24,max_power_bg_invert,6,1,3,66.0,4127.0,3039.6
24,max_power_bg_invert,7,1,3,66.0,4135.0,3048.0
24,max_power_bg_invert,8,1,3,66.0,4141.0,3056.4
24,max_power_bg_invert,9,1,3,66.0,4145.0,3065.2
24,max_power_bg_invert,10,1,3,66.0,4145.0,3070.0
24,max_power_bg_invert,11,1,3,66.0,4149.0,3072.0
24,max_power_bg_invert,12,1,3,66.0,4150.0,3076.0
24,max_power_bg_invert,13,1,3,66.0,4154.0,3078.8
24,max_power_bg_invert,14,1,3,66.0,4159.0,3079.6
24,max_power_bg_invert,15,1,3,66.0,4158.0,3079.6
24,max_power_bg_invert,16,1,3,66.0,4160.0,3082.0
24,max_power_bg_invert,17,1,3,66.0,4162.0,3081.6
24,max_power_bg_invert,18,1,3,66.0,4164.0,3084.0
24,max_power_bg_invert,19,1,3,66.0,4164.0,3084.0
24,max_power_bg_invert,20,1,3,66.0,4164.0,3084.0
24,max_power_bg_invert,21,1,3,66.0,4165.0,3088.4
24,max_power_bg_invert,22,1,3,66.0,4166.0,3088.4
24,max_power_bg_invert,23,1,3,66.0,4166.0,3088.0
24,max_power_bg_invert,24,1,3,66.0,4167.0,3088.4
24,max_power_bg_invert,25,1,3,66.0,4170.0,3092.0
24,max_power_bg_invert,26,1,3,66.0,4170.0,3092.0
24,max_power_bg_invert,27,1,3,66.0,4171.0,3092.0
24,max_power_bg_invert,28,1,3,66.0,4172.0,3090.4
24,max_power_bg_invert,29,1,3,66.0,4172.0,3090.0
24,max_power_bg_invert,30,1,3,66.0,4173.0,3089.2
24,max_power_bg_invert,31,1,3,66.0,4173.0,3093.2
24,max_power_bg_invert,32,1,3,66.0,4175.0,3092.4
24,max_power_bg_invert,33,1,3,66.0,4174.0,3092.4
24,max_power_bg_invert,34,1,3,66.0,4176.0,3091.2
24,max_power_bg_invert,35,1,3,66.0,4175.0,3092.0
24,max_power_bg_invert,36,1,3,66.0,4175.0,3092.0
24,max_power_bg_invert,37,1,3,66.0,4176.0,3091.2
24,max_power_bg_invert,38,1,3,66.0,4176.0,3091.6
24,max_power_bg_invert,39,1,3,66.0,4176.0,3091.2
24,max_power_bg_invert,40,1,3,66.0,4190.0,3082.0
24,max_power_bg_invert,41,1,3,66.0,4190.0,3092.4
24,max_power_bg_invert,42,1,3,66.0,4189.0,3094.8
24,max_power_bg_invert,43,1,3,66.0,4187.0,3091.6
24,max_power_bg_invert,44,1,3,66.0,4185.0,3091.2
24,max_power_bg_invert,45,1,3,66.0,4184.0,3092.4
24,max_power_bg_invert,46,1,3,66.0,4181.0,3097.6
24,max_power_bg_invert,47,1,3,66.0,4180.0,3098.4
24,max_power_bg_invert,48,1,3,66.0,4178.0,3099.6
24,max_power_bg_invert,49,1,3,66.0,4177.0,3099.6
24,max_power_bg_invert,50,1,3,66.0,4178.0,3098.8
24,max_power_bg_invert,51,1,3,66.0,4180.0,3097.2
24,max_power_bg_invert,52,1,3,66.0,4177.0,3099.2
24,max_power_bg_invert,53,1,3,66.0,4181.0,3096.4
24,max_power_bg_invert,54,1,3,66.0,4181.0,3096.0
24,max_power_bg_invert,55,1,3,66.0,4182.0,3096.4
24,max_power_bg_invert,56,1,3,66.0,4181.0,3097.6
24,max_power_bg_invert,57,1,3,66.0,4182.0,3098.8
24,max_power_bg_invert,58,1,3,66.0,4182.0,3098.8
24,max_power_bg_invert,59,1,3,66.0,4182.0,3098.0
24,max_power_bg_invert,60,1,3,66.0,4181.0,3098.4
24,max_power_bg_invert,61,1,3,66.0,4181.0,3098.0
24,max_power_bg_invert,62,1,3,66.0,4181.0,3098.0
24,max_power_bg_invert,63,1,3,66.0,4180.0,3098.8
24,max_power_bg_invert,64,1,3,66.0,4180.0,3098.8
24,max_power_bg_invert,65,1,3,66.0,4179.0,3099.2
24,max_power_bg_invert,66,1,3,66.0,4179.0,3099.6
24,max_power_bg_invert,67,1,3,66.0,4180.0,3098.8
24,max_power_bg_invert,68,1,3,66.0,4179.0,3100.0
24,max_power_bg_invert,69,1,3,66.0,4179.0,3100.0
24,max_power_bg_invert,70,1,3,66.0,4178.0,3100.4
24,max_power_bg_invert,71,1,3,66.0,4179.0,3100.0
24,max_power_bg_invert,72,1,3,66.0,4179.0,3099.6
24,max_power_bg_invert,73,1,3,66.0,4180.0,3098.4
24,max_power_bg_invert,74,1,3,66.0,4178.0,3098.0
24,max_power_bg_invert,75,1,3,66.0,4178.0,3098.0
24,max_power_bg_invert,76,1,3,66.0,4178.0,3097.6
24,max_power_bg_invert,77,1,3,66.0,4179.0,3097.2
24,max_power_bg_invert,78,1,3,66.0,4178.0,3097.6
24,max_power_bg_invert,79,1,3,66.0,4178.0,3098.0
24,max_power_bg_invert,80,1,3,66.0,4190.0,3077.2
24,max_power_bg_invert,81,1,3,66.0,4200.0,3084.0
24,max_power_bg_invert,82,1,3,66.0,4189.0,3090.0
24,max_power_bg_invert,83,1,3,66.0,4184.0,3089.6
24,max_power_bg_invert,84,1,3,66.0,4181.0,3090.8
24,max_power_bg_invert,85,1,3,66.0,4184.0,3088.8
24,max_power_bg_invert,86,1,3,66.0,4186.0,3090.4
24,max_power_bg_invert,87,1,3,66.0,4188.0,3092.0
24,max_power_bg_invert,88,1,3,66.0,4187.0,3093.2
24,max_power_bg_invert,89,1,3,66.0,4185.0,3095.6
24,max_power_bg_invert,90,1,3,66.0,4185.0,3093.6
24,max_power_bg_invert,0,2,3,59.0,1000.0,2979.6
24,max_power_bg_invert,1,2,3,65.0,3900.0,2646.0
24,max_power_bg_invert,2,2,3,65.0,4065.0,2874.0
24,max_power_bg_invert,3,2,3,65.0,4113.0,2944.8
24,max_power_bg_invert,4,2,3,65.0,4146.0,2974.4
24,max_power_bg_invert,5,2,3,65.0,4161.0,2997.2
24,max_power_bg_invert,6,2,3,65.0,4167.0,3017.2
24,max_power_bg_invert,7,2,3,65.0,4175.0,3026.8
24,max_power_bg_invert,8,2,3,65.0,4174.0,3034.0
24,max_power_bg_invert,9,2,3,65.0,4182.0,3036.0
24,max_power_bg_invert,10,2,3,65.0,4186.0,3044.0
24,max_power_bg_invert,11,2,3,65.0,4188.0,3046.8
24,max_power_bg_invert,12,2,3,65.0,4188.0,3051.2
24,max_power_bg_invert,13,2,3,65.0,4189.0,3056.4
24,max_power_bg_invert,14,2,3,65.0,4194.0,3058.4
24,max_power_bg_invert,15,2,3,65.0,4195.0,3058.4
24,max_power_bg_invert,16,2,3,65.0,4197.0,3063.6
24,max_power_bg_invert,17,2,3,65.0,4199.0,3066.4
24,max_power_bg_invert,18,2,3,65.0,4200.0,3065.6
24,max_power_bg_invert,19,2,3,65.0,4201.0,3068.4
24,max_power_bg_invert,20,2,3,65.0,4201.0,3073.6
24,max_power_bg_invert,21,2,3,65.0,4201.0,3073.6
24,max_power_bg_invert,22,2,3,65.0,4202.0,3071.2
24,max_power_bg_invert,23,2,3,65.0,4203.0,3076.0
24,max_power_bg_invert,24,2,3,65.0,4204.0,3075.6
24,max_power_bg_invert,25,2,3,65.0,4206.0,3074.0
24,max_power_bg_invert,26,2,3,65.0,4206.0,3078.0
24,max_power_bg_invert,27,2,3,65.0,4206.0,3078.0
24,max_power_bg_invert,28,2,3,65.0,4207.0,3077.2
24,max_power_bg_invert,29,2,3,65.0,4207.0,3081.2
24,max_power_bg_invert,30,2,3,65.0,4207.0,3081.6
24,max_power_bg_invert,31,2,3,65.0,4209.0,3080.8
24,max_power_bg_invert,32,2,3,65.0,4211.0,3080.0
24,max_power_bg_invert,33,2,3,65.0,4212.0,3079.6
24,max_power_bg_invert,34,2,3,65.0,4212.0,3084.4
24,max_power_bg_invert,35,2,3,65.0,4213.0,3084.8
24,max_power_bg_invert,36,2,3,65.0,4212.0,3085.2
24,max_power_bg_invert,37,2,3,65.0,4212.0,3085.6
24,max_power_bg_invert,38,2,3,65.0,4212.0,3085.2
24,max_power_bg_invert,39,2,3,65.0,4213.0,3089.6
24,max_power_bg_invert,40,2,3,65.0,4230.0,3098.0
24,max_power_bg_invert,41,2,3,65.0,4225.0,3108.8
24,max_power_bg_invert,42,2,3,65.0,4217.0,3119.6
24,max_power_bg_invert,43,2,3,65.0,4212.0,3119.2
24,max_power_bg_invert,44,2,3,65.0,4216.0,3119.6
24,max_power_bg_invert,45,2,3,65.0,4215.0,3118.4
24,max_power_bg_invert,46,2,3,65.0,4214.0,3118.8
24,max_power_bg_invert,47,2,3,65.0,4217.0,3122.0
24,max_power_bg_invert,48,2,3,65.0,4222.0,3118.0
24,max_power_bg_invert,49,2,3,65.0,4221.0,3117.6
24,max_power_bg_invert,50,2,3,65.0,4221.0,3119.2
24,max_power_bg_invert,51,2,3,65.0,4220.0,3119.6
24,max_power_bg_invert,52,2,3,65.0,4220.0,3117.6
24,max_power_bg_invert,53,2,3,65.0,4220.0,3117.6
24,max_power_bg_invert,54,2,3,65.0,4221.0,3117.6
24,max_power_bg_invert,55,2,3,65.0,4222.0,3117.2
24,max_power_bg_invert,56,2,3,65.0,4221.0,3117.2
24,max_power_bg_invert,57,2,3,65.0,4220.0,3117.6
24,max_power_bg_invert,58,2,3,65.0,4218.0,3117.6
24,max_power_bg_invert,59,2,3,65.0,4220.0,3116.4
24,max_power_bg_invert,60,2,3,65.0,4221.0,3115.2
24,max_power_bg_invert,61,2,3,65.0,4222.0,3114.4
24,max_power_bg_invert,62,2,3,65.0,4222.0,3114.0
24,max_power_bg_invert,63,2,3,65.0,4220.0,3115.2
24,max_power_bg_invert,64,2,3,65.0,4220.0,3115.2
24,max_power_bg_invert,65,2,3,65.0,4219.0,3115.6
24,max_power_bg_invert,66,2,3,65.0,4220.0,3115.2
24,max_power_bg_invert,67,2,3,65.0,4220.0,3115.2
24,max_power_bg_invert,68,2,3,65.0,4220.0,3114.4
24,max_power_bg_invert,69,2,3,65.0,4219.0,3113.6
24,max_power_bg_invert,70,2,3,65.0,4220.0,3113.2
24,max_power_bg_invert,71,2,3,65.0,4221.0,3112.8
24,max_power_bg_invert,72,2,3,65.0,4221.0,3112.8
24,max_power_bg_invert,73,2,3,65.0,4221.0,3112.4
24,max_power_bg_invert,74,2,3,65.0,4221.0,3112.4
24,max_power_bg_invert,75,2,3,65.0,4221.0,3112.8
24,max_power_bg_invert,76,2,3,65.0,4221.0,3113.2
24,max_power_bg_invert,77,2,3,65.0,4220.0,3113.2
24,max_power_bg_invert,78,2,3,65.0,4221.0,3112.4
24,max_power_bg_invert,79,2,3,65.0,4221.0,3112.4
24,max_power_bg_invert,80,2,3,65.0,4230.0,3112.4
24,max_power_bg_invert,81,2,3,65.0,4226.0,3108.8
24,max_power_bg_invert,82,2,3,65.0,4217.0,3112.8
24,max_power_bg_invert,83,2,3,65.0,4215.0,3117.6
24,max_power_bg_invert,84,2,3,65.0,4218.0,3117.6
24,max_power_bg_invert,85,2,3,65.0,4217.0,3118.0
24,max_power_bg_invert,86,2,3,65.0,4219.0,3117.2
24,max_power_bg_invert,87,2,3,65.0,4216.0,3119.6
24,max_power_bg_invert,88,2,3,65.0,4216.0,3118.8
24,max_power_bg_invert,89,2,3,65.0,4214.0,3120.8
24,max_power_bg_invert,90,2,3,65.0,4214.0,3119.6
25,max_power_bg_invert,0,0,1,58.0,900.0,3002.4
25,max_power_bg_invert,1,0,1,65.0,3590.0,2766.4
25,max_power_bg_invert,2,0,1,65.0,3759.0,2912.8
25,max_power_bg_invert,3,0,1,65.0,3810.0,2965.6
25,max_power_bg_invert,4,0,1,65.0,3848.0,2994.4
25,max_power_bg_invert,5,0,1,65.0,3873.0,3009.2
25,max_power_bg_invert,6,0,1,65.0,3889.0,3014.4
25,max_power_bg_invert,7,0,1,65.0,3898.0,3021.2
25,max_power_bg_invert,8,0,1,65.0,3903.0,3028.0
25,max_power_bg_invert,9,0,1,65.0,3903.0,3036.4
25,max_power_bg_invert,10,0,1,65.0,3906.0,3037.6
25,max_power_bg_invert,11,0,1,65.0,3907.0,3041.6
25,max_power_bg_invert,12,0,1,65.0,3909.0,3044.8
25,max_power_bg_invert,13,0,1,65.0,3912.0,3046.0
25,max_power_bg_invert,14,0,1,65.0,3915.0,3044.8
25,max_power_bg_invert,15,0,1,65.0,3917.0,3048.4
25,max_power_bg_invert,16,0,1,65.0,3922.0,3045.6
25,max_power_bg_invert,17,0,1,65.0,3921.0,3050.8
25,max_power_bg_invert,18,0,1,65.0,3922.0,3048.8
25,max_power_bg_invert,19,0,1,66.0,3924.0,3046.4
25,max_power_bg_invert,20,0,1,65.0,3924.0,3051.6
25,max_power_bg_invert,21,0,1,65.0,3924.0,3053.6
25,max_power_bg_invert,22,0,1,65.0,3926.0,3051.2
25,max_power_bg_invert,23,0,1,65.0,3927.0,3049.6
25,max_power_bg_invert,24,0,1,65.0,3929.0,3053.2
25,max_power_bg_invert,25,0,1,65.0,3929.0,3053.2
25,max_power_bg_invert,26,0,1,65.0,3928.0,3054.0
25,max_power_bg_invert,27,0,1,65.0,3928.0,3053.6
25,max_power_bg_invert,28,0,1,65.0,3930.0,3052.4
25,max_power_bg_invert,29,0,1,65.0,3930.0,3056.8
25,max_power_bg_invert,30,0,1,65.0,3931.0,3056.4
25,max_power_bg_invert,31,0,1,65.0,3932.0,3056.0
25,max_power_bg_invert,32,0,1,65.0,3932.0,3056.0
25,max_power_bg_invert,33,0,1,65.0,3933.0,3055.2
25,max_power_bg_invert,34,0,1,65.0,3932.0,3056.8
25,max_power_bg_invert,35,0,1,65.0,3933.0,3056.4
25,max_power_bg_invert,36,0,1,65.0,3933.0,3056.0
25,max_power_bg_invert,37,0,1,65.0,3932.0,3056.4
25,max_power_bg_invert,38,0,1,65.0,3932.0,3055.6
25,max_power_bg_invert,39,0,1,65.0,3933.0,3059.6
25,max_power_bg_invert,40,0,1,65.0,3970.0,3046.0
25,max_power_bg_invert,41,0,1,65.0,3945.0,3051.6
25,max_power_bg_invert,42,0,1,66.0,3950.0,3056.4
25,max_power_bg_invert,43,0,1,66.0,3946.0,3062.4
25,max_power_bg_invert,44,0,1,65.0,3934.0,3067.6
25,max_power_bg_invert,45,0,1,66.0,3938.0,3060.4
25,max_power_bg_invert,46,0,1,66.0,3933.0,3062.0
25,max_power_bg_invert,47,0,1,65.0,3934.0,3064.0
25,max_power_bg_invert,48,0,1,65.0,3939.0,3062.4
25,max_power_bg_invert,49,0,1,65.0,3936.0,3063.6
25,max_power_bg_invert,50,0,1,66.0,3939.0,3058.0
25,max_power_bg_invert,51,0,1,65.0,3941.0,3057.6
25,max_power_bg_invert,52,0,1,65.0,3940.0,3060.0
25,max_power_bg_invert,53,0,1,65.0,3941.0,3058.4
25,max_power_bg_invert,54,0,1,65.0,3940.0,3058.0
25,max_power_bg_invert,55,0,1,65.0,3940.0,3056.8
25,max_power_bg_invert,56,0,1,65.0,3942.0,3055.2
25,max_power_bg_invert,57,0,1,65.0,3942.0,3054.4
25,max_power_bg_invert,58,0,1,66.0,3942.0,3054.8
25,max_power_bg_invert,59,0,1,65.0,3943.0,3054.4
25,max_power_bg_invert,60,0,1,66.0,3944.0,3053.2
25,max_power_bg_invert,61,0,1,66.0,3945.0,3053.2
25,max_power_bg_invert,62,0,1,65.0,3944.0,3053.6
25,max_power_bg_invert,63,0,1,65.0,3943.0,3052.8
25,max_power_bg_invert,64,0,1,66.0,3943.0,3052.8
25,max_power_bg_invert,65,0,1,66.0,3943.0,3054.0
25,max_power_bg_invert,66,0,1,65.0,3943.0,3054.4
25,max_power_bg_invert,67,0,1,66.0,3945.0,3052.0
25,max_power_bg_invert,68,0,1,66.0,3945.0,3052.0
25,max_power_bg_invert,69,0,1,66.0,3946.0,3051.6
25,max_power_bg_invert,70,0,1,66.0,3947.0,3051.2
25,max_power_bg_invert,71,0,1,66.0,3947.0,3050.8
25,max_power_bg_invert,72,0,1,65.0,3945.0,3051.6
25,max_power_bg_invert,73,0,1,65.0,3946.0,3053.2
25,max_power_bg_invert,74,0,1,66.0,3947.0,3053.2
25,max_power_bg_invert,75,0,1,65.0,3947.0,3052.8
25,max_power_bg_invert,76,0,1,66.0,3946.0,3053.2
25,max_power_bg_invert,77,0,1,66.0,3947.0,3052.8
25,max_power_bg_invert,78,0,1,65.0,3947.0,3052.8
25,max_power_bg_invert,79,0,1,66.0,3948.0,3052.8
25,max_power_bg_invert,80,0,1,66.0,3920.0,3053.2
25,max_power_bg_invert,81,0,1,66.0,3945.0,3043.2
25,max_power_bg_invert,82,0,1,65.0,3934.0,3048.8
25,max_power_bg_invert,83,0,1,66.0,3946.0,3044.4
25,max_power_bg_invert,84,0,1,66.0,3942.0,3040.8
25,max_power_bg_invert,85,0,1,66.0,3944.0,3045.6
25,max_power_bg_invert,86,0,1,66.0,3949.0,3042.4
25,max_power_bg_invert,87,0,1,65.0,3950.0,3043.2
25,max_power_bg_invert,88,0,1,66.0,3950.0,3045.6
25,max_power_bg_invert,89,0,1,66.0,3948.0,3047.2
25,max_power_bg_invert,90,0,1,65.0,3948.0,3049.2
25,max_power_bg_invert,0,0,2,58.0,925.0,3007.6
25,max_power_bg_invert,1,0,2,65.0,4179.0,2498.4
25,max_power_bg_invert,2,0,2,66.0,4185.0,2785.6
25,max_power_bg_invert,3,0,2,66.0,4175.0,2880.4
25,max_power_bg_invert,4,0,2,66.0,4169.0,2932.4
25,max_power_bg_invert,5,0,2,66.0,4169.0,2969.2
25,max_power_bg_invert,6,0,2,66.0,4169.0,2987.6
25,max_power_bg_invert,7,0,2,66.0,4173.0,3000.4
25,max_power_bg_invert,8,0,2,66.0,4178.0,3008.4
25,max_power_bg_invert,9,0,2,66.0,4174.0,3019.2
25,max_power_bg_invert,10,0,2,66.0,4177.0,3026.8
25,max_power_bg_invert,11,0,2,66.0,4179.0,3030.0
25,max_power_bg_invert,12,0,2,66.0,4178.0,3034.8
25,max_power_bg_invert,13,0,2,66.0,4176.0,3039.2
25,max_power_bg_invert,14,0,2,66.0,4177.0,3043.2
25,max_power_bg_invert,15,0,2,66.0,4177.0,3046.4
25,max_power_bg_invert,16,0,2,66.0,4176.0,3046.8
25,max_power_bg_invert,17,0,2,66.0,4177.0,3050.0
25,max_power_bg_invert,18,0,2,66.0,4177.0,3051.2
25,max_power_bg_invert,19,0,2,66.0,4176.0,3055.2
25,max_power_bg_invert,20,0,2,66.0,4175.0,3055.6
25,max_power_bg_invert,21,0,2,66.0,4176.0,3059.6
25,max_power_bg_invert,22,0,2,66.0,4176.0,3059.2
25,max_power_bg_invert,23,0,2,66.0,4178.0,3058.8
25,max_power_bg_invert,24,0,2,66.0,4178.0,3058.4
25,max_power_bg_invert,25,0,2,66.0,4178.0,3064.0
25,max_power_bg_invert,26,0,2,66.0,4179.0,3063.2
25,max_power_bg_invert,27,0,2,66.0,4178.0,3062.8
25,max_power_bg_invert,28,0,2,66.0,4179.0,3061.6
25,max_power_bg_invert,29,0,2,66.0,4179.0,3060.8
25,max_power_bg_invert,30,0,2,66.0,4179.0,3064.8
25,max_power_bg_invert,31,0,2,66.0,4179.0,3064.8
25,max_power_bg_invert,32,0,2,66.0,4180.0,3064.4
25,max_power_bg_invert,33,0,2,66.0,4180.0,3064.0
25,max_power_bg_invert,34,0,2,66.0,4181.0,3063.2
25,max_power_bg_invert,35,0,2,66.0,4181.0,3062.8
25,max_power_bg_invert,36,0,2,66.0,4182.0,3062.4
25,max_power_bg_invert,37,0,2,66.0,4181.0,3068.0
25,max_power_bg_invert,38,0,2,66.0,4181.0,3067.2
25,max_power_bg_invert,39,0,2,66.0,4180.0,3068.0
25,max_power_bg_invert,40,0,2,66.0,4200.0,3080.0
25,max_power_bg_invert,41,0,2,66.0,4194.0,3071.6
25,max_power_bg_invert,42,0,2,66.0,4183.0,3078.4
25,max_power_bg_invert,43,0,2,66.0,4176.0,3082.0
25,max_power_bg_invert,44,0,2,66.0,4171.0,3082.4
25,max_power_bg_invert,45,0,2,66.0,4167.0,3081.6
25,max_power_bg_invert,46,0,2,66.0,4164.0,3083.2
25,max_power_bg_invert,47,0,2,66.0,4165.0,3081.6
25,max_power_bg_invert,48,0,2,66.0,4163.0,3086.4
25,max_power_bg_invert,49,0,2,66.0,4162.0,3089.6
25,max_power_bg_invert,50,0,2,66.0,4165.0,3088.8
25,max_power_bg_invert,51,0,2,66.0,4169.0,3089.2
25,max_power_bg_invert,52,0,2,66.0,4167.0,3090.4
25,max_power_bg_invert,53,0,2,66.0,4168.0,3090.0
25,max_power_bg_invert,54,0,2,66.0,4167.0,3090.8
25,max_power_bg_invert,55,0,2,66.0,4170.0,3088.8
25,max_power_bg_invert,56,0,2,66.0,4170.0,3089.2
25,max_power_bg_invert,57,0,2,66.0,4173.0,3087.2
25,max_power_bg_invert,58,0,2,66.0,4173.0,3086.8
25,max_power_bg_invert,59,0,2,66.0,4175.0,3086.0
25,max_power_bg_invert,60,0,2,66.0,4174.0,3086.4
25,max_power_bg_invert,61,0,2,66.0,4174.0,3086.4
25,max_power_bg_invert,62,0,2,66.0,4174.0,3085.6
25,max_power_bg_invert,63,0,2,66.0,4175.0,3086.0
25,max_power_bg_invert,64,0,2,66.0,4175.0,3085.6
25,max_power_bg_invert,65,0,2,66.0,4175.0,3086.8
25,max_power_bg_invert,66,0,2,66.0,4176.0,3086.8
25,max_power_bg_invert,67,0,2,66.0,4175.0,3086.8
25,max_power_bg_invert,68,0,2,66.0,4175.0,3086.0
25,max_power_bg_invert,69,0,2,66.0,4176.0,3084.4
25,max_power_bg_invert,70,0,2,66.0,4176.0,3084.0
25,max_power_bg_invert,71,0,2,66.0,4176.0,3083.6
25,max_power_bg_invert,72,0,2,66.0,4175.0,3084.0
25,max_power_bg_invert,73,0,2,66.0,4176.0,3083.2
25,max_power_bg_invert,74,0,2,66.0,4176.0,3082.8
25,max_power_bg_invert,75,0,2,66.0,4176.0,3082.8
25,max_power_bg_invert,76,0,2,66.0,4177.0,3082.4
25,max_power_bg_invert,77,0,2,66.0,4177.0,3082.8
25,max_power_bg_invert,78,0,2,66.0,4177.0,3082.4
25,max_power_bg_invert,79,0,2,66.0,4177.0,3082.4
25,max_power_bg_invert,80,0,2,66.0,4190.0,3081.6
25,max_power_bg_invert,81,0,2,66.0,4173.0,3084.0
25,max_power_bg_invert,82,0,2,66.0,4175.0,3079.2
25,max_power_bg_invert,83,0,2,66.0,4171.0,3082.0
25,max_power_bg_invert,84,0,2,66.0,4175.0,3078.0
25,max_power_bg_invert,85,0,2,66.0,4174.0,3078.0
25,max_power_bg_invert,86,0,2,66.0,4175.0,3074.8
25,max_power_bg_invert,87,0,2,66.0,4176.0,3074.8
25,max_power_bg_invert,88,0,2,66.0,4178.0,3073.2
25,max_power_bg_invert,89,0,2,66.0,4176.0,3074.4
25,max_power_bg_invert,90,0,2,66.0,4173.0,3075.2
25,max_power_bg_invert,0,0,3,58.0,925.0,3002.0
25,max_power_bg_invert,1,0,3,66.0,3750.0,2654.0
25,max_power_bg_invert,2,0,3,66.0,3894.0,2847.6
25,max_power_bg_invert,3,0,3,66.0,3941.0,2925.6
25,max_power_bg_invert,4,0,3,66.0,3961.0,2967.6
25,max_power_bg_invert,5,0,3,66.0,3981.0,2989.2
25,max_power_bg_invert,6,0,3,66.0,3986.0,3004.8
25,max_power_bg_invert,7,0,3,66.0,3992.0,3012.8
25,max_power_bg_invert,8,0,3,66.0,3998.0,3022.0
25,max_power_bg_invert,9,0,3,66.0,3998.0,3028.8
25,max_power_bg_invert,10,0,3,66.0,4002.0,3031.2
25,max_power_bg_invert,11,0,3,66.0,4006.0,3034.4
25,max_power_bg_invert,12,0,3,66.0,4013.0,3032.8
25,max_power_bg_invert,13,0,3,66.0,4016.0,3035.2
25,max_power_bg_invert,14,0,3,66.0,4019.0,3038.4
25,max_power_bg_invert,15,0,3,66.0,4019.0,3043.2
25,max_power_bg_invert,16,0,3,66.0,4021.0,3044.8
25,max_power_bg_invert,17,0,3,66.0,4021.0,3050.8
25,max_power_bg_invert,18,0,3,66.0,4022.0,3048.8
25,max_power_bg_invert,19,0,3,66.0,4020.0,3048.8
25,max_power_bg_invert,20,0,3,66.0,4019.0,3054.4
25,max_power_bg_invert,21,0,3,66.0,4021.0,3052.4
25,max_power_bg_invert,22,0,3,66.0,4022.0,3052.0
25,max_power_bg_invert,23,0,3,66.0,4023.0,3056.4
25,max_power_bg_invert,24,0,3,66.0,4022.0,3057.2
25,max_power_bg_invert,25,0,3,66.0,4023.0,3056.4
25,max_power_bg_invert,26,0,3,66.0,4024.0,3055.6
25,max_power_bg_invert,27,0,3,66.0,4023.0,3060.4
25,max_power_bg_invert,28,0,3,66.0,4025.0,3059.2
25,max_power_bg_invert,29,0,3,66.0,4025.0,3059.2
25,max_power_bg_invert,30,0,3,66.0,4025.0,3058.8
25,max_power_bg_invert,31,0,3,66.0,4026.0,3058.0
25,max_power_bg_invert,32,0,3,66.0,4026.0,3057.6
25,max_power_bg_invert,33,0,3,66.0,4027.0,3056.8
25,max_power_bg_invert,34,0,3,66.0,4027.0,3061.2
25,max_power_bg_invert,35,0,3,66.0,4028.0,3060.8
25,max_power_bg_invert,36,0,3,66.0,4028.0,3060.0
25,max_power_bg_invert,37,0,3,66.0,4029.0,3059.2
25,max_power_bg_invert,38,0,3,66.0,4029.0,3059.2
25,max_power_bg_invert,39,0,3,66.0,4030.0,3058.4
25,max_power_bg_invert,40,0,3,66.0,4040.0,3058.0
25,max_power_bg_invert,41,0,3,66.0,4035.0,3070.0
25,max_power_bg_invert,42,0,3,66.0,4034.0,3073.6
25,max_power_bg_invert,43,0,3,66.0,4030.0,3072.8
25,max_power_bg_invert,44,0,3,66.0,4034.0,3072.0
25,max_power_bg_invert,45,0,3,66.0,4041.0,3066.4
25,max_power_bg_invert,46,0,3,66.0,4035.0,3070.4
25,max_power_bg_invert,47,0,3,66.0,4038.0,3067.2
25,max_power_bg_invert,48,0,3,66.0,4038.0,3068.0
25,max_power_bg_invert,49,0,3,66.0,4039.0,3068.8
25,max_power_bg_invert,50,0,3,66.0,4037.0,3070.8
25,max_power_bg_invert,51,0,3,66.0,4039.0,3068.0
25,max_power_bg_invert,52,0,3,66.0,4041.0,3066.4
25,max_power_bg_invert,53,0,3,66.0,4040.0,3066.4
25,max_power_bg_invert,54,0,3,66.0,4039.0,3067.6
25,max_power_bg_invert,55,0,3,66.0,4040.0,3067.2
25,max_power_bg_invert,56,0,3,66.0,4037.0,3068.8
25,max_power_bg_invert,57,0,3,66.0,4036.0,3069.6
25,max_power_bg_invert,58,0,3,66.0,4036.0,3069.2
25,max_power_bg_invert,59,0,3,66.0,4036.0,3069.6
25,max_power_bg_invert,60,0,3,66.0,4037.0,3069.2
25,max_power_bg_invert,61,0,3,66.0,4037.0,3068.0
25,max_power_bg_invert,62,0,3,66.0,4038.0,3067.6
25,max_power_bg_invert,63,0,3,66.0,4038.0,3068.4
25,max_power_bg_invert,64,0,3,66.0,4038.0,3068.0
25,max_power_bg_invert,65,0,3,66.0,4038.0,3067.2
25,max_power_bg_invert,66,0,3,66.0,4037.0,3067.2
25,max_power_bg_invert,67,0,3,66.0,4037.0,3072.0
25,max_power_bg_invert,68,0,3,66.0,4037.0,3072.4
25,max_power_bg_invert,69,0,3,66.0,4036.0,3072.8
25,max_power_bg_invert,70,0,3,66.0,4035.0,3072.8
25,max_power_bg_invert,71,0,3,66.0,4036.0,3072.0
25,max_power_bg_invert,72,0,3,66.0,4035.0,3072.4
25,max_power_bg_invert,73,0,3,66.0,4035.0,3077.2
25,max_power_bg_invert,74,0,3,66.0,4035.0,3076.0
25,max_power_bg_invert,75,0,3,66.0,4035.0,3076.4
25,max_power_bg_invert,76,0,3,66.0,4035.0,3075.6
25,max_power_bg_invert,77,0,3,66.0,4033.0,3076.0
25,max_power_bg_invert,78,0,3,66.0,4033.0,3075.6
25,max_power_bg_invert,79,0,3,66.0,4033.0,3075.6
25,max_power_bg_invert,80,0,3,66.0,4010.0,3103.2
25,max_power_bg_invert,81,0,3,66.0,4015.0,3099.2
25,max_power_bg_invert,82,0,3,66.0,4026.0,3091.2
25,max_power_bg_invert,83,0,3,66.0,4035.0,3087.2
25,max_power_bg_invert,84,0,3,66.0,4038.0,3090.0
25,max_power_bg_invert,85,0,3,66.0,4032.0,3092.8
25,max_power_bg_invert,86,0,3,66.0,4037.0,3091.2
25,max_power_bg_invert,87,0,3,66.0,4035.0,3092.4
25,max_power_bg_invert,88,0,3,66.0,4035.0,3091.6
25,max_power_bg_invert,89,0,3,66.0,4035.0,3091.2
25,max_power_bg_invert,90,0,3,66.0,4034.0,3091.2
25,max_power_bg_invert,0,1,2,59.0,1000.0,2978.4
25,max_power_bg_invert,1,1,2,66.0,3730.0,2662.8
25,max_power_bg_invert,2,1,2,66.0,3870.0,2879.2
25,max_power_bg_invert,3,1,2,66.0,3941.0,2929.2
25,max_power_bg_invert,4,1,2,66.0,3971.0,2967.2
25,max_power_bg_invert,5,1,2,66.0,3983.0,2992.0
25,max_power_bg_invert,6,1,2,66.0,3994.0,3002.8
25,max_power_bg_invert,7,1,2,66.0,3997.0,3019.6
25,max_power_bg_invert,8,1,2,66.0,3998.0,3026.8
25,max_power_bg_invert,9,1,2,66.0,4005.0,3037.2
25,max_power_bg_invert,10,1,2,66.0,4010.0,3036.8
25,max_power_bg_invert,11,1,2,66.0,4013.0,3043.6
25,max_power_bg_invert,12,1,2,66.0,4015.0,3046.8
25,max_power_bg_invert,13,1,2,66.0,4018.0,3048.4
25,max_power_bg_invert,14,1,2,66.0,4022.0,3050.0
25,max_power_bg_invert,15,1,2,66.0,4023.0,3054.0
25,max_power_bg_invert,16,1,2,66.0,4023.0,3059.6
25,max_power_bg_invert,17,1,2,66.0,4022.0,3058.8
25,max_power_bg_invert,18,1,2,67.0,4024.0,3062.8
25,max_power_bg_invert,19,1,2,66.0,4025.0,3062.0
25,max_power_bg_invert,20,1,2,66.0,4025.0,3066.8
25,max_power_bg_invert,21,1,2,66.0,4025.0,3065.6
25,max_power_bg_invert,22,1,2,66.0,4025.0,3066.4
25,max_power_bg_invert,23,1,2,66.0,4024.0,3071.2
25,max_power_bg_invert,24,1,2,66.0,4026.0,3069.6
25,max_power_bg_invert,25,1,2,66.0,4027.0,3068.0
25,max_power_bg_invert,26,1,2,66.0,4027.0,3072.8
25,max_power_bg_invert,27,1,2,66.0,4026.0,3072.8
25,max_power_bg_invert,28,1,2,66.0,4027.0,3071.6
25,max_power_bg_invert,29,1,2,66.0,4028.0,3070.4
25,max_power_bg_invert,30,1,2,66.0,4028.0,3075.2
25,max_power_bg_invert,31,1,2,66.0,4029.0,3074.4
25,max_power_bg_invert,32,1,2,66.0,4029.0,3073.2
25,max_power_bg_invert,33,1,2,66.0,4029.0,3072.8
25,max_power_bg_invert,34,1,2,66.0,4028.0,3073.2
25,max_power_bg_invert,35,1,2,66.0,4028.0,3073.2
25,max_power_bg_invert,36,1,2,66.0,4028.0,3078.0
25,max_power_bg_invert,37,1,2,67.0,4028.0,3078.4
25,max_power_bg_invert,38,1,2,67.0,4030.0,3077.2
25,max_power_bg_invert,39,1,2,66.0,4030.0,3077.2
25,max_power_bg_invert,40,1,2,66.0,4000.0,3104.8
25,max_power_bg_invert,41,1,2,66.0,4035.0,3086.4
25,max_power_bg_invert,42,1,2,67.0,4031.0,3084.0
25,max_power_bg_invert,43,1,2,67.0,4023.0,3086.4
25,max_power_bg_invert,44,1,2,66.0,4024.0,3082.4
25,max_power_bg_invert,45,1,2,66.0,4030.0,3082.0
25,max_power_bg_invert,46,1,2,67.0,4030.0,3083.6
25,max_power_bg_invert,47,1,2,66.0,4033.0,3085.6
25,max_power_bg_invert,48,1,2,66.0,4032.0,3086.8
25,max_power_bg_invert,49,1,2,67.0,4033.0,3086.0
25,max_power_bg_invert,50,1,2,67.0,4034.0,3086.4
25,max_power_bg_invert,51,1,2,66.0,4036.0,3086.8
25,max_power_bg_invert,52,1,2,67.0,4036.0,3086.4
25,max_power_bg_invert,53,1,2,66.0,4037.0,3084.8
25,max_power_bg_invert,54,1,2,67.0,4036.0,3085.6
25,max_power_bg_invert,55,1,2,66.0,4037.0,3085.2
25,max_power_bg_invert,56,1,2,67.0,4038.0,3085.6
25,max_power_bg_invert,57,1,2,66.0,4039.0,3086.0
25,max_power_bg_invert,58,1,2,66.0,4040.0,3086.0
25,max_power_bg_invert,59,1,2,67.0,4041.0,3085.2
25,max_power_bg_invert,60,1,2,67.0,4041.0,3084.4
25,max_power_bg_invert,61,1,2,67.0,4041.0,3084.4
25,max_power_bg_invert,62,1,2,66.0,4040.0,3084.8
25,max_power_bg_invert,63,1,2,66.0,4041.0,3085.2
25,max_power_bg_invert,64,1,2,66.0,4040.0,3086.0
25,max_power_bg_invert,65,1,2,67.0,4041.0,3085.6
25,max_power_bg_invert,66,1,2,66.0,4040.0,3086.8
25,max_power_bg_invert,67,1,2,67.0,4039.0,3087.6
25,max_power_bg_invert,68,1,2,66.0,4037.0,3088.8
25,max_power_bg_invert,69,1,2,67.0,4036.0,3088.8
25,max_power_bg_invert,70,1,2,66.0,4037.0,3088.0
25,max_power_bg_invert,71,1,2,66.0,4036.0,3088.8
25,max_power_bg_invert,72,1,2,66.0,4037.0,3087.6
25,max_power_bg_invert,73,1,2,66.0,4037.0,3087.6
25,max_power_bg_invert,74,1,2,67.0,4037.0,3088.0
25,max_power_bg_invert,75,1,2,67.0,4038.0,3087.6
25,max_power_bg_invert,76,1,2,67.0,4038.0,3087.6
25,max_power_bg_invert,77,1,2,66.0,4040.0,3086.8
25,max_power_bg_invert,78,1,2,66.0,4040.0,3086.4
25,max_power_bg_invert,79,1,2,67.0,4040.0,3086.0
25,max_power_bg_invert,80,1,2,67.0,4030.0,3104.0
25,max_power_bg_invert,81,1,2,67.0,4031.0,3108.4
25,max_power_bg_invert,82,1,2,67.0,4031.0,3094.8
25,max_power_bg_invert,83,1,2,66.0,4043.0,3086.4
25,max_power_bg_invert,84,1,2,67.0,4046.0,3083.6
25,max_power_bg_invert,85,1,2,66.0,4035.0,3085.6
25,max_power_bg_invert,86,1,2,67.0,4032.0,3082.8
25,max_power_bg_invert,87,1,2,66.0,4035.0,3080.4
25,max_power_bg_invert,88,1,2,67.0,4044.0,3076.0
25,max_power_bg_invert,89,1,2,67.0,4043.0,3077.6
25,max_power_bg_invert,90,1,2,67.0,4044.0,3076.0
25,max_power_bg_invert,0,1,3,59.0,900.0,2984.0
25,max_power_bg_invert,1,1,3,66.0,3600.0,2739.2
25,max_power_bg_invert,2,1,3,66.0,3745.0,2907.2
25,max_power_bg_invert,3,1,3,66.0,3789.0,2963.6
25,max_power_bg_invert,4,1,3,66.0,3812.0,2995.2
25,max_power_bg_invert,5,1,3,66.0,3834.0,3011.6
25,max_power_bg_invert,6,1,3,66.0,3852.0,3018.8
25,max_power_bg_invert,7,1,3,66.0,3860.0,3028.8
25,max_power_bg_invert,8,1,3,66.0,3869.0,3037.2
25,max_power_bg_invert,9,1,3,66.0,3873.0,3043.2
25,max_power_bg_invert,10,1,3,66.0,3879.0,3046.0
25,max_power_bg_invert,11,1,3,66.0,3879.0,3051.6
25,max_power_bg_invert,12,1,3,66.0,3884.0,3054.8
25,max_power_bg_invert,13,1,3,66.0,3886.0,3058.4
25,max_power_bg_invert,14,1,3,66.0,3888.0,3061.2
25,max_power_bg_invert,15,1,3,66.0,3889.0,3066.8
25,max_power_bg_invert,16,1,3,66.0,3892.0,3065.2
25,max_power_bg_invert,17,1,3,66.0,3891.0,3071.6
25,max_power_bg_invert,18,1,3,66.0,3892.0,3071.2
25,max_power_bg_invert,19,1,3,66.0,3894.0,3074.4
25,max_power_bg_invert,20,1,3,66.0,3894.0,3073.6
25,max_power_bg_invert,21,1,3,66.0,3893.0,3073.2
25,max_power_bg_invert,22,1,3,66.0,3894.0,3071.6
25,max_power_bg_invert,23,1,3,66.0,3894.0,3076.4
25,max_power_bg_invert,24,1,3,66.0,3895.0,3075.2
25,max_power_bg_invert,25,1,3,66.0,3895.0,3075.6
25,max_power_bg_invert,26,1,3,66.0,3896.0,3074.4
25,max_power_bg_invert,27,1,3,66.0,3896.0,3079.2
25,max_power_bg_invert,28,1,3,66.0,3898.0,3076.4
25,max_power_bg_invert,29,1,3,66.0,3898.0,3077.2
25,max_power_bg_invert,30,1,3,66.0,3898.0,3076.4
25,max_power_bg_invert,31,1,3,66.0,3898.0,3076.4
25,max_power_bg_invert,32,1,3,66.0,3899.0,3075.2
25,max_power_bg_invert,33,1,3,66.0,3898.0,3076.0
25,max_power_bg_invert,34,1,3,66.0,3899.0,3079.6
25,max_power_bg_invert,35,1,3,66.0,3899.0,3078.4
25,max_power_bg_invert,36,1,3,66.0,3899.0,3078.8
25,max_power_bg_invert,37,1,3,66.0,3899.0,3078.0
25,max_power_bg_invert,38,1,3,66.0,3899.0,3078.0
25,max_power_bg_invert,39,1,3,66.0,3898.0,3078.0
25,max_power_bg_invert,40,1,3,66.0,3930.0,3066.4
25,max_power_bg_invert,41,1,3,66.0,3925.0,3078.4
25,max_power_bg_invert,42,1,3,66.0,3916.0,3080.4
25,max_power_bg_invert,43,1,3,66.0,3912.0,3078.8
25,max_power_bg_invert,44,1,3,66.0,3912.0,3074.4
25,max_power_bg_invert,45,1,3,66.0,3908.0,3078.0
25,max_power_bg_invert,46,1,3,66.0,3908.0,3079.2
25,max_power_bg_invert,47,1,3,66.0,3910.0,3078.4
25,max_power_bg_invert,48,1,3,66.0,3911.0,3079.2
25,max_power_bg_invert,49,1,3,66.0,3909.0,3081.2
25,max_power_bg_invert,50,1,3,66.0,3908.0,3082.0
25,max_power_bg_invert,51,1,3,66.0,3907.0,3083.6
25,max_power_bg_invert,52,1,3,66.0,3907.0,3082.4
25,max_power_bg_invert,53,1,3,66.0,3909.0,3080.4
25,max_power_bg_invert,54,1,3,66.0,3909.0,3080.0
25,max_power_bg_invert,55,1,3,66.0,3909.0,3080.4
25,max_power_bg_invert,56,1,3,66.0,3907.0,3082.8
25,max_power_bg_invert,57,1,3,66.0,3907.0,3084.0
25,max_power_bg_invert,58,1,3,66.0,3907.0,3084.4
25,max_power_bg_invert,59,1,3,66.0,3907.0,3085.2
25,max_power_bg_invert,60,1,3,67.0,3906.0,3085.2
25,max_power_bg_invert,61,1,3,66.0,3906.0,3085.2
25,max_power_bg_invert,62,1,3,66.0,3907.0,3084.0
25,max_power_bg_invert,63,1,3,66.0,3907.0,3083.6
25,max_power_bg_invert,64,1,3,66.0,3905.0,3084.8
25,max_power_bg_invert,65,1,3,66.0,3905.0,3085.2
25,max_power_bg_invert,66,1,3,66.0,3904.0,3085.6
25,max_power_bg_invert,67,1,3,66.0,3905.0,3084.4
25,max_power_bg_invert,68,1,3,66.0,3906.0,3083.2
25,max_power_bg_invert,69,1,3,66.0,3906.0,3083.2
25,max_power_bg_invert,70,1,3,66.0,3904.0,3084.4
25,max_power_bg_invert,71,1,3,66.0,3903.0,3084.4
25,max_power_bg_invert,72,1,3,66.0,3903.0,3084.4
25,max_power_bg_invert,73,1,3,66.0,3903.0,3084.4
25,max_power_bg_invert,74,1,3,67.0,3904.0,3084.0
25,max_power_bg_invert,75,1,3,66.0,3904.0,3083.6
25,max_power_bg_invert,76,1,3,67.0,3904.0,3083.6
25,max_power_bg_invert,77,1,3,66.0,3903.0,3084.0
25,max_power_bg_invert,78,1,3,66.0,3903.0,3084.0
25,max_power_bg_invert,79,1,3,66.0,3903.0,3084.0
25,max_power_bg_invert,80,1,3,66.0,3899.0,3081.2
25,max_power_bg_invert,81,1,3,66.0,3904.0,3084.4
25,max_power_bg_invert,82,1,3,66.0,3896.0,3084.4
25,max_power_bg_invert,83,1,3,66.0,3902.0,3082.0
25,max_power_bg_invert,84,1,3,66.0,3906.0,3082.0
25,max_power_bg_invert,85,1,3,66.0,3905.0,3082.0
25,max_power_bg_invert,86,1,3,66.0,3908.0,3078.4
25,max_power_bg_invert,87,1,3,66.0,3908.0,3078.0
25,max_power_bg_invert,88,1,3,67.0,3907.0,3077.2
25,max_power_bg_invert,89,1,3,66.0,3907.0,3077.6
25,max_power_bg_invert,90,1,3,66.0,3905.0,3077.2
25,max_power_bg_invert,0,2,3,59.0,900.0,3015.2
25,max_power_bg_invert,1,2,3,65.0,3910.0,2561.2
25,max_power_bg_invert,2,2,3,66.0,3919.0,2824.8
25,max_power_bg_invert,3,2,3,66.0,3927.0,2906.0
25,max_power_bg_invert,4,2,3,66.0,3923.0,2946.4
25,max_power_bg_invert,5,2,3,66.0,3924.0,2972.4
25,max_power_bg_invert,6,2,3,66.0,3927.0,2986.8
25,max_power_bg_invert,7,2,3,66.0,3926.0,3002.0
25,max_power_bg_invert,8,2,3,66.0,3923.0,3012.8
25,max_power_bg_invert,9,2,3,66.0,3926.0,3020.8
25,max_power_bg_invert,10,2,3,66.0,3925.0,3025.6
25,max_power_bg_invert,11,2,3,66.0,3928.0,3030.0
25,max_power_bg_invert,12,2,3,66.0,3931.0,3032.0
25,max_power_bg_invert,13,2,3,66.0,3933.0,3035.2
25,max_power_bg_invert,14,2,3,66.0,3934.0,3037.2
25,max_power_bg_invert,15,2,3,66.0,3932.0,3038.8
25,max_power_bg_invert,16,2,3,66.0,3933.0,3040.0
25,max_power_bg_invert,17,2,3,66.0,3936.0,3039.2
25,max_power_bg_invert,18,2,3,66.0,3937.0,3042.4
25,max_power_bg_invert,19,2,3,66.0,3936.0,3043.6
25,max_power_bg_invert,20,2,3,66.0,3936.0,3043.2
25,max_power_bg_invert,21,2,3,66.0,3938.0,3046.4
25,max_power_bg_invert,22,2,3,66.0,3937.0,3047.2
25,max_power_bg_invert,23,2,3,66.0,3939.0,3047.2
25,max_power_bg_invert,24,2,3,66.0,3938.0,3048.0
25,max_power_bg_invert,25,2,3,66.0,3938.0,3052.8
25,max_power_bg_invert,26,2,3,66.0,3938.0,3053.2
25,max_power_bg_invert,27,2,3,66.0,3938.0,3053.2
25,max_power_bg_invert,28,2,3,66.0,3938.0,3053.2
25,max_power_bg_invert,29,2,3,66.0,3938.0,3053.2
25,max_power_bg_invert,30,2,3,66.0,3939.0,3052.8
25,max_power_bg_invert,31,2,3,66.0,3940.0,3052.4
25,max_power_bg_invert,32,2,3,66.0,3940.0,3056.8
25,max_power_bg_invert,33,2,3,66.0,3940.0,3056.8
25,max_power_bg_invert,34,2,3,66.0,3940.0,3056.0
25,max_power_bg_invert,35,2,3,66.0,3940.0,3055.6
25,max_power_bg_invert,36,2,3,66.0,3939.0,3055.6
25,max_power_bg_invert,37,2,3,66.0,3941.0,3054.0
25,max_power_bg_invert,38,2,3,66.0,3943.0,3053.2
25,max_power_bg_invert,39,2,3,66.0,3944.0,3052.8
25,max_power_bg_invert,40,2,3,66.0,3930.0,3082.8
25,max_power_bg_invert,41,2,3,66.0,3950.0,3064.8
25,max_power_bg_invert,42,2,3,66.0,3953.0,3061.6
25,max_power_bg_invert,43,2,3,66.0,3951.0,3066.0
25,max_power_bg_invert,44,2,3,66.0,3957.0,3057.6
25,max_power_bg_invert,45,2,3,66.0,3950.0,3060.0
25,max_power_bg_invert,46,2,3,66.0,3950.0,3060.8
25,max_power_bg_invert,47,2,3,66.0,3948.0,3060.0
25,max_power_bg_invert,48,2,3,66.0,3946.0,3062.8
25,max_power_bg_invert,49,2,3,66.0,3946.0,3063.6
25,max_power_bg_invert,50,2,3,66.0,3945.0,3062.4
25,max_power_bg_invert,51,2,3,66.0,3948.0,3062.0
25,max_power_bg_invert,52,2,3,66.0,3949.0,3062.0
25,max_power_bg_invert,53,2,3,66.0,3947.0,3062.4
25,max_power_bg_invert,54,2,3,66.0,3947.0,3061.2
25,max_power_bg_invert,55,2,3,66.0,3948.0,3061.6
25,max_power_bg_invert,56,2,3,66.0,3948.0,3061.2
25,max_power_bg_invert,57,2,3,66.0,3948.0,3060.8
25,max_power_bg_invert,58,2,3,66.0,3948.0,3059.6
25,max_power_bg_invert,59,2,3,66.0,3947.0,3059.6
25,max_power_bg_invert,60,2,3,66.0,3948.0,3061.2
25,max_power_bg_invert,61,2,3,66.0,3947.0,3061.6
25,max_power_bg_invert,62,2,3,66.0,3948.0,3060.4
25,max_power_bg_invert,63,2,3,66.0,3948.0,3060.0
25,max_power_bg_invert,64,2,3,66.0,3949.0,3058.8
25,max_power_bg_invert,65,2,3,66.0,3950.0,3058.8
25,max_power_bg_invert,66,2,3,66.0,3950.0,3058.0
25,max_power_bg_invert,67,2,3,66.0,3950.0,3058.8
25,max_power_bg_invert,68,2,3,66.0,3950.0,3058.8
25,max_power_bg_invert,69,2,3,66.0,3950.0,3058.8
25,max_power_bg_invert,70,2,3,66.0,3950.0,3058.8
25,max_power_bg_invert,71,2,3,66.0,3949.0,3060.0
25,max_power_bg_invert,72,2,3,66.0,3948.0,3057.2
25,max_power_bg_invert,73,2,3,66.0,3948.0,3057.2
25,max_power_bg_invert,74,2,3,66.0,3948.0,3057.2
25,max_power_bg_invert,75,2,3,66.0,3949.0,3056.4
25,max_power_bg_invert,76,2,3,66.0,3949.0,3056.4
25,max_power_bg_invert,77,2,3,66.0,3950.0,3056.4
25,max_power_bg_invert,78,2,3,66.0,3949.0,3057.2
25,max_power_bg_invert,79,2,3,66.0,3950.0,3056.8
25,max_power_bg_invert,80,2,3,66.0,3930.0,3096.0
25,max_power_bg_invert,81,2,3,66.0,3931.0,3090.0
25,max_power_bg_invert,82,2,3,66.0,3934.0,3094.0
25,max_power_bg_invert,83,2,3,66.0,3943.0,3086.8
25,max_power_bg_invert,84,2,3,66.0,3942.0,3086.0
25,max_power_bg_invert,85,2,3,66.0,3944.0,3088.0
25,max_power_bg_invert,86,2,3,66.0,3947.0,3082.8
25,max_power_bg_invert,87,2,3,66.0,3952.0,3080.0
25,max_power_bg_invert,88,2,3,66.0,3952.0,3081.2
25,max_power_bg_invert,89,2,3,66.0,3949.0,3083.2
25,max_power_bg_invert,90,2,3,66.0,3949.0,3081.6
26,max_power_bg_invert,0,0,1,62.0,1100.0,3176.4
26,max_power_bg_invert,1,0,1,70.0,3970.0,2863.2
26,max_power_bg_invert,2,0,1,71.0,4126.0,3065.2
26,max_power_bg_invert,3,0,1,71.0,4186.0,3141.2
26,max_power_bg_invert,4,0,1,71.0,4223.0,3174.4
26,max_power_bg_invert,5,0,1,71.0,4236.0,3197.6
26,max_power_bg_invert,6,0,1,71.0,4244.0,3212.4
26,max_power_bg_invert,7,0,1,71.0,4257.0,3220.8
26,max_power_bg_invert,8,0,1,71.0,4264.0,3229.6
26,max_power_bg_invert,9,0,1,71.0,4270.0,3235.6
26,max_power_bg_invert,10,0,1,71.0,4273.0,3238.8
26,max_power_bg_invert,11,0,1,71.0,4272.0,3244.8
26,max_power_bg_invert,12,0,1,71.0,4275.0,3246.8
26,max_power_bg_invert,13,0,1,71.0,4274.0,3250.0
26,max_power_bg_invert,14,0,1,71.0,4277.0,3254.0
26,max_power_bg_invert,15,0,1,71.0,4280.0,3256.4
26,max_power_bg_invert,16,0,1,71.0,4282.0,3255.2
26,max_power_bg_invert,17,0,1,71.0,4283.0,3258.8
26,max_power_bg_invert,18,0,1,71.0,4283.0,3258.0
26,max_power_bg_invert,19,0,1,71.0,4285.0,3255.6
26,max_power_bg_invert,20,0,1,71.0,4286.0,3260.4
26,max_power_bg_invert,21,0,1,71.0,4288.0,3259.2
26,max_power_bg_invert,22,0,1,71.0,4289.0,3263.6
26,max_power_bg_invert,23,0,1,71.0,4290.0,3262.4
26,max_power_bg_invert,24,0,1,71.0,4289.0,3262.4
26,max_power_bg_invert,25,0,1,71.0,4290.0,3262.0
26,max_power_bg_invert,26,0,1,71.0,4291.0,3264.8
26,max_power_bg_invert,27,0,1,71.0,4291.0,3264.8
26,max_power_bg_invert,28,0,1,71.0,4293.0,3263.6
26,max_power_bg_invert,29,0,1,71.0,4293.0,3263.6
26,max_power_bg_invert,30,0,1,71.0,4294.0,3268.0
26,max_power_bg_invert,31,0,1,71.0,4295.0,3268.0
26,max_power_bg_invert,32,0,1,71.0,4296.0,3266.8
26,max_power_bg_invert,33,0,1,71.0,4297.0,3266.8
26,max_power_bg_invert,34,0,1,71.0,4298.0,3266.4
26,max_power_bg_invert,35,0,1,71.0,4299.0,3270.8
26,max_power_bg_invert,36,0,1,71.0,4299.0,3270.4
26,max_power_bg_invert,37,0,1,71.0,4299.0,3269.2
26,max_power_bg_invert,38,0,1,71.0,4299.0,3269.6
26,max_power_bg_invert,39,0,1,71.0,4300.0,3273.6
26,max_power_bg_invert,40,0,1,71.0,4320.0,3298.0
26,max_power_bg_invert,41,0,1,71.0,4334.0,3284.4
26,max_power_bg_invert,42,0,1,71.0,4331.0,3288.8
26,max_power_bg_invert,43,0,1,71.0,4330.0,3284.0
26,max_power_bg_invert,44,0,1,71.0,4334.0,3282.8
26,max_power_bg_invert,45,0,1,71.0,4325.0,3288.8
26,max_power_bg_invert,46,0,1,71.0,4326.0,3286.8
26,max_power_bg_invert,47,0,1,71.0,4328.0,3283.6
26,max_power_bg_invert,48,0,1,71.0,4328.0,3284.0
26,max_power_bg_invert,49,0,1,71.0,4327.0,3285.2
26,max_power_bg_invert,50,0,1,71.0,4326.0,3283.6
26,max_power_bg_invert,51,0,1,71.0,4323.0,3284.0
26,max_power_bg_invert,52,0,1,71.0,4321.0,3284.4
26,max_power_bg_invert,53,0,1,71.0,4322.0,3283.6
26,max_power_bg_invert,54,0,1,71.0,4323.0,3284.0
26,max_power_bg_invert,55,0,1,71.0,4322.0,3283.6
26,max_power_bg_invert,56,0,1,71.0,4322.0,3284.4
26,max_power_bg_invert,57,0,1,71.0,4321.0,3286.0
26,max_power_bg_invert,58,0,1,71.0,4319.0,3286.0
26,max_power_bg_invert,59,0,1,71.0,4319.0,3285.2
26,max_power_bg_invert,60,0,1,71.0,4318.0,3285.2
26,max_power_bg_invert,61,0,1,71.0,4318.0,3284.0
26,max_power_bg_invert,62,0,1,71.0,4316.0,3285.2
26,max_power_bg_invert,63,0,1,71.0,4315.0,3285.6
26,max_power_bg_invert,64,0,1,71.0,4314.0,3286.0
26,max_power_bg_invert,65,0,1,71.0,4315.0,3285.6
26,max_power_bg_invert,66,0,1,71.0,4315.0,3285.6
26,max_power_bg_invert,67,0,1,71.0,4315.0,3285.6
26,max_power_bg_invert,68,0,1,71.0,4315.0,3285.6
26,max_power_bg_invert,69,0,1,71.0,4315.0,3285.6
26,max_power_bg_invert,70,0,1,71.0,4315.0,3285.6
26,max_power_bg_invert,71,0,1,71.0,4316.0,3284.8
26,max_power_bg_invert,72,0,1,71.0,4315.0,3284.8
26,max_power_bg_invert,73,0,1,71.0,4314.0,3285.2
26,max_power_bg_invert,74,0,1,72.0,4313.0,3286.0
26,max_power_bg_invert,75,0,1,71.0,4313.0,3286.4
26,max_power_bg_invert,76,0,1,71.0,4312.0,3286.4
26,max_power_bg_invert,77,0,1,72.0,4311.0,3287.2
26,max_power_bg_invert,78,0,1,72.0,4312.0,3286.0
26,max_power_bg_invert,79,0,1,71.0,4312.0,3286.0
26,max_power_bg_invert,80,0,1,72.0,4269.0,3303.2
26,max_power_bg_invert,81,0,1,71.0,4305.0,3284.4
26,max_power_bg_invert,82,0,1,72.0,4306.0,3294.8
26,max_power_bg_invert,83,0,1,71.0,4302.0,3300.8
26,max_power_bg_invert,84,0,1,72.0,4300.0,3304.4
26,max_power_bg_invert,85,0,1,72.0,4298.0,3301.6
26,max_power_bg_invert,86,0,1,71.0,4304.0,3297.2
26,max_power_bg_invert,87,0,1,72.0,4306.0,3294.0
26,max_power_bg_invert,88,0,1,72.0,4306.0,3294.8
26,max_power_bg_invert,89,0,1,72.0,4306.0,3292.8
26,max_power_bg_invert,90,0,1,71.0,4308.0,3290.8
26,max_power_bg_invert,0,0,2,62.0,1100.0,3194.8
26,max_power_bg_invert,1,0,2,71.0,4190.0,2928.0
26,max_power_bg_invert,2,0,2,71.0,4349.0,3110.0
26,max_power_bg_invert,3,0,2,71.0,4413.0,3158.8
26,max_power_bg_invert,4,0,2,72.0,4446.0,3186.4
26,max_power_bg_invert,5,0,2,72.0,4469.0,3205.2
26,max_power_bg_invert,6,0,2,72.0,4481.0,3220.8
26,max_power_bg_invert,7,0,2,71.0,4483.0,3232.4
26,max_power_bg_invert,8,0,2,72.0,4484.0,3240.8
26,max_power_bg_invert,9,0,2,71.0,4487.0,3247.2
26,max_power_bg_invert,10,0,2,72.0,4496.0,3252.8
26,max_power_bg_invert,11,0,2,72.0,4500.0,3254.8
26,max_power_bg_invert,12,0,2,72.0,4506.0,3255.6
26,max_power_bg_invert,13,0,2,72.0,4510.0,3257.6
26,max_power_bg_invert,14,0,2,72.0,4516.0,3255.6
26,max_power_bg_invert,15,0,2,72.0,4518.0,3258.0
26,max_power_bg_invert,16,0,2,72.0,4520.0,3256.8
26,max_power_bg_invert,17,0,2,72.0,4524.0,3258.8
26,max_power_bg_invert,18,0,2,72.0,4525.0,3258.0
26,max_power_bg_invert,19,0,2,72.0,4527.0,3261.6
26,max_power_bg_invert,20,0,2,71.0,4527.0,3261.2
26,max_power_bg_invert,21,0,2,72.0,4530.0,3258.8
26,max_power_bg_invert,22,0,2,72.0,4532.0,3262.8
26,max_power_bg_invert,23,0,2,72.0,4532.0,3262.8
26,max_power_bg_invert,24,0,2,72.0,4532.0,3262.8
26,max_power_bg_invert,25,0,2,72.0,4532.0,3262.0
26,max_power_bg_invert,26,0,2,72.0,4531.0,3267.6
26,max_power_bg_invert,27,0,2,71.0,4531.0,3267.6
26,max_power_bg_invert,28,0,2,72.0,4532.0,3266.8
26,max_power_bg_invert,29,0,2,72.0,4531.0,3266.0
26,max_power_bg_invert,30,0,2,72.0,4532.0,3265.6
26,max_power_bg_invert,31,0,2,72.0,4533.0,3265.6
26,max_power_bg_invert,32,0,2,72.0,4534.0,3264.8
26,max_power_bg_invert,33,0,2,72.0,4535.0,3269.2
26,max_power_bg_invert,34,0,2,72.0,4535.0,3269.2
26,max_power_bg_invert,35,0,2,72.0,4535.0,3268.4
26,max_power_bg_invert,36,0,2,72.0,4535.0,3268.0
26,max_power_bg_invert,37,0,2,72.0,4535.0,3268.0
26,max_power_bg_invert,38,0,2,72.0,4536.0,3267.2
26,max_power_bg_invert,39,0,2,72.0,4537.0,3266.4
26,max_power_bg_invert,40,0,2,72.0,4543.0,3277.2
26,max_power_bg_invert,41,0,2,72.0,4556.0,3270.0
26,max_power_bg_invert,42,0,2,72.0,4557.0,3274.0
26,max_power_bg_invert,43,0,2,72.0,4560.0,3270.4
26,max_power_bg_invert,44,0,2,72.0,4559.0,3270.8
26,max_power_bg_invert,45,0,2,72.0,4554.0,3272.8
26,max_power_bg_invert,46,0,2,72.0,4549.0,3274.8
26,max_power_bg_invert,47,0,2,72.0,4543.0,3280.8
26,max_power_bg_invert,48,0,2,72.0,4542.0,3281.2
26,max_power_bg_invert,49,0,2,72.0,4545.0,3278.8
26,max_power_bg_invert,50,0,2,72.0,4545.0,3276.4
26,max_power_bg_invert,51,0,2,72.0,4546.0,3280.4
26,max_power_bg_invert,52,0,2,72.0,4542.0,3281.6
26,max_power_bg_invert,53,0,2,72.0,4541.0,3282.8
26,max_power_bg_invert,54,0,2,72.0,4541.0,3282.8
26,max_power_bg_invert,55,0,2,72.0,4541.0,3286.4
26,max_power_bg_invert,56,0,2,72.0,4538.0,3287.2
26,max_power_bg_invert,57,0,2,72.0,4537.0,3287.2
26,max_power_bg_invert,58,0,2,72.0,4539.0,3286.0
26,max_power_bg_invert,59,0,2,72.0,4539.0,3290.0
26,max_power_bg_invert,60,0,2,72.0,4539.0,3289.2
26,max_power_bg_invert,61,0,2,72.0,4537.0,3290.0
26,max_power_bg_invert,62,0,2,72.0,4538.0,3290.0
26,max_power_bg_invert,63,0,2,72.0,4538.0,3289.6
26,max_power_bg_invert,64,0,2,72.0,4537.0,3291.2
26,max_power_bg_invert,65,0,2,72.0,4535.0,3291.2
26,max_power_bg_invert,66,0,2,72.0,4535.0,3291.2
26,max_power_bg_invert,67,0,2,72.0,4535.0,3296.4
26,max_power_bg_invert,68,0,2,72.0,4535.0,3295.6
26,max_power_bg_invert,69,0,2,72.0,4535.0,3295.2
26,max_power_bg_invert,70,0,2,72.0,4536.0,3297.2
26,max_power_bg_invert,71,0,2,72.0,4537.0,3296.8
26,max_power_bg_invert,72,0,2,72.0,4538.0,3295.2
26,max_power_bg_invert,73,0,2,72.0,4539.0,3294.8
26,max_power_bg_invert,74,0,2,72.0,4540.0,3294.4
26,max_power_bg_invert,75,0,2,72.0,4541.0,3294.8
26,max_power_bg_invert,76,0,2,72.0,4541.0,3295.2
26,max_power_bg_invert,77,0,2,72.0,4541.0,3299.6
26,max_power_bg_invert,78,0,2,72.0,4541.0,3299.2
26,max_power_bg_invert,79,0,2,72.0,4541.0,3299.6
26,max_power_bg_invert,80,0,2,72.0,4500.0,3340.8
26,max_power_bg_invert,81,0,2,72.0,4530.0,3323.2
26,max_power_bg_invert,82,0,2,72.0,4539.0,3314.4
26,max_power_bg_invert,83,0,2,72.0,4532.0,3314.8
26,max_power_bg_invert,84,0,2,72.0,4532.0,3312.8
26,max_power_bg_invert,85,0,2,72.0,4532.0,3309.6
26,max_power_bg_invert,86,0,2,72.0,4530.0,3309.2
26,max_power_bg_invert,87,0,2,72.0,4535.0,3306.4
26,max_power_bg_invert,88,0,2,72.0,4537.0,3308.0
26,max_power_bg_invert,89,0,2,72.0,4535.0,3310.0
26,max_power_bg_invert,90,0,2,72.0,4533.0,3311.2
26,max_power_bg_invert,0,0,3,63.0,1000.0,3265.2
26,max_power_bg_invert,1,0,3,71.0,4040.0,2912.0
26,max_power_bg_invert,2,0,3,72.0,4194.0,3084.4
26,max_power_bg_invert,3,0,3,72.0,4268.0,3157.2
26,max_power_bg_invert,4,0,3,72.0,4307.0,3195.2
26,max_power_bg_invert,5,0,3,72.0,4324.0,3218.0
26,max_power_bg_invert,6,0,3,72.0,4339.0,3235.6
26,max_power_bg_invert,7,0,3,72.0,4348.0,3246.0
26,max_power_bg_invert,8,0,3,72.0,4353.0,3250.0
26,max_power_bg_invert,9,0,3,72.0,4360.0,3256.0
26,max_power_bg_invert,10,0,3,72.0,4360.0,3264.8
26,max_power_bg_invert,11,0,3,72.0,4365.0,3264.8
26,max_power_bg_invert,12,0,3,72.0,4371.0,3267.6
26,max_power_bg_invert,13,0,3,72.0,4370.0,3271.6
26,max_power_bg_invert,14,0,3,72.0,4369.0,3278.4
26,max_power_bg_invert,15,0,3,72.0,4369.0,3283.6
26,max_power_bg_invert,16,0,3,72.0,4373.0,3281.2
26,max_power_bg_invert,17,0,3,72.0,4375.0,3284.0
26,max_power_bg_invert,18,0,3,72.0,4376.0,3284.0
26,max_power_bg_invert,19,0,3,72.0,4377.0,3287.6
26,max_power_bg_invert,20,0,3,72.0,4377.0,3287.2
26,max_power_bg_invert,21,0,3,72.0,4379.0,3290.4
26,max_power_bg_invert,22,0,3,72.0,4381.0,3290.8
26,max_power_bg_invert,23,0,3,72.0,4382.0,3290.0
26,max_power_bg_invert,24,0,3,72.0,4383.0,3288.8
26,max_power_bg_invert,25,0,3,72.0,4385.0,3291.2
26,max_power_bg_invert,26,0,3,72.0,4386.0,3290.4
26,max_power_bg_invert,27,0,3,72.0,4386.0,3292.0
26,max_power_bg_invert,28,0,3,72.0,4387.0,3292.0
26,max_power_bg_invert,29,0,3,72.0,4389.0,3290.4
26,max_power_bg_invert,30,0,3,72.0,4389.0,3295.2
26,max_power_bg_invert,31,0,3,72.0,4390.0,3294.4
26,max_power_bg_invert,32,0,3,72.0,4391.0,3294.8
26,max_power_bg_invert,33,0,3,72.0,4392.0,3294.4
26,max_power_bg_invert,34,0,3,72.0,4392.0,3294.4
26,max_power_bg_invert,35,0,3,72.0,4392.0,3293.6
26,max_power_bg_invert,36,0,3,72.0,4393.0,3292.8
26,max_power_bg_invert,37,0,3,72.0,4391.0,3298.4
26,max_power_bg_invert,38,0,3,72.0,4393.0,3298.0
26,max_power_bg_invert,39,0,3,72.0,4392.0,3298.0
26,max_power_bg_invert,40,0,3,72.0,4450.0,3269.2
26,max_power_bg_invert,41,0,3,72.0,4415.0,3289.6
26,max_power_bg_invert,42,0,3,72.0,4416.0,3293.6
26,max_power_bg_invert,43,0,3,72.0,4415.0,3293.6
26,max_power_bg_invert,44,0,3,72.0,4412.0,3296.0
26,max_power_bg_invert,45,0,3,72.0,4410.0,3299.2
26,max_power_bg_invert,46,0,3,72.0,4411.0,3298.4
26,max_power_bg_invert,47,0,3,72.0,4411.0,3299.2
26,max_power_bg_invert,48,0,3,72.0,4414.0,3297.2
26,max_power_bg_invert,49,0,3,72.0,4414.0,3296.4
26,max_power_bg_invert,50,0,3,72.0,4411.0,3296.8
26,max_power_bg_invert,51,0,3,72.0,4410.0,3298.4
26,max_power_bg_invert,52,0,3,72.0,4411.0,3300.4
26,max_power_bg_invert,53,0,3,72.0,4410.0,3300.8
26,max_power_bg_invert,54,0,3,72.0,4412.0,3299.6
26,max_power_bg_invert,55,0,3,72.0,4410.0,3299.2
26,max_power_bg_invert,56,0,3,72.0,4409.0,3300.0
26,max_power_bg_invert,57,0,3,72.0,4410.0,3300.4
26,max_power_bg_invert,58,0,3,72.0,4409.0,3300.4
26,max_power_bg_invert,59,0,3,72.0,4409.0,3300.0
26,max_power_bg_invert,60,0,3,72.0,4408.0,3299.2
26,max_power_bg_invert,61,0,3,72.0,4406.0,3300.8
26,max_power_bg_invert,62,0,3,72.0,4407.0,3298.8
26,max_power_bg_invert,63,0,3,72.0,4406.0,3298.4
26,max_power_bg_invert,64,0,3,72.0,4406.0,3297.2
26,max_power_bg_invert,65,0,3,72.0,4405.0,3299.2
26,max_power_bg_invert,66,0,3,72.0,4405.0,3298.8
26,max_power_bg_invert,67,0,3,72.0,4406.0,3297.6
26,max_power_bg_invert,68,0,3,72.0,4406.0,3298.0
26,max_power_bg_invert,69,0,3,72.0,4405.0,3298.0
26,max_power_bg_invert,70,0,3,72.0,4405.0,3297.6
26,max_power_bg_invert,71,0,3,72.0,4405.0,3298.0
26,max_power_bg_invert,72,0,3,72.0,4405.0,3297.6
26,max_power_bg_invert,73,0,3,72.0,4405.0,3297.6
26,max_power_bg_invert,74,0,3,72.0,4406.0,3297.6
26,max_power_bg_invert,75,0,3,72.0,4404.0,3299.2
26,max_power_bg_invert,76,0,3,72.0,4404.0,3298.8
26,max_power_bg_invert,77,0,3,72.0,4403.0,3298.8
26,max_power_bg_invert,78,0,3,72.0,4403.0,3299.2
26,max_power_bg_invert,79,0,3,72.0,4404.0,3298.0
26,max_power_bg_invert,80,0,3,72.0,4400.0,3299.2
26,max_power_bg_invert,81,0,3,72.0,4385.0,3309.6
26,max_power_bg_invert,82,0,3,72.0,4386.0,3308.8
26,max_power_bg_invert,83,0,3,72.0,4395.0,3298.4
26,max_power_bg_invert,84,0,3,72.0,4404.0,3293.6
26,max_power_bg_invert,85,0,3,72.0,4400.0,3297.6
26,max_power_bg_invert,86,0,3,72.0,4398.0,3299.6
26,max_power_bg_invert,87,0,3,72.0,4402.0,3295.2
26,max_power_bg_invert,88,0,3,72.0,4402.0,3294.8
26,max_power_bg_invert,89,0,3,72.0,4403.0,3293.2
26,max_power_bg_invert,90,0,3,72.0,4403.0,3294.8
26,max_power_bg_invert,0,1,2,63.0,1075.0,3222.4
26,max_power_bg_invert,1,1,2,72.0,4050.0,2845.2
26,max_power_bg_invert,2,1,2,72.0,4215.0,3079.6
26,max_power_bg_invert,3,1,2,72.0,4296.0,3130.4
26,max_power_bg_invert,4,1,2,72.0,4328.0,3174.8
26,max_power_bg_invert,5,1,2,72.0,4342.0,3197.6
26,max_power_bg_invert,6,1,2,72.0,4345.0,3219.2
26,max_power_bg_invert,7,1,2,72.0,4352.0,3228.0
26,max_power_bg_invert,8,1,2,72.0,4357.0,3237.6
26,max_power_bg_invert,9,1,2,72.0,4360.0,3246.0
26,max_power_bg_invert,10,1,2,72.0,4362.0,3254.0
26,max_power_bg_invert,11,1,2,72.0,4367.0,3253.2
26,max_power_bg_invert,12,1,2,72.0,4368.0,3258.8
26,max_power_bg_invert,13,1,2,72.0,4368.0,3263.2
26,max_power_bg_invert,14,1,2,72.0,4367.0,3268.0
26,max_power_bg_invert,15,1,2,72.0,4365.0,3273.2
26,max_power_bg_invert,16,1,2,72.0,4369.0,3271.6
26,max_power_bg_invert,17,1,2,72.0,4372.0,3275.2
26,max_power_bg_invert,18,1,2,72.0,4371.0,3276.4
26,max_power_bg_invert,19,1,2,72.0,4374.0,3280.4
26,max_power_bg_invert,20,1,2,72.0,4373.0,3281.2
26,max_power_bg_invert,21,1,2,72.0,4377.0,3284.8
26,max_power_bg_invert,22,1,2,72.0,4378.0,3284.0
26,max_power_bg_invert,23,1,2,72.0,4381.0,3282.4
26,max_power_bg_invert,24,1,2,72.0,4382.0,3281.6
26,max_power_bg_invert,25,1,2,72.0,4382.0,3286.0
26,max_power_bg_invert,26,1,2,72.0,4382.0,3286.0
26,max_power_bg_invert,27,1,2,72.0,4383.0,3285.6
26,max_power_bg_invert,28,1,2,72.0,4386.0,3284.4
26,max_power_bg_invert,29,1,2,72.0,4387.0,3284.0
26,max_power_bg_invert,30,1,2,72.0,4388.0,3289.2
26,max_power_bg_invert,31,1,2,72.0,4388.0,3289.2
26,max_power_bg_invert,32,1,2,72.0,4389.0,3288.0
26,max_power_bg_invert,33,1,2,72.0,4389.0,3288.0
26,max_power_bg_invert,34,1,2,72.0,4390.0,3287.2
26,max_power_bg_invert,35,1,2,72.0,4390.0,3287.6
26,max_power_bg_invert,36,1,2,72.0,4390.0,3287.6
26,max_power_bg_invert,37,1,2,73.0,4390.0,3292.0
26,max_power_bg_invert,38,1,2,72.0,4391.0,3291.2
26,max_power_bg_invert,39,1,2,72.0,4391.0,3291.2
26,max_power_bg_invert,40,1,2,72.0,4389.0,3306.4
26,max_power_bg_invert,41,1,2,72.0,4394.0,3304.0
26,max_power_bg_invert,42,1,2,72.0,4383.0,3299.6
26,max_power_bg_invert,43,1,2,72.0,4392.0,3296.0
26,max_power_bg_invert,44,1,2,72.0,4395.0,3293.2
26,max_power_bg_invert,45,1,2,72.0,4394.0,3295.6
26,max_power_bg_invert,46,1,2,72.0,4389.0,3298.0
26,max_power_bg_invert,47,1,2,72.0,4392.0,3296.8
26,max_power_bg_invert,48,1,2,72.0,4391.0,3296.8
26,max_power_bg_invert,49,1,2,72.0,4394.0,3294.0
26,max_power_bg_invert,50,1,2,72.0,4399.0,3292.0
26,max_power_bg_invert,51,1,2,72.0,4398.0,3293.2
26,max_power_bg_invert,52,1,2,72.0,4396.0,3294.8
26,max_power_bg_invert,53,1,2,72.0,4395.0,3295.6
26,max_power_bg_invert,54,1,2,72.0,4397.0,3295.2
26,max_power_bg_invert,55,1,2,72.0,4401.0,3293.2
26,max_power_bg_invert,56,1,2,72.0,4402.0,3293.2
26,max_power_bg_invert,57,1,2,73.0,4399.0,3294.0
26,max_power_bg_invert,58,1,2,72.0,4397.0,3293.6
26,max_power_bg_invert,59,1,2,73.0,4396.0,3294.0
26,max_power_bg_invert,60,1,2,72.0,4396.0,3292.4
26,max_power_bg_invert,61,1,2,72.0,4397.0,3292.8
26,max_power_bg_invert,62,1,2,72.0,4397.0,3296.8
26,max_power_bg_invert,63,1,2,72.0,4397.0,3296.8
26,max_power_bg_invert,64,1,2,72.0,4398.0,3296.4
26,max_power_bg_invert,65,1,2,73.0,4398.0,3296.8
26,max_power_bg_invert,66,1,2,72.0,4399.0,3295.6
26,max_power_bg_invert,67,1,2,72.0,4398.0,3296.0
26,max_power_bg_invert,68,1,2,72.0,4398.0,3295.2
26,max_power_bg_invert,69,1,2,73.0,4399.0,3295.2
26,max_power_bg_invert,70,1,2,72.0,4398.0,3294.8
26,max_power_bg_invert,71,1,2,72.0,4400.0,3294.0
26,max_power_bg_invert,72,1,2,72.0,4401.0,3292.8
26,max_power_bg_invert,73,1,2,72.0,4402.0,3292.8
26,max_power_bg_invert,74,1,2,72.0,4402.0,3297.2
26,max_power_bg_invert,75,1,2,72.0,4402.0,3297.2
26,max_power_bg_invert,76,1,2,72.0,4402.0,3296.8
26,max_power_bg_invert,77,1,2,72.0,4401.0,3297.6
26,max_power_bg_invert,78,1,2,72.0,4400.0,3297.6
26,max_power_bg_invert,79,1,2,72.0,4401.0,3297.2
26,max_power_bg_invert,80,1,2,72.0,4380.0,3307.2
26,max_power_bg_invert,81,1,2,72.0,4400.0,3289.6
26,max_power_bg_invert,82,1,2,72.0,4410.0,3293.2
26,max_power_bg_invert,83,1,2,72.0,4415.0,3290.0
26,max_power_bg_invert,84,1,2,72.0,4404.0,3299.6
26,max_power_bg_invert,85,1,2,72.0,4403.0,3304.8
26,max_power_bg_invert,86,1,2,72.0,4405.0,3303.2
26,max_power_bg_invert,87,1,2,72.0,4411.0,3301.2
26,max_power_bg_invert,88,1,2,72.0,4401.0,3304.8
26,max_power_bg_invert,89,1,2,72.0,4404.0,3311.2
26,max_power_bg_invert,90,1,2,73.0,4409.0,3308.4
26,max_power_bg_invert,0,1,3,63.0,1000.0,3273.6
26,max_power_bg_invert,1,1,3,72.0,3910.0,2850.8
26,max_power_bg_invert,2,1,3,72.0,4080.0,3078.4
26,max_power_bg_invert,3,1,3,72.0,4127.0,3146.4
26,max_power_bg_invert,4,1,3,72.0,4156.0,3192.0
26,max_power_bg_invert,5,1,3,72.0,4177.0,3210.4
26,max_power_bg_invert,6,1,3,72.0,4194.0,3220.0
26,max_power_bg_invert,7,1,3,72.0,4200.0,3229.2
26,max_power_bg_invert,8,1,3,72.0,4210.0,3240.0
26,max_power_bg_invert,9,1,3,72.0,4215.0,3247.6
26,max_power_bg_invert,10,1,3,72.0,4217.0,3253.2
26,max_power_bg_invert,11,1,3,72.0,4219.0,3257.6
26,max_power_bg_invert,12,1,3,72.0,4219.0,3261.2
26,max_power_bg_invert,13,1,3,72.0,4222.0,3263.6
26,max_power_bg_invert,14,1,3,72.0,4225.0,3267.6
26,max_power_bg_invert,15,1,3,72.0,4229.0,3264.0
26,max_power_bg_invert,16,1,3,72.0,4228.0,3268.4
26,max_power_bg_invert,17,1,3,72.0,4230.0,3266.0
26,max_power_bg_invert,18,1,3,72.0,4230.0,3271.6
26,max_power_bg_invert,19,1,3,72.0,4231.0,3271.2
26,max_power_bg_invert,20,1,3,72.0,4232.0,3275.2
26,max_power_bg_invert,21,1,3,72.0,4234.0,3273.6
26,max_power_bg_invert,22,1,3,72.0,4236.0,3271.6
26,max_power_bg_invert,23,1,3,72.0,4236.0,3270.4
26,max_power_bg_invert,24,1,3,72.0,4237.0,3274.8
26,max_power_bg_invert,25,1,3,72.0,4239.0,3273.6
26,max_power_bg_invert,26,1,3,72.0,4240.0,3272.8
26,max_power_bg_invert,27,1,3,72.0,4239.0,3273.2
26,max_power_bg_invert,28,1,3,72.0,4240.0,3277.2
26,max_power_bg_invert,29,1,3,72.0,4240.0,3276.4
26,max_power_bg_invert,30,1,3,72.0,4240.0,3276.4
26,max_power_bg_invert,31,1,3,72.0,4240.0,3275.2
26,max_power_bg_invert,32,1,3,72.0,4241.0,3275.2
26,max_power_bg_invert,33,1,3,72.0,4242.0,3274.0
26,max_power_bg_invert,34,1,3,72.0,4243.0,3278.0
26,max_power_bg_invert,35,1,3,72.0,4244.0,3277.2
26,max_power_bg_invert,36,1,3,72.0,4245.0,3276.4
26,max_power_bg_invert,37,1,3,72.0,4245.0,3276.4
26,max_power_bg_invert,38,1,3,73.0,4245.0,3276.8
26,max_power_bg_invert,39,1,3,72.0,4246.0,3276.0
26,max_power_bg_invert,40,1,3,72.0,4244.0,3292.0
26,max_power_bg_invert,41,1,3,72.0,4257.0,3292.4
26,max_power_bg_invert,42,1,3,72.0,4264.0,3296.8
26,max_power_bg_invert,43,1,3,72.0,4261.0,3296.0
26,max_power_bg_invert,44,1,3,72.0,4268.0,3290.0
26,max_power_bg_invert,45,1,3,73.0,4266.0,3298.0
26,max_power_bg_invert,46,1,3,72.0,4267.0,3298.8
26,max_power_bg_invert,47,1,3,73.0,4266.0,3298.4
26,max_power_bg_invert,48,1,3,72.0,4263.0,3305.2
26,max_power_bg_invert,49,1,3,73.0,4264.0,3304.8
26,max_power_bg_invert,50,1,3,72.0,4263.0,3304.8
26,max_power_bg_invert,51,1,3,72.0,4263.0,3302.8
26,max_power_bg_invert,52,1,3,72.0,4264.0,3302.0
26,max_power_bg_invert,53,1,3,72.0,4265.0,3301.2
26,max_power_bg_invert,54,1,3,73.0,4265.0,3306.4
26,max_power_bg_invert,55,1,3,72.0,4264.0,3306.4
26,max_power_bg_invert,56,1,3,73.0,4265.0,3307.2
26,max_power_bg_invert,57,1,3,72.0,4266.0,3306.0
26,max_power_bg_invert,58,1,3,72.0,4268.0,3305.2
26,max_power_bg_invert,59,1,3,72.0,4269.0,3304.0
26,max_power_bg_invert,60,1,3,73.0,4269.0,3303.6
26,max_power_bg_invert,61,1,3,72.0,4269.0,3306.8
26,max_power_bg_invert,62,1,3,73.0,4268.0,3307.6
26,max_power_bg_invert,63,1,3,73.0,4269.0,3306.8
26,max_power_bg_invert,64,1,3,73.0,4272.0,3304.8
26,max_power_bg_invert,65,1,3,72.0,4270.0,3305.6
26,max_power_bg_invert,66,1,3,72.0,4270.0,3306.0
26,max_power_bg_invert,67,1,3,72.0,4269.0,3305.2
26,max_power_bg_invert,68,1,3,72.0,4268.0,3305.2
26,max_power_bg_invert,69,1,3,72.0,4267.0,3306.0
26,max_power_bg_invert,70,1,3,73.0,4266.0,3305.6
26,max_power_bg_invert,71,1,3,72.0,4266.0,3305.2
26,max_power_bg_invert,72,1,3,72.0,4266.0,3304.8
26,max_power_bg_invert,73,1,3,73.0,4266.0,3304.8
26,max_power_bg_invert,74,1,3,73.0,4266.0,3304.8
26,max_power_bg_invert,75,1,3,73.0,4266.0,3305.2
26,max_power_bg_invert,76,1,3,72.0,4268.0,3304.0
26,max_power_bg_invert,77,1,3,73.0,4268.0,3304.4
26,max_power_bg_invert,78,1,3,73.0,4267.0,3303.6
26,max_power_bg_invert,79,1,3,72.0,4267.0,3303.6
26,max_power_bg_invert,80,1,3,72.0,4260.0,3305.2
26,max_power_bg_invert,81,1,3,72.0,4257.0,3306.8
26,max_power_bg_invert,82,1,3,72.0,4262.0,3304.4
26,max_power_bg_invert,83,1,3,72.0,4261.0,3305.2
26,max_power_bg_invert,84,1,3,73.0,4259.0,3310.0
26,max_power_bg_invert,85,1,3,73.0,4263.0,3312.8
26,max_power_bg_invert,86,1,3,72.0,4258.0,3315.6
26,max_power_bg_invert,87,1,3,73.0,4258.0,3316.4
26,max_power_bg_invert,88,1,3,73.0,4263.0,3314.8
26,max_power_bg_invert,89,1,3,73.0,4262.0,3312.8
26,max_power_bg_invert,90,1,3,72.0,4264.0,3311.6
26,max_power_bg_invert,0,2,3,63.0,1000.0,3242.8
26,max_power_bg_invert,1,2,3,71.0,3990.0,2888.8
26,max_power_bg_invert,2,2,3,72.0,4136.0,3076.4
26,max_power_bg_invert,3,2,3,72.0,4199.0,3147.6
26,max_power_bg_invert,4,2,3,72.0,4228.0,3192.0
26,max_power_bg_invert,5,2,3,72.0,4242.0,3216.8
26,max_power_bg_invert,6,2,3,72.0,4263.0,3222.8
26,max_power_bg_invert,7,2,3,72.0,4276.0,3233.6
26,max_power_bg_invert,8,2,3,72.0,4282.0,3237.6
26,max_power_bg_invert,9,2,3,72.0,4284.0,3244.0
26,max_power_bg_invert,10,2,3,72.0,4288.0,3251.2
26,max_power_bg_invert,11,2,3,72.0,4293.0,3252.0
26,max_power_bg_invert,12,2,3,72.0,4296.0,3254.0
26,max_power_bg_invert,13,2,3,72.0,4297.0,3258.4
26,max_power_bg_invert,14,2,3,72.0,4296.0,3264.0
26,max_power_bg_invert,15,2,3,72.0,4297.0,3261.2
26,max_power_bg_invert,16,2,3,72.0,4298.0,3264.8
26,max_power_bg_invert,17,2,3,72.0,4298.0,3264.4
26,max_power_bg_invert,18,2,3,72.0,4297.0,3268.8
26,max_power_bg_invert,19,2,3,72.0,4297.0,3269.6
26,max_power_bg_invert,20,2,3,72.0,4298.0,3273.2
26,max_power_bg_invert,21,2,3,72.0,4298.0,3273.2
26,max_power_bg_invert,22,2,3,72.0,4298.0,3271.6
26,max_power_bg_invert,23,2,3,72.0,4299.0,3271.6
26,max_power_bg_invert,24,2,3,72.0,4301.0,3274.8
26,max_power_bg_invert,25,2,3,72.0,4301.0,3275.2
26,max_power_bg_invert,26,2,3,72.0,4301.0,3274.8
26,max_power_bg_invert,27,2,3,72.0,4301.0,3276.0
26,max_power_bg_invert,28,2,3,72.0,4302.0,3280.4
26,max_power_bg_invert,29,2,3,72.0,4302.0,3280.0
26,max_power_bg_invert,30,2,3,72.0,4302.0,3280.0
26,max_power_bg_invert,31,2,3,72.0,4301.0,3280.4
26,max_power_bg_invert,32,2,3,72.0,4301.0,3280.4
26,max_power_bg_invert,33,2,3,72.0,4301.0,3279.6
26,max_power_bg_invert,34,2,3,72.0,4302.0,3278.4
26,max_power_bg_invert,35,2,3,72.0,4303.0,3283.2
26,max_power_bg_invert,36,2,3,72.0,4303.0,3283.2
26,max_power_bg_invert,37,2,3,72.0,4305.0,3282.0
26,max_power_bg_invert,38,2,3,72.0,4306.0,3281.2
26,max_power_bg_invert,39,2,3,72.0,4305.0,3281.6
26,max_power_bg_invert,40,2,3,72.0,4330.0,3308.8
26,max_power_bg_invert,41,2,3,72.0,4335.0,3290.8
26,max_power_bg_invert,42,2,3,72.0,4320.0,3296.0
26,max_power_bg_invert,43,2,3,72.0,4305.0,3297.6
26,max_power_bg_invert,44,2,3,72.0,4304.0,3296.8
26,max_power_bg_invert,45,2,3,72.0,4306.0,3298.4
26,max_power_bg_invert,46,2,3,72.0,4305.0,3300.8
26,max_power_bg_invert,47,2,3,72.0,4302.0,3302.4
26,max_power_bg_invert,48,2,3,72.0,4302.0,3300.4
26,max_power_bg_invert,49,2,3,72.0,4302.0,3301.2
26,max_power_bg_invert,50,2,3,72.0,4301.0,3301.6
26,max_power_bg_invert,51,2,3,72.0,4300.0,3301.6
26,max_power_bg_invert,52,2,3,72.0,4305.0,3299.2
26,max_power_bg_invert,53,2,3,72.0,4306.0,3298.4
26,max_power_bg_invert,54,2,3,72.0,4306.0,3299.2
26,max_power_bg_invert,55,2,3,72.0,4307.0,3299.2
26,max_power_bg_invert,56,2,3,72.0,4306.0,3299.6
26,max_power_bg_invert,57,2,3,72.0,4305.0,3299.6
26,max_power_bg_invert,58,2,3,72.0,4304.0,3298.8
26,max_power_bg_invert,59,2,3,72.0,4304.0,3299.2
26,max_power_bg_invert,60,2,3,72.0,4304.0,3298.8
26,max_power_bg_invert,61,2,3,72.0,4306.0,3298.0
26,max_power_bg_invert,62,2,3,72.0,4308.0,3296.8
26,max_power_bg_invert,63,2,3,72.0,4308.0,3296.8
26,max_power_bg_invert,64,2,3,72.0,4308.0,3296.4
26,max_power_bg_invert,65,2,3,72.0,4308.0,3296.0
26,max_power_bg_invert,66,2,3,72.0,4308.0,3296.0
26,max_power_bg_invert,67,2,3,72.0,4308.0,3295.6
26,max_power_bg_invert,68,2,3,72.0,4310.0,3294.8
26,max_power_bg_invert,69,2,3,72.0,4309.0,3295.2
26,max_power_bg_invert,70,2,3,72.0,4308.0,3295.6
26,max_power_bg_invert,71,2,3,72.0,4309.0,3295.2
26,max_power_bg_invert,72,2,3,72.0,4309.0,3295.2
26,max_power_bg_invert,73,2,3,72.0,4309.0,3295.6
26,max_power_bg_invert,74,2,3,72.0,4309.0,3295.2
26,max_power_bg_invert,75,2,3,72.0,4310.0,3294.8
26,max_power_bg_invert,76,2,3,72.0,4311.0,3294.0
26,max_power_bg_invert,77,2,3,72.0,4312.0,3292.8
26,max_power_bg_invert,78,2,3,72.0,4312.0,3292.8
26,max_power_bg_invert,79,2,3,72.0,4313.0,3292.4
26,max_power_bg_invert,80,2,3,72.0,4330.0,3291.6
26,max_power_bg_invert,81,2,3,72.0,4324.0,3286.4
26,max_power_bg_invert,82,2,3,72.0,4316.0,3288.8
26,max_power_bg_invert,83,2,3,72.0,4320.0,3288.4
26,max_power_bg_invert,84,2,3,72.0,4320.0,3292.0
26,max_power_bg_invert,85,2,3,72.0,4320.0,3290.4
26,max_power_bg_invert,86,2,3,72.0,4318.0,3290.0
26,max_power_bg_invert,87,2,3,72.0,4317.0,3289.6
26,max_power_bg_invert,88,2,3,72.0,4317.0,3292.0
26,max_power_bg_invert,89,2,3,72.0,4314.0,3293.2
26,max_power_bg_invert,90,2,3,72.0,4313.0,3293.6
27,max_power_bg_invert,0,0,1,60.0,900.0,3210.8
27,max_power_bg_invert,1,0,1,66.0,3660.0,2911.2
27,max_power_bg_invert,2,0,1,67.0,3835.0,3094.8
27,max_power_bg_invert,3,0,1,67.0,3896.0,3143.6
27,max_power_bg_invert,4,0,1,67.0,3930.0,3179.2
27,max_power_bg_invert,5,0,1,67.0,3944.0,3196.4
27,max_power_bg_invert,6,0,1,67.0,3954.0,3209.2
27,max_power_bg_invert,7,0,1,67.0,3963.0,3220.0
27,max_power_bg_invert,8,0,1,67.0,3971.0,3224.8
27,max_power_bg_invert,9,0,1,67.0,3971.0,3234.0
27,max_power_bg_invert,10,0,1,67.0,3975.0,3236.4
27,max_power_bg_invert,11,0,1,67.0,3979.0,3239.2
27,max_power_bg_invert,12,0,1,67.0,3982.0,3242.8
27,max_power_bg_invert,13,0,1,67.0,3981.0,3248.0
27,max_power_bg_invert,14,0,1,67.0,3982.0,3251.6
27,max_power_bg_invert,15,0,1,67.0,3984.0,3251.2
27,max_power_bg_invert,16,0,1,67.0,3985.0,3254.8
27,max_power_bg_invert,17,0,1,67.0,3987.0,3252.8
27,max_power_bg_invert,18,0,1,67.0,3990.0,3256.4
27,max_power_bg_invert,19,0,1,67.0,3990.0,3256.4
27,max_power_bg_invert,20,0,1,67.0,3993.0,3254.8
27,max_power_bg_invert,21,0,1,67.0,3994.0,3258.0
27,max_power_bg_invert,22,0,1,67.0,3993.0,3258.4
27,max_power_bg_invert,23,0,1,67.0,3994.0,3257.6
27,max_power_bg_invert,24,0,1,67.0,3995.0,3257.2
27,max_power_bg_invert,25,0,1,67.0,3996.0,3261.2
27,max_power_bg_invert,26,0,1,67.0,3995.0,3261.6
27,max_power_bg_invert,27,0,1,67.0,3995.0,3260.4
27,max_power_bg_invert,28,0,1,67.0,3997.0,3260.0
27,max_power_bg_invert,29,0,1,67.0,3997.0,3259.6
27,max_power_bg_invert,30,0,1,67.0,3997.0,3259.6
27,max_power_bg_invert,31,0,1,67.0,3997.0,3265.2
27,max_power_bg_invert,32,0,1,67.0,3997.0,3264.8
27,max_power_bg_invert,33,0,1,67.0,3997.0,3265.2
27,max_power_bg_invert,34,0,1,67.0,3997.0,3265.2
27,max_power_bg_invert,35,0,1,67.0,3998.0,3264.4
27,max_power_bg_invert,36,0,1,67.0,3999.0,3262.8
27,max_power_bg_invert,37,0,1,67.0,4001.0,3261.6
27,max_power_bg_invert,38,0,1,67.0,4003.0,3260.8
27,max_power_bg_invert,39,0,1,67.0,4002.0,3260.4
27,max_power_bg_invert,40,0,1,67.0,4030.0,3252.0
27,max_power_bg_invert,41,0,1,67.0,4025.0,3254.8
27,max_power_bg_invert,42,0,1,67.0,4033.0,3251.6
27,max_power_bg_invert,43,0,1,67.0,4027.0,3256.4
27,max_power_bg_invert,44,0,1,67.0,4026.0,3256.0
27,max_power_bg_invert,45,0,1,67.0,4022.0,3258.0
27,max_power_bg_invert,46,0,1,67.0,4015.0,3261.6
27,max_power_bg_invert,47,0,1,67.0,4013.0,3261.2
27,max_power_bg_invert,48,0,1,67.0,4019.0,3258.8
27,max_power_bg_invert,49,0,1,67.0,4020.0,3258.8
27,max_power_bg_invert,50,0,1,67.0,4022.0,3259.2
27,max_power_bg_invert,51,0,1,67.0,4021.0,3260.0
27,max_power_bg_invert,52,0,1,67.0,4018.0,3260.4
27,max_power_bg_invert,53,0,1,67.0,4018.0,3260.4
27,max_power_bg_invert,54,0,1,67.0,4019.0,3260.0
27,max_power_bg_invert,55,0,1,67.0,4020.0,3258.8
27,max_power_bg_invert,56,0,1,67.0,4020.0,3258.4
27,max_power_bg_invert,57,0,1,67.0,4021.0,3257.2
27,max_power_bg_invert,58,0,1,67.0,4019.0,3258.4
27,max_power_bg_invert,59,0,1,67.0,4019.0,3260.0
27,max_power_bg_invert,60,0,1,67.0,4020.0,3259.2
27,max_power_bg_invert,61,0,1,67.0,4020.0,3258.8
27,max_power_bg_invert,62,0,1,67.0,4018.0,3259.2
27,max_power_bg_invert,63,0,1,67.0,4019.0,3258.8
27,max_power_bg_invert,64,0,1,67.0,4018.0,3259.6
27,max_power_bg_invert,65,0,1,67.0,4018.0,3258.0
27,max_power_bg_invert,66,0,1,67.0,4018.0,3258.0
27,max_power_bg_invert,67,0,1,67.0,4017.0,3258.8
27,max_power_bg_invert,68,0,1,67.0,4016.0,3258.4
27,max_power_bg_invert,69,0,1,67.0,4016.0,3258.0
27,max_power_bg_invert,70,0,1,67.0,4015.0,3257.6
27,max_power_bg_invert,71,0,1,67.0,4014.0,3258.0
27,max_power_bg_invert,72,0,1,67.0,4013.0,3258.8
27,max_power_bg_invert,73,0,1,67.0,4012.0,3259.2
27,max_power_bg_invert,74,0,1,67.0,4011.0,3259.2
27,max_power_bg_invert,75,0,1,67.0,4011.0,3259.2
27,max_power_bg_invert,76,0,1,67.0,4011.0,3259.2
27,max_power_bg_invert,77,0,1,67.0,4011.0,3259.6
27,max_power_bg_invert,78,0,1,67.0,4010.0,3260.0
27,max_power_bg_invert,79,0,1,67.0,4009.0,3260.8
27,max_power_bg_invert,80,0,1,67.0,3970.0,3292.0
27,max_power_bg_invert,81,0,1,67.0,4005.0,3274.0
27,max_power_bg_invert,82,0,1,67.0,4006.0,3264.4
27,max_power_bg_invert,83,0,1,67.0,3997.0,3266.4
27,max_power_bg_invert,84,0,1,67.0,4000.0,3268.4
27,max_power_bg_invert,85,0,1,67.0,3996.0,3272.0
27,max_power_bg_invert,86,0,1,67.0,4001.0,3269.6
27,max_power_bg_invert,87,0,1,67.0,4001.0,3268.8
27,max_power_bg_invert,88,0,1,67.0,4002.0,3266.0
27,max_power_bg_invert,89,0,1,67.0,4006.0,3265.6
27,max_power_bg_invert,90,0,1,67.0,4003.0,3266.8
27,max_power_bg_invert,0,0,2,60.0,937.0,3193.2
27,max_power_bg_invert,1,0,2,67.0,3910.0,2832.4
27,max_power_bg_invert,2,0,2,67.0,4064.0,3061.2
27,max_power_bg_invert,3,0,2,67.0,4131.0,3115.6
27,max_power_bg_invert,4,0,2,67.0,4156.0,3158.8
27,max_power_bg_invert,5,0,2,67.0,4169.0,3183.6
27,max_power_bg_invert,6,0,2,67.0,4179.0,3194.4
27,max_power_bg_invert,7,0,2,67.0,4191.0,3201.6
27,max_power_bg_invert,8,0,2,67.0,4196.0,3210.4
27,max_power_bg_invert,9,0,2,67.0,4203.0,3216.0
27,max_power_bg_invert,10,0,2,67.0,4208.0,3217.2
27,max_power_bg_invert,11,0,2,67.0,4210.0,3221.2
27,max_power_bg_invert,12,0,2,67.0,4209.0,3226.8
27,max_power_bg_invert,13,0,2,67.0,4212.0,3229.6
27,max_power_bg_invert,14,0,2,67.0,4215.0,3231.6
27,max_power_bg_invert,15,0,2,67.0,4214.0,3235.6
27,max_power_bg_invert,16,0,2,68.0,4215.0,3234.8
27,max_power_bg_invert,17,0,2,67.0,4217.0,3237.2
27,max_power_bg_invert,18,0,2,67.0,4219.0,3236.4
27,max_power_bg_invert,19,0,2,67.0,4221.0,3239.6
27,max_power_bg_invert,20,0,2,67.0,4221.0,3238.8
27,max_power_bg_invert,21,0,2,68.0,4223.0,3242.4
27,max_power_bg_invert,22,0,2,68.0,4224.0,3242.4
27,max_power_bg_invert,23,0,2,68.0,4225.0,3246.0
27,max_power_bg_invert,24,0,2,67.0,4225.0,3245.2
27,max_power_bg_invert,25,0,2,67.0,4226.0,3242.8
27,max_power_bg_invert,26,0,2,67.0,4227.0,3245.6
27,max_power_bg_invert,27,0,2,68.0,4228.0,3244.8
27,max_power_bg_invert,28,0,2,67.0,4228.0,3244.4
27,max_power_bg_invert,29,0,2,68.0,4229.0,3248.8
27,max_power_bg_invert,30,0,2,67.0,4231.0,3247.2
27,max_power_bg_invert,31,0,2,67.0,4231.0,3247.2
27,max_power_bg_invert,32,0,2,68.0,4231.0,3252.4
27,max_power_bg_invert,33,0,2,67.0,4231.0,3252.0
27,max_power_bg_invert,34,0,2,67.0,4231.0,3251.2
27,max_power_bg_invert,35,0,2,68.0,4232.0,3256.4
27,max_power_bg_invert,36,0,2,68.0,4232.0,3256.4
27,max_power_bg_invert,37,0,2,68.0,4232.0,3256.0
27,max_power_bg_invert,38,0,2,68.0,4232.0,3256.4
27,max_power_bg_invert,39,0,2,68.0,4232.0,3255.6
27,max_power_bg_invert,40,0,2,68.0,4240.0,3275.6
27,max_power_bg_invert,41,0,2,68.0,4235.0,3278.4
27,max_power_bg_invert,42,0,2,68.0,4243.0,3280.0
27,max_power_bg_invert,43,0,2,68.0,4251.0,3276.8
27,max_power_bg_invert,44,0,2,68.0,4255.0,3275.2
27,max_power_bg_invert,45,0,2,68.0,4255.0,3274.8
27,max_power_bg_invert,46,0,2,68.0,4255.0,3274.4
27,max_power_bg_invert,47,0,2,68.0,4255.0,3278.0
27,max_power_bg_invert,48,0,2,68.0,4252.0,3279.2
27,max_power_bg_invert,49,0,2,67.0,4251.0,3279.2
27,max_power_bg_invert,50,0,2,68.0,4252.0,3280.8
27,max_power_bg_invert,51,0,2,68.0,4250.0,3280.8
27,max_power_bg_invert,52,0,2,68.0,4251.0,3279.6
27,max_power_bg_invert,53,0,2,68.0,4248.0,3280.8
27,max_power_bg_invert,54,0,2,68.0,4252.0,3278.8
27,max_power_bg_invert,55,0,2,68.0,4255.0,3276.8
27,max_power_bg_invert,56,0,2,68.0,4253.0,3277.6
27,max_power_bg_invert,57,0,2,68.0,4252.0,3277.2
27,max_power_bg_invert,58,0,2,68.0,4252.0,3278.0
27,max_power_bg_invert,59,0,2,68.0,4251.0,3278.4
27,max_power_bg_invert,60,0,2,68.0,4248.0,3279.2
27,max_power_bg_invert,61,0,2,68.0,4245.0,3281.2
27,max_power_bg_invert,62,0,2,68.0,4245.0,3280.8
27,max_power_bg_invert,63,0,2,68.0,4243.0,3281.2
27,max_power_bg_invert,64,0,2,68.0,4243.0,3280.8
27,max_power_bg_invert,65,0,2,68.0,4242.0,3282.0
27,max_power_bg_invert,66,0,2,68.0,4241.0,3282.4
27,max_power_bg_invert,67,0,2,68.0,4242.0,3282.4
27,max_power_bg_invert,68,0,2,68.0,4240.0,3283.6
27,max_power_bg_invert,69,0,2,68.0,4241.0,3283.2
27,max_power_bg_invert,70,0,2,68.0,4242.0,3282.4
27,max_power_bg_invert,71,0,2,68.0,4242.0,3282.0
27,max_power_bg_invert,72,0,2,68.0,4242.0,3281.6
27,max_power_bg_invert,73,0,2,68.0,4241.0,3281.2
27,max_power_bg_invert,74,0,2,67.0,4241.0,3281.6
27,max_power_bg_invert,75,0,2,68.0,4241.0,3281.6
27,max_power_bg_invert,76,0,2,68.0,4241.0,3280.8
27,max_power_bg_invert,77,0,2,68.0,4241.0,3280.8
27,max_power_bg_invert,78,0,2,68.0,4243.0,3279.2
27,max_power_bg_invert,79,0,2,68.0,4243.0,3278.8
27,max_power_bg_invert,80,0,2,68.0,4230.0,3293.6
27,max_power_bg_invert,81,0,2,68.0,4234.0,3278.4
27,max_power_bg_invert,82,0,2,68.0,4231.0,3281.6
27,max_power_bg_invert,83,0,2,68.0,4233.0,3275.6
27,max_power_bg_invert,84,0,2,68.0,4234.0,3272.4
27,max_power_bg_invert,85,0,2,68.0,4227.0,3279.2
27,max_power_bg_invert,86,0,2,68.0,4225.0,3282.0
27,max_power_bg_invert,87,0,2,68.0,4223.0,3281.6
27,max_power_bg_invert,88,0,2,68.0,4220.0,3284.0
27,max_power_bg_invert,89,0,2,68.0,4220.0,3285.2
27,max_power_bg_invert,90,0,2,68.0,4219.0,3282.4
27,max_power_bg_invert,0,0,3,61.0,900.0,3236.8
27,max_power_bg_invert,1,0,3,67.0,3770.0,2919.2
27,max_power_bg_invert,2,0,3,67.0,3930.0,3090.4
27,max_power_bg_invert,3,0,3,67.0,3993.0,3134.4
27,max_power_bg_invert,4,0,3,68.0,4025.0,3167.6
27,max_power_bg_invert,5,0,3,68.0,4044.0,3193.6
27,max_power_bg_invert,6,0,3,68.0,4052.0,3206.4
27,max_power_bg_invert,7,0,3,68.0,4057.0,3214.0
27,max_power_bg_invert,8,0,3,68.0,4058.0,3222.8
27,max_power_bg_invert,9,0,3,67.0,4062.0,3231.2
27,max_power_bg_invert,10,0,3,67.0,4068.0,3237.6
27,max_power_bg_invert,11,0,3,68.0,4067.0,3242.4
27,max_power_bg_invert,12,0,3,68.0,4073.0,3238.8
27,max_power_bg_invert,13,0,3,67.0,4074.0,3242.8
27,max_power_bg_invert,14,0,3,68.0,4075.0,3246.8
27,max_power_bg_invert,15,0,3,68.0,4076.0,3245.2
27,max_power_bg_invert,16,0,3,68.0,4080.0,3247.6
27,max_power_bg_invert,17,0,3,68.0,4080.0,3247.6
27,max_power_bg_invert,18,0,3,68.0,4082.0,3252.0
27,max_power_bg_invert,19,0,3,68.0,4083.0,3251.6
27,max_power_bg_invert,20,0,3,68.0,4084.0,3251.2
27,max_power_bg_invert,21,0,3,68.0,4084.0,3254.8
27,max_power_bg_invert,22,0,3,68.0,4083.0,3256.0
27,max_power_bg_invert,23,0,3,68.0,4083.0,3255.6
27,max_power_bg_invert,24,0,3,68.0,4086.0,3254.4
27,max_power_bg_invert,25,0,3,68.0,4087.0,3258.0
27,max_power_bg_invert,26,0,3,68.0,4089.0,3256.8
27,max_power_bg_invert,27,0,3,68.0,4091.0,3255.2
27,max_power_bg_invert,28,0,3,68.0,4091.0,3255.2
27,max_power_bg_invert,29,0,3,68.0,4091.0,3255.2
27,max_power_bg_invert,30,0,3,68.0,4092.0,3254.0
27,max_power_bg_invert,31,0,3,68.0,4091.0,3258.4
27,max_power_bg_invert,32,0,3,68.0,4092.0,3257.6
27,max_power_bg_invert,33,0,3,68.0,4092.0,3257.2
27,max_power_bg_invert,34,0,3,68.0,4092.0,3256.8
27,max_power_bg_invert,35,0,3,68.0,4092.0,3256.4
27,max_power_bg_invert,36,0,3,68.0,4092.0,3256.4
27,max_power_bg_invert,37,0,3,68.0,4094.0,3255.2
27,max_power_bg_invert,38,0,3,68.0,4093.0,3255.6
27,max_power_bg_invert,39,0,3,68.0,4093.0,3255.2
27,max_power_bg_invert,40,0,3,68.0,4090.0,3238.8
27,max_power_bg_invert,41,0,3,68.0,4095.0,3253.2
27,max_power_bg_invert,42,0,3,68.0,4096.0,3255.6
27,max_power_bg_invert,43,0,3,68.0,4102.0,3247.2
27,max_power_bg_invert,44,0,3,68.0,4108.0,3243.6
27,max_power_bg_invert,45,0,3,68.0,4110.0,3242.0
27,max_power_bg_invert,46,0,3,68.0,4107.0,3245.6
27,max_power_bg_invert,47,0,3,68.0,4105.0,3246.0
27,max_power_bg_invert,48,0,3,68.0,4104.0,3249.6
27,max_power_bg_invert,49,0,3,68.0,4101.0,3253.6
27,max_power_bg_invert,50,0,3,68.0,4099.0,3253.2
27,max_power_bg_invert,51,0,3,68.0,4095.0,3255.6
27,max_power_bg_invert,52,0,3,68.0,4097.0,3254.8
27,max_power_bg_invert,53,0,3,68.0,4097.0,3256.0
27,max_power_bg_invert,54,0,3,68.0,4099.0,3255.6
27,max_power_bg_invert,55,0,3,68.0,4099.0,3256.0
27,max_power_bg_invert,56,0,3,68.0,4099.0,3255.6
27,max_power_bg_invert,57,0,3,68.0,4097.0,3257.6
27,max_power_bg_invert,58,0,3,68.0,4099.0,3254.8
27,max_power_bg_invert,59,0,3,68.0,4101.0,3253.6
27,max_power_bg_invert,60,0,3,68.0,4101.0,3253.2
27,max_power_bg_invert,61,0,3,68.0,4103.0,3251.6
27,max_power_bg_invert,62,0,3,68.0,4105.0,3250.0
27,max_power_bg_invert,63,0,3,68.0,4106.0,3249.6
27,max_power_bg_invert,64,0,3,68.0,4105.0,3251.2
27,max_power_bg_invert,65,0,3,68.0,4105.0,3251.2
27,max_power_bg_invert,66,0,3,68.0,4104.0,3251.2
27,max_power_bg_invert,67,0,3,68.0,4103.0,3251.6
27,max_power_bg_invert,68,0,3,68.0,4103.0,3251.2
27,max_power_bg_invert,69,0,3,68.0,4103.0,3250.0
27,max_power_bg_invert,70,0,3,68.0,4102.0,3250.8
27,max_power_bg_invert,71,0,3,68.0,4101.0,3251.6
27,max_power_bg_invert,72,0,3,68.0,4101.0,3251.6
27,max_power_bg_invert,73,0,3,68.0,4103.0,3250.8
27,max_power_bg_invert,74,0,3,68.0,4103.0,3251.6
27,max_power_bg_invert,75,0,3,68.0,4102.0,3252.4
27,max_power_bg_invert,76,0,3,68.0,4101.0,3253.2
27,max_power_bg_invert,77,0,3,68.0,4101.0,3253.2
27,max_power_bg_invert,78,0,3,68.0,4101.0,3252.4
27,max_power_bg_invert,79,0,3,68.0,4100.0,3252.8
27,max_power_bg_invert,80,0,3,68.0,4100.0,3290.4
27,max_power_bg_invert,81,0,3,68.0,4105.0,3282.0
27,max_power_bg_invert,82,0,3,68.0,4109.0,3274.8
27,max_power_bg_invert,83,0,3,68.0,4110.0,3277.6
27,max_power_bg_invert,84,0,3,68.0,4108.0,3279.6
27,max_power_bg_invert,85,0,3,68.0,4106.0,3280.8
27,max_power_bg_invert,86,0,3,68.0,4101.0,3287.6
27,max_power_bg_invert,87,0,3,68.0,4102.0,3282.0
27,max_power_bg_invert,88,0,3,68.0,4102.0,3282.4
27,max_power_bg_invert,89,0,3,68.0,4102.0,3280.8
27,max_power_bg_invert,90,0,3,68.0,4102.0,3284.0
27,max_power_bg_invert,0,1,2,61.0,900.0,3217.6
27,max_power_bg_invert,1,1,2,67.0,4100.0,2656.8
27,max_power_bg_invert,2,1,2,68.0,4100.0,2964.0
27,max_power_bg_invert,3,1,2,68.0,4100.0,3048.4
27,max_power_bg_invert,4,1,2,68.0,4102.0,3109.6
27,max_power_bg_invert,5,1,2,68.0,4102.0,3140.8
27,max_power_bg_invert,6,1,2,68.0,4103.0,3164.8
27,max_power_bg_invert,7,1,2,68.0,4101.0,3180.0
27,max_power_bg_invert,8,1,2,68.0,4102.0,3188.0
27,max_power_bg_invert,9,1,2,68.0,4103.0,3198.0
27,max_power_bg_invert,10,1,2,68.0,4105.0,3199.6
27,max_power_bg_invert,11,1,2,68.0,4107.0,3209.6
27,max_power_bg_invert,12,1,2,68.0,4105.0,3215.6
27,max_power_bg_invert,13,1,2,68.0,4107.0,3215.2
27,max_power_bg_invert,14,1,2,68.0,4109.0,3217.2
27,max_power_bg_invert,15,1,2,68.0,4109.0,3221.6
27,max_power_bg_invert,16,1,2,68.0,4108.0,3222.4
27,max_power_bg_invert,17,1,2,68.0,4109.0,3225.2
27,max_power_bg_invert,18,1,2,68.0,4109.0,3225.6
27,max_power_bg_invert,19,1,2,68.0,4109.0,3230.0
27,max_power_bg_invert,20,1,2,68.0,4107.0,3230.0
27,max_power_bg_invert,21,1,2,68.0,4108.0,3228.4
27,max_power_bg_invert,22,1,2,68.0,4109.0,3232.4
27,max_power_bg_invert,23,1,2,68.0,4112.0,3230.8
27,max_power_bg_invert,24,1,2,68.0,4112.0,3230.0
27,max_power_bg_invert,25,1,2,68.0,4112.0,3230.4
27,max_power_bg_invert,26,1,2,68.0,4112.0,3235.2
27,max_power_bg_invert,27,1,2,68.0,4113.0,3234.0
27,max_power_bg_invert,28,1,2,68.0,4114.0,3233.6
27,max_power_bg_invert,29,1,2,68.0,4115.0,3233.2
27,max_power_bg_invert,30,1,2,68.0,4114.0,3237.6
27,max_power_bg_invert,31,1,2,68.0,4114.0,3238.0
27,max_power_bg_invert,32,1,2,68.0,4114.0,3237.6
27,max_power_bg_invert,33,1,2,68.0,4113.0,3238.0
27,max_power_bg_invert,34,1,2,68.0,4114.0,3236.8
27,max_power_bg_invert,35,1,2,68.0,4114.0,3240.8
27,max_power_bg_invert,36,1,2,68.0,4113.0,3240.8
27,max_power_bg_invert,37,1,2,68.0,4113.0,3240.4
27,max_power_bg_invert,38,1,2,68.0,4114.0,3239.6
27,max_power_bg_invert,39,1,2,68.0,4114.0,3244.0
27,max_power_bg_invert,40,1,2,68.0,4130.0,3272.4
27,max_power_bg_invert,41,1,2,68.0,4139.0,3264.8
27,max_power_bg_invert,42,1,2,68.0,4139.0,3262.4
27,max_power_bg_invert,43,1,2,68.0,4124.0,3272.8
27,max_power_bg_invert,44,1,2,68.0,4122.0,3273.6
27,max_power_bg_invert,45,1,2,68.0,4116.0,3273.2
27,max_power_bg_invert,46,1,2,68.0,4118.0,3271.6
27,max_power_bg_invert,47,1,2,68.0,4120.0,3275.6
27,max_power_bg_invert,48,1,2,68.0,4118.0,3275.2
27,max_power_bg_invert,49,1,2,68.0,4114.0,3277.6
27,max_power_bg_invert,50,1,2,68.0,4115.0,3275.6
27,max_power_bg_invert,51,1,2,68.0,4117.0,3274.0
27,max_power_bg_invert,52,1,2,68.0,4118.0,3272.4
27,max_power_bg_invert,53,1,2,68.0,4120.0,3271.2
27,max_power_bg_invert,54,1,2,68.0,4119.0,3272.8
27,max_power_bg_invert,55,1,2,68.0,4120.0,3272.0
27,max_power_bg_invert,56,1,2,68.0,4118.0,3272.8
27,max_power_bg_invert,57,1,2,68.0,4115.0,3273.2
27,max_power_bg_invert,58,1,2,68.0,4115.0,3273.6
27,max_power_bg_invert,59,1,2,68.0,4115.0,3273.2
27,max_power_bg_invert,60,1,2,68.0,4115.0,3273.2
27,max_power_bg_invert,61,1,2,68.0,4115.0,3271.6
27,max_power_bg_invert,62,1,2,68.0,4115.0,3272.0
27,max_power_bg_invert,63,1,2,68.0,4115.0,3273.2
27,max_power_bg_invert,64,1,2,68.0,4117.0,3272.4
27,max_power_bg_invert,65,1,2,68.0,4116.0,3272.4
27,max_power_bg_invert,66,1,2,68.0,4115.0,3273.2
27,max_power_bg_invert,67,1,2,68.0,4114.0,3273.2
27,max_power_bg_invert,68,1,2,68.0,4114.0,3272.8
27,max_power_bg_invert,69,1,2,68.0,4113.0,3273.2
27,max_power_bg_invert,70,1,2,68.0,4113.0,3272.8
27,max_power_bg_invert,71,1,2,68.0,4112.0,3273.6
27,max_power_bg_invert,72,1,2,68.0,4112.0,3274.0
27,max_power_bg_invert,73,1,2,68.0,4112.0,3274.0
27,max_power_bg_invert,74,1,2,68.0,4112.0,3274.4
27,max_power_bg_invert,75,1,2,68.0,4113.0,3273.6
27,max_power_bg_invert,76,1,2,68.0,4112.0,3273.6
27,max_power_bg_invert,77,1,2,68.0,4112.0,3273.6
27,max_power_bg_invert,78,1,2,68.0,4111.0,3274.0
27,max_power_bg_invert,79,1,2,68.0,4110.0,3274.0
27,max_power_bg_invert,80,1,2,68.0,4131.0,3271.6
27,max_power_bg_invert,81,1,2,68.0,4105.0,3285.2
27,max_power_bg_invert,82,1,2,68.0,4103.0,3278.8
27,max_power_bg_invert,83,1,2,68.0,4107.0,3274.8
27,max_power_bg_invert,84,1,2,68.0,4110.0,3274.4
27,max_power_bg_invert,85,1,2,68.0,4103.0,3275.2
27,max_power_bg_invert,86,1,2,68.0,4104.0,3274.4
27,max_power_bg_invert,87,1,2,68.0,4102.0,3276.0
27,max_power_bg_invert,88,1,2,68.0,4100.0,3279.2
27,max_power_bg_invert,89,1,2,68.0,4099.0,3280.0
27,max_power_bg_invert,90,1,2,68.0,4100.0,3280.4
27,max_power_bg_invert,0,1,3,61.0,900.0,3203.6
27,max_power_bg_invert,1,1,3,68.0,3640.0,2873.2
27,max_power_bg_invert,2,1,3,68.0,3805.0,3063.2
27,max_power_bg_invert,3,1,3,68.0,3858.0,3135.2
27,max_power_bg_invert,4,1,3,68.0,3892.0,3168.4
27,max_power_bg_invert,5,1,3,68.0,3906.0,3186.8
27,max_power_bg_invert,6,1,3,68.0,3920.0,3202.4
27,max_power_bg_invert,7,1,3,68.0,3922.0,3214.0
27,max_power_bg_invert,8,1,3,68.0,3925.0,3220.0
27,max_power_bg_invert,9,1,3,68.0,3929.0,3224.4
27,max_power_bg_invert,10,1,3,68.0,3934.0,3229.2
27,max_power_bg_invert,11,1,3,68.0,3938.0,3232.0
27,max_power_bg_invert,12,1,3,68.0,3938.0,3236.4
27,max_power_bg_invert,13,1,3,68.0,3939.0,3238.0
27,max_power_bg_invert,14,1,3,68.0,3943.0,3240.4
27,max_power_bg_invert,15,1,3,68.0,3941.0,3246.0
27,max_power_bg_invert,16,1,3,68.0,3941.0,3245.2
27,max_power_bg_invert,17,1,3,68.0,3941.0,3248.0
27,max_power_bg_invert,18,1,3,68.0,3942.0,3247.2
27,max_power_bg_invert,19,1,3,68.0,3944.0,3250.4
27,max_power_bg_invert,20,1,3,68.0,3945.0,3250.0
27,max_power_bg_invert,21,1,3,68.0,3946.0,3254.0
27,max_power_bg_invert,22,1,3,68.0,3947.0,3253.2
27,max_power_bg_invert,23,1,3,68.0,3947.0,3253.6
27,max_power_bg_invert,24,1,3,68.0,3947.0,3258.8
27,max_power_bg_invert,25,1,3,68.0,3948.0,3258.0
27,max_power_bg_invert,26,1,3,68.0,3949.0,3258.0
27,max_power_bg_invert,27,1,3,68.0,3949.0,3258.0
27,max_power_bg_invert,28,1,3,68.0,3949.0,3262.8
27,max_power_bg_invert,29,1,3,68.0,3949.0,3262.4
27,max_power_bg_invert,30,1,3,68.0,3950.0,3261.6
27,max_power_bg_invert,31,1,3,68.0,3950.0,3261.6
27,max_power_bg_invert,32,1,3,68.0,3951.0,3261.2
27,max_power_bg_invert,33,1,3,68.0,3953.0,3260.4
27,max_power_bg_invert,34,1,3,68.0,3953.0,3265.2
27,max_power_bg_invert,35,1,3,68.0,3953.0,3264.8
27,max_power_bg_invert,36,1,3,68.0,3953.0,3264.4
27,max_power_bg_invert,37,1,3,68.0,3953.0,3264.4
27,max_power_bg_invert,38,1,3,68.0,3954.0,3263.6
27,max_power_bg_invert,39,1,3,68.0,3953.0,3264.0
27,max_power_bg_invert,40,1,3,68.0,3970.0,3257.6
27,max_power_bg_invert,41,1,3,68.0,3950.0,3269.2
27,max_power_bg_invert,42,1,3,68.0,3955.0,3276.8
27,max_power_bg_invert,43,1,3,68.0,3953.0,3279.2
27,max_power_bg_invert,44,1,3,68.0,3957.0,3272.8
27,max_power_bg_invert,45,1,3,68.0,3950.0,3278.4
27,max_power_bg_invert,46,1,3,68.0,3952.0,3277.2
27,max_power_bg_invert,47,1,3,68.0,3953.0,3276.8
27,max_power_bg_invert,48,1,3,68.0,3953.0,3278.0
27,max_power_bg_invert,49,1,3,68.0,3951.0,3277.2
27,max_power_bg_invert,50,1,3,68.0,3954.0,3276.0
27,max_power_bg_invert,51,1,3,68.0,3950.0,3278.4
27,max_power_bg_invert,52,1,3,68.0,3951.0,3276.4
27,max_power_bg_invert,53,1,3,68.0,3952.0,3276.4
27,max_power_bg_invert,54,1,3,68.0,3954.0,3275.6
27,max_power_bg_invert,55,1,3,68.0,3955.0,3274.8
27,max_power_bg_invert,56,1,3,68.0,3954.0,3269.6
27,max_power_bg_invert,57,1,3,68.0,3956.0,3269.2
27,max_power_bg_invert,58,1,3,68.0,3956.0,3268.0
27,max_power_bg_invert,59,1,3,68.0,3956.0,3267.2
27,max_power_bg_invert,60,1,3,68.0,3956.0,3267.2
27,max_power_bg_invert,61,1,3,68.0,3955.0,3268.0
27,max_power_bg_invert,62,1,3,68.0,3954.0,3267.2
27,max_power_bg_invert,63,1,3,68.0,3955.0,3268.4
27,max_power_bg_invert,64,1,3,68.0,3955.0,3268.4
27,max_power_bg_invert,65,1,3,68.0,3954.0,3269.2
27,max_power_bg_invert,66,1,3,68.0,3953.0,3269.2
27,max_power_bg_invert,67,1,3,68.0,3953.0,3269.2
27,max_power_bg_invert,68,1,3,68.0,3954.0,3268.0
27,max_power_bg_invert,69,1,3,68.0,3953.0,3268.4
27,max_power_bg_invert,70,1,3,68.0,3952.0,3268.8
27,max_power_bg_invert,71,1,3,68.0,3953.0,3268.0
27,max_power_bg_invert,72,1,3,68.0,3953.0,3268.0
27,max_power_bg_invert,73,1,3,68.0,3952.0,3268.4
27,max_power_bg_invert,74,1,3,68.0,3952.0,3268.4
27,max_power_bg_invert,75,1,3,68.0,3952.0,3268.0
27,max_power_bg_invert,76,1,3,68.0,3954.0,3266.4
27,max_power_bg_invert,77,1,3,68.0,3954.0,3266.0
27,max_power_bg_invert,78,1,3,68.0,3953.0,3266.0
27,max_power_bg_invert,79,1,3,68.0,3953.0,3266.4
27,max_power_bg_invert,80,1,3,68.0,3940.0,3270.8
27,max_power_bg_invert,81,1,3,68.0,3945.0,3268.4
27,max_power_bg_invert,82,1,3,68.0,3955.0,3264.0
27,max_power_bg_invert,83,1,3,68.0,3966.0,3256.0
27,max_power_bg_invert,84,1,3,68.0,3969.0,3252.8
27,max_power_bg_invert,85,1,3,68.0,3968.0,3254.0
27,max_power_bg_invert,86,1,3,68.0,3964.0,3256.4
27,max_power_bg_invert,87,1,3,68.0,3962.0,3259.6
27,max_power_bg_invert,88,1,3,68.0,3965.0,3260.4
27,max_power_bg_invert,89,1,3,68.0,3964.0,3260.4
27,max_power_bg_invert,90,1,3,68.0,3966.0,3258.4
27,max_power_bg_invert,0,2,3,61.0,900.0,3219.2
27,max_power_bg_invert,1,2,3,67.0,3960.0,2661.6
27,max_power_bg_invert,2,2,3,67.0,3985.0,2955.2
27,max_power_bg_invert,3,2,3,67.0,3982.0,3052.0
27,max_power_bg_invert,4,2,3,67.0,3987.0,3113.2
27,max_power_bg_invert,5,2,3,67.0,3987.0,3139.2
27,max_power_bg_invert,6,2,3,68.0,3984.0,3164.4
27,max_power_bg_invert,7,2,3,67.0,3994.0,3175.2
27,max_power_bg_invert,8,2,3,68.0,3996.0,3181.6
27,max_power_bg_invert,9,2,3,68.0,3993.0,3192.8
27,max_power_bg_invert,10,2,3,68.0,3991.0,3200.8
27,max_power_bg_invert,11,2,3,68.0,3992.0,3204.8
27,max_power_bg_invert,12,2,3,67.0,3994.0,3214.4
27,max_power_bg_invert,13,2,3,68.0,3992.0,3214.4
27,max_power_bg_invert,14,2,3,68.0,3992.0,3218.8
27,max_power_bg_invert,15,2,3,68.0,3991.0,3224.0
27,max_power_bg_invert,16,2,3,68.0,3993.0,3222.4
27,max_power_bg_invert,17,2,3,68.0,3993.0,3227.6
27,max_power_bg_invert,18,2,3,68.0,3994.0,3226.8
27,max_power_bg_invert,19,2,3,68.0,3994.0,3231.6
27,max_power_bg_invert,20,2,3,68.0,3995.0,3230.8
27,max_power_bg_invert,21,2,3,68.0,3996.0,3229.6
27,max_power_bg_invert,22,2,3,68.0,3996.0,3230.4
27,max_power_bg_invert,23,2,3,68.0,3995.0,3235.6
27,max_power_bg_invert,24,2,3,68.0,3997.0,3235.6
27,max_power_bg_invert,25,2,3,68.0,3999.0,3235.2
27,max_power_bg_invert,26,2,3,67.0,4000.0,3235.2
27,max_power_bg_invert,27,2,3,68.0,3999.0,3240.8
27,max_power_bg_invert,28,2,3,68.0,3999.0,3240.8
27,max_power_bg_invert,29,2,3,68.0,4000.0,3240.0
27,max_power_bg_invert,30,2,3,68.0,4000.0,3240.4
27,max_power_bg_invert,31,2,3,68.0,4001.0,3239.2
27,max_power_bg_invert,32,2,3,68.0,4002.0,3238.8
27,max_power_bg_invert,33,2,3,68.0,4002.0,3243.2
27,max_power_bg_invert,34,2,3,68.0,4004.0,3242.0
27,max_power_bg_invert,35,2,3,68.0,4004.0,3241.6
27,max_power_bg_invert,36,2,3,68.0,4003.0,3242.4
27,max_power_bg_invert,37,2,3,68.0,4003.0,3241.6
27,max_power_bg_invert,38,2,3,68.0,4004.0,3240.8
27,max_power_bg_invert,39,2,3,68.0,4004.0,3240.8
27,max_power_bg_invert,40,2,3,68.0,3990.0,3251.6
27,max_power_bg_invert,41,2,3,68.0,4000.0,3258.0
27,max_power_bg_invert,42,2,3,68.0,4003.0,3250.4
27,max_power_bg_invert,43,2,3,68.0,4007.0,3252.8
27,max_power_bg_invert,44,2,3,68.0,4010.0,3252.4
27,max_power_bg_invert,45,2,3,68.0,4011.0,3249.2
27,max_power_bg_invert,46,2,3,68.0,4019.0,3244.4
27,max_power_bg_invert,47,2,3,68.0,4017.0,3244.0
27,max_power_bg_invert,48,2,3,68.0,4017.0,3241.2
27,max_power_bg_invert,49,2,3,68.0,4018.0,3240.4
27,max_power_bg_invert,50,2,3,68.0,4019.0,3239.2
27,max_power_bg_invert,51,2,3,68.0,4019.0,3240.0
27,max_power_bg_invert,52,2,3,68.0,4021.0,3244.0
27,max_power_bg_invert,53,2,3,68.0,4018.0,3240.4
27,max_power_bg_invert,54,2,3,68.0,4015.0,3242.0
27,max_power_bg_invert,55,2,3,68.0,4014.0,3248.4
27,max_power_bg_invert,56,2,3,68.0,4013.0,3249.2
27,max_power_bg_invert,57,2,3,68.0,4012.0,3250.8
27,max_power_bg_invert,58,2,3,68.0,4011.0,3252.8
27,max_power_bg_invert,59,2,3,68.0,4010.0,3253.2
27,max_power_bg_invert,60,2,3,68.0,4009.0,3254.0
27,max_power_bg_invert,61,2,3,68.0,4010.0,3253.6
27,max_power_bg_invert,62,2,3,68.0,4010.0,3252.8
27,max_power_bg_invert,63,2,3,68.0,4011.0,3252.0
27,max_power_bg_invert,64,2,3,68.0,4011.0,3251.6
27,max_power_bg_invert,65,2,3,68.0,4010.0,3252.0
27,max_power_bg_invert,66,2,3,68.0,4010.0,3252.0
27,max_power_bg_invert,67,2,3,68.0,4009.0,3252.0
27,max_power_bg_invert,68,2,3,68.0,4010.0,3251.6
27,max_power_bg_invert,69,2,3,68.0,4009.0,3252.4
27,max_power_bg_invert,70,2,3,68.0,4010.0,3252.0
27,max_power_bg_invert,71,2,3,68.0,4010.0,3251.6
27,max_power_bg_invert,72,2,3,68.0,4009.0,3252.8
27,max_power_bg_invert,73,2,3,68.0,4009.0,3252.4
27,max_power_bg_invert,74,2,3,68.0,4009.0,3252.4
27,max_power_bg_invert,75,2,3,68.0,4009.0,3253.2
27,max_power_bg_invert,76,2,3,68.0,4010.0,3252.8
27,max_power_bg_invert,77,2,3,68.0,4012.0,3256.4
27,max_power_bg_invert,78,2,3,68.0,4011.0,3256.8
27,max_power_bg_invert,79,2,3,68.0,4011.0,3256.4
27,max_power_bg_invert,80,2,3,68.0,4010.0,3302.0
27,max_power_bg_invert,81,2,3,68.0,4014.0,3289.2
27,max_power_bg_invert,82,2,3,68.0,4006.0,3288.4
27,max_power_bg_invert,83,2,3,68.0,4005.0,3284.8
27,max_power_bg_invert,84,2,3,68.0,4008.0,3280.8
27,max_power_bg_invert,85,2,3,68.0,4008.0,3280.0
27,max_power_bg_invert,86,2,3,68.0,4010.0,3272.0
27,max_power_bg_invert,87,2,3,68.0,4012.0,3274.4
27,max_power_bg_invert,88,2,3,68.0,4012.0,3273.6
27,max_power_bg_invert,89,2,3,68.0,4013.0,3271.6
27,max_power_bg_invert,90,2,3,68.0,4015.0,3270.0
28,max_power_bg_invert,0,0,1,56.0,937.0,3368.0
28,max_power_bg_invert,1,0,1,63.0,3790.0,3126.4
28,max_power_bg_invert,2,0,1,63.0,3945.0,3302.8
28,max_power_bg_invert,3,0,1,63.0,3993.0,3356.8
28,max_power_bg_invert,4,0,1,63.0,4010.0,3388.0
28,max_power_bg_invert,5,0,1,63.0,4022.0,3407.6
28,max_power_bg_invert,6,0,1,63.0,4032.0,3422.0
28,max_power_bg_invert,7,0,1,63.0,4036.0,3427.6
28,max_power_bg_invert,8,0,1,63.0,4033.0,3441.2
28,max_power_bg_invert,9,0,1,63.0,4038.0,3444.8
28,max_power_bg_invert,10,0,1,63.0,4043.0,3451.6
28,max_power_bg_invert,11,0,1,63.0,4047.0,3452.0
28,max_power_bg_invert,12,0,1,63.0,4048.0,3456.8
28,max_power_bg_invert,13,0,1,63.0,4053.0,3454.8
28,max_power_bg_invert,14,0,1,63.0,4056.0,3457.6
28,max_power_bg_invert,15,0,1,63.0,4060.0,3461.6
28,max_power_bg_invert,16,0,1,63.0,4060.0,3461.2
28,max_power_bg_invert,17,0,1,63.0,4064.0,3465.2
28,max_power_bg_invert,18,0,1,63.0,4064.0,3463.6
28,max_power_bg_invert,19,0,1,63.0,4065.0,3464.0
28,max_power_bg_invert,20,0,1,63.0,4067.0,3468.8
28,max_power_bg_invert,21,0,1,63.0,4068.0,3468.8
28,max_power_bg_invert,22,0,1,63.0,4069.0,3468.4
28,max_power_bg_invert,23,0,1,63.0,4068.0,3469.6
28,max_power_bg_invert,24,0,1,63.0,4069.0,3473.2
28,max_power_bg_invert,25,0,1,63.0,4070.0,3471.2
28,max_power_bg_invert,26,0,1,63.0,4073.0,3469.6
28,max_power_bg_invert,27,0,1,63.0,4073.0,3470.8
28,max_power_bg_invert,28,0,1,63.0,4074.0,3474.8
28,max_power_bg_invert,29,0,1,63.0,4074.0,3474.8
28,max_power_bg_invert,30,0,1,63.0,4076.0,3473.2
28,max_power_bg_invert,31,0,1,63.0,4076.0,3472.8
28,max_power_bg_invert,32,0,1,63.0,4077.0,3470.4
28,max_power_bg_invert,33,0,1,63.0,4077.0,3470.0
28,max_power_bg_invert,34,0,1,64.0,4077.0,3470.0
28,max_power_bg_invert,35,0,1,63.0,4078.0,3474.0
28,max_power_bg_invert,36,0,1,63.0,4078.0,3473.6
28,max_power_bg_invert,37,0,1,63.0,4077.0,3473.6
28,max_power_bg_invert,38,0,1,63.0,4078.0,3472.8
28,max_power_bg_invert,39,0,1,63.0,4078.0,3472.8
28,max_power_bg_invert,40,0,1,63.0,4090.0,3496.4
28,max_power_bg_invert,41,0,1,63.0,4105.0,3476.8
28,max_power_bg_invert,42,0,1,63.0,4096.0,3486.4
28,max_power_bg_invert,43,0,1,63.0,4097.0,3484.0
28,max_power_bg_invert,44,0,1,63.0,4093.0,3490.0
28,max_power_bg_invert,45,0,1,64.0,4091.0,3490.0
28,max_power_bg_invert,46,0,1,63.0,4089.0,3492.0
28,max_power_bg_invert,47,0,1,63.0,4094.0,3491.6
28,max_power_bg_invert,48,0,1,63.0,4095.0,3498.0
28,max_power_bg_invert,49,0,1,63.0,4091.0,3501.2
28,max_power_bg_invert,50,0,1,64.0,4090.0,3500.0
28,max_power_bg_invert,51,0,1,63.0,4092.0,3500.8
28,max_power_bg_invert,52,0,1,63.0,4092.0,3500.8
28,max_power_bg_invert,53,0,1,63.0,4091.0,3502.4
28,max_power_bg_invert,54,0,1,64.0,4091.0,3503.2
28,max_power_bg_invert,55,0,1,63.0,4092.0,3503.6
28,max_power_bg_invert,56,0,1,63.0,4095.0,3502.0
28,max_power_bg_invert,57,0,1,63.0,4094.0,3503.6
28,max_power_bg_invert,58,0,1,63.0,4094.0,3505.2
28,max_power_bg_invert,59,0,1,64.0,4092.0,3505.2
28,max_power_bg_invert,60,0,1,63.0,4093.0,3503.2
28,max_power_bg_invert,61,0,1,63.0,4093.0,3504.8
28,max_power_bg_invert,62,0,1,63.0,4094.0,3508.8
28,max_power_bg_invert,63,0,1,63.0,4095.0,3506.8
28,max_power_bg_invert,64,0,1,63.0,4096.0,3506.4
28,max_power_bg_invert,65,0,1,63.0,4097.0,3505.6
28,max_power_bg_invert,66,0,1,63.0,4096.0,3506.0
28,max_power_bg_invert,67,0,1,64.0,4098.0,3503.6
28,max_power_bg_invert,68,0,1,63.0,4098.0,3503.2
28,max_power_bg_invert,69,0,1,63.0,4100.0,3501.6
28,max_power_bg_invert,70,0,1,63.0,4099.0,3502.4
28,max_power_bg_invert,71,0,1,63.0,4097.0,3503.2
28,max_power_bg_invert,72,0,1,63.0,4098.0,3502.4
28,max_power_bg_invert,73,0,1,64.0,4100.0,3502.0
28,max_power_bg_invert,74,0,1,63.0,4099.0,3503.6
28,max_power_bg_invert,75,0,1,63.0,4099.0,3503.6
28,max_power_bg_invert,76,0,1,64.0,4099.0,3503.6
28,max_power_bg_invert,77,0,1,63.0,4099.0,3503.6
28,max_power_bg_invert,78,0,1,63.0,4098.0,3504.4
28,max_power_bg_invert,79,0,1,63.0,4098.0,3504.4
28,max_power_bg_invert,80,0,1,63.0,4060.0,3534.4
28,max_power_bg_invert,81,0,1,64.0,4060.0,3527.6
28,max_power_bg_invert,82,0,1,63.0,4075.0,3514.4
28,max_power_bg_invert,83,0,1,64.0,4084.0,3508.8
28,max_power_bg_invert,84,0,1,63.0,4081.0,3510.4
28,max_power_bg_invert,85,0,1,63.0,4086.0,3507.6
28,max_power_bg_invert,86,0,1,64.0,4088.0,3508.8
28,max_power_bg_invert,87,0,1,64.0,4091.0,3509.2
28,max_power_bg_invert,88,0,1,64.0,4093.0,3508.8
28,max_power_bg_invert,89,0,1,64.0,4091.0,3511.6
28,max_power_bg_invert,90,0,1,63.0,4097.0,3506.8
28,max_power_bg_invert,0,0,2,56.0,900.0,3440.4
28,max_power_bg_invert,1,0,2,63.0,4010.0,3096.8
28,max_power_bg_invert,2,0,2,63.0,4155.0,3296.0
28,max_power_bg_invert,3,0,2,63.0,4203.0,3367.6
28,max_power_bg_invert,4,0,2,63.0,4223.0,3414.4
28,max_power_bg_invert,5,0,2,63.0,4244.0,3432.4
28,max_power_bg_invert,6,0,2,63.0,4257.0,3445.2
28,max_power_bg_invert,7,0,2,63.0,4263.0,3457.2
28,max_power_bg_invert,8,0,2,63.0,4273.0,3466.4
28,max_power_bg_invert,9,0,2,63.0,4282.0,3472.0
28,max_power_bg_invert,10,0,2,63.0,4287.0,3474.0
28,max_power_bg_invert,11,0,2,63.0,4291.0,3476.4
28,max_power_bg_invert,12,0,2,63.0,4292.0,3478.8
28,max_power_bg_invert,13,0,2,63.0,4298.0,3480.4
28,max_power_bg_invert,14,0,2,63.0,4302.0,3483.6
28,max_power_bg_invert,15,0,2,63.0,4304.0,3488.8
28,max_power_bg_invert,16,0,2,63.0,4301.0,3488.4
28,max_power_bg_invert,17,0,2,63.0,4303.0,3492.4
28,max_power_bg_invert,18,0,2,63.0,4302.0,3491.2
28,max_power_bg_invert,19,0,2,63.0,4303.0,3491.6
28,max_power_bg_invert,20,0,2,63.0,4305.0,3495.2
28,max_power_bg_invert,21,0,2,63.0,4303.0,3495.6
28,max_power_bg_invert,22,0,2,63.0,4304.0,3494.8
28,max_power_bg_invert,23,0,2,63.0,4304.0,3498.8
28,max_power_bg_invert,24,0,2,63.0,4304.0,3498.8
28,max_power_bg_invert,25,0,2,63.0,4305.0,3498.4
28,max_power_bg_invert,26,0,2,63.0,4305.0,3499.6
28,max_power_bg_invert,27,0,2,63.0,4307.0,3503.2
28,max_power_bg_invert,28,0,2,63.0,4307.0,3502.8
28,max_power_bg_invert,29,0,2,63.0,4307.0,3501.6
28,max_power_bg_invert,30,0,2,63.0,4307.0,3501.6
28,max_power_bg_invert,31,0,2,63.0,4306.0,3502.4
28,max_power_bg_invert,32,0,2,63.0,4306.0,3502.4
28,max_power_bg_invert,33,0,2,63.0,4306.0,3502.4
28,max_power_bg_invert,34,0,2,63.0,4307.0,3506.0
28,max_power_bg_invert,35,0,2,63.0,4307.0,3506.4
28,max_power_bg_invert,36,0,2,63.0,4306.0,3506.4
28,max_power_bg_invert,37,0,2,63.0,4306.0,3506.4
28,max_power_bg_invert,38,0,2,63.0,4305.0,3506.8
28,max_power_bg_invert,39,0,2,63.0,4306.0,3506.0
28,max_power_bg_invert,40,0,2,63.0,4330.0,3510.4
28,max_power_bg_invert,41,0,2,63.0,4319.0,3520.0
28,max_power_bg_invert,42,0,2,63.0,4329.0,3520.0
28,max_power_bg_invert,43,0,2,63.0,4330.0,3518.0
28,max_power_bg_invert,44,0,2,63.0,4330.0,3511.6
28,max_power_bg_invert,45,0,2,63.0,4327.0,3514.4
28,max_power_bg_invert,46,0,2,63.0,4327.0,3515.2
28,max_power_bg_invert,47,0,2,63.0,4324.0,3514.4
28,max_power_bg_invert,48,0,2,63.0,4321.0,3517.6
28,max_power_bg_invert,49,0,2,63.0,4319.0,3517.2
28,max_power_bg_invert,50,0,2,63.0,4320.0,3518.0
28,max_power_bg_invert,51,0,2,63.0,4320.0,3517.2
28,max_power_bg_invert,52,0,2,63.0,4318.0,3517.6
28,max_power_bg_invert,53,0,2,63.0,4316.0,3518.0
28,max_power_bg_invert,54,0,2,63.0,4319.0,3514.8
28,max_power_bg_invert,55,0,2,64.0,4317.0,3515.6
28,max_power_bg_invert,56,0,2,63.0,4317.0,3514.8
28,max_power_bg_invert,57,0,2,63.0,4314.0,3516.4
28,max_power_bg_invert,58,0,2,63.0,4313.0,3516.0
28,max_power_bg_invert,59,0,2,63.0,4313.0,3516.4
28,max_power_bg_invert,60,0,2,63.0,4313.0,3515.6
28,max_power_bg_invert,61,0,2,63.0,4313.0,3515.6
28,max_power_bg_invert,62,0,2,63.0,4312.0,3515.6
28,max_power_bg_invert,63,0,2,63.0,4312.0,3514.8
28,max_power_bg_invert,64,0,2,63.0,4311.0,3514.8
28,max_power_bg_invert,65,0,2,63.0,4311.0,3514.0
28,max_power_bg_invert,66,0,2,63.0,4311.0,3512.0
28,max_power_bg_invert,67,0,2,63.0,4310.0,3512.8
28,max_power_bg_invert,68,0,2,63.0,4311.0,3512.0
28,max_power_bg_invert,69,0,2,63.0,4312.0,3511.2
28,max_power_bg_invert,70,0,2,64.0,4312.0,3512.0
28,max_power_bg_invert,71,0,2,63.0,4312.0,3511.6
28,max_power_bg_invert,72,0,2,63.0,4313.0,3510.8
28,max_power_bg_invert,73,0,2,64.0,4313.0,3510.8
28,max_power_bg_invert,74,0,2,63.0,4314.0,3509.2
28,max_power_bg_invert,75,0,2,64.0,4314.0,3509.6
28,max_power_bg_invert,76,0,2,64.0,4314.0,3509.6
28,max_power_bg_invert,77,0,2,63.0,4314.0,3509.2
28,max_power_bg_invert,78,0,2,64.0,4313.0,3509.6
28,max_power_bg_invert,79,0,2,63.0,4314.0,3509.2
28,max_power_bg_invert,80,0,2,63.0,4260.0,3550.4
28,max_power_bg_invert,81,0,2,64.0,4284.0,3534.8
28,max_power_bg_invert,82,0,2,64.0,4296.0,3522.8
28,max_power_bg_invert,83,0,2,64.0,4302.0,3515.6
28,max_power_bg_invert,84,0,2,64.0,4312.0,3506.0
28,max_power_bg_invert,85,0,2,64.0,4306.0,3512.8
28,max_power_bg_invert,86,0,2,64.0,4304.0,3514.0
28,max_power_bg_invert,87,0,2,64.0,4302.0,3515.2
28,max_power_bg_invert,88,0,2,64.0,4307.0,3512.0
28,max_power_bg_invert,89,0,2,63.0,4310.0,3507.2
28,max_power_bg_invert,90,0,2,64.0,4310.0,3510.4
28,max_power_bg_invert,0,0,3,57.0,900.0,3378.4
28,max_power_bg_invert,1,0,3,63.0,3860.0,3106.4
28,max_power_bg_invert,2,0,3,63.0,4029.0,3286.4
28,max_power_bg_invert,3,0,3,63.0,4089.0,3341.2
28,max_power_bg_invert,4,0,3,63.0,4117.0,3372.0
28,max_power_bg_invert,5,0,3,63.0,4128.0,3398.8
28,max_power_bg_invert,6,0,3,63.0,4136.0,3409.2
28,max_power_bg_invert,7,0,3,63.0,4147.0,3425.6
28,max_power_bg_invert,8,0,3,63.0,4152.0,3431.2
28,max_power_bg_invert,9,0,3,63.0,4155.0,3438.0
28,max_power_bg_invert,10,0,3,63.0,4159.0,3441.2
28,max_power_bg_invert,11,0,3,63.0,4158.0,3449.2
28,max_power_bg_invert,12,0,3,63.0,4159.0,3450.8
28,max_power_bg_invert,13,0,3,63.0,4161.0,3454.0
28,max_power_bg_invert,14,0,3,63.0,4162.0,3459.6
28,max_power_bg_invert,15,0,3,63.0,4164.0,3458.8
28,max_power_bg_invert,16,0,3,63.0,4166.0,3462.8
28,max_power_bg_invert,17,0,3,64.0,4166.0,3461.2
28,max_power_bg_invert,18,0,3,63.0,4167.0,3465.2
28,max_power_bg_invert,19,0,3,63.0,4169.0,3464.4
28,max_power_bg_invert,20,0,3,63.0,4169.0,3464.8
28,max_power_bg_invert,21,0,3,63.0,4168.0,3471.2
28,max_power_bg_invert,22,0,3,63.0,4168.0,3470.4
28,max_power_bg_invert,23,0,3,63.0,4170.0,3469.2
28,max_power_bg_invert,24,0,3,63.0,4172.0,3468.4
28,max_power_bg_invert,25,0,3,63.0,4174.0,3467.6
28,max_power_bg_invert,26,0,3,63.0,4175.0,3471.6
28,max_power_bg_invert,27,0,3,64.0,4175.0,3471.2
28,max_power_bg_invert,28,0,3,63.0,4175.0,3472.4
28,max_power_bg_invert,29,0,3,64.0,4175.0,3472.4
28,max_power_bg_invert,30,0,3,63.0,4177.0,3470.4
28,max_power_bg_invert,31,0,3,63.0,4178.0,3469.6
28,max_power_bg_invert,32,0,3,64.0,4178.0,3474.8
28,max_power_bg_invert,33,0,3,63.0,4178.0,3474.4
28,max_power_bg_invert,34,0,3,64.0,4179.0,3474.0
28,max_power_bg_invert,35,0,3,63.0,4180.0,3473.2
28,max_power_bg_invert,36,0,3,63.0,4180.0,3473.2
28,max_power_bg_invert,37,0,3,64.0,4180.0,3473.2
28,max_power_bg_invert,38,0,3,64.0,4180.0,3471.6
28,max_power_bg_invert,39,0,3,63.0,4181.0,3472.4
28,max_power_bg_invert,40,0,3,63.0,4180.0,3517.6
28,max_power_bg_invert,41,0,3,64.0,4190.0,3502.4
28,max_power_bg_invert,42,0,3,64.0,4196.0,3482.4
28,max_power_bg_invert,43,0,3,64.0,4202.0,3482.8
28,max_power_bg_invert,44,0,3,63.0,4195.0,3488.4
28,max_power_bg_invert,45,0,3,63.0,4194.0,3490.0
28,max_power_bg_invert,46,0,3,63.0,4195.0,3489.6
28,max_power_bg_invert,47,0,3,63.0,4191.0,3490.0
28,max_power_bg_invert,48,0,3,63.0,4189.0,3488.8
28,max_power_bg_invert,49,0,3,63.0,4193.0,3485.2
28,max_power_bg_invert,50,0,3,63.0,4193.0,3483.2
28,max_power_bg_invert,51,0,3,63.0,4192.0,3485.6
28,max_power_bg_invert,52,0,3,63.0,4187.0,3488.0
28,max_power_bg_invert,53,0,3,63.0,4186.0,3489.6
28,max_power_bg_invert,54,0,3,63.0,4189.0,3487.6
28,max_power_bg_invert,55,0,3,63.0,4189.0,3487.6
28,max_power_bg_invert,56,0,3,64.0,4190.0,3487.2
28,max_power_bg_invert,57,0,3,63.0,4189.0,3487.2
28,max_power_bg_invert,58,0,3,64.0,4187.0,3488.0
28,max_power_bg_invert,59,0,3,63.0,4189.0,3486.8
28,max_power_bg_invert,60,0,3,64.0,4186.0,3488.4
28,max_power_bg_invert,61,0,3,64.0,4185.0,3494.0
28,max_power_bg_invert,62,0,3,63.0,4186.0,3493.6
28,max_power_bg_invert,63,0,3,64.0,4185.0,3494.0
28,max_power_bg_invert,64,0,3,64.0,4186.0,3494.0
28,max_power_bg_invert,65,0,3,63.0,4187.0,3493.2
28,max_power_bg_invert,66,0,3,64.0,4186.0,3494.4
28,max_power_bg_invert,67,0,3,63.0,4185.0,3496.0
28,max_power_bg_invert,68,0,3,63.0,4184.0,3496.8
28,max_power_bg_invert,69,0,3,64.0,4186.0,3500.8
28,max_power_bg_invert,70,0,3,64.0,4186.0,3499.2
28,max_power_bg_invert,71,0,3,64.0,4185.0,3501.2
28,max_power_bg_invert,72,0,3,63.0,4185.0,3500.8
28,max_power_bg_invert,73,0,3,64.0,4184.0,3501.2
28,max_power_bg_invert,74,0,3,64.0,4185.0,3501.2
28,max_power_bg_invert,75,0,3,64.0,4186.0,3500.0
28,max_power_bg_invert,76,0,3,64.0,4186.0,3500.0
28,max_power_bg_invert,77,0,3,64.0,4185.0,3500.0
28,max_power_bg_invert,78,0,3,64.0,4185.0,3500.4
28,max_power_bg_invert,79,0,3,64.0,4185.0,3500.0
28,max_power_bg_invert,80,0,3,64.0,4198.0,3517.2
28,max_power_bg_invert,81,0,3,63.0,4184.0,3536.4
28,max_power_bg_invert,82,0,3,64.0,4186.0,3535.2
28,max_power_bg_invert,83,0,3,63.0,4187.0,3526.0
28,max_power_bg_invert,84,0,3,64.0,4191.0,3518.0
28,max_power_bg_invert,85,0,3,64.0,4187.0,3519.6
28,max_power_bg_invert,86,0,3,64.0,4195.0,3514.8
28,max_power_bg_invert,87,0,3,64.0,4192.0,3514.8
28,max_power_bg_invert,88,0,3,63.0,4195.0,3512.4
28,max_power_bg_invert,89,0,3,64.0,4195.0,3513.6
28,max_power_bg_invert,90,0,3,63.0,4193.0,3514.0
28,max_power_bg_invert,0,1,2,57.0,1000.0,3306.8
28,max_power_bg_invert,1,1,2,63.0,3870.0,3132.4
28,max_power_bg_invert,2,1,2,64.0,4024.0,3316.0
28,max_power_bg_invert,3,1,2,64.0,4075.0,3367.2
28,max_power_bg_invert,4,1,2,64.0,4107.0,3393.2
28,max_power_bg_invert,5,1,2,64.0,4116.0,3417.2
28,max_power_bg_invert,6,1,2,64.0,4123.0,3433.2
28,max_power_bg_invert,7,1,2,64.0,4129.0,3437.6
28,max_power_bg_invert,8,1,2,64.0,4133.0,3444.0
28,max_power_bg_invert,9,1,2,64.0,4136.0,3450.8
28,max_power_bg_invert,10,1,2,64.0,4138.0,3458.0
28,max_power_bg_invert,11,1,2,64.0,4142.0,3458.0
28,max_power_bg_invert,12,1,2,64.0,4147.0,3461.2
28,max_power_bg_invert,13,1,2,64.0,4148.0,3466.4
28,max_power_bg_invert,14,1,2,64.0,4152.0,3464.8
28,max_power_bg_invert,15,1,2,64.0,4152.0,3470.0
28,max_power_bg_invert,16,1,2,64.0,4154.0,3467.2
28,max_power_bg_invert,17,1,2,64.0,4154.0,3471.6
28,max_power_bg_invert,18,1,2,64.0,4156.0,3469.6
28,max_power_bg_invert,19,1,2,64.0,4158.0,3472.8
28,max_power_bg_invert,20,1,2,64.0,4160.0,3472.0
28,max_power_bg_invert,21,1,2,64.0,4160.0,3471.2
28,max_power_bg_invert,22,1,2,64.0,4160.0,3476.4
28,max_power_bg_invert,23,1,2,64.0,4160.0,3476.4
28,max_power_bg_invert,24,1,2,64.0,4160.0,3476.4
28,max_power_bg_invert,25,1,2,64.0,4160.0,3480.4
28,max_power_bg_invert,26,1,2,64.0,4162.0,3479.6
28,max_power_bg_invert,27,1,2,64.0,4163.0,3478.8
28,max_power_bg_invert,28,1,2,64.0,4163.0,3479.2
28,max_power_bg_invert,29,1,2,64.0,4164.0,3479.2
28,max_power_bg_invert,30,1,2,64.0,4165.0,3482.8
28,max_power_bg_invert,31,1,2,64.0,4165.0,3482.8
28,max_power_bg_invert,32,1,2,64.0,4165.0,3482.0
28,max_power_bg_invert,33,1,2,64.0,4166.0,3481.6
28,max_power_bg_invert,34,1,2,64.0,4167.0,3485.6
28,max_power_bg_invert,35,1,2,64.0,4167.0,3485.2
28,max_power_bg_invert,36,1,2,64.0,4168.0,3484.4
28,max_power_bg_invert,37,1,2,64.0,4170.0,3484.0
28,max_power_bg_invert,38,1,2,64.0,4169.0,3489.2
28,max_power_bg_invert,39,1,2,64.0,4169.0,3488.8
28,max_power_bg_invert,40,1,2,64.0,4160.0,3544.0
28,max_power_bg_invert,41,1,2,64.0,4200.0,3516.0
28,max_power_bg_invert,42,1,2,64.0,4200.0,3514.8
28,max_power_bg_invert,43,1,2,64.0,4194.0,3514.8
28,max_power_bg_invert,44,1,2,64.0,4187.0,3524.0
28,max_power_bg_invert,45,1,2,64.0,4189.0,3522.4
28,max_power_bg_invert,46,1,2,64.0,4185.0,3527.6
28,max_power_bg_invert,47,1,2,64.0,4187.0,3528.4
28,max_power_bg_invert,48,1,2,64.0,4190.0,3524.8
28,max_power_bg_invert,49,1,2,64.0,4190.0,3522.8
28,max_power_bg_invert,50,1,2,64.0,4193.0,3520.4
28,max_power_bg_invert,51,1,2,64.0,4190.0,3521.6
28,max_power_bg_invert,52,1,2,64.0,4191.0,3519.2
28,max_power_bg_invert,53,1,2,64.0,4191.0,3519.2
28,max_power_bg_invert,54,1,2,64.0,4191.0,3518.4
28,max_power_bg_invert,55,1,2,64.0,4189.0,3518.8
28,max_power_bg_invert,56,1,2,64.0,4186.0,3521.6
28,max_power_bg_invert,57,1,2,64.0,4186.0,3521.6
28,max_power_bg_invert,58,1,2,64.0,4186.0,3520.8
28,max_power_bg_invert,59,1,2,64.0,4184.0,3522.4
28,max_power_bg_invert,60,1,2,64.0,4185.0,3522.8
28,max_power_bg_invert,61,1,2,64.0,4185.0,3523.2
28,max_power_bg_invert,62,1,2,64.0,4188.0,3520.0
28,max_power_bg_invert,63,1,2,64.0,4190.0,3519.2
28,max_power_bg_invert,64,1,2,64.0,4190.0,3520.0
28,max_power_bg_invert,65,1,2,64.0,4189.0,3519.6
28,max_power_bg_invert,66,1,2,64.0,4189.0,3519.2
28,max_power_bg_invert,67,1,2,64.0,4189.0,3518.0
28,max_power_bg_invert,68,1,2,64.0,4188.0,3519.6
28,max_power_bg_invert,69,1,2,64.0,4187.0,3519.6
28,max_power_bg_invert,70,1,2,64.0,4186.0,3520.4
28,max_power_bg_invert,71,1,2,64.0,4186.0,3519.6
28,max_power_bg_invert,72,1,2,64.0,4185.0,3519.6
28,max_power_bg_invert,73,1,2,64.0,4185.0,3519.6
28,max_power_bg_invert,74,1,2,64.0,4184.0,3519.6
28,max_power_bg_invert,75,1,2,64.0,4184.0,3518.8
28,max_power_bg_invert,76,1,2,64.0,4183.0,3519.6
28,max_power_bg_invert,77,1,2,64.0,4182.0,3520.8
28,max_power_bg_invert,78,1,2,64.0,4183.0,3519.6
28,max_power_bg_invert,79,1,2,64.0,4183.0,3519.6
28,max_power_bg_invert,80,1,2,64.0,4170.0,3529.6
28,max_power_bg_invert,81,1,2,64.0,4184.0,3518.0
28,max_power_bg_invert,82,1,2,64.0,4193.0,3510.8
28,max_power_bg_invert,83,1,2,64.0,4187.0,3517.6
28,max_power_bg_invert,84,1,2,64.0,4187.0,3514.8
28,max_power_bg_invert,85,1,2,64.0,4193.0,3512.4
28,max_power_bg_invert,86,1,2,64.0,4189.0,3518.8
28,max_power_bg_invert,87,1,2,64.0,4189.0,3522.4
28,max_power_bg_invert,88,1,2,64.0,4187.0,3522.8
28,max_power_bg_invert,89,1,2,64.0,4188.0,3519.6
28,max_power_bg_invert,90,1,2,64.0,4186.0,3521.2
28,max_power_bg_invert,0,1,3,57.0,900.0,3406.8
28,max_power_bg_invert,1,1,3,63.0,3750.0,3170.0
28,max_power_bg_invert,2,1,3,63.0,3909.0,3338.4
28,max_power_bg_invert,3,1,3,63.0,3951.0,3396.8
28,max_power_bg_invert,4,1,3,64.0,3971.0,3425.6
28,max_power_bg_invert,5,1,3,64.0,3989.0,3444.8
28,max_power_bg_invert,6,1,3,64.0,3993.0,3458.8
28,max_power_bg_invert,7,1,3,64.0,3994.0,3471.6
28,max_power_bg_invert,8,1,3,64.0,3998.0,3471.6
28,max_power_bg_invert,9,1,3,64.0,4005.0,3476.4
28,max_power_bg_invert,10,1,3,64.0,4011.0,3479.2
28,max_power_bg_invert,11,1,3,64.0,4014.0,3485.6
28,max_power_bg_invert,12,1,3,64.0,4017.0,3488.8
28,max_power_bg_invert,13,1,3,64.0,4019.0,3489.2
28,max_power_bg_invert,14,1,3,64.0,4022.0,3489.6
28,max_power_bg_invert,15,1,3,64.0,4021.0,3495.2
28,max_power_bg_invert,16,1,3,64.0,4024.0,3494.8
28,max_power_bg_invert,17,1,3,64.0,4022.0,3500.8
28,max_power_bg_invert,18,1,3,64.0,4022.0,3502.0
28,max_power_bg_invert,19,1,3,64.0,4022.0,3508.0
28,max_power_bg_invert,20,1,3,64.0,4023.0,3506.0
28,max_power_bg_invert,21,1,3,64.0,4024.0,3504.0
28,max_power_bg_invert,22,1,3,64.0,4026.0,3506.4
28,max_power_bg_invert,23,1,3,64.0,4028.0,3505.2
28,max_power_bg_invert,24,1,3,64.0,4029.0,3503.6
28,max_power_bg_invert,25,1,3,64.0,4029.0,3503.6
28,max_power_bg_invert,26,1,3,64.0,4030.0,3503.2
28,max_power_bg_invert,27,1,3,64.0,4029.0,3508.0
28,max_power_bg_invert,28,1,3,64.0,4029.0,3508.0
28,max_power_bg_invert,29,1,3,64.0,4030.0,3507.2
28,max_power_bg_invert,30,1,3,64.0,4030.0,3507.2
28,max_power_bg_invert,31,1,3,64.0,4029.0,3507.6
28,max_power_bg_invert,32,1,3,64.0,4030.0,3506.0
28,max_power_bg_invert,33,1,3,64.0,4030.0,3511.2
28,max_power_bg_invert,34,1,3,64.0,4027.0,3512.4
28,max_power_bg_invert,35,1,3,64.0,4027.0,3511.6
28,max_power_bg_invert,36,1,3,64.0,4028.0,3510.8
28,max_power_bg_invert,37,1,3,64.0,4028.0,3510.8
28,max_power_bg_invert,38,1,3,64.0,4028.0,3509.6
28,max_power_bg_invert,39,1,3,64.0,4028.0,3508.8
28,max_power_bg_invert,40,1,3,64.0,4052.0,3516.8
28,max_power_bg_invert,41,1,3,64.0,4051.0,3520.0
28,max_power_bg_invert,42,1,3,64.0,4054.0,3511.2
28,max_power_bg_invert,43,1,3,64.0,4050.0,3514.0
28,max_power_bg_invert,44,1,3,64.0,4043.0,3512.8
28,max_power_bg_invert,45,1,3,64.0,4039.0,3514.8
28,max_power_bg_invert,46,1,3,64.0,4039.0,3514.4
28,max_power_bg_invert,47,1,3,64.0,4039.0,3513.6
28,max_power_bg_invert,48,1,3,64.0,4037.0,3511.6
28,max_power_bg_invert,49,1,3,64.0,4038.0,3513.2
28,max_power_bg_invert,50,1,3,64.0,4031.0,3514.8
28,max_power_bg_invert,51,1,3,64.0,4034.0,3512.4
28,max_power_bg_invert,52,1,3,64.0,4036.0,3512.0
28,max_power_bg_invert,53,1,3,64.0,4036.0,3511.6
28,max_power_bg_invert,54,1,3,64.0,4034.0,3512.0
28,max_power_bg_invert,55,1,3,64.0,4034.0,3510.8
28,max_power_bg_invert,56,1,3,64.0,4033.0,3509.6
28,max_power_bg_invert,57,1,3,64.0,4034.0,3509.2
28,max_power_bg_invert,58,1,3,64.0,4035.0,3509.2
28,max_power_bg_invert,59,1,3,64.0,4033.0,3509.2
28,max_power_bg_invert,60,1,3,64.0,4034.0,3508.4
28,max_power_bg_invert,61,1,3,64.0,4036.0,3507.2
28,max_power_bg_invert,62,1,3,64.0,4036.0,3506.8
28,max_power_bg_invert,63,1,3,64.0,4035.0,3508.4
28,max_power_bg_invert,64,1,3,64.0,4035.0,3508.8
28,max_power_bg_invert,65,1,3,64.0,4036.0,3508.8
28,max_power_bg_invert,66,1,3,64.0,4035.0,3510.4
28,max_power_bg_invert,67,1,3,64.0,4034.0,3511.2
28,max_power_bg_invert,68,1,3,64.0,4034.0,3512.4
28,max_power_bg_invert,69,1,3,64.0,4033.0,3513.2
28,max_power_bg_invert,70,1,3,64.0,4033.0,3513.2
28,max_power_bg_invert,71,1,3,64.0,4034.0,3513.6
28,max_power_bg_invert,72,1,3,64.0,4034.0,3513.2
28,max_power_bg_invert,73,1,3,64.0,4034.0,3513.2
28,max_power_bg_invert,74,1,3,64.0,4034.0,3513.2
28,max_power_bg_invert,75,1,3,64.0,4035.0,3512.0
28,max_power_bg_invert,76,1,3,64.0,4034.0,3512.8
28,max_power_bg_invert,77,1,3,64.0,4034.0,3512.4
28,max_power_bg_invert,78,1,3,64.0,4035.0,3512.4
28,max_power_bg_invert,79,1,3,64.0,4035.0,3512.0
28,max_power_bg_invert,80,1,3,64.0,4073.0,3476.8
28,max_power_bg_invert,81,1,3,64.0,4066.0,3466.4
28,max_power_bg_invert,82,1,3,64.0,4071.0,3476.4
28,max_power_bg_invert,83,1,3,64.0,4063.0,3486.4
28,max_power_bg_invert,84,1,3,64.0,4051.0,3492.4
28,max_power_bg_invert,85,1,3,64.0,4044.0,3496.8
28,max_power_bg_invert,86,1,3,64.0,4039.0,3499.6
28,max_power_bg_invert,87,1,3,64.0,4042.0,3500.4
28,max_power_bg_invert,88,1,3,64.0,4042.0,3501.2
28,max_power_bg_invert,89,1,3,64.0,4044.0,3498.8
28,max_power_bg_invert,90,1,3,64.0,4045.0,3501.2
28,max_power_bg_invert,0,2,3,57.0,900.0,3409.2
28,max_power_bg_invert,1,2,3,63.0,3800.0,3043.6
28,max_power_bg_invert,2,2,3,63.0,3964.0,3263.2
28,max_power_bg_invert,3,2,3,63.0,4006.0,3338.8
28,max_power_bg_invert,4,2,3,63.0,4023.0,3381.6
28,max_power_bg_invert,5,2,3,63.0,4030.0,3406.4
28,max_power_bg_invert,6,2,3,63.0,4044.0,3417.2
28,max_power_bg_invert,7,2,3,63.0,4057.0,3426.4
28,max_power_bg_invert,8,2,3,63.0,4061.0,3437.2
28,max_power_bg_invert,9,2,3,63.0,4068.0,3442.0
28,max_power_bg_invert,10,2,3,63.0,4070.0,3446.0
28,max_power_bg_invert,11,2,3,63.0,4069.0,3450.8
28,max_power_bg_invert,12,2,3,63.0,4070.0,3454.4
28,max_power_bg_invert,13,2,3,63.0,4074.0,3460.0
28,max_power_bg_invert,14,2,3,63.0,4073.0,3462.8
28,max_power_bg_invert,15,2,3,63.0,4074.0,3466.0
28,max_power_bg_invert,16,2,3,63.0,4075.0,3465.6
28,max_power_bg_invert,17,2,3,63.0,4078.0,3469.2
28,max_power_bg_invert,18,2,3,63.0,4079.0,3468.4
28,max_power_bg_invert,19,2,3,63.0,4081.0,3468.4
28,max_power_bg_invert,20,2,3,63.0,4083.0,3472.4
28,max_power_bg_invert,21,2,3,63.0,4082.0,3473.2
28,max_power_bg_invert,22,2,3,63.0,4083.0,3474.4
28,max_power_bg_invert,23,2,3,63.0,4085.0,3477.2
28,max_power_bg_invert,24,2,3,63.0,4082.0,3478.0
28,max_power_bg_invert,25,2,3,63.0,4083.0,3476.4
28,max_power_bg_invert,26,2,3,63.0,4083.0,3476.0
28,max_power_bg_invert,27,2,3,63.0,4084.0,3480.4
28,max_power_bg_invert,28,2,3,63.0,4085.0,3479.6
28,max_power_bg_invert,29,2,3,63.0,4086.0,3479.2
28,max_power_bg_invert,30,2,3,63.0,4086.0,3479.6
28,max_power_bg_invert,31,2,3,63.0,4086.0,3479.2
28,max_power_bg_invert,32,2,3,63.0,4086.0,3479.2
28,max_power_bg_invert,33,2,3,63.0,4086.0,3478.8
28,max_power_bg_invert,34,2,3,63.0,4087.0,3482.8
28,max_power_bg_invert,35,2,3,63.0,4087.0,3482.8
28,max_power_bg_invert,36,2,3,63.0,4088.0,3482.8
28,max_power_bg_invert,37,2,3,63.0,4089.0,3482.4
28,max_power_bg_invert,38,2,3,63.0,4089.0,3482.4
28,max_power_bg_invert,39,2,3,63.0,4089.0,3482.4
28,max_power_bg_invert,40,2,3,63.0,4098.0,3493.2
28,max_power_bg_invert,41,2,3,63.0,4094.0,3478.8
28,max_power_bg_invert,42,2,3,63.0,4092.0,3482.8
28,max_power_bg_invert,43,2,3,63.0,4094.0,3480.4
28,max_power_bg_invert,44,2,3,63.0,4091.0,3482.8
28,max_power_bg_invert,45,2,3,63.0,4093.0,3478.0
28,max_power_bg_invert,46,2,3,63.0,4094.0,3478.4
28,max_power_bg_invert,47,2,3,63.0,4093.0,3479.2
28,max_power_bg_invert,48,2,3,63.0,4090.0,3480.8
28,max_power_bg_invert,49,2,3,63.0,4090.0,3480.4
28,max_power_bg_invert,50,2,3,63.0,4092.0,3479.6
28,max_power_bg_invert,51,2,3,63.0,4092.0,3479.6
28,max_power_bg_invert,52,2,3,63.0,4092.0,3479.2
28,max_power_bg_invert,53,2,3,63.0,4094.0,3477.6
28,max_power_bg_invert,54,2,3,63.0,4095.0,3476.4
28,max_power_bg_invert,55,2,3,63.0,4093.0,3478.0
28,max_power_bg_invert,56,2,3,63.0,4093.0,3483.2
28,max_power_bg_invert,57,2,3,63.0,4094.0,3481.6
28,max_power_bg_invert,58,2,3,63.0,4092.0,3483.6
28,max_power_bg_invert,59,2,3,63.0,4092.0,3484.4
28,max_power_bg_invert,60,2,3,63.0,4091.0,3484.8
28,max_power_bg_invert,61,2,3,64.0,4091.0,3485.6
28,max_power_bg_invert,62,2,3,63.0,4091.0,3486.8
28,max_power_bg_invert,63,2,3,63.0,4089.0,3488.0
28,max_power_bg_invert,64,2,3,63.0,4090.0,3487.6
28,max_power_bg_invert,65,2,3,63.0,4091.0,3486.8
28,max_power_bg_invert,66,2,3,63.0,4092.0,3487.6
28,max_power_bg_invert,67,2,3,63.0,4093.0,3488.4
28,max_power_bg_invert,68,2,3,63.0,4092.0,3488.4
28,max_power_bg_invert,69,2,3,63.0,4094.0,3486.8
28,max_power_bg_invert,70,2,3,63.0,4093.0,3487.2
28,max_power_bg_invert,71,2,3,63.0,4094.0,3486.8
28,max_power_bg_invert,72,2,3,63.0,4094.0,3486.8
28,max_power_bg_invert,73,2,3,63.0,4095.0,3491.6
28,max_power_bg_invert,74,2,3,64.0,4093.0,3492.8
28,max_power_bg_invert,75,2,3,63.0,4094.0,3492.4
28,max_power_bg_invert,76,2,3,63.0,4095.0,3492.0
28,max_power_bg_invert,77,2,3,63.0,4096.0,3491.2
28,max_power_bg_invert,78,2,3,63.0,4096.0,3491.2
28,max_power_bg_invert,79,2,3,63.0,4097.0,3490.4
28,max_power_bg_invert,80,2,3,63.0,4050.0,3541.6
28,max_power_bg_invert,81,2,3,63.0,4090.0,3518.0
28,max_power_bg_invert,82,2,3,63.0,4079.0,3518.0
28,max_power_bg_invert,83,2,3,63.0,4076.0,3518.0
28,max_power_bg_invert,84,2,3,63.0,4077.0,3515.6
28,max_power_bg_invert,85,2,3,63.0,4079.0,3518.8
28,max_power_bg_invert,86,2,3,63.0,4076.0,3519.2
28,max_power_bg_invert,87,2,3,63.0,4080.0,3523.6
28,max_power_bg_invert,88,2,3,64.0,4084.0,3520.0
28,max_power_bg_invert,89,2,3,63.0,4083.0,3521.6
28,max_power_bg_invert,90,2,3,63.0,4083.0,3519.2
29,max_power_bg_invert,0,0,1,56.0,800.0,3260.8
29,max_power_bg_invert,1,0,1,63.0,3570.0,3083.6
29,max_power_bg_invert,2,0,1,63.0,3715.0,3258.8
29,max_power_bg_invert,3,0,1,63.0,3755.0,3322.4
29,max_power_bg_invert,4,0,1,63.0,3774.0,3358.0
29,max_power_bg_invert,5,0,1,63.0,3793.0,3376.0
29,max_power_bg_invert,6,0,1,63.0,3798.0,3388.0
29,max_power_bg_invert,7,0,1,63.0,3804.0,3398.4
29,max_power_bg_invert,8,0,1,63.0,3811.0,3402.4
29,max_power_bg_invert,9,0,1,63.0,3821.0,3406.0
29,max_power_bg_invert,10,0,1,63.0,3826.0,3408.0
29,max_power_bg_invert,11,0,1,63.0,3830.0,3411.2
29,max_power_bg_invert,12,0,1,63.0,3836.0,3413.2
29,max_power_bg_invert,13,0,1,63.0,3841.0,3415.2
29,max_power_bg_invert,14,0,1,63.0,3842.0,3414.4
29,max_power_bg_invert,15,0,1,63.0,3845.0,3418.8
29,max_power_bg_invert,16,0,1,63.0,3844.0,3418.4
29,max_power_bg_invert,17,0,1,63.0,3844.0,3423.6
29,max_power_bg_invert,18,0,1,63.0,3846.0,3422.8
29,max_power_bg_invert,19,0,1,63.0,3847.0,3422.4
29,max_power_bg_invert,20,0,1,63.0,3848.0,3426.8
29,max_power_bg_invert,21,0,1,63.0,3848.0,3426.0
29,max_power_bg_invert,22,0,1,63.0,3846.0,3427.2
29,max_power_bg_invert,23,0,1,63.0,3846.0,3427.2
29,max_power_bg_invert,24,0,1,63.0,3846.0,3432.4
29,max_power_bg_invert,25,0,1,63.0,3843.0,3433.6
29,max_power_bg_invert,26,0,1,63.0,3844.0,3432.4
29,max_power_bg_invert,27,0,1,63.0,3844.0,3432.4
29,max_power_bg_invert,28,0,1,63.0,3844.0,3432.8
29,max_power_bg_invert,29,0,1,63.0,3844.0,3432.8
29,max_power_bg_invert,30,0,1,63.0,3843.0,3438.0
29,max_power_bg_invert,31,0,1,63.0,3842.0,3438.0
29,max_power_bg_invert,32,0,1,63.0,3841.0,3438.8
29,max_power_bg_invert,33,0,1,63.0,3841.0,3438.4
29,max_power_bg_invert,34,0,1,63.0,3841.0,3438.4
29,max_power_bg_invert,35,0,1,63.0,3841.0,3438.0
29,max_power_bg_invert,36,0,1,63.0,3841.0,3437.6
29,max_power_bg_invert,37,0,1,63.0,3841.0,3437.6
29,max_power_bg_invert,38,0,1,63.0,3842.0,3436.4
29,max_power_bg_invert,39,0,1,63.0,3841.0,3441.6
29,max_power_bg_invert,40,0,1,63.0,3840.0,3432.4
29,max_power_bg_invert,41,0,1,63.0,3860.0,3434.8
29,max_power_bg_invert,42,0,1,63.0,3873.0,3431.6
29,max_power_bg_invert,43,0,1,63.0,3866.0,3434.8
29,max_power_bg_invert,44,0,1,63.0,3869.0,3440.4
29,max_power_bg_invert,45,0,1,64.0,3866.0,3442.8
29,max_power_bg_invert,46,0,1,63.0,3863.0,3443.2
29,max_power_bg_invert,47,0,1,63.0,3869.0,3440.0
29,max_power_bg_invert,48,0,1,63.0,3865.0,3443.6
29,max_power_bg_invert,49,0,1,64.0,3862.0,3446.8
29,max_power_bg_invert,50,0,1,63.0,3860.0,3447.2
29,max_power_bg_invert,51,0,1,63.0,3858.0,3446.8
29,max_power_bg_invert,52,0,1,63.0,3859.0,3446.0
29,max_power_bg_invert,53,0,1,63.0,3857.0,3448.8
29,max_power_bg_invert,54,0,1,63.0,3858.0,3446.8
29,max_power_bg_invert,55,0,1,63.0,3860.0,3444.8
29,max_power_bg_invert,56,0,1,63.0,3858.0,3445.6
29,max_power_bg_invert,57,0,1,63.0,3859.0,3445.6
29,max_power_bg_invert,58,0,1,63.0,3857.0,3445.2
29,max_power_bg_invert,59,0,1,63.0,3857.0,3444.4
29,max_power_bg_invert,60,0,1,63.0,3856.0,3444.4
29,max_power_bg_invert,61,0,1,63.0,3855.0,3444.8
29,max_power_bg_invert,62,0,1,63.0,3854.0,3444.8
29,max_power_bg_invert,63,0,1,63.0,3853.0,3445.6
29,max_power_bg_invert,64,0,1,63.0,3852.0,3445.2
29,max_power_bg_invert,65,0,1,63.0,3853.0,3445.6
29,max_power_bg_invert,66,0,1,64.0,3854.0,3444.8
29,max_power_bg_invert,67,0,1,63.0,3853.0,3444.8
29,max_power_bg_invert,68,0,1,63.0,3854.0,3444.4
29,max_power_bg_invert,69,0,1,63.0,3854.0,3444.0
29,max_power_bg_invert,70,0,1,63.0,3854.0,3443.2
29,max_power_bg_invert,71,0,1,63.0,3854.0,3442.4
29,max_power_bg_invert,72,0,1,64.0,3855.0,3441.6
29,max_power_bg_invert,73,0,1,63.0,3855.0,3441.2
29,max_power_bg_invert,74,0,1,63.0,3855.0,3441.2
29,max_power_bg_invert,75,0,1,63.0,3854.0,3442.4
29,max_power_bg_invert,76,0,1,63.0,3854.0,3442.0
29,max_power_bg_invert,77,0,1,64.0,3855.0,3440.8
29,max_power_bg_invert,78,0,1,63.0,3856.0,3440.0
29,max_power_bg_invert,79,0,1,64.0,3856.0,3440.0
29,max_power_bg_invert,80,0,1,63.0,3840.0,3424.4
29,max_power_bg_invert,81,0,1,64.0,3840.0,3443.2
29,max_power_bg_invert,82,0,1,63.0,3855.0,3431.2
29,max_power_bg_invert,83,0,1,63.0,3858.0,3432.0
29,max_power_bg_invert,84,0,1,63.0,3855.0,3427.6
29,max_power_bg_invert,85,0,1,63.0,3850.0,3429.2
29,max_power_bg_invert,86,0,1,63.0,3848.0,3432.4
29,max_power_bg_invert,87,0,1,63.0,3848.0,3434.8
29,max_power_bg_invert,88,0,1,63.0,3849.0,3438.0
29,max_power_bg_invert,89,0,1,64.0,3854.0,3436.8
29,max_power_bg_invert,90,0,1,63.0,3851.0,3439.2
29,max_power_bg_invert,0,0,2,56.0,825.0,3358.8
29,max_power_bg_invert,1,0,2,63.0,3770.0,3063.6
29,max_power_bg_invert,2,0,2,63.0,3905.0,3251.2
29,max_power_bg_invert,3,0,2,63.0,3968.0,3325.6
29,max_power_bg_invert,4,0,2,63.0,4005.0,3350.0
29,max_power_bg_invert,5,0,2,63.0,4022.0,3370.4
29,max_power_bg_invert,6,0,2,63.0,4018.0,3391.6
29,max_power_bg_invert,7,0,2,64.0,4029.0,3398.4
29,max_power_bg_invert,8,0,2,63.0,4037.0,3403.6
29,max_power_bg_invert,9,0,2,64.0,4042.0,3408.4
29,max_power_bg_invert,10,0,2,63.0,4046.0,3410.0
29,max_power_bg_invert,11,0,2,63.0,4051.0,3415.2
29,max_power_bg_invert,12,0,2,64.0,4053.0,3413.6
29,max_power_bg_invert,13,0,2,64.0,4055.0,3416.0
29,max_power_bg_invert,14,0,2,63.0,4058.0,3419.2
29,max_power_bg_invert,15,0,2,64.0,4057.0,3418.8
29,max_power_bg_invert,16,0,2,64.0,4058.0,3422.8
29,max_power_bg_invert,17,0,2,63.0,4057.0,3427.2
29,max_power_bg_invert,18,0,2,63.0,4058.0,3425.2
29,max_power_bg_invert,19,0,2,63.0,4059.0,3430.0
29,max_power_bg_invert,20,0,2,63.0,4062.0,3427.6
29,max_power_bg_invert,21,0,2,64.0,4061.0,3427.6
29,max_power_bg_invert,22,0,2,63.0,4063.0,3430.8
29,max_power_bg_invert,23,0,2,63.0,4063.0,3430.4
29,max_power_bg_invert,24,0,2,64.0,4065.0,3429.6
29,max_power_bg_invert,25,0,2,64.0,4064.0,3429.2
29,max_power_bg_invert,26,0,2,63.0,4064.0,3428.4
29,max_power_bg_invert,27,0,2,63.0,4065.0,3433.6
29,max_power_bg_invert,28,0,2,64.0,4066.0,3433.6
29,max_power_bg_invert,29,0,2,64.0,4066.0,3433.6
29,max_power_bg_invert,30,0,2,64.0,4067.0,3433.2
29,max_power_bg_invert,31,0,2,63.0,4069.0,3438.0
29,max_power_bg_invert,32,0,2,63.0,4069.0,3438.4
29,max_power_bg_invert,33,0,2,64.0,4071.0,3436.4
29,max_power_bg_invert,34,0,2,63.0,4071.0,3436.0
29,max_power_bg_invert,35,0,2,63.0,4071.0,3436.0
29,max_power_bg_invert,36,0,2,64.0,4071.0,3435.6
29,max_power_bg_invert,37,0,2,64.0,4071.0,3440.4
29,max_power_bg_invert,38,0,2,64.0,4071.0,3440.0
29,max_power_bg_invert,39,0,2,63.0,4071.0,3440.0
29,max_power_bg_invert,40,0,2,64.0,4089.0,3414.0
29,max_power_bg_invert,41,0,2,64.0,4094.0,3429.6
29,max_power_bg_invert,42,0,2,64.0,4086.0,3442.4
29,max_power_bg_invert,43,0,2,64.0,4079.0,3444.0
29,max_power_bg_invert,44,0,2,64.0,4079.0,3438.4
29,max_power_bg_invert,45,0,2,64.0,4082.0,3446.4
29,max_power_bg_invert,46,0,2,63.0,4080.0,3446.4
29,max_power_bg_invert,47,0,2,64.0,4082.0,3450.8
29,max_power_bg_invert,48,0,2,64.0,4078.0,3459.6
29,max_power_bg_invert,49,0,2,64.0,4070.0,3462.8
29,max_power_bg_invert,50,0,2,64.0,4073.0,3462.0
29,max_power_bg_invert,51,0,2,64.0,4075.0,3460.0
29,max_power_bg_invert,52,0,2,64.0,4077.0,3460.4
29,max_power_bg_invert,53,0,2,64.0,4074.0,3460.8
29,max_power_bg_invert,54,0,2,64.0,4076.0,3463.6
29,max_power_bg_invert,55,0,2,64.0,4076.0,3463.2
29,max_power_bg_invert,56,0,2,63.0,4074.0,3464.4
29,max_power_bg_invert,57,0,2,64.0,4076.0,3463.6
29,max_power_bg_invert,58,0,2,64.0,4075.0,3462.8
29,max_power_bg_invert,59,0,2,64.0,4076.0,3462.8
29,max_power_bg_invert,60,0,2,64.0,4075.0,3463.6
29,max_power_bg_invert,61,0,2,64.0,4075.0,3463.2
29,max_power_bg_invert,62,0,2,64.0,4074.0,3463.2
29,max_power_bg_invert,63,0,2,64.0,4075.0,3462.8
29,max_power_bg_invert,64,0,2,64.0,4073.0,3468.8
29,max_power_bg_invert,65,0,2,64.0,4072.0,3470.0
29,max_power_bg_invert,66,0,2,64.0,4071.0,3470.4
29,max_power_bg_invert,67,0,2,64.0,4071.0,3469.6
29,max_power_bg_invert,68,0,2,64.0,4069.0,3470.0
29,max_power_bg_invert,69,0,2,64.0,4070.0,3470.4
29,max_power_bg_invert,70,0,2,64.0,4071.0,3470.4
29,max_power_bg_invert,71,0,2,64.0,4071.0,3470.8
29,max_power_bg_invert,72,0,2,64.0,4072.0,3470.0
29,max_power_bg_invert,73,0,2,64.0,4072.0,3469.6
29,max_power_bg_invert,74,0,2,64.0,4071.0,3470.4
29,max_power_bg_invert,75,0,2,64.0,4070.0,3471.2
29,max_power_bg_invert,76,0,2,64.0,4069.0,3471.2
29,max_power_bg_invert,77,0,2,64.0,4068.0,3472.0
29,max_power_bg_invert,78,0,2,64.0,4068.0,3472.0
29,max_power_bg_invert,79,0,2,64.0,4068.0,3472.0
29,max_power_bg_invert,80,0,2,64.0,4060.0,3491.6
29,max_power_bg_invert,81,0,2,64.0,4063.0,3480.8
29,max_power_bg_invert,82,0,2,64.0,4082.0,3474.0
29,max_power_bg_invert,83,0,2,64.0,4079.0,3480.0
29,max_power_bg_invert,84,0,2,64.0,4080.0,3477.2
29,max_power_bg_invert,85,0,2,64.0,4079.0,3473.2
29,max_power_bg_invert,86,0,2,64.0,4076.0,3470.4
29,max_power_bg_invert,87,0,2,64.0,4075.0,3470.8
29,max_power_bg_invert,88,0,2,64.0,4071.0,3471.2
29,max_power_bg_invert,89,0,2,64.0,4071.0,3472.4
29,max_power_bg_invert,90,0,2,64.0,4074.0,3470.4
29,max_power_bg_invert,0,0,3,57.0,800.0,3329.6
29,max_power_bg_invert,1,0,3,63.0,3620.0,3121.2
29,max_power_bg_invert,2,0,3,64.0,3785.0,3290.0
29,max_power_bg_invert,3,0,3,64.0,3827.0,3360.8
29,max_power_bg_invert,4,0,3,64.0,3856.0,3392.4
29,max_power_bg_invert,5,0,3,64.0,3877.0,3408.8
29,max_power_bg_invert,6,0,3,64.0,3886.0,3421.2
29,max_power_bg_invert,7,0,3,64.0,3894.0,3430.4
29,max_power_bg_invert,8,0,3,64.0,3897.0,3435.2
29,max_power_bg_invert,9,0,3,64.0,3903.0,3433.2
29,max_power_bg_invert,10,0,3,64.0,3911.0,3437.2
29,max_power_bg_invert,11,0,3,64.0,3912.0,3441.2
29,max_power_bg_invert,12,0,3,63.0,3912.0,3446.0
29,max_power_bg_invert,13,0,3,64.0,3914.0,3445.2
29,max_power_bg_invert,14,0,3,64.0,3913.0,3448.0
29,max_power_bg_invert,15,0,3,64.0,3914.0,3450.8
29,max_power_bg_invert,16,0,3,64.0,3916.0,3450.0
29,max_power_bg_invert,17,0,3,64.0,3916.0,3452.8
29,max_power_bg_invert,18,0,3,64.0,3916.0,3452.8
29,max_power_bg_invert,19,0,3,64.0,3916.0,3452.4
29,max_power_bg_invert,20,0,3,64.0,3916.0,3456.8
29,max_power_bg_invert,21,0,3,64.0,3918.0,3455.2
29,max_power_bg_invert,22,0,3,64.0,3918.0,3456.0
29,max_power_bg_invert,23,0,3,64.0,3919.0,3455.6
29,max_power_bg_invert,24,0,3,64.0,3920.0,3459.2
29,max_power_bg_invert,25,0,3,64.0,3919.0,3459.6
29,max_power_bg_invert,26,0,3,64.0,3920.0,3458.4
29,max_power_bg_invert,27,0,3,64.0,3921.0,3457.2
29,max_power_bg_invert,28,0,3,64.0,3922.0,3456.8
29,max_power_bg_invert,29,0,3,64.0,3922.0,3456.0
29,max_power_bg_invert,30,0,3,64.0,3922.0,3460.0
29,max_power_bg_invert,31,0,3,64.0,3922.0,3459.6
29,max_power_bg_invert,32,0,3,64.0,3921.0,3460.8
29,max_power_bg_invert,33,0,3,64.0,3921.0,3460.4
29,max_power_bg_invert,34,0,3,64.0,3922.0,3460.0
29,max_power_bg_invert,35,0,3,64.0,3921.0,3460.4
29,max_power_bg_invert,36,0,3,64.0,3922.0,3460.0
29,max_power_bg_invert,37,0,3,64.0,3922.0,3460.0
29,max_power_bg_invert,38,0,3,64.0,3922.0,3460.0
29,max_power_bg_invert,39,0,3,64.0,3922.0,3459.6
29,max_power_bg_invert,40,0,3,64.0,3940.0,3445.2
29,max_power_bg_invert,41,0,3,64.0,3925.0,3456.0
29,max_power_bg_invert,42,0,3,64.0,3927.0,3462.0
29,max_power_bg_invert,43,0,3,64.0,3923.0,3466.8
29,max_power_bg_invert,44,0,3,64.0,3924.0,3464.8
29,max_power_bg_invert,45,0,3,64.0,3920.0,3468.0
29,max_power_bg_invert,46,0,3,64.0,3923.0,3466.8
29,max_power_bg_invert,47,0,3,64.0,3926.0,3466.4
29,max_power_bg_invert,48,0,3,64.0,3925.0,3467.2
29,max_power_bg_invert,49,0,3,64.0,3920.0,3469.6
29,max_power_bg_invert,50,0,3,64.0,3918.0,3471.6
29,max_power_bg_invert,51,0,3,64.0,3919.0,3471.6
29,max_power_bg_invert,52,0,3,64.0,3921.0,3470.4
29,max_power_bg_invert,53,0,3,64.0,3922.0,3468.4
29,max_power_bg_invert,54,0,3,64.0,3921.0,3468.4
29,max_power_bg_invert,55,0,3,64.0,3923.0,3468.4
29,max_power_bg_invert,56,0,3,64.0,3924.0,3468.4
29,max_power_bg_invert,57,0,3,64.0,3922.0,3470.0
29,max_power_bg_invert,58,0,3,64.0,3922.0,3470.8
29,max_power_bg_invert,59,0,3,64.0,3922.0,3470.0
29,max_power_bg_invert,60,0,3,64.0,3921.0,3470.4
29,max_power_bg_invert,61,0,3,64.0,3922.0,3470.0
29,max_power_bg_invert,62,0,3,64.0,3923.0,3469.2
29,max_power_bg_invert,63,0,3,64.0,3924.0,3467.6
29,max_power_bg_invert,64,0,3,64.0,3925.0,3467.6
29,max_power_bg_invert,65,0,3,64.0,3927.0,3466.8
29,max_power_bg_invert,66,0,3,64.0,3927.0,3467.2
29,max_power_bg_invert,67,0,3,64.0,3928.0,3466.4
29,max_power_bg_invert,68,0,3,64.0,3927.0,3466.8
29,max_power_bg_invert,69,0,3,64.0,3927.0,3467.6
29,max_power_bg_invert,70,0,3,64.0,3926.0,3468.4
29,max_power_bg_invert,71,0,3,64.0,3926.0,3468.4
29,max_power_bg_invert,72,0,3,64.0,3926.0,3468.4
29,max_power_bg_invert,73,0,3,64.0,3925.0,3468.8
29,max_power_bg_invert,74,0,3,64.0,3925.0,3468.8
29,max_power_bg_invert,75,0,3,64.0,3925.0,3468.8
29,max_power_bg_invert,76,0,3,64.0,3925.0,3468.4
29,max_power_bg_invert,77,0,3,64.0,3926.0,3468.0
29,max_power_bg_invert,78,0,3,64.0,3926.0,3467.6
29,max_power_bg_invert,79,0,3,64.0,3926.0,3466.8
29,max_power_bg_invert,80,0,3,64.0,3890.0,3455.6
29,max_power_bg_invert,81,0,3,64.0,3909.0,3453.2
29,max_power_bg_invert,82,0,3,64.0,3913.0,3454.4
29,max_power_bg_invert,83,0,3,64.0,3920.0,3452.0
29,max_power_bg_invert,84,0,3,64.0,3926.0,3454.0
29,max_power_bg_invert,85,0,3,64.0,3927.0,3452.4
29,max_power_bg_invert,86,0,3,64.0,3926.0,3455.2
29,max_power_bg_invert,87,0,3,64.0,3929.0,3454.0
29,max_power_bg_invert,88,0,3,64.0,3934.0,3451.2
29,max_power_bg_invert,89,0,3,64.0,3930.0,3453.2
29,max_power_bg_invert,90,0,3,64.0,3928.0,3453.6
29,max_power_bg_invert,0,1,2,56.0,900.0,3328.0
29,max_power_bg_invert,1,1,2,63.0,3630.0,3081.6
29,max_power_bg_invert,2,1,2,64.0,3779.0,3277.6
29,max_power_bg_invert,3,1,2,64.0,3837.0,3325.2
29,max_power_bg_invert,4,1,2,64.0,3858.0,3360.0
29,max_power_bg_invert,5,1,2,64.0,3877.0,3380.4
29,max_power_bg_invert,6,1,2,64.0,3889.0,3394.4
29,max_power_bg_invert,7,1,2,64.0,3901.0,3400.8
29,max_power_bg_invert,8,1,2,64.0,3906.0,3410.8
29,max_power_bg_invert,9,1,2,64.0,3911.0,3418.4
29,max_power_bg_invert,10,1,2,64.0,3913.0,3423.2
29,max_power_bg_invert,11,1,2,64.0,3915.0,3429.2
29,max_power_bg_invert,12,1,2,64.0,3918.0,3432.0
29,max_power_bg_invert,13,1,2,64.0,3919.0,3433.6
29,max_power_bg_invert,14,1,2,64.0,3919.0,3438.4
29,max_power_bg_invert,15,1,2,64.0,3919.0,3438.0
29,max_power_bg_invert,16,1,2,64.0,3919.0,3443.6
29,max_power_bg_invert,17,1,2,64.0,3919.0,3443.2
29,max_power_bg_invert,18,1,2,64.0,3919.0,3448.0
29,max_power_bg_invert,19,1,2,64.0,3919.0,3447.6
29,max_power_bg_invert,20,1,2,64.0,3921.0,3445.6
29,max_power_bg_invert,21,1,2,64.0,3920.0,3449.2
29,max_power_bg_invert,22,1,2,64.0,3921.0,3448.8
29,max_power_bg_invert,23,1,2,64.0,3920.0,3449.2
29,max_power_bg_invert,24,1,2,64.0,3921.0,3448.4
29,max_power_bg_invert,25,1,2,64.0,3923.0,3452.4
29,max_power_bg_invert,26,1,2,64.0,3924.0,3451.2
29,max_power_bg_invert,27,1,2,64.0,3922.0,3452.8
29,max_power_bg_invert,28,1,2,64.0,3924.0,3451.6
29,max_power_bg_invert,29,1,2,64.0,3924.0,3451.2
29,max_power_bg_invert,30,1,2,64.0,3925.0,3451.2
29,max_power_bg_invert,31,1,2,64.0,3926.0,3455.2
29,max_power_bg_invert,32,1,2,64.0,3927.0,3455.2
29,max_power_bg_invert,33,1,2,64.0,3927.0,3454.4
29,max_power_bg_invert,34,1,2,64.0,3925.0,3454.8
29,max_power_bg_invert,35,1,2,64.0,3925.0,3454.8
29,max_power_bg_invert,36,1,2,64.0,3925.0,3454.0
29,max_power_bg_invert,37,1,2,64.0,3926.0,3453.6
29,max_power_bg_invert,38,1,2,64.0,3927.0,3452.8
29,max_power_bg_invert,39,1,2,64.0,3927.0,3452.4
29,max_power_bg_invert,40,1,2,64.0,3920.0,3472.4
29,max_power_bg_invert,41,1,2,64.0,3920.0,3465.6
29,max_power_bg_invert,42,1,2,64.0,3941.0,3457.2
29,max_power_bg_invert,43,1,2,64.0,3941.0,3452.4
29,max_power_bg_invert,44,1,2,64.0,3940.0,3452.8
29,max_power_bg_invert,45,1,2,64.0,3939.0,3449.2
29,max_power_bg_invert,46,1,2,64.0,3938.0,3452.8
29,max_power_bg_invert,47,1,2,64.0,3937.0,3452.8
29,max_power_bg_invert,48,1,2,64.0,3937.0,3454.0
29,max_power_bg_invert,49,1,2,64.0,3940.0,3451.6
29,max_power_bg_invert,50,1,2,64.0,3934.0,3455.2
29,max_power_bg_invert,51,1,2,64.0,3930.0,3458.0
29,max_power_bg_invert,52,1,2,64.0,3929.0,3456.8
29,max_power_bg_invert,53,1,2,64.0,3928.0,3457.2
29,max_power_bg_invert,54,1,2,64.0,3928.0,3456.8
29,max_power_bg_invert,55,1,2,64.0,3928.0,3458.0
29,max_power_bg_invert,56,1,2,64.0,3930.0,3457.6
29,max_power_bg_invert,57,1,2,64.0,3931.0,3458.0
29,max_power_bg_invert,58,1,2,64.0,3930.0,3458.0
29,max_power_bg_invert,59,1,2,64.0,3931.0,3456.0
29,max_power_bg_invert,60,1,2,64.0,3931.0,3455.6
29,max_power_bg_invert,61,1,2,64.0,3930.0,3458.0
29,max_power_bg_invert,62,1,2,64.0,3929.0,3459.2
29,max_power_bg_invert,63,1,2,64.0,3929.0,3459.2
29,max_power_bg_invert,64,1,2,64.0,3930.0,3458.4
29,max_power_bg_invert,65,1,2,64.0,3931.0,3456.4
29,max_power_bg_invert,66,1,2,64.0,3932.0,3456.0
29,max_power_bg_invert,67,1,2,64.0,3933.0,3454.8
29,max_power_bg_invert,68,1,2,64.0,3934.0,3454.4
29,max_power_bg_invert,69,1,2,64.0,3935.0,3453.2
29,max_power_bg_invert,70,1,2,64.0,3935.0,3453.2
29,max_power_bg_invert,71,1,2,64.0,3935.0,3453.2
29,max_power_bg_invert,72,1,2,64.0,3935.0,3453.2
29,max_power_bg_invert,73,1,2,64.0,3935.0,3453.2
29,max_power_bg_invert,74,1,2,64.0,3934.0,3452.8
29,max_power_bg_invert,75,1,2,64.0,3934.0,3452.8
29,max_power_bg_invert,76,1,2,64.0,3934.0,3452.8
29,max_power_bg_invert,77,1,2,64.0,3933.0,3452.8
29,max_power_bg_invert,78,1,2,64.0,3932.0,3453.6
29,max_power_bg_invert,79,1,2,64.0,3931.0,3454.4
29,max_power_bg_invert,80,1,2,64.0,3930.0,3434.4
29,max_power_bg_invert,81,1,2,64.0,3935.0,3442.4
29,max_power_bg_invert,82,1,2,64.0,3936.0,3450.0
29,max_power_bg_invert,83,1,2,64.0,3933.0,3454.4
29,max_power_bg_invert,84,1,2,64.0,3924.0,3456.4
29,max_power_bg_invert,85,1,2,64.0,3927.0,3454.4
29,max_power_bg_invert,86,1,2,64.0,3926.0,3450.0
29,max_power_bg_invert,87,1,2,64.0,3925.0,3451.2
29,max_power_bg_invert,88,1,2,64.0,3927.0,3451.2
29,max_power_bg_invert,89,1,2,64.0,3925.0,3454.8
29,max_power_bg_invert,90,1,2,64.0,3924.0,3453.6
29,max_power_bg_invert,0,1,3,56.0,800.0,3405.2
29,max_power_bg_invert,1,1,3,63.0,3480.0,3147.2
29,max_power_bg_invert,2,1,3,64.0,3625.0,3308.4
29,max_power_bg_invert,3,1,3,64.0,3668.0,3353.6
29,max_power_bg_invert,4,1,3,64.0,3700.0,3387.6
29,max_power_bg_invert,5,1,3,64.0,3714.0,3406.0
29,max_power_bg_invert,6,1,3,64.0,3723.0,3411.6
29,max_power_bg_invert,7,1,3,64.0,3733.0,3416.4
29,max_power_bg_invert,8,1,3,64.0,3735.0,3426.0
29,max_power_bg_invert,9,1,3,64.0,3737.0,3426.8
29,max_power_bg_invert,10,1,3,64.0,3745.0,3429.2
29,max_power_bg_invert,11,1,3,64.0,3749.0,3426.4
29,max_power_bg_invert,12,1,3,64.0,3751.0,3430.8
29,max_power_bg_invert,13,1,3,64.0,3754.0,3433.6
29,max_power_bg_invert,14,1,3,64.0,3757.0,3434.0
29,max_power_bg_invert,15,1,3,64.0,3760.0,3433.6
29,max_power_bg_invert,16,1,3,64.0,3760.0,3438.0
29,max_power_bg_invert,17,1,3,64.0,3760.0,3438.8
29,max_power_bg_invert,18,1,3,64.0,3762.0,3436.8
29,max_power_bg_invert,19,1,3,64.0,3764.0,3439.2
29,max_power_bg_invert,20,1,3,64.0,3763.0,3439.6
29,max_power_bg_invert,21,1,3,64.0,3764.0,3439.2
29,max_power_bg_invert,22,1,3,64.0,3765.0,3437.2
29,max_power_bg_invert,23,1,3,64.0,3764.0,3443.6
29,max_power_bg_invert,24,1,3,64.0,3764.0,3443.6
29,max_power_bg_invert,25,1,3,64.0,3766.0,3443.6
29,max_power_bg_invert,26,1,3,64.0,3766.0,3443.2
29,max_power_bg_invert,27,1,3,64.0,3766.0,3442.4
29,max_power_bg_invert,28,1,3,64.0,3767.0,3446.0
29,max_power_bg_invert,29,1,3,64.0,3768.0,3445.6
29,max_power_bg_invert,30,1,3,64.0,3767.0,3446.4
29,max_power_bg_invert,31,1,3,64.0,3769.0,3444.8
29,max_power_bg_invert,32,1,3,64.0,3770.0,3445.2
29,max_power_bg_invert,33,1,3,64.0,3771.0,3443.6
29,max_power_bg_invert,34,1,3,64.0,3773.0,3442.4
29,max_power_bg_invert,35,1,3,64.0,3773.0,3442.0
29,max_power_bg_invert,36,1,3,64.0,3774.0,3441.6
29,max_power_bg_invert,37,1,3,64.0,3775.0,3445.6
29,max_power_bg_invert,38,1,3,64.0,3776.0,3444.8
29,max_power_bg_invert,39,1,3,64.0,3776.0,3444.4
29,max_power_bg_invert,40,1,3,64.0,3787.0,3448.4
29,max_power_bg_invert,41,1,3,64.0,3803.0,3439.2
29,max_power_bg_invert,42,1,3,64.0,3799.0,3440.8
29,max_power_bg_invert,43,1,3,64.0,3794.0,3446.4
29,max_power_bg_invert,44,1,3,64.0,3795.0,3445.2
29,max_power_bg_invert,45,1,3,64.0,3797.0,3443.6
29,max_power_bg_invert,46,1,3,64.0,3795.0,3446.8
29,max_power_bg_invert,47,1,3,64.0,3804.0,3444.0
29,max_power_bg_invert,48,1,3,64.0,3802.0,3443.2
29,max_power_bg_invert,49,1,3,64.0,3796.0,3446.4
29,max_power_bg_invert,50,1,3,64.0,3795.0,3445.2
29,max_power_bg_invert,51,1,3,64.0,3794.0,3447.2
29,max_power_bg_invert,52,1,3,64.0,3794.0,3447.2
29,max_power_bg_invert,53,1,3,64.0,3796.0,3447.2
29,max_power_bg_invert,54,1,3,64.0,3795.0,3448.0
29,max_power_bg_invert,55,1,3,64.0,3797.0,3448.4
29,max_power_bg_invert,56,1,3,64.0,3799.0,3446.8
29,max_power_bg_invert,57,1,3,64.0,3801.0,3446.0
29,max_power_bg_invert,58,1,3,64.0,3802.0,3446.0
29,max_power_bg_invert,59,1,3,64.0,3800.0,3446.0
29,max_power_bg_invert,60,1,3,64.0,3799.0,3446.4
29,max_power_bg_invert,61,1,3,64.0,3799.0,3444.8
29,max_power_bg_invert,62,1,3,64.0,3799.0,3444.0
29,max_power_bg_invert,63,1,3,64.0,3798.0,3443.6
29,max_power_bg_invert,64,1,3,64.0,3798.0,3443.2
29,max_power_bg_invert,65,1,3,64.0,3795.0,3444.4
29,max_power_bg_invert,66,1,3,64.0,3796.0,3443.2
29,max_power_bg_invert,67,1,3,64.0,3797.0,3442.4
29,max_power_bg_invert,68,1,3,64.0,3797.0,3442.0
29,max_power_bg_invert,69,1,3,64.0,3796.0,3442.4
29,max_power_bg_invert,70,1,3,64.0,3796.0,3442.0
29,max_power_bg_invert,71,1,3,64.0,3797.0,3441.6
29,max_power_bg_invert,72,1,3,64.0,3797.0,3441.6
29,max_power_bg_invert,73,1,3,64.0,3796.0,3442.8
29,max_power_bg_invert,74,1,3,64.0,3795.0,3443.2
29,max_power_bg_invert,75,1,3,64.0,3794.0,3444.4
29,max_power_bg_invert,76,1,3,64.0,3793.0,3444.8
29,max_power_bg_invert,77,1,3,64.0,3793.0,3444.8
29,max_power_bg_invert,78,1,3,64.0,3794.0,3444.4
29,max_power_bg_invert,79,1,3,64.0,3794.0,3444.8
29,max_power_bg_invert,80,1,3,64.0,3760.0,3462.8
29,max_power_bg_invert,81,1,3,64.0,3775.0,3455.6
29,max_power_bg_invert,82,1,3,64.0,3780.0,3451.6
29,max_power_bg_invert,83,1,3,64.0,3776.0,3453.6
29,max_power_bg_invert,84,1,3,64.0,3779.0,3447.6
29,max_power_bg_invert,85,1,3,64.0,3777.0,3452.8
29,max_power_bg_invert,86,1,3,64.0,3776.0,3454.0
29,max_power_bg_invert,87,1,3,64.0,3775.0,3454.4
29,max_power_bg_invert,88,1,3,64.0,3776.0,3453.6
29,max_power_bg_invert,89,1,3,64.0,3778.0,3452.0
29,max_power_bg_invert,90,1,3,64.0,3782.0,3450.8
29,max_power_bg_invert,0,2,3,56.0,900.0,3310.8
29,max_power_bg_invert,1,2,3,63.0,3540.0,3108.8
29,max_power_bg_invert,2,2,3,63.0,3685.0,3278.4
29,max_power_bg_invert,3,2,3,63.0,3741.0,3327.6
29,max_power_bg_invert,4,2,3,64.0,3771.0,3361.6
29,max_power_bg_invert,5,2,3,63.0,3787.0,3381.2
29,max_power_bg_invert,6,2,3,64.0,3801.0,3396.0
29,max_power_bg_invert,7,2,3,64.0,3808.0,3408.0
29,max_power_bg_invert,8,2,3,63.0,3811.0,3418.0
29,max_power_bg_invert,9,2,3,63.0,3819.0,3417.6
29,max_power_bg_invert,10,2,3,64.0,3823.0,3426.0
29,max_power_bg_invert,11,2,3,63.0,3823.0,3429.2
29,max_power_bg_invert,12,2,3,64.0,3823.0,3432.0
29,max_power_bg_invert,13,2,3,64.0,3827.0,3434.4
29,max_power_bg_invert,14,2,3,64.0,3827.0,3434.8
29,max_power_bg_invert,15,2,3,63.0,3829.0,3438.8
29,max_power_bg_invert,16,2,3,63.0,3829.0,3438.8
29,max_power_bg_invert,17,2,3,63.0,3829.0,3444.0
29,max_power_bg_invert,18,2,3,64.0,3830.0,3442.4
29,max_power_bg_invert,19,2,3,63.0,3831.0,3441.6
29,max_power_bg_invert,20,2,3,64.0,3831.0,3448.0
29,max_power_bg_invert,21,2,3,63.0,3833.0,3446.8
29,max_power_bg_invert,22,2,3,64.0,3833.0,3447.6
29,max_power_bg_invert,23,2,3,64.0,3835.0,3451.2
29,max_power_bg_invert,24,2,3,64.0,3835.0,3451.2
29,max_power_bg_invert,25,2,3,64.0,3836.0,3450.4
29,max_power_bg_invert,26,2,3,64.0,3838.0,3449.6
29,max_power_bg_invert,27,2,3,64.0,3838.0,3449.2
29,max_power_bg_invert,28,2,3,64.0,3838.0,3455.2
29,max_power_bg_invert,29,2,3,64.0,3837.0,3455.6
29,max_power_bg_invert,30,2,3,64.0,3838.0,3454.8
29,max_power_bg_invert,31,2,3,63.0,3839.0,3453.6
29,max_power_bg_invert,32,2,3,64.0,3839.0,3453.2
29,max_power_bg_invert,33,2,3,64.0,3838.0,3453.2
29,max_power_bg_invert,34,2,3,64.0,3838.0,3452.8
29,max_power_bg_invert,35,2,3,64.0,3837.0,3457.6
29,max_power_bg_invert,36,2,3,64.0,3836.0,3457.6
29,max_power_bg_invert,37,2,3,64.0,3836.0,3458.0
29,max_power_bg_invert,38,2,3,64.0,3836.0,3458.0
29,max_power_bg_invert,39,2,3,64.0,3836.0,3457.6
29,max_power_bg_invert,40,2,3,64.0,3810.0,3488.4
29,max_power_bg_invert,41,2,3,64.0,3790.0,3508.4
29,max_power_bg_invert,42,2,3,64.0,3799.0,3497.6
29,max_power_bg_invert,43,2,3,64.0,3807.0,3490.8
29,max_power_bg_invert,44,2,3,64.0,3806.0,3486.0
29,max_power_bg_invert,45,2,3,64.0,3815.0,3480.8
29,max_power_bg_invert,46,2,3,64.0,3819.0,3480.0
29,max_power_bg_invert,47,2,3,64.0,3823.0,3476.8
29,max_power_bg_invert,48,2,3,64.0,3822.0,3479.6
29,max_power_bg_invert,49,2,3,64.0,3823.0,3479.6
29,max_power_bg_invert,50,2,3,64.0,3824.0,3477.6
29,max_power_bg_invert,51,2,3,64.0,3827.0,3476.4
29,max_power_bg_invert,52,2,3,64.0,3826.0,3476.0
29,max_power_bg_invert,53,2,3,64.0,3829.0,3474.8
29,max_power_bg_invert,54,2,3,64.0,3829.0,3476.0
29,max_power_bg_invert,55,2,3,64.0,3830.0,3470.8
29,max_power_bg_invert,56,2,3,64.0,3830.0,3470.0
29,max_power_bg_invert,57,2,3,64.0,3831.0,3470.0
29,max_power_bg_invert,58,2,3,64.0,3832.0,3470.0
29,max_power_bg_invert,59,2,3,64.0,3832.0,3470.0
29,max_power_bg_invert,60,2,3,64.0,3832.0,3470.4
29,max_power_bg_invert,61,2,3,64.0,3834.0,3468.8
29,max_power_bg_invert,62,2,3,64.0,3836.0,3468.8
29,max_power_bg_invert,63,2,3,64.0,3835.0,3470.0
29,max_power_bg_invert,64,2,3,64.0,3833.0,3470.4
29,max_power_bg_invert,65,2,3,64.0,3835.0,3470.4
29,max_power_bg_invert,66,2,3,64.0,3835.0,3470.4
29,max_power_bg_invert,67,2,3,64.0,3838.0,3469.2
29,max_power_bg_invert,68,2,3,64.0,3838.0,3469.2
29,max_power_bg_invert,69,2,3,64.0,3838.0,3469.6
29,max_power_bg_invert,70,2,3,64.0,3838.0,3469.6
29,max_power_bg_invert,71,2,3,64.0,3840.0,3468.8
29,max_power_bg_invert,72,2,3,64.0,3841.0,3467.6
29,max_power_bg_invert,73,2,3,64.0,3842.0,3467.6
29,max_power_bg_invert,74,2,3,64.0,3843.0,3466.8
29,max_power_bg_invert,75,2,3,64.0,3844.0,3467.2
29,max_power_bg_invert,76,2,3,64.0,3844.0,3467.2
29,max_power_bg_invert,77,2,3,64.0,3843.0,3468.0
29,max_power_bg_invert,78,2,3,64.0,3843.0,3467.6
29,max_power_bg_invert,79,2,3,64.0,3843.0,3467.6
29,max_power_bg_invert,80,2,3,64.0,3850.0,3446.8
29,max_power_bg_invert,81,2,3,64.0,3845.0,3464.8
29,max_power_bg_invert,82,2,3,64.0,3851.0,3465.2
29,max_power_bg_invert,83,2,3,64.0,3846.0,3470.0
29,max_power_bg_invert,84,2,3,64.0,3844.0,3471.6
29,max_power_bg_invert,85,2,3,64.0,3849.0,3466.4
29,max_power_bg_invert,86,2,3,64.0,3845.0,3468.0
29,max_power_bg_invert,87,2,3,64.0,3848.0,3468.4
29,max_power_bg_invert,88,2,3,64.0,3846.0,3470.8
29,max_power_bg_invert,89,2,3,64.0,3847.0,3472.0
29,max_power_bg_invert,90,2,3,64.0,3846.0,3470.0
30,max_power_bg_invert,0,0,1,59.0,1400.0,2946.0
30,max_power_bg_invert,1,0,1,66.0,4110.0,2578.0
30,max_power_bg_invert,2,0,1,66.0,4263.0,2747.6
30,max_power_bg_invert,3,0,1,66.0,4331.0,2815.6
30,max_power_bg_invert,4,0,1,66.0,4356.0,2854.4
30,max_power_bg_invert,5,0,1,66.0,4371.0,2880.0
30,max_power_bg_invert,6,0,1,66.0,4379.0,2895.2
30,max_power_bg_invert,7,0,1,66.0,4388.0,2904.8
30,max_power_bg_invert,8,0,1,66.0,4388.0,2914.8
30,max_power_bg_invert,9,0,1,66.0,4395.0,2921.2
30,max_power_bg_invert,10,0,1,66.0,4397.0,2922.4
30,max_power_bg_invert,11,0,1,66.0,4401.0,2930.4
30,max_power_bg_invert,12,0,1,66.0,4405.0,2934.4
30,max_power_bg_invert,13,0,1,66.0,4410.0,2936.4
30,max_power_bg_invert,14,0,1,66.0,4411.0,2936.8
30,max_power_bg_invert,15,0,1,66.0,4412.0,2939.2
30,max_power_bg_invert,16,0,1,66.0,4415.0,2938.0
30,max_power_bg_invert,17,0,1,66.0,4416.0,2942.4
30,max_power_bg_invert,18,0,1,66.0,4420.0,2940.8
30,max_power_bg_invert,19,0,1,66.0,4420.0,2945.6
30,max_power_bg_invert,20,0,1,66.0,4421.0,2945.6
30,max_power_bg_invert,21,0,1,66.0,4420.0,2945.2
30,max_power_bg_invert,22,0,1,66.0,4422.0,2950.0
30,max_power_bg_invert,23,0,1,66.0,4423.0,2949.2
30,max_power_bg_invert,24,0,1,66.0,4423.0,2949.2
30,max_power_bg_invert,25,0,1,66.0,4425.0,2947.6
30,max_power_bg_invert,26,0,1,66.0,4426.0,2950.4
30,max_power_bg_invert,27,0,1,66.0,4425.0,2951.2
30,max_power_bg_invert,28,0,1,66.0,4426.0,2950.0
30,max_power_bg_invert,29,0,1,66.0,4425.0,2951.2
30,max_power_bg_invert,30,0,1,66.0,4425.0,2951.6
30,max_power_bg_invert,31,0,1,66.0,4425.0,2950.8
30,max_power_bg_invert,32,0,1,66.0,4427.0,2948.4
30,max_power_bg_invert,33,0,1,66.0,4428.0,2951.6
30,max_power_bg_invert,34,0,1,66.0,4428.0,2951.2
30,max_power_bg_invert,35,0,1,66.0,4428.0,2950.8
30,max_power_bg_invert,36,0,1,66.0,4429.0,2950.0
30,max_power_bg_invert,37,0,1,66.0,4429.0,2949.2
30,max_power_bg_invert,38,0,1,66.0,4429.0,2949.2
30,max_power_bg_invert,39,0,1,66.0,4428.0,2950.0
30,max_power_bg_invert,40,0,1,66.0,4470.0,2944.0
30,max_power_bg_invert,41,0,1,66.0,4455.0,2944.8
30,max_power_bg_invert,42,0,1,66.0,4450.0,2948.4
30,max_power_bg_invert,43,0,1,66.0,4438.0,2954.8
30,max_power_bg_invert,44,0,1,66.0,4442.0,2956.8
30,max_power_bg_invert,45,0,1,66.0,4438.0,2956.4
30,max_power_bg_invert,46,0,1,66.0,4436.0,2958.8
30,max_power_bg_invert,47,0,1,66.0,4436.0,2960.0
30,max_power_bg_invert,48,0,1,66.0,4432.0,2959.2
30,max_power_bg_invert,49,0,1,66.0,4432.0,2962.0
30,max_power_bg_invert,50,0,1,66.0,4437.0,2958.8
30,max_power_bg_invert,51,0,1,66.0,4438.0,2958.8
30,max_power_bg_invert,52,0,1,66.0,4437.0,2959.2
30,max_power_bg_invert,53,0,1,66.0,4438.0,2958.0
30,max_power_bg_invert,54,0,1,66.0,4442.0,2956.4
30,max_power_bg_invert,55,0,1,66.0,4443.0,2954.0
30,max_power_bg_invert,56,0,1,66.0,4443.0,2954.4
30,max_power_bg_invert,57,0,1,66.0,4441.0,2956.4
30,max_power_bg_invert,58,0,1,66.0,4440.0,2957.2
30,max_power_bg_invert,59,0,1,66.0,4440.0,2958.0
30,max_power_bg_invert,60,0,1,66.0,4443.0,2956.0
30,max_power_bg_invert,61,0,1,66.0,4445.0,2954.4
30,max_power_bg_invert,62,0,1,66.0,4443.0,2955.2
30,max_power_bg_invert,63,0,1,66.0,4443.0,2955.6
30,max_power_bg_invert,64,0,1,67.0,4443.0,2956.0
30,max_power_bg_invert,65,0,1,66.0,4440.0,2958.0
30,max_power_bg_invert,66,0,1,66.0,4442.0,2956.8
30,max_power_bg_invert,67,0,1,66.0,4444.0,2955.6
30,max_power_bg_invert,68,0,1,66.0,4445.0,2955.6
30,max_power_bg_invert,69,0,1,66.0,4446.0,2954.8
30,max_power_bg_invert,70,0,1,66.0,4446.0,2955.2
30,max_power_bg_invert,71,0,1,66.0,4446.0,2954.4
30,max_power_bg_invert,72,0,1,66.0,4445.0,2954.4
30,max_power_bg_invert,73,0,1,66.0,4445.0,2954.8
30,max_power_bg_invert,74,0,1,66.0,4444.0,2955.2
30,max_power_bg_invert,75,0,1,66.0,4443.0,2956.0
30,max_power_bg_invert,76,0,1,66.0,4443.0,2956.0
30,max_power_bg_invert,77,0,1,66.0,4443.0,2955.6
30,max_power_bg_invert,78,0,1,66.0,4443.0,2955.2
30,max_power_bg_invert,79,0,1,66.0,4442.0,2955.6
30,max_power_bg_invert,80,0,1,66.0,4440.0,2933.2
30,max_power_bg_invert,81,0,1,66.0,4463.0,2924.4
30,max_power_bg_invert,82,0,1,66.0,4451.0,2938.8
30,max_power_bg_invert,83,0,1,66.0,4435.0,2946.4
30,max_power_bg_invert,84,0,1,66.0,4440.0,2948.4
30,max_power_bg_invert,85,0,1,66.0,4437.0,2947.2
30,max_power_bg_invert,86,0,1,66.0,4435.0,2946.4
30,max_power_bg_invert,87,0,1,66.0,4430.0,2947.6
30,max_power_bg_invert,88,0,1,66.0,4432.0,2947.2
30,max_power_bg_invert,89,0,1,66.0,4435.0,2945.2
30,max_power_bg_invert,90,0,1,66.0,4440.0,2945.2
30,max_power_bg_invert,0,0,2,60.0,1300.0,2898.0
30,max_power_bg_invert,1,0,2,66.0,4630.0,2305.2
30,max_power_bg_invert,2,0,2,66.0,4635.0,2626.4
30,max_power_bg_invert,3,0,2,66.0,4637.0,2738.8
30,max_power_bg_invert,4,0,2,66.0,4630.0,2798.4
30,max_power_bg_invert,5,0,2,66.0,4630.0,2835.2
30,max_power_bg_invert,6,0,2,66.0,4632.0,2856.4
30,max_power_bg_invert,7,0,2,66.0,4636.0,2870.4
30,max_power_bg_invert,8,0,2,66.0,4634.0,2880.4
30,max_power_bg_invert,9,0,2,66.0,4632.0,2889.6
30,max_power_bg_invert,10,0,2,66.0,4633.0,2897.6
30,max_power_bg_invert,11,0,2,66.0,4630.0,2908.0
30,max_power_bg_invert,12,0,2,66.0,4635.0,2910.8
30,max_power_bg_invert,13,0,2,66.0,4637.0,2914.8
30,max_power_bg_invert,14,0,2,66.0,4637.0,2918.8
30,max_power_bg_invert,15,0,2,66.0,4636.0,2924.0
30,max_power_bg_invert,16,0,2,66.0,4637.0,2922.4
30,max_power_bg_invert,17,0,2,66.0,4637.0,2926.4
30,max_power_bg_invert,18,0,2,66.0,4636.0,2926.4
30,max_power_bg_invert,19,0,2,67.0,4638.0,2929.6
30,max_power_bg_invert,20,0,2,66.0,4637.0,2929.6
30,max_power_bg_invert,21,0,2,66.0,4639.0,2934.0
30,max_power_bg_invert,22,0,2,66.0,4638.0,2934.0
30,max_power_bg_invert,23,0,2,66.0,4638.0,2935.6
30,max_power_bg_invert,24,0,2,66.0,4638.0,2936.0
30,max_power_bg_invert,25,0,2,66.0,4638.0,2940.4
30,max_power_bg_invert,26,0,2,67.0,4638.0,2940.8
30,max_power_bg_invert,27,0,2,67.0,4638.0,2940.4
30,max_power_bg_invert,28,0,2,67.0,4638.0,2940.8
30,max_power_bg_invert,29,0,2,67.0,4638.0,2945.2
30,max_power_bg_invert,30,0,2,67.0,4638.0,2945.2
30,max_power_bg_invert,31,0,2,67.0,4639.0,2944.8
30,max_power_bg_invert,32,0,2,67.0,4639.0,2944.8
30,max_power_bg_invert,33,0,2,67.0,4640.0,2944.8
30,max_power_bg_invert,34,0,2,66.0,4639.0,2944.8
30,max_power_bg_invert,35,0,2,66.0,4639.0,2944.0
30,max_power_bg_invert,36,0,2,67.0,4640.0,2949.2
30,max_power_bg_invert,37,0,2,67.0,4639.0,2950.4
30,max_power_bg_invert,38,0,2,66.0,4639.0,2950.0
30,max_power_bg_invert,39,0,2,67.0,4639.0,2950.0
30,max_power_bg_invert,40,0,2,66.0,4643.0,2953.6
30,max_power_bg_invert,41,0,2,67.0,4641.0,2968.0
30,max_power_bg_invert,42,0,2,67.0,4657.0,2966.8
30,max_power_bg_invert,43,0,2,67.0,4655.0,2978.4
30,max_power_bg_invert,44,0,2,67.0,4653.0,2973.6
30,max_power_bg_invert,45,0,2,67.0,4654.0,2978.8
30,max_power_bg_invert,46,0,2,67.0,4654.0,2980.4
30,max_power_bg_invert,47,0,2,67.0,4654.0,2982.4
30,max_power_bg_invert,48,0,2,67.0,4656.0,2982.8
30,max_power_bg_invert,49,0,2,67.0,4663.0,2980.8
30,max_power_bg_invert,50,0,2,67.0,4663.0,2979.2
30,max_power_bg_invert,51,0,2,67.0,4662.0,2984.4
30,max_power_bg_invert,52,0,2,67.0,4660.0,2983.6
30,max_power_bg_invert,53,0,2,67.0,4663.0,2981.2
30,max_power_bg_invert,54,0,2,67.0,4663.0,2981.2
30,max_power_bg_invert,55,0,2,67.0,4662.0,2981.6
30,max_power_bg_invert,56,0,2,67.0,4659.0,2982.8
30,max_power_bg_invert,57,0,2,67.0,4657.0,2982.4
30,max_power_bg_invert,58,0,2,67.0,4657.0,2982.8
30,max_power_bg_invert,59,0,2,67.0,4656.0,2983.6
30,max_power_bg_invert,60,0,2,67.0,4656.0,2984.4
30,max_power_bg_invert,61,0,2,67.0,4655.0,2986.4
30,max_power_bg_invert,62,0,2,67.0,4654.0,2986.8
30,max_power_bg_invert,63,0,2,67.0,4654.0,2986.0
30,max_power_bg_invert,64,0,2,67.0,4654.0,2985.2
30,max_power_bg_invert,65,0,2,67.0,4656.0,2984.4
30,max_power_bg_invert,66,0,2,67.0,4655.0,2984.8
30,max_power_bg_invert,67,0,2,67.0,4653.0,2986.0
30,max_power_bg_invert,68,0,2,67.0,4652.0,2985.6
30,max_power_bg_invert,69,0,2,67.0,4653.0,2984.4
30,max_power_bg_invert,70,0,2,67.0,4652.0,2985.2
30,max_power_bg_invert,71,0,2,67.0,4652.0,2984.8
30,max_power_bg_invert,72,0,2,67.0,4653.0,2984.0
30,max_power_bg_invert,73,0,2,67.0,4653.0,2984.0
30,max_power_bg_invert,74,0,2,67.0,4653.0,2984.0
30,max_power_bg_invert,75,0,2,67.0,4652.0,2984.8
30,max_power_bg_invert,76,0,2,67.0,4652.0,2984.0
30,max_power_bg_invert,77,0,2,67.0,4651.0,2984.4
30,max_power_bg_invert,78,0,2,67.0,4651.0,2984.0
30,max_power_bg_invert,79,0,2,67.0,4651.0,2983.6
30,max_power_bg_invert,80,0,2,67.0,4640.0,2975.6
30,max_power_bg_invert,81,0,2,67.0,4605.0,3004.4
30,max_power_bg_invert,82,0,2,67.0,4617.0,2994.4
30,max_power_bg_invert,83,0,2,67.0,4628.0,2984.8
30,max_power_bg_invert,84,0,2,67.0,4638.0,2979.6
30,max_power_bg_invert,85,0,2,67.0,4642.0,2977.2
30,max_power_bg_invert,86,0,2,67.0,4644.0,2976.0
30,max_power_bg_invert,87,0,2,67.0,4639.0,2978.8
30,max_power_bg_invert,88,0,2,67.0,4639.0,2977.6
30,max_power_bg_invert,89,0,2,67.0,4638.0,2979.2
30,max_power_bg_invert,90,0,2,67.0,4638.0,2978.0
30,max_power_bg_invert,0,0,3,60.0,1350.0,2932.0
30,max_power_bg_invert,1,0,3,66.0,4160.0,2604.0
30,max_power_bg_invert,2,0,3,66.0,4331.0,2775.2
30,max_power_bg_invert,3,0,3,66.0,4413.0,2833.2
30,max_power_bg_invert,4,0,3,67.0,4441.0,2865.6
30,max_power_bg_invert,5,0,3,67.0,4451.0,2889.2
30,max_power_bg_invert,6,0,3,67.0,4460.0,2902.4
30,max_power_bg_invert,7,0,3,67.0,4470.0,2910.4
30,max_power_bg_invert,8,0,3,67.0,4480.0,2912.0
30,max_power_bg_invert,9,0,3,67.0,4488.0,2917.2
30,max_power_bg_invert,10,0,3,67.0,4488.0,2925.2
30,max_power_bg_invert,11,0,3,67.0,4491.0,2929.2
30,max_power_bg_invert,12,0,3,67.0,4494.0,2931.6
30,max_power_bg_invert,13,0,3,67.0,4497.0,2936.4
30,max_power_bg_invert,14,0,3,67.0,4499.0,2936.8
30,max_power_bg_invert,15,0,3,67.0,4502.0,2939.6
30,max_power_bg_invert,16,0,3,67.0,4504.0,2938.8
30,max_power_bg_invert,17,0,3,67.0,4506.0,2942.0
30,max_power_bg_invert,18,0,3,67.0,4506.0,2942.0
30,max_power_bg_invert,19,0,3,67.0,4507.0,2946.4
30,max_power_bg_invert,20,0,3,67.0,4509.0,2945.2
30,max_power_bg_invert,21,0,3,67.0,4510.0,2946.0
30,max_power_bg_invert,22,0,3,67.0,4511.0,2950.4
30,max_power_bg_invert,23,0,3,67.0,4510.0,2950.8
30,max_power_bg_invert,24,0,3,67.0,4511.0,2950.4
30,max_power_bg_invert,25,0,3,67.0,4510.0,2950.0
30,max_power_bg_invert,26,0,3,67.0,4511.0,2953.6
30,max_power_bg_invert,27,0,3,67.0,4512.0,2954.0
30,max_power_bg_invert,28,0,3,67.0,4514.0,2952.4
30,max_power_bg_invert,29,0,3,67.0,4514.0,2952.4
30,max_power_bg_invert,30,0,3,67.0,4514.0,2951.6
30,max_power_bg_invert,31,0,3,67.0,4515.0,2950.8
30,max_power_bg_invert,32,0,3,67.0,4516.0,2950.4
30,max_power_bg_invert,33,0,3,67.0,4516.0,2955.6
30,max_power_bg_invert,34,0,3,67.0,4517.0,2952.8
30,max_power_bg_invert,35,0,3,67.0,4519.0,2952.0
30,max_power_bg_invert,36,0,3,67.0,4519.0,2953.2
30,max_power_bg_invert,37,0,3,67.0,4518.0,2953.6
30,max_power_bg_invert,38,0,3,67.0,4519.0,2953.2
30,max_power_bg_invert,39,0,3,67.0,4519.0,2952.4
30,max_power_bg_invert,40,0,3,67.0,4520.0,2964.8
30,max_power_bg_invert,41,0,3,67.0,4529.0,2952.0
30,max_power_bg_invert,42,0,3,67.0,4523.0,2961.6
30,max_power_bg_invert,43,0,3,67.0,4538.0,2954.4
30,max_power_bg_invert,44,0,3,67.0,4536.0,2956.0
30,max_power_bg_invert,45,0,3,67.0,4537.0,2956.0
30,max_power_bg_invert,46,0,3,67.0,4542.0,2953.6
30,max_power_bg_invert,47,0,3,67.0,4542.0,2952.4
30,max_power_bg_invert,48,0,3,67.0,4539.0,2954.0
30,max_power_bg_invert,49,0,3,67.0,4540.0,2953.2
30,max_power_bg_invert,50,0,3,67.0,4541.0,2951.2
30,max_power_bg_invert,51,0,3,67.0,4541.0,2949.6
30,max_power_bg_invert,52,0,3,67.0,4539.0,2951.2
30,max_power_bg_invert,53,0,3,67.0,4538.0,2951.6
30,max_power_bg_invert,54,0,3,67.0,4540.0,2950.8
30,max_power_bg_invert,55,0,3,67.0,4539.0,2952.0
30,max_power_bg_invert,56,0,3,67.0,4539.0,2954.0
30,max_power_bg_invert,57,0,3,67.0,4538.0,2954.0
30,max_power_bg_invert,58,0,3,67.0,4540.0,2952.8
30,max_power_bg_invert,59,0,3,67.0,4538.0,2952.8
30,max_power_bg_invert,60,0,3,67.0,4540.0,2951.2
30,max_power_bg_invert,61,0,3,67.0,4541.0,2950.8
30,max_power_bg_invert,62,0,3,67.0,4543.0,2949.6
30,max_power_bg_invert,63,0,3,67.0,4541.0,2950.0
30,max_power_bg_invert,64,0,3,67.0,4540.0,2951.2
30,max_power_bg_invert,65,0,3,67.0,4541.0,2950.0
30,max_power_bg_invert,66,0,3,67.0,4541.0,2948.4
30,max_power_bg_invert,67,0,3,67.0,4539.0,2949.6
30,max_power_bg_invert,68,0,3,67.0,4539.0,2950.0
30,max_power_bg_invert,69,0,3,67.0,4539.0,2949.6
30,max_power_bg_invert,70,0,3,67.0,4539.0,2949.6
30,max_power_bg_invert,71,0,3,67.0,4538.0,2949.6
30,max_power_bg_invert,72,0,3,67.0,4539.0,2949.6
30,max_power_bg_invert,73,0,3,67.0,4538.0,2949.6
30,max_power_bg_invert,74,0,3,67.0,4539.0,2948.8
30,max_power_bg_invert,75,0,3,67.0,4539.0,2948.0
30,max_power_bg_invert,76,0,3,67.0,4539.0,2947.6
30,max_power_bg_invert,77,0,3,67.0,4538.0,2948.4
30,max_power_bg_invert,78,0,3,67.0,4538.0,2952.4
30,max_power_bg_invert,79,0,3,67.0,4538.0,2952.4
30,max_power_bg_invert,80,0,3,67.0,4539.0,2950.8
30,max_power_bg_invert,81,0,3,67.0,4534.0,2947.6
30,max_power_bg_invert,82,0,3,67.0,4539.0,2952.8
30,max_power_bg_invert,83,0,3,67.0,4547.0,2950.8
30,max_power_bg_invert,84,0,3,67.0,4538.0,2962.0
30,max_power_bg_invert,85,0,3,67.0,4533.0,2966.0
30,max_power_bg_invert,86,0,3,67.0,4528.0,2969.6
30,max_power_bg_invert,87,0,3,67.0,4525.0,2971.2
30,max_power_bg_invert,88,0,3,67.0,4527.0,2968.4
30,max_power_bg_invert,89,0,3,67.0,4519.0,2971.6
30,max_power_bg_invert,90,0,3,67.0,4517.0,2974.0
30,max_power_bg_invert,0,1,2,60.0,1400.0,2939.2
30,max_power_bg_invert,1,1,2,66.0,4210.0,2582.0
30,max_power_bg_invert,2,1,2,67.0,4363.0,2760.0
30,max_power_bg_invert,3,1,2,67.0,4427.0,2822.8
30,max_power_bg_invert,4,1,2,67.0,4461.0,2853.2
30,max_power_bg_invert,5,1,2,67.0,4479.0,2872.8
30,max_power_bg_invert,6,1,2,67.0,4487.0,2880.0
30,max_power_bg_invert,7,1,2,67.0,4494.0,2898.4
30,max_power_bg_invert,8,1,2,67.0,4497.0,2905.2
30,max_power_bg_invert,9,1,2,67.0,4498.0,2912.8
30,max_power_bg_invert,10,1,2,67.0,4503.0,2915.6
30,max_power_bg_invert,11,1,2,67.0,4504.0,2917.2
30,max_power_bg_invert,12,1,2,67.0,4504.0,2922.4
30,max_power_bg_invert,13,1,2,67.0,4506.0,2924.4
30,max_power_bg_invert,14,1,2,67.0,4508.0,2927.6
30,max_power_bg_invert,15,1,2,67.0,4510.0,2926.0
30,max_power_bg_invert,16,1,2,67.0,4512.0,2928.8
30,max_power_bg_invert,17,1,2,67.0,4513.0,2928.0
30,max_power_bg_invert,18,1,2,67.0,4515.0,2931.2
30,max_power_bg_invert,19,1,2,67.0,4517.0,2930.0
30,max_power_bg_invert,20,1,2,67.0,4516.0,2929.2
30,max_power_bg_invert,21,1,2,67.0,4517.0,2932.0
30,max_power_bg_invert,22,1,2,67.0,4519.0,2930.4
30,max_power_bg_invert,23,1,2,67.0,4520.0,2930.0
30,max_power_bg_invert,24,1,2,67.0,4521.0,2928.8
30,max_power_bg_invert,25,1,2,67.0,4523.0,2932.8
30,max_power_bg_invert,26,1,2,67.0,4523.0,2933.2
30,max_power_bg_invert,27,1,2,67.0,4525.0,2931.6
30,max_power_bg_invert,28,1,2,67.0,4526.0,2932.0
30,max_power_bg_invert,29,1,2,67.0,4527.0,2931.2
30,max_power_bg_invert,30,1,2,67.0,4528.0,2935.2
30,max_power_bg_invert,31,1,2,67.0,4528.0,2934.8
30,max_power_bg_invert,32,1,2,67.0,4528.0,2935.2
30,max_power_bg_invert,33,1,2,67.0,4529.0,2934.8
30,max_power_bg_invert,34,1,2,67.0,4529.0,2934.8
30,max_power_bg_invert,35,1,2,67.0,4531.0,2934.0
30,max_power_bg_invert,36,1,2,67.0,4531.0,2933.6
30,max_power_bg_invert,37,1,2,67.0,4531.0,2938.4
30,max_power_bg_invert,38,1,2,67.0,4532.0,2937.2
30,max_power_bg_invert,39,1,2,67.0,4532.0,2937.2
30,max_power_bg_invert,40,1,2,67.0,4510.0,3001.6
30,max_power_bg_invert,41,1,2,67.0,4529.0,2968.0
30,max_power_bg_invert,42,1,2,67.0,4536.0,2962.0
30,max_power_bg_invert,43,1,2,67.0,4541.0,2958.0
30,max_power_bg_invert,44,1,2,67.0,4538.0,2960.4
30,max_power_bg_invert,45,1,2,67.0,4533.0,2964.0
30,max_power_bg_invert,46,1,2,67.0,4530.0,2963.6
30,max_power_bg_invert,47,1,2,67.0,4533.0,2964.0
30,max_power_bg_invert,48,1,2,67.0,4531.0,2970.0
30,max_power_bg_invert,49,1,2,67.0,4532.0,2968.8
30,max_power_bg_invert,50,1,2,67.0,4531.0,2968.8
30,max_power_bg_invert,51,1,2,67.0,4533.0,2966.4
30,max_power_bg_invert,52,1,2,67.0,4536.0,2967.6
30,max_power_bg_invert,53,1,2,67.0,4534.0,2972.8
30,max_power_bg_invert,54,1,2,67.0,4534.0,2972.8
30,max_power_bg_invert,55,1,2,67.0,4532.0,2972.4
30,max_power_bg_invert,56,1,2,67.0,4534.0,2973.6
30,max_power_bg_invert,57,1,2,67.0,4533.0,2973.6
30,max_power_bg_invert,58,1,2,67.0,4531.0,2975.6
30,max_power_bg_invert,59,1,2,67.0,4531.0,2974.8
30,max_power_bg_invert,60,1,2,67.0,4531.0,2979.6
30,max_power_bg_invert,61,1,2,67.0,4533.0,2978.0
30,max_power_bg_invert,62,1,2,67.0,4533.0,2978.4
30,max_power_bg_invert,63,1,2,67.0,4532.0,2978.8
30,max_power_bg_invert,64,1,2,67.0,4533.0,2978.0
30,max_power_bg_invert,65,1,2,67.0,4532.0,2978.8
30,max_power_bg_invert,66,1,2,67.0,4531.0,2978.0
30,max_power_bg_invert,67,1,2,67.0,4531.0,2977.6
30,max_power_bg_invert,68,1,2,67.0,4533.0,2977.2
30,max_power_bg_invert,69,1,2,67.0,4532.0,2977.2
30,max_power_bg_invert,70,1,2,67.0,4533.0,2977.2
30,max_power_bg_invert,71,1,2,67.0,4532.0,2977.2
30,max_power_bg_invert,72,1,2,67.0,4531.0,2976.8
30,max_power_bg_invert,73,1,2,67.0,4531.0,2976.8
30,max_power_bg_invert,74,1,2,67.0,4532.0,2976.4
30,max_power_bg_invert,75,1,2,67.0,4534.0,2977.6
30,max_power_bg_invert,76,1,2,67.0,4533.0,2978.0
30,max_power_bg_invert,77,1,2,67.0,4534.0,2977.6
30,max_power_bg_invert,78,1,2,67.0,4533.0,2978.0
30,max_power_bg_invert,79,1,2,67.0,4532.0,2977.6
30,max_power_bg_invert,80,1,2,67.0,4550.0,2960.4
30,max_power_bg_invert,81,1,2,67.0,4545.0,2971.2
30,max_power_bg_invert,82,1,2,67.0,4533.0,2982.4
30,max_power_bg_invert,83,1,2,67.0,4533.0,2981.6
30,max_power_bg_invert,84,1,2,67.0,4538.0,2980.8
30,max_power_bg_invert,85,1,2,67.0,4540.0,2979.2
30,max_power_bg_invert,86,1,2,67.0,4540.0,2974.0
30,max_power_bg_invert,87,1,2,67.0,4537.0,2978.8
30,max_power_bg_invert,88,1,2,67.0,4540.0,2977.6
30,max_power_bg_invert,89,1,2,67.0,4537.0,2980.8
30,max_power_bg_invert,90,1,2,67.0,4535.0,2980.4
30,max_power_bg_invert,0,1,3,60.0,1375.0,2924.4
30,max_power_bg_invert,1,1,3,66.0,4410.0,2387.6
30,max_power_bg_invert,2,1,3,67.0,4400.0,2680.4
30,max_power_bg_invert,3,1,3,67.0,4413.0,2773.2
30,max_power_bg_invert,4,1,3,67.0,4410.0,2824.4
30,max_power_bg_invert,5,1,3,67.0,4406.0,2854.8
30,max_power_bg_invert,6,1,3,67.0,4408.0,2878.8
30,max_power_bg_invert,7,1,3,67.0,4408.0,2892.8
30,max_power_bg_invert,8,1,3,67.0,4407.0,2901.2
30,max_power_bg_invert,9,1,3,67.0,4409.0,2908.8
30,max_power_bg_invert,10,1,3,67.0,4407.0,2912.0
30,max_power_bg_invert,11,1,3,67.0,4407.0,2922.4
30,max_power_bg_invert,12,1,3,67.0,4410.0,2925.2
30,max_power_bg_invert,13,1,3,67.0,4411.0,2925.2
30,max_power_bg_invert,14,1,3,67.0,4412.0,2928.4
30,max_power_bg_invert,15,1,3,67.0,4409.0,2931.2
30,max_power_bg_invert,16,1,3,67.0,4408.0,2933.2
30,max_power_bg_invert,17,1,3,67.0,4407.0,2938.4
30,max_power_bg_invert,18,1,3,67.0,4406.0,2939.6
30,max_power_bg_invert,19,1,3,67.0,4407.0,2943.6
30,max_power_bg_invert,20,1,3,67.0,4406.0,2944.0
30,max_power_bg_invert,21,1,3,67.0,4405.0,2944.8
30,max_power_bg_invert,22,1,3,67.0,4405.0,2950.0
30,max_power_bg_invert,23,1,3,67.0,4406.0,2949.6
30,max_power_bg_invert,24,1,3,67.0,4407.0,2949.2
30,max_power_bg_invert,25,1,3,67.0,4407.0,2948.4
30,max_power_bg_invert,26,1,3,67.0,4407.0,2948.8
30,max_power_bg_invert,27,1,3,67.0,4407.0,2954.0
30,max_power_bg_invert,28,1,3,67.0,4406.0,2955.2
30,max_power_bg_invert,29,1,3,67.0,4406.0,2955.6
30,max_power_bg_invert,30,1,3,67.0,4406.0,2955.2
30,max_power_bg_invert,31,1,3,67.0,4406.0,2955.2
30,max_power_bg_invert,32,1,3,67.0,4406.0,2955.2
30,max_power_bg_invert,33,1,3,67.0,4405.0,2960.4
30,max_power_bg_invert,34,1,3,67.0,4404.0,2960.8
30,max_power_bg_invert,35,1,3,67.0,4404.0,2960.8
30,max_power_bg_invert,36,1,3,67.0,4404.0,2960.8
30,max_power_bg_invert,37,1,3,67.0,4404.0,2960.0
30,max_power_bg_invert,38,1,3,67.0,4404.0,2959.2
30,max_power_bg_invert,39,1,3,67.0,4403.0,2959.2
30,max_power_bg_invert,40,1,3,67.0,4420.0,2946.4
30,max_power_bg_invert,41,1,3,67.0,4415.0,2944.8
30,max_power_bg_invert,42,1,3,67.0,4413.0,2952.0
30,max_power_bg_invert,43,1,3,67.0,4402.0,2960.0
30,max_power_bg_invert,44,1,3,67.0,4404.0,2958.4
30,max_power_bg_invert,45,1,3,67.0,4405.0,2959.2
30,max_power_bg_invert,46,1,3,67.0,4405.0,2959.2
30,max_power_bg_invert,47,1,3,67.0,4406.0,2958.4
30,max_power_bg_invert,48,1,3,67.0,4405.0,2963.2
30,max_power_bg_invert,49,1,3,67.0,4403.0,2965.2
30,max_power_bg_invert,50,1,3,67.0,4399.0,2966.4
30,max_power_bg_invert,51,1,3,67.0,4397.0,2968.0
30,max_power_bg_invert,52,1,3,67.0,4396.0,2968.8
30,max_power_bg_invert,53,1,3,67.0,4396.0,2968.0
30,max_power_bg_invert,54,1,3,67.0,4396.0,2968.8
30,max_power_bg_invert,55,1,3,67.0,4399.0,2966.8
30,max_power_bg_invert,56,1,3,67.0,4398.0,2967.2
30,max_power_bg_invert,57,1,3,67.0,4398.0,2968.4
30,max_power_bg_invert,58,1,3,67.0,4397.0,2969.2
30,max_power_bg_invert,59,1,3,67.0,4398.0,2969.2
30,max_power_bg_invert,60,1,3,67.0,4398.0,2969.6
30,max_power_bg_invert,61,1,3,67.0,4399.0,2969.6
30,max_power_bg_invert,62,1,3,67.0,4398.0,2970.4
30,max_power_bg_invert,63,1,3,67.0,4399.0,2970.0
30,max_power_bg_invert,64,1,3,67.0,4397.0,2971.2
30,max_power_bg_invert,65,1,3,67.0,4399.0,2970.4
30,max_power_bg_invert,66,1,3,67.0,4399.0,2970.8
30,max_power_bg_invert,67,1,3,68.0,4399.0,2970.4
30,max_power_bg_invert,68,1,3,67.0,4401.0,2969.6
30,max_power_bg_invert,69,1,3,67.0,4401.0,2968.0
30,max_power_bg_invert,70,1,3,67.0,4401.0,2968.4
30,max_power_bg_invert,71,1,3,67.0,4401.0,2968.0
30,max_power_bg_invert,72,1,3,67.0,4401.0,2967.6
30,max_power_bg_invert,73,1,3,67.0,4401.0,2967.6
30,max_power_bg_invert,74,1,3,67.0,4402.0,2966.8
30,max_power_bg_invert,75,1,3,67.0,4402.0,2967.6
30,max_power_bg_invert,76,1,3,67.0,4401.0,2968.0
30,max_power_bg_invert,77,1,3,68.0,4402.0,2967.6
30,max_power_bg_invert,78,1,3,67.0,4403.0,2966.8
30,max_power_bg_invert,79,1,3,67.0,4403.0,2966.4
30,max_power_bg_invert,80,1,3,67.0,4420.0,2970.4
30,max_power_bg_invert,81,1,3,67.0,4414.0,2970.0
30,max_power_bg_invert,82,1,3,67.0,4417.0,2959.6
30,max_power_bg_invert,83,1,3,67.0,4430.0,2956.8
30,max_power_bg_invert,84,1,3,67.0,4422.0,2962.8
30,max_power_bg_invert,85,1,3,67.0,4418.0,2966.4
30,max_power_bg_invert,86,1,3,67.0,4416.0,2967.6
30,max_power_bg_invert,87,1,3,67.0,4414.0,2965.6
30,max_power_bg_invert,88,1,3,67.0,4411.0,2967.2
30,max_power_bg_invert,89,1,3,67.0,4408.0,2969.2
30,max_power_bg_invert,90,1,3,67.0,4409.0,2968.4
30,max_power_bg_invert,0,2,3,60.0,1362.0,2944.0
30,max_power_bg_invert,1,2,3,66.0,4130.0,2548.4
30,max_power_bg_invert,2,2,3,66.0,4295.0,2749.2
30,max_power_bg_invert,3,2,3,66.0,4331.0,2813.6
30,max_power_bg_invert,4,2,3,66.0,4358.0,2852.4
30,max_power_bg_invert,5,2,3,67.0,4361.0,2882.8
30,max_power_bg_invert,6,2,3,67.0,4384.0,2885.2
30,max_power_bg_invert,7,2,3,67.0,4385.0,2896.4
30,max_power_bg_invert,8,2,3,67.0,4391.0,2907.6
30,max_power_bg_invert,9,2,3,67.0,4393.0,2917.2
30,max_power_bg_invert,10,2,3,67.0,4400.0,2916.4
30,max_power_bg_invert,11,2,3,67.0,4401.0,2919.2
30,max_power_bg_invert,12,2,3,67.0,4402.0,2923.6
30,max_power_bg_invert,13,2,3,67.0,4407.0,2926.0
30,max_power_bg_invert,14,2,3,67.0,4406.0,2930.8
30,max_power_bg_invert,15,2,3,66.0,4408.0,2934.4
30,max_power_bg_invert,16,2,3,67.0,4410.0,2933.2
30,max_power_bg_invert,17,2,3,67.0,4412.0,2936.4
30,max_power_bg_invert,18,2,3,67.0,4414.0,2936.4
30,max_power_bg_invert,19,2,3,67.0,4414.0,2937.6
30,max_power_bg_invert,20,2,3,67.0,4414.0,2942.0
30,max_power_bg_invert,21,2,3,67.0,4416.0,2940.4
30,max_power_bg_invert,22,2,3,67.0,4417.0,2939.2
30,max_power_bg_invert,23,2,3,67.0,4416.0,2944.0
30,max_power_bg_invert,24,2,3,67.0,4418.0,2943.2
30,max_power_bg_invert,25,2,3,67.0,4422.0,2940.8
30,max_power_bg_invert,26,2,3,67.0,4424.0,2939.6
30,max_power_bg_invert,27,2,3,67.0,4426.0,2942.8
30,max_power_bg_invert,28,2,3,67.0,4426.0,2942.8
30,max_power_bg_invert,29,2,3,67.0,4426.0,2942.8
30,max_power_bg_invert,30,2,3,67.0,4427.0,2942.4
30,max_power_bg_invert,31,2,3,67.0,4429.0,2941.2
30,max_power_bg_invert,32,2,3,67.0,4429.0,2942.0
30,max_power_bg_invert,33,2,3,67.0,4431.0,2940.8
30,max_power_bg_invert,34,2,3,67.0,4431.0,2947.6
30,max_power_bg_invert,35,2,3,67.0,4431.0,2948.0
30,max_power_bg_invert,36,2,3,67.0,4431.0,2947.6
30,max_power_bg_invert,37,2,3,67.0,4430.0,2948.0
30,max_power_bg_invert,38,2,3,67.0,4430.0,2948.0
30,max_power_bg_invert,39,2,3,67.0,4430.0,2948.0
30,max_power_bg_invert,40,2,3,67.0,4443.0,2945.6
30,max_power_bg_invert,41,2,3,67.0,4431.0,2962.4
30,max_power_bg_invert,42,2,3,67.0,4431.0,2957.2
30,max_power_bg_invert,43,2,3,67.0,4433.0,2951.2
30,max_power_bg_invert,44,2,3,67.0,4431.0,2948.8
30,max_power_bg_invert,45,2,3,67.0,4429.0,2946.4
30,max_power_bg_invert,46,2,3,67.0,4425.0,2951.2
30,max_power_bg_invert,47,2,3,67.0,4429.0,2952.8
30,max_power_bg_invert,48,2,3,67.0,4433.0,2951.6
30,max_power_bg_invert,49,2,3,67.0,4430.0,2954.0
30,max_power_bg_invert,50,2,3,67.0,4435.0,2952.0
30,max_power_bg_invert,51,2,3,67.0,4435.0,2952.0
30,max_power_bg_invert,52,2,3,67.0,4437.0,2951.2
30,max_power_bg_invert,53,2,3,67.0,4436.0,2950.8
30,max_power_bg_invert,54,2,3,67.0,4434.0,2950.8
30,max_power_bg_invert,55,2,3,67.0,4437.0,2947.2
30,max_power_bg_invert,56,2,3,67.0,4438.0,2951.2
30,max_power_bg_invert,57,2,3,67.0,4437.0,2952.0
30,max_power_bg_invert,58,2,3,67.0,4435.0,2953.6
30,max_power_bg_invert,59,2,3,67.0,4434.0,2954.0
30,max_power_bg_invert,60,2,3,67.0,4431.0,2955.6
30,max_power_bg_invert,61,2,3,67.0,4430.0,2957.2
30,max_power_bg_invert,62,2,3,67.0,4430.0,2962.0
30,max_power_bg_invert,63,2,3,67.0,4429.0,2962.4
30,max_power_bg_invert,64,2,3,67.0,4430.0,2961.2
30,max_power_bg_invert,65,2,3,67.0,4432.0,2959.6
30,max_power_bg_invert,66,2,3,67.0,4431.0,2959.6
30,max_power_bg_invert,67,2,3,67.0,4430.0,2959.6
30,max_power_bg_invert,68,2,3,67.0,4430.0,2958.8
30,max_power_bg_invert,69,2,3,67.0,4428.0,2960.0
30,max_power_bg_invert,70,2,3,67.0,4428.0,2960.0
30,max_power_bg_invert,71,2,3,67.0,4428.0,2960.0
30,max_power_bg_invert,72,2,3,67.0,4428.0,2960.4
30,max_power_bg_invert,73,2,3,67.0,4428.0,2960.8
30,max_power_bg_invert,74,2,3,67.0,4428.0,2960.8
30,max_power_bg_invert,75,2,3,67.0,4429.0,2959.2
30,max_power_bg_invert,76,2,3,67.0,4429.0,2964.0
30,max_power_bg_invert,77,2,3,67.0,4430.0,2963.2
30,max_power_bg_invert,78,2,3,67.0,4431.0,2962.8
30,max_power_bg_invert,79,2,3,67.0,4431.0,2962.8
30,max_power_bg_invert,80,2,3,67.0,4440.0,2962.0
30,max_power_bg_invert,81,2,3,67.0,4431.0,2972.0
30,max_power_bg_invert,82,2,3,67.0,4431.0,2979.6
30,max_power_bg_invert,83,2,3,67.0,4441.0,2977.2
30,max_power_bg_invert,84,2,3,67.0,4440.0,2986.0
30,max_power_bg_invert,85,2,3,67.0,4444.0,2983.6
30,max_power_bg_invert,86,2,3,67.0,4445.0,2982.4
30,max_power_bg_invert,87,2,3,67.0,4443.0,2982.0
30,max_power_bg_invert,88,2,3,67.0,4440.0,2981.2
30,max_power_bg_invert,89,2,3,67.0,4443.0,2978.4
30,max_power_bg_invert,90,2,3,67.0,4443.0,2980.8
31,max_power_bg_invert,0,0,1,59.0,1300.0,2928.0
31,max_power_bg_invert,1,0,1,66.0,4040.0,2634.8
31,max_power_bg_invert,2,0,1,67.0,4200.0,2780.8
31,max_power_bg_invert,3,0,1,67.0,4255.0,2834.0
31,max_power_bg_invert,4,0,1,67.0,4282.0,2872.4
31,max_power_bg_invert,5,0,1,67.0,4295.0,2890.4
31,max_power_bg_invert,6,0,1,67.0,4301.0,2903.6
31,max_power_bg_invert,7,0,1,67.0,4314.0,2904.8
31,max_power_bg_invert,8,0,1,67.0,4319.0,2910.4
31,max_power_bg_invert,9,0,1,67.0,4323.0,2913.6
31,max_power_bg_invert,10,0,1,67.0,4323.0,2921.2
31,max_power_bg_invert,11,0,1,67.0,4328.0,2921.6
31,max_power_bg_invert,12,0,1,67.0,4331.0,2924.8
31,max_power_bg_invert,13,0,1,67.0,4333.0,2926.4
31,max_power_bg_invert,14,0,1,67.0,4335.0,2930.8
31,max_power_bg_invert,15,0,1,67.0,4338.0,2928.8
31,max_power_bg_invert,16,0,1,67.0,4341.0,2930.4
31,max_power_bg_invert,17,0,1,67.0,4342.0,2929.2
31,max_power_bg_invert,18,0,1,67.0,4345.0,2931.6
31,max_power_bg_invert,19,0,1,67.0,4347.0,2930.8
31,max_power_bg_invert,20,0,1,67.0,4349.0,2933.6
31,max_power_bg_invert,21,0,1,67.0,4351.0,2932.8
31,max_power_bg_invert,22,0,1,67.0,4351.0,2935.6
31,max_power_bg_invert,23,0,1,67.0,4352.0,2934.8
31,max_power_bg_invert,24,0,1,67.0,4352.0,2934.8
31,max_power_bg_invert,25,0,1,67.0,4352.0,2938.8
31,max_power_bg_invert,26,0,1,67.0,4353.0,2939.2
31,max_power_bg_invert,27,0,1,67.0,4353.0,2938.4
31,max_power_bg_invert,28,0,1,67.0,4354.0,2937.2
31,max_power_bg_invert,29,0,1,67.0,4355.0,2941.6
31,max_power_bg_invert,30,0,1,67.0,4355.0,2940.4
31,max_power_bg_invert,31,0,1,67.0,4356.0,2939.6
31,max_power_bg_invert,32,0,1,67.0,4357.0,2938.4
31,max_power_bg_invert,33,0,1,67.0,4357.0,2937.6
31,max_power_bg_invert,34,0,1,67.0,4358.0,2936.8
31,max_power_bg_invert,35,0,1,67.0,4357.0,2941.2
31,max_power_bg_invert,36,0,1,67.0,4356.0,2941.2
31,max_power_bg_invert,37,0,1,67.0,4356.0,2941.2
31,max_power_bg_invert,38,0,1,67.0,4356.0,2941.2
31,max_power_bg_invert,39,0,1,67.0,4356.0,2941.2
31,max_power_bg_invert,40,0,1,67.0,4390.0,2954.4
31,max_power_bg_invert,41,0,1,67.0,4385.0,2944.8
31,max_power_bg_invert,42,0,1,67.0,4360.0,2959.6
31,max_power_bg_invert,43,0,1,67.0,4352.0,2958.8
31,max_power_bg_invert,44,0,1,67.0,4357.0,2956.4
31,max_power_bg_invert,45,0,1,67.0,4357.0,2962.4
31,max_power_bg_invert,46,0,1,67.0,4362.0,2960.0
31,max_power_bg_invert,47,0,1,67.0,4364.0,2961.2
31,max_power_bg_invert,48,0,1,67.0,4362.0,2960.0
31,max_power_bg_invert,49,0,1,67.0,4365.0,2960.8
31,max_power_bg_invert,50,0,1,67.0,4367.0,2957.6
31,max_power_bg_invert,51,0,1,67.0,4365.0,2956.0
31,max_power_bg_invert,52,0,1,67.0,4367.0,2952.0
31,max_power_bg_invert,53,0,1,67.0,4366.0,2951.6
31,max_power_bg_invert,54,0,1,67.0,4369.0,2950.8
31,max_power_bg_invert,55,0,1,67.0,4370.0,2949.6
31,max_power_bg_invert,56,0,1,67.0,4372.0,2948.8
31,max_power_bg_invert,57,0,1,67.0,4374.0,2946.0
31,max_power_bg_invert,58,0,1,67.0,4374.0,2945.2
31,max_power_bg_invert,59,0,1,67.0,4375.0,2942.8
31,max_power_bg_invert,60,0,1,67.0,4375.0,2942.0
31,max_power_bg_invert,61,0,1,67.0,4375.0,2942.0
31,max_power_bg_invert,62,0,1,67.0,4374.0,2942.0
31,max_power_bg_invert,63,0,1,67.0,4374.0,2942.4
31,max_power_bg_invert,64,0,1,67.0,4374.0,2942.0
31,max_power_bg_invert,65,0,1,67.0,4374.0,2942.0
31,max_power_bg_invert,66,0,1,67.0,4374.0,2942.8
31,max_power_bg_invert,67,0,1,67.0,4374.0,2943.2
31,max_power_bg_invert,68,0,1,67.0,4374.0,2942.0
31,max_power_bg_invert,69,0,1,67.0,4374.0,2941.6
31,max_power_bg_invert,70,0,1,67.0,4373.0,2942.4
31,max_power_bg_invert,71,0,1,67.0,4374.0,2942.4
31,max_power_bg_invert,72,0,1,67.0,4374.0,2942.8
31,max_power_bg_invert,73,0,1,67.0,4374.0,2942.4
31,max_power_bg_invert,74,0,1,67.0,4374.0,2942.0
31,max_power_bg_invert,75,0,1,67.0,4374.0,2941.6
31,max_power_bg_invert,76,0,1,67.0,4374.0,2941.2
31,max_power_bg_invert,77,0,1,67.0,4373.0,2941.6
31,max_power_bg_invert,78,0,1,67.0,4374.0,2941.2
31,max_power_bg_invert,79,0,1,67.0,4374.0,2941.2
31,max_power_bg_invert,80,0,1,67.0,4370.0,2936.8
31,max_power_bg_invert,81,0,1,67.0,4384.0,2928.8
31,max_power_bg_invert,82,0,1,67.0,4375.0,2937.2
31,max_power_bg_invert,83,0,1,67.0,4374.0,2936.8
31,max_power_bg_invert,84,0,1,67.0,4371.0,2941.6
31,max_power_bg_invert,85,0,1,67.0,4367.0,2945.2
31,max_power_bg_invert,86,0,1,67.0,4367.0,2944.0
31,max_power_bg_invert,87,0,1,67.0,4371.0,2941.2
31,max_power_bg_invert,88,0,1,67.0,4372.0,2938.4
31,max_power_bg_invert,89,0,1,67.0,4374.0,2938.0
31,max_power_bg_invert,90,0,1,67.0,4377.0,2936.8
31,max_power_bg_invert,0,0,2,59.0,1300.0,2972.0
31,max_power_bg_invert,1,0,2,67.0,4270.0,2604.8
31,max_power_bg_invert,2,0,2,67.0,4425.0,2772.4
31,max_power_bg_invert,3,0,2,67.0,4468.0,2828.4
31,max_power_bg_invert,4,0,2,67.0,4507.0,2855.2
31,max_power_bg_invert,5,0,2,67.0,4528.0,2872.0
31,max_power_bg_invert,6,0,2,67.0,4540.0,2889.6
31,max_power_bg_invert,7,0,2,67.0,4552.0,2891.2
31,max_power_bg_invert,8,0,2,68.0,4555.0,2901.2
31,max_power_bg_invert,9,0,2,67.0,4556.0,2911.2
31,max_power_bg_invert,10,0,2,67.0,4558.0,2916.0
31,max_power_bg_invert,11,0,2,68.0,4560.0,2919.6
31,max_power_bg_invert,12,0,2,67.0,4560.0,2922.8
31,max_power_bg_invert,13,0,2,67.0,4564.0,2920.8
31,max_power_bg_invert,14,0,2,67.0,4563.0,2926.0
31,max_power_bg_invert,15,0,2,67.0,4562.0,2931.2
31,max_power_bg_invert,16,0,2,67.0,4564.0,2929.2
31,max_power_bg_invert,17,0,2,67.0,4565.0,2930.0
31,max_power_bg_invert,18,0,2,67.0,4565.0,2934.4
31,max_power_bg_invert,19,0,2,67.0,4565.0,2933.6
31,max_power_bg_invert,20,0,2,67.0,4567.0,2937.2
31,max_power_bg_invert,21,0,2,67.0,4567.0,2937.6
31,max_power_bg_invert,22,0,2,67.0,4567.0,2937.2
31,max_power_bg_invert,23,0,2,68.0,4569.0,2936.0
31,max_power_bg_invert,24,0,2,68.0,4569.0,2940.4
31,max_power_bg_invert,25,0,2,67.0,4570.0,2939.6
31,max_power_bg_invert,26,0,2,68.0,4570.0,2939.2
31,max_power_bg_invert,27,0,2,68.0,4570.0,2939.6
31,max_power_bg_invert,28,0,2,68.0,4571.0,2939.2
31,max_power_bg_invert,29,0,2,68.0,4572.0,2942.8
31,max_power_bg_invert,30,0,2,68.0,4572.0,2941.2
31,max_power_bg_invert,31,0,2,67.0,4573.0,2939.6
31,max_power_bg_invert,32,0,2,68.0,4574.0,2938.4
31,max_power_bg_invert,33,0,2,68.0,4573.0,2943.6
31,max_power_bg_invert,34,0,2,68.0,4574.0,2943.6
31,max_power_bg_invert,35,0,2,68.0,4575.0,2943.2
31,max_power_bg_invert,36,0,2,68.0,4576.0,2942.8
31,max_power_bg_invert,37,0,2,68.0,4576.0,2947.6
31,max_power_bg_invert,38,0,2,68.0,4577.0,2946.4
31,max_power_bg_invert,39,0,2,68.0,4578.0,2945.6
31,max_power_bg_invert,40,0,2,68.0,4597.0,2945.6
31,max_power_bg_invert,41,0,2,68.0,4598.0,2942.8
31,max_power_bg_invert,42,0,2,68.0,4602.0,2950.0
31,max_power_bg_invert,43,0,2,68.0,4604.0,2947.6
31,max_power_bg_invert,44,0,2,68.0,4601.0,2952.4
31,max_power_bg_invert,45,0,2,68.0,4601.0,2963.6
31,max_power_bg_invert,46,0,2,68.0,4599.0,2966.8
31,max_power_bg_invert,47,0,2,68.0,4604.0,2958.8
31,max_power_bg_invert,48,0,2,68.0,4603.0,2960.4
31,max_power_bg_invert,49,0,2,68.0,4598.0,2962.8
31,max_power_bg_invert,50,0,2,68.0,4596.0,2962.4
31,max_power_bg_invert,51,0,2,68.0,4597.0,2961.2
31,max_power_bg_invert,52,0,2,68.0,4598.0,2961.6
31,max_power_bg_invert,53,0,2,67.0,4598.0,2962.4
31,max_power_bg_invert,54,0,2,68.0,4597.0,2962.4
31,max_power_bg_invert,55,0,2,68.0,4597.0,2961.6
31,max_power_bg_invert,56,0,2,68.0,4598.0,2961.2
31,max_power_bg_invert,57,0,2,68.0,4598.0,2960.4
31,max_power_bg_invert,58,0,2,68.0,4597.0,2960.0
31,max_power_bg_invert,59,0,2,68.0,4598.0,2960.4
31,max_power_bg_invert,60,0,2,68.0,4597.0,2961.2
31,max_power_bg_invert,61,0,2,68.0,4597.0,2960.8
31,max_power_bg_invert,62,0,2,68.0,4597.0,2960.8
31,max_power_bg_invert,63,0,2,68.0,4597.0,2961.2
31,max_power_bg_invert,64,0,2,68.0,4598.0,2962.0
31,max_power_bg_invert,65,0,2,68.0,4596.0,2963.6
31,max_power_bg_invert,66,0,2,68.0,4596.0,2962.8
31,max_power_bg_invert,67,0,2,68.0,4595.0,2964.0
31,max_power_bg_invert,68,0,2,68.0,4597.0,2962.8
31,max_power_bg_invert,69,0,2,68.0,4597.0,2963.6
31,max_power_bg_invert,70,0,2,68.0,4595.0,2965.6
31,max_power_bg_invert,71,0,2,68.0,4596.0,2965.2
31,max_power_bg_invert,72,0,2,68.0,4595.0,2965.6
31,max_power_bg_invert,73,0,2,68.0,4595.0,2966.0
31,max_power_bg_invert,74,0,2,68.0,4594.0,2966.0
31,max_power_bg_invert,75,0,2,68.0,4594.0,2965.6
31,max_power_bg_invert,76,0,2,68.0,4593.0,2965.6
31,max_power_bg_invert,77,0,2,68.0,4593.0,2965.6
31,max_power_bg_invert,78,0,2,68.0,4593.0,2964.8
31,max_power_bg_invert,79,0,2,68.0,4593.0,2964.8
31,max_power_bg_invert,80,0,2,68.0,4590.0,2941.6
31,max_power_bg_invert,81,0,2,68.0,4580.0,2957.2
31,max_power_bg_invert,82,0,2,68.0,4572.0,2965.2
31,max_power_bg_invert,83,0,2,68.0,4576.0,2962.0
31,max_power_bg_invert,84,0,2,68.0,4581.0,2960.8
31,max_power_bg_invert,85,0,2,68.0,4577.0,2961.2
31,max_power_bg_invert,86,0,2,68.0,4575.0,2964.0
31,max_power_bg_invert,87,0,2,68.0,4578.0,2961.2
31,max_power_bg_invert,88,0,2,68.0,4581.0,2963.2
31,max_power_bg_invert,89,0,2,68.0,4583.0,2963.2
31,max_power_bg_invert,90,0,2,68.0,4583.0,2963.2
31,max_power_bg_invert,0,0,3,60.0,1300.0,2896.0
31,max_power_bg_invert,1,0,3,67.0,4130.0,2615.6
31,max_power_bg_invert,2,0,3,67.0,4299.0,2773.2
31,max_power_bg_invert,3,0,3,67.0,4348.0,2837.2
31,max_power_bg_invert,4,0,3,67.0,4384.0,2868.8
31,max_power_bg_invert,5,0,3,68.0,4395.0,2884.8
31,max_power_bg_invert,6,0,3,68.0,4406.0,2896.8
31,max_power_bg_invert,7,0,3,68.0,4416.0,2910.0
31,max_power_bg_invert,8,0,3,67.0,4417.0,2917.2
31,max_power_bg_invert,9,0,3,68.0,4419.0,2924.8
31,max_power_bg_invert,10,0,3,68.0,4425.0,2926.0
31,max_power_bg_invert,11,0,3,68.0,4428.0,2927.6
31,max_power_bg_invert,12,0,3,68.0,4426.0,2932.4
31,max_power_bg_invert,13,0,3,68.0,4430.0,2933.2
31,max_power_bg_invert,14,0,3,68.0,4429.0,2934.4
31,max_power_bg_invert,15,0,3,68.0,4432.0,2938.8
31,max_power_bg_invert,16,0,3,68.0,4435.0,2935.6
31,max_power_bg_invert,17,0,3,67.0,4437.0,2939.2
31,max_power_bg_invert,18,0,3,68.0,4440.0,2938.0
31,max_power_bg_invert,19,0,3,68.0,4439.0,2937.2
31,max_power_bg_invert,20,0,3,68.0,4441.0,2940.4
31,max_power_bg_invert,21,0,3,68.0,4442.0,2938.0
31,max_power_bg_invert,22,0,3,68.0,4444.0,2936.0
31,max_power_bg_invert,23,0,3,68.0,4443.0,2936.4
31,max_power_bg_invert,24,0,3,68.0,4444.0,2940.8
31,max_power_bg_invert,25,0,3,68.0,4445.0,2940.4
31,max_power_bg_invert,26,0,3,68.0,4446.0,2939.6
31,max_power_bg_invert,27,0,3,68.0,4446.0,2938.8
31,max_power_bg_invert,28,0,3,68.0,4447.0,2938.8
31,max_power_bg_invert,29,0,3,68.0,4447.0,2938.4
31,max_power_bg_invert,30,0,3,68.0,4449.0,2942.4
31,max_power_bg_invert,31,0,3,68.0,4449.0,2942.0
31,max_power_bg_invert,32,0,3,68.0,4449.0,2941.2
31,max_power_bg_invert,33,0,3,68.0,4448.0,2942.4
31,max_power_bg_invert,34,0,3,68.0,4449.0,2941.6
31,max_power_bg_invert,35,0,3,68.0,4450.0,2940.8
31,max_power_bg_invert,36,0,3,68.0,4451.0,2940.4
31,max_power_bg_invert,37,0,3,68.0,4453.0,2938.8
31,max_power_bg_invert,38,0,3,68.0,4452.0,2939.2
31,max_power_bg_invert,39,0,3,68.0,4453.0,2943.2
31,max_power_bg_invert,40,0,3,68.0,4485.0,2920.8
31,max_power_bg_invert,41,0,3,68.0,4482.0,2928.0
31,max_power_bg_invert,42,0,3,68.0,4478.0,2925.2
31,max_power_bg_invert,43,0,3,68.0,4471.0,2933.6
31,max_power_bg_invert,44,0,3,68.0,4472.0,2931.6
31,max_power_bg_invert,45,0,3,68.0,4472.0,2931.6
31,max_power_bg_invert,46,0,3,68.0,4474.0,2932.0
31,max_power_bg_invert,47,0,3,68.0,4475.0,2932.8
31,max_power_bg_invert,48,0,3,68.0,4476.0,2932.8
31,max_power_bg_invert,49,0,3,68.0,4475.0,2934.4
31,max_power_bg_invert,50,0,3,68.0,4472.0,2936.4
31,max_power_bg_invert,51,0,3,68.0,4466.0,2938.8
31,max_power_bg_invert,52,0,3,68.0,4466.0,2940.8
31,max_power_bg_invert,53,0,3,68.0,4466.0,2940.4
31,max_power_bg_invert,54,0,3,68.0,4464.0,2941.2
31,max_power_bg_invert,55,0,3,68.0,4465.0,2940.8
31,max_power_bg_invert,56,0,3,68.0,4466.0,2941.2
31,max_power_bg_invert,57,0,3,68.0,4465.0,2941.6
31,max_power_bg_invert,58,0,3,68.0,4464.0,2940.8
31,max_power_bg_invert,59,0,3,68.0,4465.0,2940.4
31,max_power_bg_invert,60,0,3,68.0,4464.0,2940.8
31,max_power_bg_invert,61,0,3,68.0,4464.0,2940.4
31,max_power_bg_invert,62,0,3,68.0,4465.0,2939.6
31,max_power_bg_invert,63,0,3,68.0,4462.0,2942.8
31,max_power_bg_invert,64,0,3,68.0,4463.0,2942.4
31,max_power_bg_invert,65,0,3,68.0,4462.0,2943.2
31,max_power_bg_invert,66,0,3,68.0,4462.0,2943.6
31,max_power_bg_invert,67,0,3,68.0,4461.0,2948.8
31,max_power_bg_invert,68,0,3,68.0,4461.0,2948.4
31,max_power_bg_invert,69,0,3,67.0,4460.0,2948.8
31,max_power_bg_invert,70,0,3,68.0,4461.0,2948.4
31,max_power_bg_invert,71,0,3,68.0,4459.0,2948.4
31,max_power_bg_invert,72,0,3,68.0,4460.0,2947.6
31,max_power_bg_invert,73,0,3,68.0,4460.0,2947.2
31,max_power_bg_invert,74,0,3,68.0,4460.0,2947.6
31,max_power_bg_invert,75,0,3,68.0,4461.0,2947.2
31,max_power_bg_invert,76,0,3,68.0,4461.0,2946.8
31,max_power_bg_invert,77,0,3,68.0,4462.0,2946.4
31,max_power_bg_invert,78,0,3,68.0,4461.0,2947.2
31,max_power_bg_invert,79,0,3,68.0,4461.0,2946.0
31,max_power_bg_invert,80,0,3,68.0,4441.0,2976.4
31,max_power_bg_invert,81,0,3,68.0,4463.0,2963.6
31,max_power_bg_invert,82,0,3,68.0,4465.0,2957.2
31,max_power_bg_invert,83,0,3,68.0,4466.0,2950.8
31,max_power_bg_invert,84,0,3,68.0,4467.0,2950.8
31,max_power_bg_invert,85,0,3,68.0,4467.0,2943.6
31,max_power_bg_invert,86,0,3,68.0,4463.0,2944.4
31,max_power_bg_invert,87,0,3,68.0,4460.0,2946.4
31,max_power_bg_invert,88,0,3,68.0,4460.0,2946.8
31,max_power_bg_invert,89,0,3,68.0,4462.0,2946.4
31,max_power_bg_invert,90,0,3,68.0,4462.0,2949.2
31,max_power_bg_invert,0,1,2,60.0,1350.0,2880.0
31,max_power_bg_invert,1,1,2,67.0,4130.0,2624.4
31,max_power_bg_invert,2,1,2,67.0,4310.0,2770.0
31,max_power_bg_invert,3,1,2,68.0,4362.0,2824.0
31,max_power_bg_invert,4,1,2,68.0,4382.0,2858.0
31,max_power_bg_invert,5,1,2,68.0,4397.0,2878.4
31,max_power_bg_invert,6,1,2,68.0,4408.0,2890.0
31,max_power_bg_invert,7,1,2,68.0,4411.0,2905.2
31,max_power_bg_invert,8,1,2,68.0,4421.0,2913.6
31,max_power_bg_invert,9,1,2,68.0,4428.0,2918.4
31,max_power_bg_invert,10,1,2,68.0,4433.0,2917.2
31,max_power_bg_invert,11,1,2,68.0,4433.0,2922.4
31,max_power_bg_invert,12,1,2,68.0,4437.0,2923.6
31,max_power_bg_invert,13,1,2,68.0,4441.0,2923.2
31,max_power_bg_invert,14,1,2,68.0,4443.0,2920.8
31,max_power_bg_invert,15,1,2,68.0,4447.0,2923.6
31,max_power_bg_invert,16,1,2,68.0,4448.0,2920.8
31,max_power_bg_invert,17,1,2,68.0,4449.0,2925.2
31,max_power_bg_invert,18,1,2,68.0,4450.0,2924.4
31,max_power_bg_invert,19,1,2,68.0,4449.0,2924.8
31,max_power_bg_invert,20,1,2,68.0,4451.0,2929.2
31,max_power_bg_invert,21,1,2,68.0,4454.0,2927.6
31,max_power_bg_invert,22,1,2,68.0,4455.0,2927.2
31,max_power_bg_invert,23,1,2,68.0,4456.0,2927.2
31,max_power_bg_invert,24,1,2,68.0,4456.0,2931.6
31,max_power_bg_invert,25,1,2,68.0,4457.0,2931.6
31,max_power_bg_invert,26,1,2,68.0,4458.0,2930.8
31,max_power_bg_invert,27,1,2,68.0,4458.0,2931.6
31,max_power_bg_invert,28,1,2,68.0,4460.0,2930.4
31,max_power_bg_invert,29,1,2,68.0,4460.0,2930.8
31,max_power_bg_invert,30,1,2,68.0,4459.0,2936.0
31,max_power_bg_invert,31,1,2,68.0,4459.0,2936.0
31,max_power_bg_invert,32,1,2,68.0,4459.0,2936.4
31,max_power_bg_invert,33,1,2,68.0,4461.0,2934.4
31,max_power_bg_invert,34,1,2,68.0,4461.0,2933.6
31,max_power_bg_invert,35,1,2,68.0,4460.0,2933.6
31,max_power_bg_invert,36,1,2,68.0,4460.0,2933.2
31,max_power_bg_invert,37,1,2,68.0,4460.0,2932.8
31,max_power_bg_invert,38,1,2,68.0,4460.0,2932.8
31,max_power_bg_invert,39,1,2,68.0,4460.0,2932.4
31,max_power_bg_invert,40,1,2,68.0,4450.0,2944.4
31,max_power_bg_invert,41,1,2,68.0,4469.0,2946.0
31,max_power_bg_invert,42,1,2,68.0,4476.0,2941.6
31,max_power_bg_invert,43,1,2,68.0,4476.0,2941.2
31,max_power_bg_invert,44,1,2,68.0,4479.0,2944.8
31,max_power_bg_invert,45,1,2,68.0,4479.0,2937.2
31,max_power_bg_invert,46,1,2,68.0,4478.0,2939.2
31,max_power_bg_invert,47,1,2,68.0,4474.0,2942.4
31,max_power_bg_invert,48,1,2,68.0,4472.0,2942.4
31,max_power_bg_invert,49,1,2,68.0,4474.0,2944.4
31,max_power_bg_invert,50,1,2,68.0,4475.0,2943.6
31,max_power_bg_invert,51,1,2,68.0,4477.0,2942.8
31,max_power_bg_invert,52,1,2,68.0,4477.0,2942.4
31,max_power_bg_invert,53,1,2,68.0,4474.0,2942.4
31,max_power_bg_invert,54,1,2,68.0,4475.0,2941.2
31,max_power_bg_invert,55,1,2,68.0,4474.0,2947.6
31,max_power_bg_invert,56,1,2,68.0,4474.0,2948.0
31,max_power_bg_invert,57,1,2,68.0,4473.0,2942.4
31,max_power_bg_invert,58,1,2,68.0,4472.0,2942.8
31,max_power_bg_invert,59,1,2,68.0,4470.0,2943.2
31,max_power_bg_invert,60,1,2,68.0,4469.0,2946.4
31,max_power_bg_invert,61,1,2,68.0,4468.0,2946.4
31,max_power_bg_invert,62,1,2,68.0,4468.0,2945.6
31,max_power_bg_invert,63,1,2,68.0,4469.0,2944.4
31,max_power_bg_invert,64,1,2,68.0,4469.0,2944.0
31,max_power_bg_invert,65,1,2,68.0,4469.0,2944.0
31,max_power_bg_invert,66,1,2,68.0,4469.0,2944.0
31,max_power_bg_invert,67,1,2,68.0,4469.0,2944.0
31,max_power_bg_invert,68,1,2,68.0,4469.0,2944.4
31,max_power_bg_invert,69,1,2,68.0,4470.0,2948.4
31,max_power_bg_invert,70,1,2,68.0,4470.0,2948.8
31,max_power_bg_invert,71,1,2,68.0,4469.0,2948.8
31,max_power_bg_invert,72,1,2,68.0,4469.0,2949.2
31,max_power_bg_invert,73,1,2,68.0,4468.0,2949.2
31,max_power_bg_invert,74,1,2,68.0,4469.0,2948.4
31,max_power_bg_invert,75,1,2,68.0,4468.0,2949.2
31,max_power_bg_invert,76,1,2,68.0,4469.0,2948.8
31,max_power_bg_invert,77,1,2,68.0,4469.0,2954.0
31,max_power_bg_invert,78,1,2,68.0,4470.0,2953.6
31,max_power_bg_invert,79,1,2,68.0,4470.0,2953.2
31,max_power_bg_invert,80,1,2,68.0,4490.0,2955.6
31,max_power_bg_invert,81,1,2,68.0,4495.0,2962.0
31,max_power_bg_invert,82,1,2,68.0,4490.0,2949.6
31,max_power_bg_invert,83,1,2,68.0,4489.0,2949.2
31,max_power_bg_invert,84,1,2,68.0,4485.0,2953.6
31,max_power_bg_invert,85,1,2,68.0,4481.0,2953.6
31,max_power_bg_invert,86,1,2,68.0,4472.0,2958.8
31,max_power_bg_invert,87,1,2,68.0,4470.0,2958.0
31,max_power_bg_invert,88,1,2,68.0,4468.0,2958.0
31,max_power_bg_invert,89,1,2,68.0,4466.0,2960.4
31,max_power_bg_invert,90,1,2,68.0,4465.0,2963.2
31,max_power_bg_invert,0,1,3,60.0,1400.0,2965.6
31,max_power_bg_invert,1,1,3,68.0,4010.0,2570.8
31,max_power_bg_invert,2,1,3,68.0,4168.0,2735.2
31,max_power_bg_invert,3,1,3,68.0,4237.0,2806.4
31,max_power_bg_invert,4,1,3,68.0,4264.0,2838.4
31,max_power_bg_invert,5,1,3,68.0,4277.0,2861.6
31,max_power_bg_invert,6,1,3,68.0,4286.0,2867.2
31,max_power_bg_invert,7,1,3,68.0,4288.0,2878.4
31,max_power_bg_invert,8,1,3,68.0,4292.0,2886.4
31,max_power_bg_invert,9,1,3,68.0,4293.0,2890.0
31,max_power_bg_invert,10,1,3,68.0,4299.0,2896.0
31,max_power_bg_invert,11,1,3,68.0,4303.0,2898.0
31,max_power_bg_invert,12,1,3,68.0,4304.0,2903.6
31,max_power_bg_invert,13,1,3,68.0,4309.0,2906.8
31,max_power_bg_invert,14,1,3,68.0,4311.0,2905.2
31,max_power_bg_invert,15,1,3,68.0,4310.0,2908.8
31,max_power_bg_invert,16,1,3,68.0,4312.0,2907.2
31,max_power_bg_invert,17,1,3,68.0,4311.0,2912.0
31,max_power_bg_invert,18,1,3,68.0,4311.0,2911.6
31,max_power_bg_invert,19,1,3,68.0,4310.0,2912.0
31,max_power_bg_invert,20,1,3,68.0,4310.0,2915.6
31,max_power_bg_invert,21,1,3,68.0,4309.0,2914.0
31,max_power_bg_invert,22,1,3,68.0,4308.0,2915.6
31,max_power_bg_invert,23,1,3,68.0,4309.0,2915.6
31,max_power_bg_invert,24,1,3,68.0,4308.0,2920.8
31,max_power_bg_invert,25,1,3,68.0,4307.0,2920.8
31,max_power_bg_invert,26,1,3,68.0,4307.0,2920.8
31,max_power_bg_invert,27,1,3,68.0,4306.0,2921.6
31,max_power_bg_invert,28,1,3,68.0,4306.0,2926.4
31,max_power_bg_invert,29,1,3,68.0,4307.0,2925.6
31,max_power_bg_invert,30,1,3,68.0,4307.0,2926.8
31,max_power_bg_invert,31,1,3,68.0,4307.0,2926.8
31,max_power_bg_invert,32,1,3,68.0,4308.0,2925.6
31,max_power_bg_invert,33,1,3,68.0,4308.0,2930.8
31,max_power_bg_invert,34,1,3,68.0,4309.0,2930.4
31,max_power_bg_invert,35,1,3,68.0,4309.0,2930.0
31,max_power_bg_invert,36,1,3,68.0,4310.0,2929.6
31,max_power_bg_invert,37,1,3,68.0,4310.0,2929.2
31,max_power_bg_invert,38,1,3,68.0,4310.0,2929.2
31,max_power_bg_invert,39,1,3,68.0,4309.0,2935.2
31,max_power_bg_invert,40,1,3,68.0,4270.0,2985.2
31,max_power_bg_invert,41,1,3,68.0,4289.0,2964.0
31,max_power_bg_invert,42,1,3,68.0,4309.0,2964.4
31,max_power_bg_invert,43,1,3,68.0,4315.0,2971.6
31,max_power_bg_invert,44,1,3,68.0,4316.0,2969.2
31,max_power_bg_invert,45,1,3,68.0,4322.0,2970.0
31,max_power_bg_invert,46,1,3,68.0,4328.0,2962.0
31,max_power_bg_invert,47,1,3,68.0,4329.0,2961.2
31,max_power_bg_invert,48,1,3,68.0,4328.0,2960.8
31,max_power_bg_invert,49,1,3,68.0,4327.0,2962.8
31,max_power_bg_invert,50,1,3,68.0,4329.0,2960.4
31,max_power_bg_invert,51,1,3,68.0,4326.0,2960.0
31,max_power_bg_invert,52,1,3,68.0,4324.0,2961.2
31,max_power_bg_invert,53,1,3,68.0,4325.0,2960.0
31,max_power_bg_invert,54,1,3,68.0,4323.0,2961.2
31,max_power_bg_invert,55,1,3,68.0,4321.0,2961.2
31,max_power_bg_invert,56,1,3,68.0,4322.0,2961.2
31,max_power_bg_invert,57,1,3,68.0,4323.0,2966.4
31,max_power_bg_invert,58,1,3,68.0,4325.0,2965.6
31,max_power_bg_invert,59,1,3,68.0,4325.0,2965.2
31,max_power_bg_invert,60,1,3,68.0,4323.0,2965.6
31,max_power_bg_invert,61,1,3,68.0,4322.0,2966.0
31,max_power_bg_invert,62,1,3,68.0,4323.0,2964.8
31,max_power_bg_invert,63,1,3,68.0,4324.0,2964.0
31,max_power_bg_invert,64,1,3,68.0,4323.0,2963.6
31,max_power_bg_invert,65,1,3,68.0,4323.0,2964.0
31,max_power_bg_invert,66,1,3,68.0,4321.0,2964.0
31,max_power_bg_invert,67,1,3,68.0,4321.0,2964.8
31,max_power_bg_invert,68,1,3,68.0,4321.0,2964.8
31,max_power_bg_invert,69,1,3,68.0,4322.0,2964.8
31,max_power_bg_invert,70,1,3,68.0,4321.0,2964.4
31,max_power_bg_invert,71,1,3,68.0,4321.0,2963.6
31,max_power_bg_invert,72,1,3,68.0,4319.0,2964.8
31,max_power_bg_invert,73,1,3,68.0,4318.0,2965.2
31,max_power_bg_invert,74,1,3,68.0,4316.0,2966.4
31,max_power_bg_invert,75,1,3,68.0,4315.0,2966.4
31,max_power_bg_invert,76,1,3,68.0,4316.0,2966.0
31,max_power_bg_invert,77,1,3,68.0,4316.0,2966.4
31,max_power_bg_invert,78,1,3,68.0,4317.0,2965.2
31,max_power_bg_invert,79,1,3,68.0,4318.0,2964.4
31,max_power_bg_invert,80,1,3,68.0,4330.0,2960.0
31,max_power_bg_invert,81,1,3,68.0,4330.0,2937.6
31,max_power_bg_invert,82,1,3,68.0,4323.0,2945.2
31,max_power_bg_invert,83,1,3,68.0,4320.0,2947.6
31,max_power_bg_invert,84,1,3,68.0,4322.0,2950.4
31,max_power_bg_invert,85,1,3,68.0,4313.0,2954.8
31,max_power_bg_invert,86,1,3,68.0,4314.0,2956.0
31,max_power_bg_invert,87,1,3,68.0,4316.0,2957.6
31,max_power_bg_invert,88,1,3,68.0,4314.0,2962.4
31,max_power_bg_invert,89,1,3,68.0,4314.0,2964.4
31,max_power_bg_invert,90,1,3,68.0,4312.0,2967.6
31,max_power_bg_invert,0,2,3,60.0,1200.0,2928.4
31,max_power_bg_invert,1,2,3,67.0,4060.0,2568.0
31,max_power_bg_invert,2,2,3,67.0,4215.0,2737.6
31,max_power_bg_invert,3,2,3,67.0,4275.0,2807.6
31,max_power_bg_invert,4,2,3,67.0,4300.0,2844.8
31,max_power_bg_invert,5,2,3,67.0,4316.0,2865.2
31,max_power_bg_invert,6,2,3,67.0,4325.0,2877.6
31,max_power_bg_invert,7,2,3,68.0,4327.0,2887.6
31,max_power_bg_invert,8,2,3,67.0,4330.0,2900.4
31,max_power_bg_invert,9,2,3,67.0,4335.0,2901.2
31,max_power_bg_invert,10,2,3,68.0,4336.0,2908.8
31,max_power_bg_invert,11,2,3,67.0,4338.0,2912.4
31,max_power_bg_invert,12,2,3,67.0,4339.0,2914.4
31,max_power_bg_invert,13,2,3,67.0,4340.0,2918.4
31,max_power_bg_invert,14,2,3,67.0,4344.0,2914.8
31,max_power_bg_invert,15,2,3,67.0,4344.0,2918.8
31,max_power_bg_invert,16,2,3,67.0,4346.0,2922.8
31,max_power_bg_invert,17,2,3,67.0,4348.0,2922.0
31,max_power_bg_invert,18,2,3,68.0,4349.0,2922.4
31,max_power_bg_invert,19,2,3,67.0,4349.0,2927.2
31,max_power_bg_invert,20,2,3,68.0,4351.0,2925.2
31,max_power_bg_invert,21,2,3,67.0,4352.0,2925.6
31,max_power_bg_invert,22,2,3,67.0,4351.0,2930.4
31,max_power_bg_invert,23,2,3,67.0,4353.0,2929.2
31,max_power_bg_invert,24,2,3,67.0,4353.0,2929.2
31,max_power_bg_invert,25,2,3,68.0,4354.0,2929.2
31,max_power_bg_invert,26,2,3,68.0,4354.0,2934.0
31,max_power_bg_invert,27,2,3,67.0,4355.0,2933.6
31,max_power_bg_invert,28,2,3,67.0,4354.0,2934.8
31,max_power_bg_invert,29,2,3,68.0,4355.0,2937.6
31,max_power_bg_invert,30,2,3,68.0,4355.0,2937.6
31,max_power_bg_invert,31,2,3,68.0,4355.0,2937.6
31,max_power_bg_invert,32,2,3,68.0,4356.0,2942.4
31,max_power_bg_invert,33,2,3,67.0,4356.0,2942.0
31,max_power_bg_invert,34,2,3,68.0,4356.0,2942.4
31,max_power_bg_invert,35,2,3,67.0,4357.0,2942.4
31,max_power_bg_invert,36,2,3,68.0,4357.0,2942.0
31,max_power_bg_invert,37,2,3,67.0,4355.0,2942.8
31,max_power_bg_invert,38,2,3,68.0,4356.0,2942.4
31,max_power_bg_invert,39,2,3,68.0,4357.0,2942.0
31,max_power_bg_invert,40,2,3,67.0,4359.0,2966.8
31,max_power_bg_invert,41,2,3,68.0,4380.0,2958.4
31,max_power_bg_invert,42,2,3,68.0,4363.0,2966.0
31,max_power_bg_invert,43,2,3,68.0,4361.0,2961.6
31,max_power_bg_invert,44,2,3,68.0,4367.0,2961.6
31,max_power_bg_invert,45,2,3,68.0,4366.0,2959.6
31,max_power_bg_invert,46,2,3,68.0,4366.0,2958.4
31,max_power_bg_invert,47,2,3,68.0,4367.0,2958.0
31,max_power_bg_invert,48,2,3,68.0,4367.0,2958.0
31,max_power_bg_invert,49,2,3,68.0,4366.0,2958.8
31,max_power_bg_invert,50,2,3,68.0,4369.0,2959.2
31,max_power_bg_invert,51,2,3,68.0,4368.0,2960.8
31,max_power_bg_invert,52,2,3,68.0,4370.0,2958.4
31,max_power_bg_invert,53,2,3,68.0,4369.0,2959.6
31,max_power_bg_invert,54,2,3,68.0,4369.0,2959.6
31,max_power_bg_invert,55,2,3,68.0,4368.0,2960.4
31,max_power_bg_invert,56,2,3,68.0,4368.0,2961.2
31,max_power_bg_invert,57,2,3,68.0,4368.0,2962.4
31,max_power_bg_invert,58,2,3,67.0,4367.0,2961.6
31,max_power_bg_invert,59,2,3,68.0,4366.0,2962.4
31,max_power_bg_invert,60,2,3,68.0,4366.0,2962.4
31,max_power_bg_invert,61,2,3,68.0,4367.0,2962.0
31,max_power_bg_invert,62,2,3,68.0,4367.0,2962.4
31,max_power_bg_invert,63,2,3,68.0,4365.0,2963.2
31,max_power_bg_invert,64,2,3,68.0,4366.0,2960.8
31,max_power_bg_invert,65,2,3,68.0,4366.0,2960.0
31,max_power_bg_invert,66,2,3,68.0,4366.0,2960.4
31,max_power_bg_invert,67,2,3,68.0,4364.0,2961.6
31,max_power_bg_invert,68,2,3,68.0,4364.0,2960.8
31,max_power_bg_invert,69,2,3,67.0,4364.0,2960.8
31,max_power_bg_invert,70,2,3,68.0,4363.0,2960.8
31,max_power_bg_invert,71,2,3,68.0,4363.0,2960.4
31,max_power_bg_invert,72,2,3,68.0,4363.0,2960.4
31,max_power_bg_invert,73,2,3,68.0,4364.0,2959.2
31,max_power_bg_invert,74,2,3,68.0,4364.0,2959.2
31,max_power_bg_invert,75,2,3,68.0,4364.0,2958.8
31,max_power_bg_invert,76,2,3,68.0,4363.0,2958.8
31,max_power_bg_invert,77,2,3,68.0,4363.0,2958.8
31,max_power_bg_invert,78,2,3,68.0,4364.0,2957.6
31,max_power_bg_invert,79,2,3,68.0,4364.0,2957.2
31,max_power_bg_invert,80,2,3,68.0,4330.0,2964.8
31,max_power_bg_invert,81,2,3,68.0,4339.0,2960.4
31,max_power_bg_invert,82,2,3,68.0,4346.0,2958.4
31,max_power_bg_invert,83,2,3,68.0,4358.0,2949.2
31,max_power_bg_invert,84,2,3,68.0,4363.0,2948.0
31,max_power_bg_invert,85,2,3,68.0,4366.0,2946.0
31,max_power_bg_invert,86,2,3,68.0,4366.0,2942.8
31,max_power_bg_invert,87,2,3,68.0,4367.0,2942.8
31,max_power_bg_invert,88,2,3,68.0,4361.0,2946.4
31,max_power_bg_invert,89,2,3,68.0,4364.0,2947.2
31,max_power_bg_invert,90,2,3,67.0,4368.0,2944.4
32,max_power_bg_invert,0,0,1,64.0,1500.0,2876.0
32,max_power_bg_invert,1,0,1,71.0,4210.0,2522.0
32,max_power_bg_invert,2,0,1,71.0,4363.0,2705.6
32,max_power_bg_invert,3,0,1,71.0,4413.0,2795.6
32,max_power_bg_invert,4,0,1,71.0,4433.0,2828.8
32,max_power_bg_invert,5,0,1,71.0,4451.0,2843.6
32,max_power_bg_invert,6,0,1,71.0,4455.0,2864.4
32,max_power_bg_invert,7,0,1,71.0,4469.0,2872.4
32,max_power_bg_invert,8,0,1,71.0,4479.0,2874.8
32,max_power_bg_invert,9,0,1,71.0,4478.0,2882.0
32,max_power_bg_invert,10,0,1,71.0,4481.0,2885.2
32,max_power_bg_invert,11,0,1,71.0,4487.0,2892.4
32,max_power_bg_invert,12,0,1,71.0,4489.0,2895.6
32,max_power_bg_invert,13,0,1,71.0,4490.0,2896.0
32,max_power_bg_invert,14,0,1,71.0,4490.0,2899.6
32,max_power_bg_invert,15,0,1,71.0,4491.0,2904.8
32,max_power_bg_invert,16,0,1,71.0,4494.0,2902.4
32,max_power_bg_invert,17,0,1,71.0,4495.0,2907.2
32,max_power_bg_invert,18,0,1,71.0,4495.0,2905.6
32,max_power_bg_invert,19,0,1,71.0,4494.0,2911.2
32,max_power_bg_invert,20,0,1,71.0,4495.0,2911.6
32,max_power_bg_invert,21,0,1,71.0,4497.0,2909.6
32,max_power_bg_invert,22,0,1,71.0,4499.0,2912.8
32,max_power_bg_invert,23,0,1,71.0,4499.0,2912.0
32,max_power_bg_invert,24,0,1,71.0,4500.0,2911.6
32,max_power_bg_invert,25,0,1,71.0,4499.0,2912.0
32,max_power_bg_invert,26,0,1,71.0,4498.0,2912.4
32,max_power_bg_invert,27,0,1,71.0,4498.0,2916.8
32,max_power_bg_invert,28,0,1,71.0,4499.0,2916.4
32,max_power_bg_invert,29,0,1,71.0,4498.0,2916.4
32,max_power_bg_invert,30,0,1,71.0,4498.0,2916.0
32,max_power_bg_invert,31,0,1,71.0,4499.0,2916.0
32,max_power_bg_invert,32,0,1,71.0,4500.0,2915.2
32,max_power_bg_invert,33,0,1,71.0,4500.0,2919.6
32,max_power_bg_invert,34,0,1,71.0,4500.0,2919.6
32,max_power_bg_invert,35,0,1,71.0,4500.0,2919.6
32,max_power_bg_invert,36,0,1,71.0,4501.0,2918.0
32,max_power_bg_invert,37,0,1,71.0,4501.0,2916.8
32,max_power_bg_invert,38,0,1,71.0,4501.0,2916.8
32,max_power_bg_invert,39,0,1,71.0,4500.0,2917.2
32,max_power_bg_invert,40,0,1,71.0,4480.0,2941.6
32,max_power_bg_invert,41,0,1,71.0,4490.0,2933.2
32,max_power_bg_invert,42,0,1,71.0,4496.0,2927.2
32,max_power_bg_invert,43,0,1,71.0,4505.0,2920.8
32,max_power_bg_invert,44,0,1,71.0,4504.0,2920.8
32,max_power_bg_invert,45,0,1,71.0,4503.0,2920.0
32,max_power_bg_invert,46,0,1,71.0,4504.0,2918.8
32,max_power_bg_invert,47,0,1,71.0,4503.0,2920.8
32,max_power_bg_invert,48,0,1,71.0,4505.0,2920.0
32,max_power_bg_invert,49,0,1,71.0,4506.0,2918.8
32,max_power_bg_invert,50,0,1,71.0,4506.0,2917.6
32,max_power_bg_invert,51,0,1,71.0,4507.0,2920.4
32,max_power_bg_invert,52,0,1,71.0,4507.0,2920.4
32,max_power_bg_invert,53,0,1,71.0,4505.0,2923.6
32,max_power_bg_invert,54,0,1,71.0,4504.0,2924.4
32,max_power_bg_invert,55,0,1,71.0,4504.0,2923.2
32,max_power_bg_invert,56,0,1,71.0,4503.0,2923.6
32,max_power_bg_invert,57,0,1,71.0,4503.0,2923.6
32,max_power_bg_invert,58,0,1,71.0,4503.0,2923.2
32,max_power_bg_invert,59,0,1,71.0,4504.0,2924.0
32,max_power_bg_invert,60,0,1,71.0,4503.0,2924.0
32,max_power_bg_invert,61,0,1,71.0,4502.0,2923.6
32,max_power_bg_invert,62,0,1,71.0,4502.0,2923.2
32,max_power_bg_invert,63,0,1,71.0,4501.0,2923.6
32,max_power_bg_invert,64,0,1,71.0,4500.0,2923.2
32,max_power_bg_invert,65,0,1,71.0,4499.0,2923.6
32,max_power_bg_invert,66,0,1,71.0,4501.0,2922.8
32,max_power_bg_invert,67,0,1,71.0,4502.0,2922.8
32,max_power_bg_invert,68,0,1,71.0,4502.0,2922.0
32,max_power_bg_invert,69,0,1,71.0,4504.0,2920.8
32,max_power_bg_invert,70,0,1,71.0,4503.0,2920.8
32,max_power_bg_invert,71,0,1,71.0,4504.0,2920.0
32,max_power_bg_invert,72,0,1,71.0,4503.0,2920.0
32,max_power_bg_invert,73,0,1,71.0,4503.0,2920.0
32,max_power_bg_invert,74,0,1,71.0,4504.0,2924.0
32,max_power_bg_invert,75,0,1,71.0,4504.0,2924.0
32,max_power_bg_invert,76,0,1,71.0,4504.0,2923.6
32,max_power_bg_invert,77,0,1,71.0,4504.0,2923.6
32,max_power_bg_invert,78,0,1,71.0,4504.0,2923.2
32,max_power_bg_invert,79,0,1,71.0,4505.0,2927.2
32,max_power_bg_invert,80,0,1,71.0,4530.0,2936.0
32,max_power_bg_invert,81,0,1,72.0,4510.0,2952.4
32,max_power_bg_invert,82,0,1,72.0,4503.0,2955.6
32,max_power_bg_invert,83,0,1,71.0,4492.0,2958.0
32,max_power_bg_invert,84,0,1,71.0,4489.0,2962.0
32,max_power_bg_invert,85,0,1,71.0,4491.0,2961.2
32,max_power_bg_invert,86,0,1,71.0,4495.0,2959.6
32,max_power_bg_invert,87,0,1,71.0,4500.0,2956.0
32,max_power_bg_invert,88,0,1,72.0,4503.0,2953.2
32,max_power_bg_invert,89,0,1,71.0,4507.0,2951.2
32,max_power_bg_invert,90,0,1,72.0,4510.0,2950.0
32,max_power_bg_invert,0,0,2,64.0,1500.0,2904.4
32,max_power_bg_invert,1,0,2,71.0,4730.0,2279.2
32,max_power_bg_invert,2,0,2,71.0,4745.0,2588.0
32,max_power_bg_invert,3,0,2,71.0,4717.0,2704.8
32,max_power_bg_invert,4,0,2,71.0,4717.0,2760.8
32,max_power_bg_invert,5,0,2,71.0,4716.0,2791.2
32,max_power_bg_invert,6,0,2,71.0,4713.0,2817.2
32,max_power_bg_invert,7,0,2,71.0,4720.0,2828.4
32,max_power_bg_invert,8,0,2,71.0,4723.0,2842.0
32,max_power_bg_invert,9,0,2,71.0,4721.0,2853.6
32,max_power_bg_invert,10,0,2,71.0,4723.0,2856.4
32,max_power_bg_invert,11,0,2,71.0,4723.0,2864.8
32,max_power_bg_invert,12,0,2,71.0,4721.0,2870.4
32,max_power_bg_invert,13,0,2,71.0,4720.0,2875.6
32,max_power_bg_invert,14,0,2,71.0,4717.0,2881.6
32,max_power_bg_invert,15,0,2,71.0,4714.0,2888.8
32,max_power_bg_invert,16,0,2,71.0,4714.0,2887.6
32,max_power_bg_invert,17,0,2,71.0,4715.0,2893.6
32,max_power_bg_invert,18,0,2,71.0,4713.0,2899.6
32,max_power_bg_invert,19,0,2,71.0,4714.0,2902.4
32,max_power_bg_invert,20,0,2,71.0,4714.0,2907.2
32,max_power_bg_invert,21,0,2,71.0,4714.0,2907.2
32,max_power_bg_invert,22,0,2,71.0,4715.0,2910.8
32,max_power_bg_invert,23,0,2,71.0,4717.0,2911.2
32,max_power_bg_invert,24,0,2,71.0,4717.0,2916.4
32,max_power_bg_invert,25,0,2,71.0,4718.0,2915.2
32,max_power_bg_invert,26,0,2,71.0,4718.0,2919.6
32,max_power_bg_invert,27,0,2,71.0,4718.0,2918.8
32,max_power_bg_invert,28,0,2,71.0,4719.0,2923.2
32,max_power_bg_invert,29,0,2,71.0,4719.0,2922.4
32,max_power_bg_invert,30,0,2,71.0,4719.0,2921.6
32,max_power_bg_invert,31,0,2,71.0,4718.0,2926.0
32,max_power_bg_invert,32,0,2,71.0,4720.0,2924.8
32,max_power_bg_invert,33,0,2,71.0,4720.0,2924.8
32,max_power_bg_invert,34,0,2,72.0,4720.0,2924.8
32,max_power_bg_invert,35,0,2,71.0,4719.0,2928.8
32,max_power_bg_invert,36,0,2,71.0,4720.0,2928.0
32,max_power_bg_invert,37,0,2,71.0,4720.0,2927.6
32,max_power_bg_invert,38,0,2,71.0,4720.0,2926.8
32,max_power_bg_invert,39,0,2,71.0,4719.0,2928.0
32,max_power_bg_invert,40,0,2,71.0,4690.0,2992.8
32,max_power_bg_invert,41,0,2,71.0,4705.0,2977.6
32,max_power_bg_invert,42,0,2,71.0,4720.0,2966.8
32,max_power_bg_invert,43,0,2,71.0,4707.0,2970.0
32,max_power_bg_invert,44,0,2,71.0,4718.0,2965.6
32,max_power_bg_invert,45,0,2,71.0,4713.0,2965.2
32,max_power_bg_invert,46,0,2,71.0,4714.0,2967.2
32,max_power_bg_invert,47,0,2,71.0,4712.0,2968.8
32,max_power_bg_invert,48,0,2,71.0,4715.0,2964.4
32,max_power_bg_invert,49,0,2,71.0,4715.0,2963.6
32,max_power_bg_invert,50,0,2,71.0,4717.0,2962.0
32,max_power_bg_invert,51,0,2,71.0,4716.0,2962.0
32,max_power_bg_invert,52,0,2,71.0,4715.0,2961.6
32,max_power_bg_invert,53,0,2,71.0,4716.0,2960.0
32,max_power_bg_invert,54,0,2,71.0,4717.0,2959.6
32,max_power_bg_invert,55,0,2,71.0,4717.0,2960.0
32,max_power_bg_invert,56,0,2,72.0,4716.0,2959.6
32,max_power_bg_invert,57,0,2,71.0,4717.0,2959.2
32,max_power_bg_invert,58,0,2,71.0,4717.0,2958.8
32,max_power_bg_invert,59,0,2,71.0,4718.0,2958.4
32,max_power_bg_invert,60,0,2,72.0,4719.0,2955.6
32,max_power_bg_invert,61,0,2,72.0,4718.0,2956.0
32,max_power_bg_invert,62,0,2,72.0,4718.0,2956.0
32,max_power_bg_invert,63,0,2,72.0,4718.0,2955.2
32,max_power_bg_invert,64,0,2,72.0,4717.0,2954.4
32,max_power_bg_invert,65,0,2,71.0,4717.0,2954.0
32,max_power_bg_invert,66,0,2,72.0,4715.0,2954.4
32,max_power_bg_invert,67,0,2,72.0,4716.0,2953.6
32,max_power_bg_invert,68,0,2,72.0,4716.0,2953.6
32,max_power_bg_invert,69,0,2,71.0,4716.0,2953.2
32,max_power_bg_invert,70,0,2,72.0,4715.0,2953.2
32,max_power_bg_invert,71,0,2,72.0,4715.0,2953.6
32,max_power_bg_invert,72,0,2,72.0,4715.0,2952.8
32,max_power_bg_invert,73,0,2,72.0,4714.0,2952.8
32,max_power_bg_invert,74,0,2,72.0,4714.0,2953.2
32,max_power_bg_invert,75,0,2,72.0,4714.0,2952.8
32,max_power_bg_invert,76,0,2,72.0,4714.0,2952.8
32,max_power_bg_invert,77,0,2,72.0,4714.0,2952.8
32,max_power_bg_invert,78,0,2,72.0,4713.0,2952.8
32,max_power_bg_invert,79,0,2,72.0,4713.0,2952.4
32,max_power_bg_invert,80,0,2,72.0,4740.0,2921.2
32,max_power_bg_invert,81,0,2,72.0,4725.0,2928.8
32,max_power_bg_invert,82,0,2,72.0,4730.0,2935.6
32,max_power_bg_invert,83,0,2,72.0,4723.0,2937.6
32,max_power_bg_invert,84,0,2,72.0,4722.0,2933.2
32,max_power_bg_invert,85,0,2,72.0,4725.0,2932.8
32,max_power_bg_invert,86,0,2,72.0,4720.0,2933.2
32,max_power_bg_invert,87,0,2,72.0,4719.0,2931.6
32,max_power_bg_invert,88,0,2,72.0,4719.0,2930.4
32,max_power_bg_invert,89,0,2,72.0,4721.0,2928.8
32,max_power_bg_invert,90,0,2,72.0,4722.0,2928.8
32,max_power_bg_invert,0,0,3,65.0,1387.0,2917.6
32,max_power_bg_invert,1,0,3,71.0,4260.0,2585.2
32,max_power_bg_invert,2,0,3,71.0,4430.0,2760.0
32,max_power_bg_invert,3,0,3,71.0,4486.0,2808.4
32,max_power_bg_invert,4,0,3,71.0,4515.0,2844.0
32,max_power_bg_invert,5,0,3,71.0,4532.0,2863.2
32,max_power_bg_invert,6,0,3,71.0,4545.0,2878.4
32,max_power_bg_invert,7,0,3,71.0,4554.0,2884.4
32,max_power_bg_invert,8,0,3,71.0,4557.0,2894.4
32,max_power_bg_invert,9,0,3,71.0,4559.0,2903.2
32,max_power_bg_invert,10,0,3,72.0,4562.0,2905.2
32,max_power_bg_invert,11,0,3,71.0,4569.0,2906.4
32,max_power_bg_invert,12,0,3,71.0,4573.0,2912.8
32,max_power_bg_invert,13,0,3,72.0,4574.0,2912.8
32,max_power_bg_invert,14,0,3,71.0,4577.0,2915.2
32,max_power_bg_invert,15,0,3,72.0,4580.0,2917.6
32,max_power_bg_invert,16,0,3,72.0,4583.0,2920.4
32,max_power_bg_invert,17,0,3,71.0,4583.0,2919.2
32,max_power_bg_invert,18,0,3,71.0,4586.0,2922.8
32,max_power_bg_invert,19,0,3,72.0,4588.0,2921.2
32,max_power_bg_invert,20,0,3,71.0,4588.0,2920.8
32,max_power_bg_invert,21,0,3,72.0,4588.0,2927.6
32,max_power_bg_invert,22,0,3,71.0,4588.0,2926.8
32,max_power_bg_invert,23,0,3,72.0,4587.0,2927.2
32,max_power_bg_invert,24,0,3,71.0,4588.0,2930.4
32,max_power_bg_invert,25,0,3,72.0,4588.0,2931.6
32,max_power_bg_invert,26,0,3,71.0,4588.0,2931.6
32,max_power_bg_invert,27,0,3,72.0,4588.0,2931.2
32,max_power_bg_invert,28,0,3,72.0,4589.0,2929.6
32,max_power_bg_invert,29,0,3,72.0,4588.0,2934.0
32,max_power_bg_invert,30,0,3,71.0,4589.0,2933.2
32,max_power_bg_invert,31,0,3,72.0,4589.0,2932.8
32,max_power_bg_invert,32,0,3,71.0,4589.0,2932.4
32,max_power_bg_invert,33,0,3,72.0,4589.0,2932.4
32,max_power_bg_invert,34,0,3,71.0,4589.0,2931.6
32,max_power_bg_invert,35,0,3,72.0,4590.0,2931.2
32,max_power_bg_invert,36,0,3,72.0,4590.0,2936.4
32,max_power_bg_invert,37,0,3,71.0,4591.0,2936.0
32,max_power_bg_invert,38,0,3,72.0,4592.0,2936.4
32,max_power_bg_invert,39,0,3,71.0,4591.0,2936.0
32,max_power_bg_invert,40,0,3,72.0,4569.0,2942.0
32,max_power_bg_invert,41,0,3,72.0,4579.0,2946.0
32,max_power_bg_invert,42,0,3,72.0,4583.0,2943.6
32,max_power_bg_invert,43,0,3,71.0,4584.0,2942.0
32,max_power_bg_invert,44,0,3,71.0,4587.0,2940.4
32,max_power_bg_invert,45,0,3,71.0,4581.0,2944.0
32,max_power_bg_invert,46,0,3,72.0,4582.0,2942.8
32,max_power_bg_invert,47,0,3,72.0,4583.0,2945.2
32,max_power_bg_invert,48,0,3,72.0,4586.0,2943.6
32,max_power_bg_invert,49,0,3,72.0,4583.0,2944.8
32,max_power_bg_invert,50,0,3,72.0,4584.0,2941.6
32,max_power_bg_invert,51,0,3,72.0,4583.0,2941.6
32,max_power_bg_invert,52,0,3,72.0,4584.0,2940.8
32,max_power_bg_invert,53,0,3,71.0,4586.0,2940.4
32,max_power_bg_invert,54,0,3,72.0,4588.0,2939.2
32,max_power_bg_invert,55,0,3,72.0,4587.0,2939.2
32,max_power_bg_invert,56,0,3,72.0,4587.0,2938.4
32,max_power_bg_invert,57,0,3,71.0,4587.0,2937.2
32,max_power_bg_invert,58,0,3,72.0,4587.0,2936.8
32,max_power_bg_invert,59,0,3,72.0,4586.0,2936.4
32,max_power_bg_invert,60,0,3,71.0,4587.0,2936.4
32,max_power_bg_invert,61,0,3,72.0,4588.0,2936.0
32,max_power_bg_invert,62,0,3,72.0,4589.0,2934.8
32,max_power_bg_invert,63,0,3,72.0,4588.0,2935.6
32,max_power_bg_invert,64,0,3,72.0,4588.0,2936.8
32,max_power_bg_invert,65,0,3,72.0,4590.0,2935.6
32,max_power_bg_invert,66,0,3,72.0,4591.0,2936.0
32,max_power_bg_invert,67,0,3,72.0,4592.0,2935.2
32,max_power_bg_invert,68,0,3,71.0,4593.0,2934.8
32,max_power_bg_invert,69,0,3,72.0,4594.0,2934.0
32,max_power_bg_invert,70,0,3,72.0,4594.0,2933.6
32,max_power_bg_invert,71,0,3,72.0,4594.0,2933.2
32,max_power_bg_invert,72,0,3,71.0,4595.0,2932.4
32,max_power_bg_invert,73,0,3,72.0,4595.0,2932.0
32,max_power_bg_invert,74,0,3,72.0,4595.0,2931.6
32,max_power_bg_invert,75,0,3,72.0,4596.0,2931.6
32,max_power_bg_invert,76,0,3,72.0,4596.0,2931.6
32,max_power_bg_invert,77,0,3,72.0,4596.0,2932.0
32,max_power_bg_invert,78,0,3,72.0,4596.0,2932.0
32,max_power_bg_invert,79,0,3,72.0,4596.0,2931.6
32,max_power_bg_invert,80,0,3,72.0,4620.0,2916.0
32,max_power_bg_invert,81,0,3,72.0,4619.0,2928.0
32,max_power_bg_invert,82,0,3,72.0,4624.0,2916.4
32,max_power_bg_invert,83,0,3,72.0,4620.0,2924.8
32,max_power_bg_invert,84,0,3,72.0,4628.0,2915.2
32,max_power_bg_invert,85,0,3,72.0,4625.0,2918.4
32,max_power_bg_invert,86,0,3,72.0,4627.0,2920.0
32,max_power_bg_invert,87,0,3,72.0,4621.0,2921.6
32,max_power_bg_invert,88,0,3,72.0,4619.0,2923.6
32,max_power_bg_invert,89,0,3,72.0,4618.0,2923.6
32,max_power_bg_invert,90,0,3,72.0,4618.0,2923.2
32,max_power_bg_invert,0,1,2,64.0,1400.0,2898.4
32,max_power_bg_invert,1,1,2,71.0,4280.0,2586.0
32,max_power_bg_invert,2,1,2,72.0,4430.0,2760.4
32,max_power_bg_invert,3,1,2,72.0,4479.0,2816.4
32,max_power_bg_invert,4,1,2,72.0,4507.0,2844.4
32,max_power_bg_invert,5,1,2,72.0,4522.0,2868.4
32,max_power_bg_invert,6,1,2,72.0,4528.0,2880.8
32,max_power_bg_invert,7,1,2,72.0,4538.0,2888.4
32,max_power_bg_invert,8,1,2,72.0,4547.0,2891.2
32,max_power_bg_invert,9,1,2,72.0,4552.0,2896.4
32,max_power_bg_invert,10,1,2,72.0,4555.0,2904.4
32,max_power_bg_invert,11,1,2,72.0,4559.0,2904.8
32,max_power_bg_invert,12,1,2,72.0,4564.0,2902.4
32,max_power_bg_invert,13,1,2,72.0,4567.0,2905.6
32,max_power_bg_invert,14,1,2,72.0,4571.0,2908.0
32,max_power_bg_invert,15,1,2,72.0,4573.0,2907.6
32,max_power_bg_invert,16,1,2,72.0,4575.0,2912.8
32,max_power_bg_invert,17,1,2,72.0,4577.0,2910.4
32,max_power_bg_invert,18,1,2,72.0,4577.0,2916.4
32,max_power_bg_invert,19,1,2,72.0,4579.0,2914.8
32,max_power_bg_invert,20,1,2,72.0,4578.0,2914.0
32,max_power_bg_invert,21,1,2,72.0,4577.0,2918.0
32,max_power_bg_invert,22,1,2,72.0,4579.0,2917.2
32,max_power_bg_invert,23,1,2,72.0,4581.0,2916.0
32,max_power_bg_invert,24,1,2,72.0,4582.0,2915.6
32,max_power_bg_invert,25,1,2,72.0,4583.0,2920.0
32,max_power_bg_invert,26,1,2,72.0,4583.0,2919.6
32,max_power_bg_invert,27,1,2,72.0,4584.0,2919.6
32,max_power_bg_invert,28,1,2,72.0,4584.0,2919.6
32,max_power_bg_invert,29,1,2,72.0,4585.0,2918.8
32,max_power_bg_invert,30,1,2,72.0,4586.0,2920.0
32,max_power_bg_invert,31,1,2,72.0,4586.0,2924.4
32,max_power_bg_invert,32,1,2,72.0,4585.0,2924.8
32,max_power_bg_invert,33,1,2,72.0,4585.0,2923.2
32,max_power_bg_invert,34,1,2,72.0,4586.0,2922.8
32,max_power_bg_invert,35,1,2,72.0,4587.0,2922.0
32,max_power_bg_invert,36,1,2,72.0,4588.0,2921.6
32,max_power_bg_invert,37,1,2,72.0,4588.0,2920.4
32,max_power_bg_invert,38,1,2,72.0,4588.0,2920.0
32,max_power_bg_invert,39,1,2,72.0,4589.0,2919.6
32,max_power_bg_invert,40,1,2,72.0,4608.0,2900.0
32,max_power_bg_invert,41,1,2,72.0,4604.0,2913.2
32,max_power_bg_invert,42,1,2,72.0,4596.0,2924.8
32,max_power_bg_invert,43,1,2,72.0,4602.0,2920.8
32,max_power_bg_invert,44,1,2,72.0,4599.0,2920.4
32,max_power_bg_invert,45,1,2,72.0,4599.0,2925.2
32,max_power_bg_invert,46,1,2,72.0,4599.0,2926.0
32,max_power_bg_invert,47,1,2,72.0,4599.0,2924.4
32,max_power_bg_invert,48,1,2,72.0,4596.0,2922.4
32,max_power_bg_invert,49,1,2,72.0,4597.0,2921.6
32,max_power_bg_invert,50,1,2,72.0,4598.0,2921.2
32,max_power_bg_invert,51,1,2,72.0,4595.0,2922.4
32,max_power_bg_invert,52,1,2,72.0,4594.0,2920.4
32,max_power_bg_invert,53,1,2,72.0,4597.0,2917.6
32,max_power_bg_invert,54,1,2,72.0,4595.0,2917.6
32,max_power_bg_invert,55,1,2,72.0,4595.0,2922.4
32,max_power_bg_invert,56,1,2,72.0,4595.0,2923.2
32,max_power_bg_invert,57,1,2,72.0,4594.0,2922.4
32,max_power_bg_invert,58,1,2,72.0,4593.0,2922.4
32,max_power_bg_invert,59,1,2,72.0,4592.0,2922.4
32,max_power_bg_invert,60,1,2,73.0,4593.0,2921.2
32,max_power_bg_invert,61,1,2,72.0,4593.0,2921.6
32,max_power_bg_invert,62,1,2,73.0,4591.0,2922.0
32,max_power_bg_invert,63,1,2,72.0,4591.0,2922.0
32,max_power_bg_invert,64,1,2,72.0,4591.0,2921.2
32,max_power_bg_invert,65,1,2,72.0,4590.0,2926.4
32,max_power_bg_invert,66,1,2,72.0,4591.0,2926.4
32,max_power_bg_invert,67,1,2,72.0,4590.0,2926.0
32,max_power_bg_invert,68,1,2,72.0,4590.0,2926.4
32,max_power_bg_invert,69,1,2,73.0,4592.0,2930.4
32,max_power_bg_invert,70,1,2,72.0,4592.0,2930.8
32,max_power_bg_invert,71,1,2,72.0,4593.0,2930.8
32,max_power_bg_invert,72,1,2,73.0,4593.0,2930.8
32,max_power_bg_invert,73,1,2,72.0,4594.0,2930.0
32,max_power_bg_invert,74,1,2,73.0,4595.0,2933.6
32,max_power_bg_invert,75,1,2,73.0,4595.0,2933.6
32,max_power_bg_invert,76,1,2,73.0,4594.0,2934.4
32,max_power_bg_invert,77,1,2,73.0,4594.0,2934.4
32,max_power_bg_invert,78,1,2,73.0,4594.0,2934.4
32,max_power_bg_invert,79,1,2,72.0,4595.0,2934.0
32,max_power_bg_invert,80,1,2,72.0,4590.0,2952.4
32,max_power_bg_invert,81,1,2,73.0,4594.0,2958.8
32,max_power_bg_invert,82,1,2,73.0,4589.0,2959.6
32,max_power_bg_invert,83,1,2,73.0,4592.0,2956.4
32,max_power_bg_invert,84,1,2,72.0,4595.0,2954.4
32,max_power_bg_invert,85,1,2,73.0,4593.0,2958.4
32,max_power_bg_invert,86,1,2,73.0,4594.0,2957.2
32,max_power_bg_invert,87,1,2,72.0,4592.0,2959.6
32,max_power_bg_invert,88,1,2,73.0,4592.0,2962.0
32,max_power_bg_invert,89,1,2,73.0,4590.0,2961.6
32,max_power_bg_invert,90,1,2,72.0,4592.0,2962.0
32,max_power_bg_invert,0,1,3,65.0,1500.0,2844.8
32,max_power_bg_invert,1,1,3,71.0,4170.0,2548.4
32,max_power_bg_invert,2,1,3,72.0,4305.0,2722.4
32,max_power_bg_invert,3,1,3,72.0,4372.0,2801.6
32,max_power_bg_invert,4,1,3,72.0,4400.0,2836.4
32,max_power_bg_invert,5,1,3,72.0,4412.0,2856.0
32,max_power_bg_invert,6,1,3,72.0,4415.0,2877.6
32,max_power_bg_invert,7,1,3,72.0,4416.0,2892.4
32,max_power_bg_invert,8,1,3,72.0,4425.0,2901.6
32,max_power_bg_invert,9,1,3,72.0,4427.0,2908.0
32,max_power_bg_invert,10,1,3,72.0,4428.0,2911.2
32,max_power_bg_invert,11,1,3,72.0,4433.0,2916.8
32,max_power_bg_invert,12,1,3,72.0,4435.0,2918.0
32,max_power_bg_invert,13,1,3,72.0,4435.0,2921.6
32,max_power_bg_invert,14,1,3,72.0,4434.0,2921.2
32,max_power_bg_invert,15,1,3,72.0,4436.0,2924.0
32,max_power_bg_invert,16,1,3,72.0,4439.0,2926.0
32,max_power_bg_invert,17,1,3,72.0,4441.0,2924.4
32,max_power_bg_invert,18,1,3,72.0,4440.0,2930.0
32,max_power_bg_invert,19,1,3,72.0,4440.0,2930.0
32,max_power_bg_invert,20,1,3,72.0,4440.0,2931.2
32,max_power_bg_invert,21,1,3,72.0,4442.0,2935.2
32,max_power_bg_invert,22,1,3,72.0,4443.0,2935.2
32,max_power_bg_invert,23,1,3,72.0,4444.0,2934.8
32,max_power_bg_invert,24,1,3,72.0,4444.0,2940.0
32,max_power_bg_invert,25,1,3,72.0,4445.0,2940.0
32,max_power_bg_invert,26,1,3,72.0,4448.0,2938.8
32,max_power_bg_invert,27,1,3,72.0,4449.0,2938.4
32,max_power_bg_invert,28,1,3,72.0,4449.0,2937.6
32,max_power_bg_invert,29,1,3,72.0,4450.0,2941.6
32,max_power_bg_invert,30,1,3,72.0,4450.0,2941.2
32,max_power_bg_invert,31,1,3,72.0,4450.0,2941.2
32,max_power_bg_invert,32,1,3,72.0,4451.0,2940.4
32,max_power_bg_invert,33,1,3,72.0,4451.0,2941.2
32,max_power_bg_invert,34,1,3,72.0,4451.0,2940.8
32,max_power_bg_invert,35,1,3,72.0,4450.0,2940.4
32,max_power_bg_invert,36,1,3,72.0,4451.0,2944.0
32,max_power_bg_invert,37,1,3,73.0,4451.0,2944.4
32,max_power_bg_invert,38,1,3,72.0,4452.0,2943.2
32,max_power_bg_invert,39,1,3,72.0,4452.0,2943.2
32,max_power_bg_invert,40,1,3,72.0,4480.0,2950.0
32,max_power_bg_invert,41,1,3,72.0,4465.0,2952.0
32,max_power_bg_invert,42,1,3,72.0,4466.0,2953.2
32,max_power_bg_invert,43,1,3,72.0,4482.0,2947.2
32,max_power_bg_invert,44,1,3,72.0,4481.0,2946.4
32,max_power_bg_invert,45,1,3,72.0,4479.0,2944.8
32,max_power_bg_invert,46,1,3,72.0,4475.0,2944.4
32,max_power_bg_invert,47,1,3,72.0,4478.0,2943.6
32,max_power_bg_invert,48,1,3,73.0,4481.0,2944.0
32,max_power_bg_invert,49,1,3,72.0,4479.0,2945.2
32,max_power_bg_invert,50,1,3,72.0,4476.0,2946.0
32,max_power_bg_invert,51,1,3,72.0,4473.0,2948.0
32,max_power_bg_invert,52,1,3,72.0,4472.0,2948.8
32,max_power_bg_invert,53,1,3,72.0,4472.0,2948.8
32,max_power_bg_invert,54,1,3,72.0,4469.0,2950.0
32,max_power_bg_invert,55,1,3,72.0,4469.0,2949.2
32,max_power_bg_invert,56,1,3,72.0,4470.0,2949.6
32,max_power_bg_invert,57,1,3,72.0,4472.0,2947.2
32,max_power_bg_invert,58,1,3,72.0,4473.0,2946.4
32,max_power_bg_invert,59,1,3,72.0,4472.0,2947.2
32,max_power_bg_invert,60,1,3,72.0,4471.0,2948.0
32,max_power_bg_invert,61,1,3,72.0,4471.0,2948.8
32,max_power_bg_invert,62,1,3,72.0,4471.0,2948.4
32,max_power_bg_invert,63,1,3,72.0,4470.0,2948.8
32,max_power_bg_invert,64,1,3,72.0,4471.0,2947.2
32,max_power_bg_invert,65,1,3,72.0,4470.0,2948.0
32,max_power_bg_invert,66,1,3,72.0,4471.0,2946.8
32,max_power_bg_invert,67,1,3,72.0,4471.0,2946.8
32,max_power_bg_invert,68,1,3,72.0,4470.0,2947.6
32,max_power_bg_invert,69,1,3,72.0,4469.0,2948.0
32,max_power_bg_invert,70,1,3,72.0,4469.0,2948.0
32,max_power_bg_invert,71,1,3,72.0,4469.0,2947.6
32,max_power_bg_invert,72,1,3,72.0,4468.0,2947.6
32,max_power_bg_invert,73,1,3,72.0,4469.0,2946.4
32,max_power_bg_invert,74,1,3,72.0,4467.0,2948.0
32,max_power_bg_invert,75,1,3,72.0,4466.0,2947.6
32,max_power_bg_invert,76,1,3,72.0,4466.0,2947.2
32,max_power_bg_invert,77,1,3,72.0,4466.0,2947.6
32,max_power_bg_invert,78,1,3,72.0,4466.0,2948.0
32,max_power_bg_invert,79,1,3,73.0,4467.0,2947.2
32,max_power_bg_invert,80,1,3,72.0,4440.0,2966.0
32,max_power_bg_invert,81,1,3,72.0,4447.0,2963.2
32,max_power_bg_invert,82,1,3,73.0,4458.0,2952.0
32,max_power_bg_invert,83,1,3,73.0,4456.0,2950.8
32,max_power_bg_invert,84,1,3,73.0,4448.0,2953.2
32,max_power_bg_invert,85,1,3,72.0,4455.0,2951.6
32,max_power_bg_invert,86,1,3,72.0,4463.0,2946.8
32,max_power_bg_invert,87,1,3,73.0,4469.0,2946.0
32,max_power_bg_invert,88,1,3,72.0,4467.0,2945.6
32,max_power_bg_invert,89,1,3,73.0,4469.0,2942.0
32,max_power_bg_invert,90,1,3,72.0,4468.0,2941.2
32,max_power_bg_invert,0,2,3,65.0,1300.0,2996.4
32,max_power_bg_invert,1,2,3,71.0,4220.0,2578.4
32,max_power_bg_invert,2,2,3,71.0,4334.0,2759.6
32,max_power_bg_invert,3,2,3,71.0,4389.0,2816.4
32,max_power_bg_invert,4,2,3,71.0,4415.0,2846.8
32,max_power_bg_invert,5,2,3,71.0,4432.0,2860.0
32,max_power_bg_invert,6,2,3,71.0,4442.0,2871.6
32,max_power_bg_invert,7,2,3,71.0,4455.0,2872.4
32,max_power_bg_invert,8,2,3,71.0,4464.0,2885.2
32,max_power_bg_invert,9,2,3,71.0,4469.0,2889.2
32,max_power_bg_invert,10,2,3,71.0,4469.0,2899.2
32,max_power_bg_invert,11,2,3,71.0,4470.0,2902.4
32,max_power_bg_invert,12,2,3,71.0,4473.0,2907.2
32,max_power_bg_invert,13,2,3,71.0,4475.0,2905.6
32,max_power_bg_invert,14,2,3,71.0,4477.0,2909.2
32,max_power_bg_invert,15,2,3,71.0,4479.0,2912.0
32,max_power_bg_invert,16,2,3,71.0,4481.0,2910.8
32,max_power_bg_invert,17,2,3,71.0,4483.0,2914.8
32,max_power_bg_invert,18,2,3,71.0,4484.0,2914.0
32,max_power_bg_invert,19,2,3,71.0,4486.0,2912.0
32,max_power_bg_invert,20,2,3,71.0,4485.0,2917.2
32,max_power_bg_invert,21,2,3,71.0,4488.0,2915.2
32,max_power_bg_invert,22,2,3,71.0,4488.0,2914.0
32,max_power_bg_invert,23,2,3,71.0,4487.0,2914.4
32,max_power_bg_invert,24,2,3,71.0,4488.0,2918.8
32,max_power_bg_invert,25,2,3,71.0,4488.0,2917.2
32,max_power_bg_invert,26,2,3,71.0,4490.0,2915.6
32,max_power_bg_invert,27,2,3,71.0,4489.0,2916.4
32,max_power_bg_invert,28,2,3,71.0,4489.0,2916.4
32,max_power_bg_invert,29,2,3,71.0,4490.0,2915.6
32,max_power_bg_invert,30,2,3,71.0,4491.0,2919.6
32,max_power_bg_invert,31,2,3,71.0,4492.0,2920.0
32,max_power_bg_invert,32,2,3,71.0,4493.0,2918.8
32,max_power_bg_invert,33,2,3,71.0,4494.0,2917.6
32,max_power_bg_invert,34,2,3,71.0,4494.0,2917.6
32,max_power_bg_invert,35,2,3,71.0,4493.0,2917.2
32,max_power_bg_invert,36,2,3,71.0,4494.0,2916.4
32,max_power_bg_invert,37,2,3,71.0,4494.0,2916.0
32,max_power_bg_invert,38,2,3,72.0,4494.0,2916.0
32,max_power_bg_invert,39,2,3,71.0,4494.0,2920.8
32,max_power_bg_invert,40,2,3,71.0,4500.0,2936.4
32,max_power_bg_invert,41,2,3,71.0,4510.0,2916.0
32,max_power_bg_invert,42,2,3,71.0,4493.0,2926.4
32,max_power_bg_invert,43,2,3,71.0,4487.0,2940.8
32,max_power_bg_invert,44,2,3,72.0,4485.0,2942.8
32,max_power_bg_invert,45,2,3,72.0,4484.0,2945.2
32,max_power_bg_invert,46,2,3,71.0,4485.0,2946.4
32,max_power_bg_invert,47,2,3,72.0,4488.0,2941.6
32,max_power_bg_invert,48,2,3,72.0,4492.0,2938.0
32,max_power_bg_invert,49,2,3,72.0,4491.0,2942.0
32,max_power_bg_invert,50,2,3,72.0,4490.0,2936.0
32,max_power_bg_invert,51,2,3,72.0,4492.0,2940.8
32,max_power_bg_invert,52,2,3,71.0,4492.0,2941.2
32,max_power_bg_invert,53,2,3,72.0,4492.0,2941.6
32,max_power_bg_invert,54,2,3,71.0,4492.0,2942.0
32,max_power_bg_invert,55,2,3,72.0,4490.0,2943.6
32,max_power_bg_invert,56,2,3,71.0,4490.0,2943.2
32,max_power_bg_invert,57,2,3,72.0,4490.0,2944.0
32,max_power_bg_invert,58,2,3,72.0,4490.0,2944.0
32,max_power_bg_invert,59,2,3,72.0,4490.0,2947.6
32,max_power_bg_invert,60,2,3,72.0,4490.0,2947.6
32,max_power_bg_invert,61,2,3,72.0,4489.0,2948.0
32,max_power_bg_invert,62,2,3,71.0,4488.0,2948.0
32,max_power_bg_invert,63,2,3,72.0,4488.0,2948.0
32,max_power_bg_invert,64,2,3,72.0,4489.0,2946.0
32,max_power_bg_invert,65,2,3,71.0,4489.0,2946.0
32,max_power_bg_invert,66,2,3,72.0,4490.0,2946.4
32,max_power_bg_invert,67,2,3,72.0,4491.0,2946.4
32,max_power_bg_invert,68,2,3,72.0,4490.0,2947.6
32,max_power_bg_invert,69,2,3,72.0,4490.0,2954.0
32,max_power_bg_invert,70,2,3,72.0,4490.0,2953.2
32,max_power_bg_invert,71,2,3,71.0,4491.0,2952.8
32,max_power_bg_invert,72,2,3,71.0,4492.0,2952.4
32,max_power_bg_invert,73,2,3,72.0,4493.0,2951.6
32,max_power_bg_invert,74,2,3,71.0,4493.0,2951.2
32,max_power_bg_invert,75,2,3,71.0,4493.0,2951.2
32,max_power_bg_invert,76,2,3,72.0,4493.0,2950.8
32,max_power_bg_invert,77,2,3,72.0,4494.0,2949.2
32,max_power_bg_invert,78,2,3,72.0,4494.0,2950.0
32,max_power_bg_invert,79,2,3,72.0,4494.0,2950.8
32,max_power_bg_invert,80,2,3,71.0,4499.0,2936.8
32,max_power_bg_invert,81,2,3,72.0,4504.0,2927.6
32,max_power_bg_invert,82,2,3,72.0,4506.0,2938.0
32,max_power_bg_invert,83,2,3,72.0,4509.0,2931.6
32,max_power_bg_invert,84,2,3,72.0,4509.0,2934.4
32,max_power_bg_invert,85,2,3,72.0,4511.0,2933.2
32,max_power_bg_invert,86,2,3,71.0,4508.0,2938.8
32,max_power_bg_invert,87,2,3,72.0,4502.0,2938.8
32,max_power_bg_invert,88,2,3,72.0,4503.0,2939.2
32,max_power_bg_invert,89,2,3,72.0,4501.0,2941.6
32,max_power_bg_invert,90,2,3,72.0,4496.0,2944.0
33,max_power_bg_invert,0,0,1,63.0,1300.0,2836.8
33,max_power_bg_invert,1,0,1,71.0,4410.0,2323.2
33,max_power_bg_invert,2,0,1,71.0,4405.0,2631.2
33,max_power_bg_invert,3,0,1,71.0,4406.0,2717.2
33,max_power_bg_invert,4,0,1,71.0,4405.0,2771.2
33,max_power_bg_invert,5,0,1,71.0,4399.0,2799.6
33,max_power_bg_invert,6,0,1,71.0,4410.0,2822.0
33,max_power_bg_invert,7,0,1,71.0,4408.0,2838.8
33,max_power_bg_invert,8,0,1,71.0,4410.0,2846.8
33,max_power_bg_invert,9,0,1,71.0,4411.0,2853.2
33,max_power_bg_invert,10,0,1,71.0,4412.0,2861.2
33,max_power_bg_invert,11,0,1,71.0,4414.0,2864.0
33,max_power_bg_invert,12,0,1,71.0,4415.0,2868.8
33,max_power_bg_invert,13,0,1,71.0,4414.0,2874.8
33,max_power_bg_invert,14,0,1,71.0,4413.0,2878.4
33,max_power_bg_invert,15,0,1,71.0,4414.0,2880.0
33,max_power_bg_invert,16,0,1,71.0,4415.0,2883.2
33,max_power_bg_invert,17,0,1,71.0,4416.0,2882.8
33,max_power_bg_invert,18,0,1,71.0,4416.0,2886.8
33,max_power_bg_invert,19,0,1,71.0,4417.0,2886.8
33,max_power_bg_invert,20,0,1,71.0,4416.0,2890.8
33,max_power_bg_invert,21,0,1,71.0,4416.0,2891.2
33,max_power_bg_invert,22,0,1,71.0,4417.0,2890.8
33,max_power_bg_invert,23,0,1,71.0,4417.0,2893.2
33,max_power_bg_invert,24,0,1,71.0,4418.0,2891.6
33,max_power_bg_invert,25,0,1,71.0,4419.0,2890.8
33,max_power_bg_invert,26,0,1,71.0,4418.0,2891.2
33,max_power_bg_invert,27,0,1,71.0,4417.0,2891.2
33,max_power_bg_invert,28,0,1,71.0,4418.0,2895.2
33,max_power_bg_invert,29,0,1,71.0,4417.0,2896.0
33,max_power_bg_invert,30,0,1,71.0,4418.0,2895.2
33,max_power_bg_invert,31,0,1,71.0,4418.0,2895.6
33,max_power_bg_invert,32,0,1,71.0,4418.0,2895.2
33,max_power_bg_invert,33,0,1,71.0,4417.0,2895.2
33,max_power_bg_invert,34,0,1,71.0,4417.0,2894.8
33,max_power_bg_invert,35,0,1,71.0,4416.0,2900.0
33,max_power_bg_invert,36,0,1,71.0,4417.0,2900.4
33,max_power_bg_invert,37,0,1,71.0,4417.0,2900.4
33,max_power_bg_invert,38,0,1,71.0,4417.0,2900.8
33,max_power_bg_invert,39,0,1,71.0,4417.0,2900.8
33,max_power_bg_invert,40,0,1,71.0,4441.0,2897.6
33,max_power_bg_invert,41,0,1,71.0,4425.0,2929.6
33,max_power_bg_invert,42,0,1,71.0,4410.0,2936.8
33,max_power_bg_invert,43,0,1,71.0,4412.0,2929.6
33,max_power_bg_invert,44,0,1,71.0,4410.0,2928.8
33,max_power_bg_invert,45,0,1,71.0,4400.0,2930.8
33,max_power_bg_invert,46,0,1,71.0,4397.0,2931.2
33,max_power_bg_invert,47,0,1,71.0,4396.0,2930.0
33,max_power_bg_invert,48,0,1,71.0,4401.0,2925.6
33,max_power_bg_invert,49,0,1,71.0,4403.0,2924.0
33,max_power_bg_invert,50,0,1,71.0,4404.0,2920.8
33,max_power_bg_invert,51,0,1,72.0,4404.0,2920.4
33,max_power_bg_invert,52,0,1,71.0,4400.0,2921.2
33,max_power_bg_invert,53,0,1,71.0,4398.0,2921.2
33,max_power_bg_invert,54,0,1,71.0,4398.0,2922.4
33,max_power_bg_invert,55,0,1,71.0,4400.0,2920.4
33,max_power_bg_invert,56,0,1,71.0,4400.0,2924.8
33,max_power_bg_invert,57,0,1,71.0,4401.0,2923.6
33,max_power_bg_invert,58,0,1,71.0,4401.0,2922.4
33,max_power_bg_invert,59,0,1,71.0,4400.0,2922.8
33,max_power_bg_invert,60,0,1,71.0,4400.0,2925.2
33,max_power_bg_invert,61,0,1,71.0,4400.0,2925.2
33,max_power_bg_invert,62,0,1,71.0,4401.0,2924.0
33,max_power_bg_invert,63,0,1,71.0,4400.0,2924.4
33,max_power_bg_invert,64,0,1,71.0,4400.0,2923.2
33,max_power_bg_invert,65,0,1,72.0,4398.0,2923.2
33,max_power_bg_invert,66,0,1,71.0,4397.0,2923.6
33,max_power_bg_invert,67,0,1,72.0,4398.0,2924.0
33,max_power_bg_invert,68,0,1,71.0,4398.0,2924.0
33,max_power_bg_invert,69,0,1,71.0,4397.0,2923.6
33,max_power_bg_invert,70,0,1,72.0,4396.0,2923.6
33,max_power_bg_invert,71,0,1,72.0,4396.0,2928.4
33,max_power_bg_invert,72,0,1,72.0,4395.0,2929.2
33,max_power_bg_invert,73,0,1,72.0,4395.0,2928.8
33,max_power_bg_invert,74,0,1,72.0,4397.0,2927.2
33,max_power_bg_invert,75,0,1,72.0,4396.0,2928.0
33,max_power_bg_invert,76,0,1,72.0,4396.0,2928.0
33,max_power_bg_invert,77,0,1,71.0,4396.0,2932.4
33,max_power_bg_invert,78,0,1,71.0,4396.0,2932.4
33,max_power_bg_invert,79,0,1,71.0,4397.0,2931.6
33,max_power_bg_invert,80,0,1,71.0,4380.0,2963.6
33,max_power_bg_invert,81,0,1,72.0,4399.0,2953.6
33,max_power_bg_invert,82,0,1,72.0,4410.0,2947.6
33,max_power_bg_invert,83,0,1,71.0,4402.0,2947.2
33,max_power_bg_invert,84,0,1,72.0,4402.0,2944.0
33,max_power_bg_invert,85,0,1,72.0,4401.0,2948.8
33,max_power_bg_invert,86,0,1,71.0,4404.0,2949.2
33,max_power_bg_invert,87,0,1,72.0,4406.0,2950.0
33,max_power_bg_invert,88,0,1,72.0,4409.0,2954.8
33,max_power_bg_invert,89,0,1,72.0,4408.0,2953.6
33,max_power_bg_invert,90,0,1,72.0,4406.0,2952.8
33,max_power_bg_invert,0,0,2,64.0,1300.0,2900.8
33,max_power_bg_invert,1,0,2,71.0,4310.0,2531.2
33,max_power_bg_invert,2,0,2,71.0,4473.0,2736.8
33,max_power_bg_invert,3,0,2,71.0,4531.0,2804.8
33,max_power_bg_invert,4,0,2,71.0,4564.0,2840.0
33,max_power_bg_invert,5,0,2,71.0,4579.0,2865.6
33,max_power_bg_invert,6,0,2,71.0,4593.0,2877.2
33,max_power_bg_invert,7,0,2,71.0,4597.0,2891.2
33,max_power_bg_invert,8,0,2,71.0,4605.0,2902.0
33,max_power_bg_invert,9,0,2,71.0,4605.0,2909.6
33,max_power_bg_invert,10,0,2,71.0,4607.0,2914.8
33,max_power_bg_invert,11,0,2,71.0,4607.0,2918.4
33,max_power_bg_invert,12,0,2,71.0,4610.0,2920.4
33,max_power_bg_invert,13,0,2,71.0,4615.0,2921.6
33,max_power_bg_invert,14,0,2,71.0,4617.0,2925.6
33,max_power_bg_invert,15,0,2,71.0,4619.0,2923.2
33,max_power_bg_invert,16,0,2,71.0,4620.0,2924.4
33,max_power_bg_invert,17,0,2,71.0,4621.0,2925.6
33,max_power_bg_invert,18,0,2,71.0,4621.0,2930.8
33,max_power_bg_invert,19,0,2,71.0,4622.0,2929.6
33,max_power_bg_invert,20,0,2,71.0,4621.0,2936.4
33,max_power_bg_invert,21,0,2,71.0,4623.0,2935.2
33,max_power_bg_invert,22,0,2,71.0,4626.0,2932.8
33,max_power_bg_invert,23,0,2,71.0,4625.0,2933.6
33,max_power_bg_invert,24,0,2,71.0,4626.0,2937.2
33,max_power_bg_invert,25,0,2,72.0,4626.0,2937.2
33,max_power_bg_invert,26,0,2,71.0,4627.0,2935.6
33,max_power_bg_invert,27,0,2,71.0,4627.0,2935.2
33,max_power_bg_invert,28,0,2,71.0,4628.0,2939.2
33,max_power_bg_invert,29,0,2,71.0,4628.0,2939.2
33,max_power_bg_invert,30,0,2,71.0,4628.0,2938.4
33,max_power_bg_invert,31,0,2,71.0,4629.0,2938.0
33,max_power_bg_invert,32,0,2,71.0,4630.0,2936.8
33,max_power_bg_invert,33,0,2,71.0,4631.0,2936.4
33,max_power_bg_invert,34,0,2,71.0,4631.0,2936.4
33,max_power_bg_invert,35,0,2,72.0,4632.0,2939.6
33,max_power_bg_invert,36,0,2,72.0,4633.0,2936.8
33,max_power_bg_invert,37,0,2,72.0,4632.0,2937.2
33,max_power_bg_invert,38,0,2,71.0,4631.0,2937.2
33,max_power_bg_invert,39,0,2,71.0,4630.0,2937.2
33,max_power_bg_invert,40,0,2,72.0,4613.0,2921.2
33,max_power_bg_invert,41,0,2,71.0,4626.0,2939.6
33,max_power_bg_invert,42,0,2,71.0,4624.0,2940.4
33,max_power_bg_invert,43,0,2,71.0,4628.0,2944.0
33,max_power_bg_invert,44,0,2,72.0,4640.0,2939.2
33,max_power_bg_invert,45,0,2,72.0,4641.0,2938.4
33,max_power_bg_invert,46,0,2,71.0,4642.0,2938.0
33,max_power_bg_invert,47,0,2,72.0,4640.0,2936.8
33,max_power_bg_invert,48,0,2,71.0,4639.0,2938.0
33,max_power_bg_invert,49,0,2,72.0,4642.0,2936.8
33,max_power_bg_invert,50,0,2,71.0,4641.0,2938.0
33,max_power_bg_invert,51,0,2,71.0,4638.0,2939.6
33,max_power_bg_invert,52,0,2,72.0,4639.0,2940.8
33,max_power_bg_invert,53,0,2,72.0,4640.0,2939.6
33,max_power_bg_invert,54,0,2,72.0,4640.0,2938.8
33,max_power_bg_invert,55,0,2,72.0,4642.0,2937.2
33,max_power_bg_invert,56,0,2,72.0,4642.0,2936.8
33,max_power_bg_invert,57,0,2,72.0,4641.0,2936.0
33,max_power_bg_invert,58,0,2,72.0,4641.0,2934.8
33,max_power_bg_invert,59,0,2,72.0,4640.0,2934.4
33,max_power_bg_invert,60,0,2,72.0,4639.0,2936.0
33,max_power_bg_invert,61,0,2,72.0,4641.0,2935.2
33,max_power_bg_invert,62,0,2,72.0,4642.0,2933.6
33,max_power_bg_invert,63,0,2,72.0,4642.0,2937.6
33,max_power_bg_invert,64,0,2,72.0,4642.0,2937.2
33,max_power_bg_invert,65,0,2,72.0,4641.0,2937.6
33,max_power_bg_invert,66,0,2,72.0,4642.0,2937.2
33,max_power_bg_invert,67,0,2,72.0,4641.0,2937.2
33,max_power_bg_invert,68,0,2,72.0,4642.0,2935.6
33,max_power_bg_invert,69,0,2,72.0,4642.0,2934.4
33,max_power_bg_invert,70,0,2,72.0,4643.0,2933.6
33,max_power_bg_invert,71,0,2,72.0,4642.0,2934.0
33,max_power_bg_invert,72,0,2,72.0,4643.0,2932.8
33,max_power_bg_invert,73,0,2,71.0,4642.0,2932.8
33,max_power_bg_invert,74,0,2,72.0,4641.0,2933.2
33,max_power_bg_invert,75,0,2,72.0,4641.0,2938.8
33,max_power_bg_invert,76,0,2,72.0,4642.0,2938.4
33,max_power_bg_invert,77,0,2,72.0,4643.0,2938.4
33,max_power_bg_invert,78,0,2,72.0,4642.0,2938.8
33,max_power_bg_invert,79,0,2,72.0,4643.0,2938.0
33,max_power_bg_invert,80,0,2,72.0,4640.0,2972.4
33,max_power_bg_invert,81,0,2,72.0,4645.0,2966.8
33,max_power_bg_invert,82,0,2,72.0,4648.0,2970.4
33,max_power_bg_invert,83,0,2,72.0,4646.0,2971.6
33,max_power_bg_invert,84,0,2,72.0,4644.0,2969.6
33,max_power_bg_invert,85,0,2,72.0,4642.0,2969.2
33,max_power_bg_invert,86,0,2,72.0,4645.0,2960.4
33,max_power_bg_invert,87,0,2,72.0,4648.0,2962.0
33,max_power_bg_invert,88,0,2,72.0,4647.0,2960.8
33,max_power_bg_invert,89,0,2,72.0,4648.0,2958.8
33,max_power_bg_invert,90,0,2,72.0,4648.0,2960.4
33,max_power_bg_invert,0,0,3,64.0,1275.0,2914.4
33,max_power_bg_invert,1,0,3,71.0,4200.0,2575.2
33,max_power_bg_invert,2,0,3,71.0,4363.0,2738.8
33,max_power_bg_invert,3,0,3,71.0,4420.0,2808.0
33,max_power_bg_invert,4,0,3,72.0,4448.0,2832.4
33,max_power_bg_invert,5,0,3,71.0,4469.0,2854.0
33,max_power_bg_invert,6,0,3,71.0,4467.0,2873.6
33,max_power_bg_invert,7,0,3,72.0,4476.0,2882.4
33,max_power_bg_invert,8,0,3,71.0,4478.0,2890.8
33,max_power_bg_invert,9,0,3,72.0,4481.0,2897.2
33,max_power_bg_invert,10,0,3,72.0,4485.0,2899.6
33,max_power_bg_invert,11,0,3,71.0,4491.0,2901.2
33,max_power_bg_invert,12,0,3,72.0,4495.0,2902.4
33,max_power_bg_invert,13,0,3,72.0,4498.0,2904.8
33,max_power_bg_invert,14,0,3,72.0,4501.0,2908.4
33,max_power_bg_invert,15,0,3,72.0,4502.0,2907.6
33,max_power_bg_invert,16,0,3,72.0,4503.0,2910.8
33,max_power_bg_invert,17,0,3,72.0,4504.0,2910.4
33,max_power_bg_invert,18,0,3,72.0,4503.0,2915.2
33,max_power_bg_invert,19,0,3,71.0,4503.0,2915.2
33,max_power_bg_invert,20,0,3,72.0,4503.0,2915.2
33,max_power_bg_invert,21,0,3,71.0,4503.0,2922.4
33,max_power_bg_invert,22,0,3,72.0,4504.0,2921.6
33,max_power_bg_invert,23,0,3,72.0,4504.0,2921.2
33,max_power_bg_invert,24,0,3,72.0,4507.0,2919.2
33,max_power_bg_invert,25,0,3,72.0,4508.0,2923.6
33,max_power_bg_invert,26,0,3,72.0,4508.0,2923.6
33,max_power_bg_invert,27,0,3,72.0,4508.0,2923.2
33,max_power_bg_invert,28,0,3,72.0,4508.0,2922.8
33,max_power_bg_invert,29,0,3,72.0,4508.0,2921.6
33,max_power_bg_invert,30,0,3,72.0,4509.0,2920.8
33,max_power_bg_invert,31,0,3,72.0,4509.0,2920.8
33,max_power_bg_invert,32,0,3,72.0,4509.0,2926.0
33,max_power_bg_invert,33,0,3,72.0,4509.0,2925.2
33,max_power_bg_invert,34,0,3,72.0,4510.0,2924.8
33,max_power_bg_invert,35,0,3,72.0,4508.0,2925.2
33,max_power_bg_invert,36,0,3,72.0,4508.0,2925.2
33,max_power_bg_invert,37,0,3,72.0,4508.0,2925.2
33,max_power_bg_invert,38,0,3,72.0,4509.0,2924.8
33,max_power_bg_invert,39,0,3,72.0,4509.0,2924.0
33,max_power_bg_invert,40,0,3,72.0,4510.0,2971.2
33,max_power_bg_invert,41,0,3,72.0,4505.0,2970.4
33,max_power_bg_invert,42,0,3,72.0,4506.0,2956.4
33,max_power_bg_invert,43,0,3,72.0,4499.0,2952.8
33,max_power_bg_invert,44,0,3,72.0,4506.0,2944.0
33,max_power_bg_invert,45,0,3,72.0,4510.0,2941.2
33,max_power_bg_invert,46,0,3,72.0,4514.0,2934.0
33,max_power_bg_invert,47,0,3,72.0,4515.0,2936.0
33,max_power_bg_invert,48,0,3,72.0,4515.0,2937.6
33,max_power_bg_invert,49,0,3,72.0,4514.0,2937.2
33,max_power_bg_invert,50,0,3,72.0,4514.0,2937.2
33,max_power_bg_invert,51,0,3,72.0,4512.0,2938.8
33,max_power_bg_invert,52,0,3,72.0,4515.0,2937.6
33,max_power_bg_invert,53,0,3,72.0,4518.0,2935.2
33,max_power_bg_invert,54,0,3,72.0,4519.0,2934.8
33,max_power_bg_invert,55,0,3,72.0,4519.0,2935.2
33,max_power_bg_invert,56,0,3,72.0,4520.0,2932.8
33,max_power_bg_invert,57,0,3,72.0,4523.0,2930.8
33,max_power_bg_invert,58,0,3,72.0,4523.0,2929.2
33,max_power_bg_invert,59,0,3,72.0,4521.0,2930.0
33,max_power_bg_invert,60,0,3,72.0,4521.0,2929.6
33,max_power_bg_invert,61,0,3,72.0,4521.0,2930.0
33,max_power_bg_invert,62,0,3,72.0,4520.0,2930.0
33,max_power_bg_invert,63,0,3,72.0,4521.0,2929.2
33,max_power_bg_invert,64,0,3,72.0,4521.0,2930.0
33,max_power_bg_invert,65,0,3,72.0,4522.0,2930.0
33,max_power_bg_invert,66,0,3,72.0,4520.0,2930.8
33,max_power_bg_invert,67,0,3,72.0,4520.0,2930.4
33,max_power_bg_invert,68,0,3,72.0,4520.0,2930.0
33,max_power_bg_invert,69,0,3,72.0,4521.0,2930.0
33,max_power_bg_invert,70,0,3,72.0,4521.0,2930.0
33,max_power_bg_invert,71,0,3,72.0,4523.0,2928.8
33,max_power_bg_invert,72,0,3,72.0,4522.0,2928.4
33,max_power_bg_invert,73,0,3,72.0,4521.0,2927.2
33,max_power_bg_invert,74,0,3,72.0,4522.0,2926.8
33,max_power_bg_invert,75,0,3,72.0,4522.0,2926.8
33,max_power_bg_invert,76,0,3,72.0,4522.0,2929.2
33,max_power_bg_invert,77,0,3,72.0,4523.0,2928.0
33,max_power_bg_invert,78,0,3,72.0,4523.0,2928.0
33,max_power_bg_invert,79,0,3,72.0,4524.0,2928.0
33,max_power_bg_invert,80,0,3,72.0,4510.0,2934.4
33,max_power_bg_invert,81,0,3,72.0,4510.0,2922.8
33,max_power_bg_invert,82,0,3,72.0,4513.0,2921.6
33,max_power_bg_invert,83,0,3,72.0,4515.0,2924.0
33,max_power_bg_invert,84,0,3,72.0,4522.0,2919.2
33,max_power_bg_invert,85,0,3,72.0,4522.0,2922.0
33,max_power_bg_invert,86,0,3,72.0,4523.0,2926.8
33,max_power_bg_invert,87,0,3,72.0,4520.0,2927.6
33,max_power_bg_invert,88,0,3,72.0,4518.0,2930.0
33,max_power_bg_invert,89,0,3,72.0,4514.0,2932.0
33,max_power_bg_invert,90,0,3,72.0,4514.0,2932.8
33,max_power_bg_invert,0,1,2,64.0,1300.0,2858.4
33,max_power_bg_invert,1,1,2,72.0,4180.0,2572.0
33,max_power_bg_invert,2,1,2,72.0,4360.0,2750.8
33,max_power_bg_invert,3,1,2,72.0,4410.0,2808.0
33,max_power_bg_invert,4,1,2,72.0,4433.0,2848.4
33,max_power_bg_invert,5,1,2,72.0,4444.0,2864.8
33,max_power_bg_invert,6,1,2,72.0,4457.0,2876.0
33,max_power_bg_invert,7,1,2,72.0,4455.0,2890.8
33,max_power_bg_invert,8,1,2,72.0,4464.0,2902.0
33,max_power_bg_invert,9,1,2,72.0,4464.0,2904.8
33,max_power_bg_invert,10,1,2,72.0,4472.0,2911.2
33,max_power_bg_invert,11,1,2,72.0,4478.0,2913.6
33,max_power_bg_invert,12,1,2,72.0,4482.0,2914.8
33,max_power_bg_invert,13,1,2,72.0,4485.0,2912.0
33,max_power_bg_invert,14,1,2,72.0,4489.0,2912.8
33,max_power_bg_invert,15,1,2,72.0,4493.0,2915.6
33,max_power_bg_invert,16,1,2,72.0,4493.0,2914.0
33,max_power_bg_invert,17,1,2,72.0,4495.0,2914.0
33,max_power_bg_invert,18,1,2,72.0,4499.0,2917.2
33,max_power_bg_invert,19,1,2,72.0,4501.0,2916.8
33,max_power_bg_invert,20,1,2,72.0,4504.0,2920.0
33,max_power_bg_invert,21,1,2,72.0,4504.0,2918.4
33,max_power_bg_invert,22,1,2,72.0,4506.0,2916.0
33,max_power_bg_invert,23,1,2,72.0,4506.0,2916.4
33,max_power_bg_invert,24,1,2,72.0,4507.0,2921.2
33,max_power_bg_invert,25,1,2,72.0,4507.0,2920.0
33,max_power_bg_invert,26,1,2,72.0,4508.0,2918.8
33,max_power_bg_invert,27,1,2,72.0,4508.0,2918.0
33,max_power_bg_invert,28,1,2,72.0,4508.0,2918.0
33,max_power_bg_invert,29,1,2,72.0,4509.0,2916.8
33,max_power_bg_invert,30,1,2,73.0,4510.0,2920.8
33,max_power_bg_invert,31,1,2,72.0,4510.0,2920.4
33,max_power_bg_invert,32,1,2,72.0,4510.0,2920.0
33,max_power_bg_invert,33,1,2,72.0,4511.0,2919.2
33,max_power_bg_invert,34,1,2,72.0,4510.0,2919.6
33,max_power_bg_invert,35,1,2,72.0,4511.0,2919.2
33,max_power_bg_invert,36,1,2,73.0,4511.0,2918.8
33,max_power_bg_invert,37,1,2,72.0,4511.0,2917.6
33,max_power_bg_invert,38,1,2,72.0,4511.0,2917.6
33,max_power_bg_invert,39,1,2,72.0,4511.0,2917.6
33,max_power_bg_invert,40,1,2,72.0,4520.0,2932.8
33,max_power_bg_invert,41,1,2,72.0,4520.0,2929.2
33,max_power_bg_invert,42,1,2,73.0,4526.0,2925.6
33,max_power_bg_invert,43,1,2,72.0,4530.0,2924.8
33,max_power_bg_invert,44,1,2,72.0,4522.0,2926.4
33,max_power_bg_invert,45,1,2,72.0,4520.0,2933.2
33,max_power_bg_invert,46,1,2,72.0,4517.0,2934.0
33,max_power_bg_invert,47,1,2,72.0,4516.0,2931.2
33,max_power_bg_invert,48,1,2,72.0,4518.0,2934.4
33,max_power_bg_invert,49,1,2,72.0,4513.0,2936.0
33,max_power_bg_invert,50,1,2,72.0,4510.0,2938.4
33,max_power_bg_invert,51,1,2,72.0,4513.0,2943.2
33,max_power_bg_invert,52,1,2,73.0,4514.0,2942.0
33,max_power_bg_invert,53,1,2,72.0,4517.0,2940.4
33,max_power_bg_invert,54,1,2,72.0,4515.0,2944.8
33,max_power_bg_invert,55,1,2,73.0,4515.0,2944.4
33,max_power_bg_invert,56,1,2,72.0,4515.0,2943.2
33,max_power_bg_invert,57,1,2,72.0,4516.0,2948.0
33,max_power_bg_invert,58,1,2,72.0,4516.0,2946.8
33,max_power_bg_invert,59,1,2,72.0,4516.0,2946.0
33,max_power_bg_invert,60,1,2,73.0,4516.0,2944.4
33,max_power_bg_invert,61,1,2,73.0,4517.0,2949.2
33,max_power_bg_invert,62,1,2,73.0,4519.0,2948.8
33,max_power_bg_invert,63,1,2,73.0,4518.0,2948.4
33,max_power_bg_invert,64,1,2,73.0,4518.0,2948.0
33,max_power_bg_invert,65,1,2,73.0,4518.0,2948.4
33,max_power_bg_invert,66,1,2,73.0,4520.0,2947.2
33,max_power_bg_invert,67,1,2,73.0,4520.0,2947.2
33,max_power_bg_invert,68,1,2,72.0,4519.0,2951.6
33,max_power_bg_invert,69,1,2,72.0,4519.0,2952.4
33,max_power_bg_invert,70,1,2,72.0,4520.0,2952.4
33,max_power_bg_invert,71,1,2,73.0,4520.0,2952.0
33,max_power_bg_invert,72,1,2,73.0,4520.0,2952.0
33,max_power_bg_invert,73,1,2,73.0,4519.0,2952.0
33,max_power_bg_invert,74,1,2,73.0,4519.0,2951.6
33,max_power_bg_invert,75,1,2,73.0,4519.0,2952.0
33,max_power_bg_invert,76,1,2,73.0,4518.0,2952.0
33,max_power_bg_invert,77,1,2,73.0,4518.0,2951.6
33,max_power_bg_invert,78,1,2,73.0,4518.0,2950.8
33,max_power_bg_invert,79,1,2,73.0,4518.0,2950.8
33,max_power_bg_invert,80,1,2,73.0,4510.0,2964.8
33,max_power_bg_invert,81,1,2,73.0,4510.0,2963.2
33,max_power_bg_invert,82,1,2,73.0,4496.0,2971.6
33,max_power_bg_invert,83,1,2,73.0,4505.0,2958.8
33,max_power_bg_invert,84,1,2,73.0,4499.0,2961.6
33,max_power_bg_invert,85,1,2,73.0,4503.0,2960.4
33,max_power_bg_invert,86,1,2,73.0,4508.0,2957.2
33,max_power_bg_invert,87,1,2,73.0,4510.0,2955.2
33,max_power_bg_invert,88,1,2,73.0,4512.0,2955.2
33,max_power_bg_invert,89,1,2,73.0,4508.0,2956.4
33,max_power_bg_invert,90,1,2,73.0,4513.0,2955.2
33,max_power_bg_invert,0,1,3,64.0,1325.0,2898.4
33,max_power_bg_invert,1,1,3,72.0,4060.0,2596.4
33,max_power_bg_invert,2,1,3,72.0,4200.0,2771.6
33,max_power_bg_invert,3,1,3,72.0,4248.0,2822.8
33,max_power_bg_invert,4,1,3,72.0,4282.0,2850.0
33,max_power_bg_invert,5,1,3,72.0,4299.0,2859.6
33,max_power_bg_invert,6,1,3,72.0,4303.0,2874.8
33,max_power_bg_invert,7,1,3,72.0,4311.0,2884.8
33,max_power_bg_invert,8,1,3,72.0,4308.0,2894.0
33,max_power_bg_invert,9,1,3,72.0,4311.0,2900.0
33,max_power_bg_invert,10,1,3,72.0,4317.0,2902.8
33,max_power_bg_invert,11,1,3,72.0,4322.0,2904.0
33,max_power_bg_invert,12,1,3,72.0,4323.0,2908.4
33,max_power_bg_invert,13,1,3,72.0,4323.0,2914.4
33,max_power_bg_invert,14,1,3,72.0,4329.0,2911.6
33,max_power_bg_invert,15,1,3,72.0,4330.0,2914.8
33,max_power_bg_invert,16,1,3,72.0,4333.0,2917.6
33,max_power_bg_invert,17,1,3,72.0,4335.0,2920.0
33,max_power_bg_invert,18,1,3,72.0,4335.0,2924.4
33,max_power_bg_invert,19,1,3,72.0,4338.0,2922.4
33,max_power_bg_invert,20,1,3,72.0,4340.0,2926.4
33,max_power_bg_invert,21,1,3,72.0,4341.0,2926.0
33,max_power_bg_invert,22,1,3,72.0,4342.0,2931.2
33,max_power_bg_invert,23,1,3,72.0,4342.0,2931.2
33,max_power_bg_invert,24,1,3,72.0,4342.0,2931.6
33,max_power_bg_invert,25,1,3,72.0,4343.0,2936.4
33,max_power_bg_invert,26,1,3,72.0,4344.0,2935.6
33,max_power_bg_invert,27,1,3,72.0,4344.0,2935.2
33,max_power_bg_invert,28,1,3,72.0,4344.0,2940.0
33,max_power_bg_invert,29,1,3,72.0,4346.0,2938.0
33,max_power_bg_invert,30,1,3,72.0,4346.0,2938.0
33,max_power_bg_invert,31,1,3,72.0,4346.0,2942.4
33,max_power_bg_invert,32,1,3,72.0,4345.0,2943.2
33,max_power_bg_invert,33,1,3,72.0,4346.0,2942.0
33,max_power_bg_invert,34,1,3,72.0,4345.0,2943.2
33,max_power_bg_invert,35,1,3,72.0,4347.0,2942.4
33,max_power_bg_invert,36,1,3,72.0,4348.0,2946.4
33,max_power_bg_invert,37,1,3,72.0,4348.0,2946.0
33,max_power_bg_invert,38,1,3,72.0,4349.0,2945.2
33,max_power_bg_invert,39,1,3,72.0,4349.0,2945.2
33,max_power_bg_invert,40,1,3,72.0,4364.0,2958.4
33,max_power_bg_invert,41,1,3,72.0,4367.0,2952.8
33,max_power_bg_invert,42,1,3,72.0,4368.0,2950.8
33,max_power_bg_invert,43,1,3,72.0,4353.0,2958.0
33,max_power_bg_invert,44,1,3,72.0,4352.0,2956.8
33,max_power_bg_invert,45,1,3,72.0,4355.0,2960.4
33,max_power_bg_invert,46,1,3,72.0,4357.0,2960.4
33,max_power_bg_invert,47,1,3,73.0,4360.0,2959.6
33,max_power_bg_invert,48,1,3,73.0,4363.0,2954.4
33,max_power_bg_invert,49,1,3,73.0,4358.0,2957.2
33,max_power_bg_invert,50,1,3,72.0,4359.0,2956.8
33,max_power_bg_invert,51,1,3,72.0,4360.0,2954.0
33,max_power_bg_invert,52,1,3,73.0,4360.0,2951.6
33,max_power_bg_invert,53,1,3,72.0,4365.0,2950.4
33,max_power_bg_invert,54,1,3,72.0,4367.0,2949.6
33,max_power_bg_invert,55,1,3,73.0,4364.0,2952.8
33,max_power_bg_invert,56,1,3,73.0,4365.0,2953.6
33,max_power_bg_invert,57,1,3,73.0,4364.0,2954.4
33,max_power_bg_invert,58,1,3,72.0,4364.0,2956.8
33,max_power_bg_invert,59,1,3,73.0,4363.0,2956.4
33,max_power_bg_invert,60,1,3,73.0,4362.0,2957.2
33,max_power_bg_invert,61,1,3,72.0,4360.0,2958.4
33,max_power_bg_invert,62,1,3,73.0,4360.0,2958.0
33,max_power_bg_invert,63,1,3,73.0,4361.0,2956.4
33,max_power_bg_invert,64,1,3,73.0,4361.0,2956.4
33,max_power_bg_invert,65,1,3,73.0,4362.0,2955.2
33,max_power_bg_invert,66,1,3,73.0,4361.0,2956.0
33,max_power_bg_invert,67,1,3,73.0,4360.0,2957.2
33,max_power_bg_invert,68,1,3,73.0,4362.0,2956.8
33,max_power_bg_invert,69,1,3,72.0,4362.0,2956.4
33,max_power_bg_invert,70,1,3,73.0,4363.0,2956.0
33,max_power_bg_invert,71,1,3,73.0,4363.0,2956.0
33,max_power_bg_invert,72,1,3,73.0,4363.0,2956.0
33,max_power_bg_invert,73,1,3,73.0,4363.0,2956.0
33,max_power_bg_invert,74,1,3,73.0,4363.0,2955.6
33,max_power_bg_invert,75,1,3,73.0,4363.0,2955.2
33,max_power_bg_invert,76,1,3,72.0,4363.0,2954.8
33,max_power_bg_invert,77,1,3,73.0,4364.0,2954.4
33,max_power_bg_invert,78,1,3,73.0,4363.0,2954.4
33,max_power_bg_invert,79,1,3,73.0,4363.0,2954.4
33,max_power_bg_invert,80,1,3,73.0,4350.0,2976.8
33,max_power_bg_invert,81,1,3,73.0,4352.0,2966.0
33,max_power_bg_invert,82,1,3,73.0,4355.0,2958.8
33,max_power_bg_invert,83,1,3,72.0,4356.0,2962.8
33,max_power_bg_invert,84,1,3,73.0,4353.0,2962.4
33,max_power_bg_invert,85,1,3,72.0,4355.0,2958.8
33,max_power_bg_invert,86,1,3,72.0,4357.0,2959.2
33,max_power_bg_invert,87,1,3,73.0,4360.0,2956.8
33,max_power_bg_invert,88,1,3,73.0,4359.0,2956.8
33,max_power_bg_invert,89,1,3,73.0,4361.0,2954.8
33,max_power_bg_invert,90,1,3,73.0,4365.0,2951.2
33,max_power_bg_invert,0,2,3,64.0,1275.0,2947.2
33,max_power_bg_invert,1,2,3,71.0,4070.0,2615.2
33,max_power_bg_invert,2,2,3,71.0,4240.0,2777.2
33,max_power_bg_invert,3,2,3,71.0,4282.0,2835.6
33,max_power_bg_invert,4,2,3,71.0,4320.0,2862.0
33,max_power_bg_invert,5,2,3,71.0,4332.0,2886.0
33,max_power_bg_invert,6,2,3,71.0,4349.0,2893.2
33,max_power_bg_invert,7,2,3,71.0,4355.0,2898.0
33,max_power_bg_invert,8,2,3,72.0,4362.0,2902.4
33,max_power_bg_invert,9,2,3,71.0,4368.0,2906.8
33,max_power_bg_invert,10,2,3,71.0,4369.0,2912.4
33,max_power_bg_invert,11,2,3,71.0,4371.0,2915.6
33,max_power_bg_invert,12,2,3,71.0,4373.0,2917.2
33,max_power_bg_invert,13,2,3,71.0,4375.0,2920.4
33,max_power_bg_invert,14,2,3,71.0,4376.0,2919.2
33,max_power_bg_invert,15,2,3,72.0,4374.0,2924.8
33,max_power_bg_invert,16,2,3,71.0,4376.0,2923.2
33,max_power_bg_invert,17,2,3,71.0,4377.0,2928.4
33,max_power_bg_invert,18,2,3,71.0,4377.0,2926.8
33,max_power_bg_invert,19,2,3,71.0,4378.0,2925.2
33,max_power_bg_invert,20,2,3,72.0,4378.0,2929.2
33,max_power_bg_invert,21,2,3,71.0,4380.0,2927.6
33,max_power_bg_invert,22,2,3,72.0,4380.0,2927.6
33,max_power_bg_invert,23,2,3,72.0,4382.0,2930.4
33,max_power_bg_invert,24,2,3,72.0,4383.0,2929.2
33,max_power_bg_invert,25,2,3,71.0,4384.0,2929.2
33,max_power_bg_invert,26,2,3,71.0,4383.0,2929.2
33,max_power_bg_invert,27,2,3,72.0,4385.0,2927.6
33,max_power_bg_invert,28,2,3,72.0,4386.0,2926.4
33,max_power_bg_invert,29,2,3,72.0,4386.0,2932.0
33,max_power_bg_invert,30,2,3,71.0,4387.0,2930.8
33,max_power_bg_invert,31,2,3,72.0,4387.0,2931.2
33,max_power_bg_invert,32,2,3,71.0,4387.0,2930.8
33,max_power_bg_invert,33,2,3,71.0,4387.0,2930.4
33,max_power_bg_invert,34,2,3,72.0,4387.0,2930.0
33,max_power_bg_invert,35,2,3,72.0,4388.0,2929.2
33,max_power_bg_invert,36,2,3,71.0,4387.0,2930.8
33,max_power_bg_invert,37,2,3,72.0,4388.0,2929.6
33,max_power_bg_invert,38,2,3,72.0,4389.0,2934.0
33,max_power_bg_invert,39,2,3,72.0,4390.0,2933.6
33,max_power_bg_invert,40,2,3,71.0,4409.0,2937.2
33,max_power_bg_invert,41,2,3,72.0,4414.0,2941.2
33,max_power_bg_invert,42,2,3,72.0,4423.0,2942.8
33,max_power_bg_invert,43,2,3,72.0,4412.0,2941.6
33,max_power_bg_invert,44,2,3,72.0,4410.0,2944.0
33,max_power_bg_invert,45,2,3,72.0,4404.0,2946.0
33,max_power_bg_invert,46,2,3,72.0,4408.0,2942.8
33,max_power_bg_invert,47,2,3,72.0,4407.0,2947.2
33,max_power_bg_invert,48,2,3,72.0,4404.0,2951.2
33,max_power_bg_invert,49,2,3,72.0,4407.0,2949.6
33,max_power_bg_invert,50,2,3,72.0,4406.0,2948.4
33,max_power_bg_invert,51,2,3,72.0,4406.0,2948.0
33,max_power_bg_invert,52,2,3,72.0,4408.0,2944.8
33,max_power_bg_invert,53,2,3,72.0,4410.0,2943.2
33,max_power_bg_invert,54,2,3,72.0,4412.0,2946.8
33,max_power_bg_invert,55,2,3,72.0,4412.0,2946.4
33,max_power_bg_invert,56,2,3,72.0,4413.0,2946.8
33,max_power_bg_invert,57,2,3,72.0,4415.0,2943.6
33,max_power_bg_invert,58,2,3,72.0,4415.0,2944.0
33,max_power_bg_invert,59,2,3,72.0,4414.0,2944.0
33,max_power_bg_invert,60,2,3,72.0,4414.0,2944.0
33,max_power_bg_invert,61,2,3,72.0,4412.0,2945.2
33,max_power_bg_invert,62,2,3,72.0,4413.0,2945.2
33,max_power_bg_invert,63,2,3,72.0,4413.0,2944.4
33,max_power_bg_invert,64,2,3,72.0,4415.0,2947.6
33,max_power_bg_invert,65,2,3,72.0,4414.0,2948.4
33,max_power_bg_invert,66,2,3,72.0,4413.0,2950.0
33,max_power_bg_invert,67,2,3,72.0,4412.0,2950.4
33,max_power_bg_invert,68,2,3,72.0,4414.0,2950.0
33,max_power_bg_invert,69,2,3,72.0,4414.0,2950.4
33,max_power_bg_invert,70,2,3,72.0,4414.0,2950.8
33,max_power_bg_invert,71,2,3,72.0,4414.0,2951.2
33,max_power_bg_invert,72,2,3,72.0,4412.0,2951.2
33,max_power_bg_invert,73,2,3,72.0,4412.0,2956.0
33,max_power_bg_invert,74,2,3,72.0,4412.0,2954.8
33,max_power_bg_invert,75,2,3,72.0,4413.0,2953.6
33,max_power_bg_invert,76,2,3,72.0,4412.0,2954.4
33,max_power_bg_invert,77,2,3,71.0,4413.0,2953.2
33,max_power_bg_invert,78,2,3,72.0,4413.0,2953.2
33,max_power_bg_invert,79,2,3,72.0,4413.0,2952.8
33,max_power_bg_invert,80,2,3,72.0,4440.0,2964.4
33,max_power_bg_invert,81,2,3,72.0,4410.0,2970.8
33,max_power_bg_invert,82,2,3,72.0,4406.0,2975.6
33,max_power_bg_invert,83,2,3,72.0,4412.0,2967.2
33,max_power_bg_invert,84,2,3,72.0,4418.0,2963.2
33,max_power_bg_invert,85,2,3,72.0,4418.0,2959.2
33,max_power_bg_invert,86,2,3,72.0,4414.0,2961.6
33,max_power_bg_invert,87,2,3,72.0,4416.0,2960.8
33,max_power_bg_invert,88,2,3,72.0,4413.0,2961.2
33,max_power_bg_invert,89,2,3,72.0,4414.0,2960.0
33,max_power_bg_invert,90,2,3,72.0,4414.0,2959.6
34,max_power_bg_invert,0,0,1,60.0,1100.0,3328.0
34,max_power_bg_invert,1,0,1,66.0,4220.0,2658.8
34,max_power_bg_invert,2,0,1,66.0,4210.0,2974.8
34,max_power_bg_invert,3,0,1,67.0,4206.0,3072.0
34,max_power_bg_invert,4,0,1,67.0,4205.0,3128.0
34,max_power_bg_invert,5,0,1,67.0,4204.0,3170.0
34,max_power_bg_invert,6,0,1,67.0,4206.0,3190.4
34,max_power_bg_invert,7,0,1,67.0,4207.0,3203.6
34,max_power_bg_invert,8,0,1,67.0,4207.0,3216.8
34,max_power_bg_invert,9,0,1,67.0,4211.0,3222.4
34,max_power_bg_invert,10,0,1,67.0,4209.0,3234.0
34,max_power_bg_invert,11,0,1,67.0,4210.0,3240.0
34,max_power_bg_invert,12,0,1,67.0,4205.0,3245.2
34,max_power_bg_invert,13,0,1,67.0,4203.0,3250.4
34,max_power_bg_invert,14,0,1,67.0,4203.0,3251.2
34,max_power_bg_invert,15,0,1,66.0,4204.0,3255.2
34,max_power_bg_invert,16,0,1,67.0,4203.0,3260.4
34,max_power_bg_invert,17,0,1,67.0,4203.0,3259.6
34,max_power_bg_invert,18,0,1,67.0,4203.0,3264.8
34,max_power_bg_invert,19,0,1,67.0,4205.0,3261.2
34,max_power_bg_invert,20,0,1,67.0,4204.0,3261.2
34,max_power_bg_invert,21,0,1,67.0,4204.0,3268.0
34,max_power_bg_invert,22,0,1,67.0,4206.0,3265.2
34,max_power_bg_invert,23,0,1,67.0,4206.0,3266.4
34,max_power_bg_invert,24,0,1,67.0,4205.0,3270.4
34,max_power_bg_invert,25,0,1,67.0,4206.0,3269.6
34,max_power_bg_invert,26,0,1,67.0,4208.0,3268.4
34,max_power_bg_invert,27,0,1,67.0,4209.0,3268.0
34,max_power_bg_invert,28,0,1,67.0,4209.0,3267.6
34,max_power_bg_invert,29,0,1,67.0,4210.0,3272.4
34,max_power_bg_invert,30,0,1,67.0,4210.0,3271.6
34,max_power_bg_invert,31,0,1,67.0,4211.0,3271.2
34,max_power_bg_invert,32,0,1,67.0,4211.0,3270.8
34,max_power_bg_invert,33,0,1,67.0,4212.0,3270.0
34,max_power_bg_invert,34,0,1,67.0,4212.0,3268.4
34,max_power_bg_invert,35,0,1,67.0,4213.0,3267.6
34,max_power_bg_invert,36,0,1,67.0,4213.0,3271.6
34,max_power_bg_invert,37,0,1,67.0,4213.0,3271.6
34,max_power_bg_invert,38,0,1,67.0,4213.0,3270.8
34,max_power_bg_invert,39,0,1,67.0,4213.0,3270.0
34,max_power_bg_invert,40,0,1,67.0,4237.0,3260.4
34,max_power_bg_invert,41,0,1,67.0,4215.0,3273.6
34,max_power_bg_invert,42,0,1,67.0,4217.0,3276.4
34,max_power_bg_invert,43,0,1,67.0,4220.0,3285.2
34,max_power_bg_invert,44,0,1,67.0,4220.0,3281.6
34,max_power_bg_invert,45,0,1,67.0,4225.0,3278.8
34,max_power_bg_invert,46,0,1,67.0,4227.0,3277.6
34,max_power_bg_invert,47,0,1,67.0,4225.0,3276.8
34,max_power_bg_invert,48,0,1,67.0,4227.0,3277.2
34,max_power_bg_invert,49,0,1,67.0,4223.0,3280.4
34,max_power_bg_invert,50,0,1,67.0,4226.0,3278.0
34,max_power_bg_invert,51,0,1,67.0,4227.0,3279.6
34,max_power_bg_invert,52,0,1,67.0,4227.0,3281.6
34,max_power_bg_invert,53,0,1,67.0,4224.0,3282.4
34,max_power_bg_invert,54,0,1,67.0,4223.0,3283.2
34,max_power_bg_invert,55,0,1,67.0,4223.0,3281.6
34,max_power_bg_invert,56,0,1,67.0,4221.0,3279.2
34,max_power_bg_invert,57,0,1,67.0,4221.0,3285.2
34,max_power_bg_invert,58,0,1,67.0,4221.0,3285.2
34,max_power_bg_invert,59,0,1,67.0,4221.0,3284.8
34,max_power_bg_invert,60,0,1,67.0,4219.0,3287.2
34,max_power_bg_invert,61,0,1,67.0,4220.0,3286.0
34,max_power_bg_invert,62,0,1,67.0,4221.0,3290.4
34,max_power_bg_invert,63,0,1,67.0,4220.0,3291.2
34,max_power_bg_invert,64,0,1,67.0,4221.0,3290.4
34,max_power_bg_invert,65,0,1,67.0,4222.0,3289.6
34,max_power_bg_invert,66,0,1,67.0,4223.0,3289.2
34,max_power_bg_invert,67,0,1,67.0,4224.0,3288.4
34,max_power_bg_invert,68,0,1,67.0,4224.0,3288.4
34,max_power_bg_invert,69,0,1,67.0,4224.0,3288.8
34,max_power_bg_invert,70,0,1,67.0,4224.0,3293.2
34,max_power_bg_invert,71,0,1,67.0,4225.0,3294.0
34,max_power_bg_invert,72,0,1,67.0,4225.0,3294.0
34,max_power_bg_invert,73,0,1,67.0,4224.0,3294.8
34,max_power_bg_invert,74,0,1,67.0,4224.0,3295.6
34,max_power_bg_invert,75,0,1,67.0,4225.0,3295.2
34,max_power_bg_invert,76,0,1,67.0,4226.0,3294.8
34,max_power_bg_invert,77,0,1,67.0,4226.0,3294.8
34,max_power_bg_invert,78,0,1,67.0,4226.0,3295.2
34,max_power_bg_invert,79,0,1,67.0,4226.0,3294.0
34,max_power_bg_invert,80,0,1,67.0,4240.0,3306.8
34,max_power_bg_invert,81,0,1,67.0,4225.0,3316.8
34,max_power_bg_invert,82,0,1,67.0,4237.0,3312.8
34,max_power_bg_invert,83,0,1,67.0,4233.0,3314.0
34,max_power_bg_invert,84,0,1,67.0,4224.0,3320.0
34,max_power_bg_invert,85,0,1,67.0,4227.0,3314.4
34,max_power_bg_invert,86,0,1,67.0,4226.0,3311.6
34,max_power_bg_invert,87,0,1,67.0,4224.0,3309.2
34,max_power_bg_invert,88,0,1,67.0,4222.0,3310.0
34,max_power_bg_invert,89,0,1,67.0,4226.0,3308.8
34,max_power_bg_invert,90,0,1,67.0,4226.0,3308.0
34,max_power_bg_invert,0,0,2,60.0,1075.0,3288.8
34,max_power_bg_invert,1,0,2,67.0,4380.0,2647.2
34,max_power_bg_invert,2,0,2,67.0,4415.0,2970.8
34,max_power_bg_invert,3,0,2,67.0,4406.0,3080.0
34,max_power_bg_invert,4,0,2,67.0,4420.0,3132.8
34,max_power_bg_invert,5,0,2,67.0,4418.0,3164.4
34,max_power_bg_invert,6,0,2,67.0,4423.0,3181.6
34,max_power_bg_invert,7,0,2,67.0,4420.0,3197.2
34,max_power_bg_invert,8,0,2,67.0,4416.0,3212.0
34,max_power_bg_invert,9,0,2,67.0,4419.0,3219.6
34,max_power_bg_invert,10,0,2,67.0,4419.0,3227.2
34,max_power_bg_invert,11,0,2,67.0,4419.0,3232.8
34,max_power_bg_invert,12,0,2,67.0,4423.0,3235.6
34,max_power_bg_invert,13,0,2,67.0,4422.0,3240.8
34,max_power_bg_invert,14,0,2,67.0,4423.0,3244.0
34,max_power_bg_invert,15,0,2,67.0,4421.0,3250.4
34,max_power_bg_invert,16,0,2,67.0,4423.0,3250.8
34,max_power_bg_invert,17,0,2,67.0,4425.0,3253.2
34,max_power_bg_invert,18,0,2,67.0,4424.0,3260.0
34,max_power_bg_invert,19,0,2,67.0,4424.0,3258.8
34,max_power_bg_invert,20,0,2,67.0,4423.0,3263.6
34,max_power_bg_invert,21,0,2,67.0,4425.0,3263.2
34,max_power_bg_invert,22,0,2,67.0,4426.0,3267.2
34,max_power_bg_invert,23,0,2,67.0,4425.0,3266.8
34,max_power_bg_invert,24,0,2,67.0,4426.0,3272.8
34,max_power_bg_invert,25,0,2,67.0,4427.0,3272.0
34,max_power_bg_invert,26,0,2,67.0,4427.0,3271.2
34,max_power_bg_invert,27,0,2,67.0,4426.0,3275.2
34,max_power_bg_invert,28,0,2,67.0,4426.0,3274.8
34,max_power_bg_invert,29,0,2,67.0,4427.0,3274.4
34,max_power_bg_invert,30,0,2,67.0,4426.0,3278.4
34,max_power_bg_invert,31,0,2,68.0,4428.0,3278.0
34,max_power_bg_invert,32,0,2,67.0,4428.0,3277.6
34,max_power_bg_invert,33,0,2,67.0,4429.0,3282.0
34,max_power_bg_invert,34,0,2,67.0,4428.0,3282.4
34,max_power_bg_invert,35,0,2,67.0,4429.0,3281.2
34,max_power_bg_invert,36,0,2,67.0,4429.0,3280.8
34,max_power_bg_invert,37,0,2,67.0,4429.0,3285.6
34,max_power_bg_invert,38,0,2,67.0,4429.0,3284.8
34,max_power_bg_invert,39,0,2,67.0,4429.0,3284.4
34,max_power_bg_invert,40,0,2,67.0,4442.0,3300.8
34,max_power_bg_invert,41,0,2,67.0,4436.0,3311.6
34,max_power_bg_invert,42,0,2,67.0,4430.0,3312.8
34,max_power_bg_invert,43,0,2,67.0,4435.0,3306.8
34,max_power_bg_invert,44,0,2,67.0,4439.0,3307.6
34,max_power_bg_invert,45,0,2,67.0,4437.0,3308.0
34,max_power_bg_invert,46,0,2,67.0,4438.0,3309.2
34,max_power_bg_invert,47,0,2,68.0,4442.0,3309.2
34,max_power_bg_invert,48,0,2,67.0,4439.0,3311.6
34,max_power_bg_invert,49,0,2,68.0,4441.0,3310.8
34,max_power_bg_invert,50,0,2,68.0,4438.0,3313.2
34,max_power_bg_invert,51,0,2,67.0,4435.0,3312.0
34,max_power_bg_invert,52,0,2,67.0,4437.0,3312.4
34,max_power_bg_invert,53,0,2,67.0,4440.0,3310.0
34,max_power_bg_invert,54,0,2,68.0,4440.0,3310.0
34,max_power_bg_invert,55,0,2,67.0,4436.0,3312.0
34,max_power_bg_invert,56,0,2,67.0,4436.0,3311.2
34,max_power_bg_invert,57,0,2,67.0,4438.0,3309.2
34,max_power_bg_invert,58,0,2,67.0,4438.0,3309.2
34,max_power_bg_invert,59,0,2,68.0,4437.0,3309.2
34,max_power_bg_invert,60,0,2,67.0,4434.0,3310.0
34,max_power_bg_invert,61,0,2,68.0,4435.0,3310.0
34,max_power_bg_invert,62,0,2,68.0,4436.0,3309.2
34,max_power_bg_invert,63,0,2,68.0,4437.0,3308.0
34,max_power_bg_invert,64,0,2,67.0,4436.0,3308.4
34,max_power_bg_invert,65,0,2,67.0,4435.0,3308.8
34,max_power_bg_invert,66,0,2,67.0,4434.0,3310.4
34,max_power_bg_invert,67,0,2,67.0,4435.0,3310.8
34,max_power_bg_invert,68,0,2,68.0,4434.0,3311.2
34,max_power_bg_invert,69,0,2,67.0,4433.0,3312.0
34,max_power_bg_invert,70,0,2,68.0,4434.0,3310.8
34,max_power_bg_invert,71,0,2,67.0,4433.0,3310.8
34,max_power_bg_invert,72,0,2,68.0,4431.0,3311.6
34,max_power_bg_invert,73,0,2,68.0,4432.0,3311.6
34,max_power_bg_invert,74,0,2,68.0,4432.0,3312.4
34,max_power_bg_invert,75,0,2,67.0,4433.0,3312.0
34,max_power_bg_invert,76,0,2,68.0,4433.0,3312.4
34,max_power_bg_invert,77,0,2,68.0,4434.0,3311.2
34,max_power_bg_invert,78,0,2,68.0,4433.0,3312.0
34,max_power_bg_invert,79,0,2,67.0,4433.0,3312.4
34,max_power_bg_invert,80,0,2,67.0,4430.0,3306.4
34,max_power_bg_invert,81,0,2,67.0,4455.0,3293.2
34,max_power_bg_invert,82,0,2,68.0,4448.0,3298.4
34,max_power_bg_invert,83,0,2,68.0,4433.0,3311.6
34,max_power_bg_invert,84,0,2,68.0,4434.0,3313.2
34,max_power_bg_invert,85,0,2,67.0,4430.0,3315.6
34,max_power_bg_invert,86,0,2,68.0,4429.0,3317.2
34,max_power_bg_invert,87,0,2,68.0,4435.0,3312.8
34,max_power_bg_invert,88,0,2,68.0,4434.0,3307.6
34,max_power_bg_invert,89,0,2,68.0,4433.0,3307.6
34,max_power_bg_invert,90,0,2,67.0,4436.0,3308.0
34,max_power_bg_invert,0,0,3,60.0,1200.0,3245.2
34,max_power_bg_invert,1,0,3,67.0,3990.0,2875.2
34,max_power_bg_invert,2,0,3,67.0,4142.0,3064.8
34,max_power_bg_invert,3,0,3,67.0,4206.0,3142.0
34,max_power_bg_invert,4,0,3,67.0,4230.0,3179.2
34,max_power_bg_invert,5,0,3,67.0,4242.0,3205.6
34,max_power_bg_invert,6,0,3,67.0,4262.0,3214.0
34,max_power_bg_invert,7,0,3,67.0,4272.0,3222.4
34,max_power_bg_invert,8,0,3,68.0,4276.0,3230.0
34,max_power_bg_invert,9,0,3,67.0,4277.0,3241.2
34,max_power_bg_invert,10,0,3,68.0,4278.0,3250.0
34,max_power_bg_invert,11,0,3,67.0,4279.0,3255.2
34,max_power_bg_invert,12,0,3,67.0,4283.0,3258.0
34,max_power_bg_invert,13,0,3,68.0,4285.0,3260.8
34,max_power_bg_invert,14,0,3,68.0,4285.0,3260.8
34,max_power_bg_invert,15,0,3,67.0,4287.0,3265.2
34,max_power_bg_invert,16,0,3,68.0,4286.0,3264.4
34,max_power_bg_invert,17,0,3,68.0,4287.0,3267.6
34,max_power_bg_invert,18,0,3,67.0,4289.0,3267.2
34,max_power_bg_invert,19,0,3,67.0,4290.0,3273.2
34,max_power_bg_invert,20,0,3,67.0,4291.0,3272.8
34,max_power_bg_invert,21,0,3,68.0,4294.0,3270.0
34,max_power_bg_invert,22,0,3,68.0,4293.0,3275.2
34,max_power_bg_invert,23,0,3,68.0,4294.0,3274.4
34,max_power_bg_invert,24,0,3,68.0,4294.0,3273.2
34,max_power_bg_invert,25,0,3,67.0,4295.0,3272.0
34,max_power_bg_invert,26,0,3,67.0,4295.0,3277.2
34,max_power_bg_invert,27,0,3,67.0,4295.0,3277.2
34,max_power_bg_invert,28,0,3,68.0,4294.0,3278.0
34,max_power_bg_invert,29,0,3,68.0,4293.0,3277.6
34,max_power_bg_invert,30,0,3,68.0,4295.0,3274.8
34,max_power_bg_invert,31,0,3,67.0,4294.0,3275.2
34,max_power_bg_invert,32,0,3,68.0,4292.0,3275.6
34,max_power_bg_invert,33,0,3,68.0,4293.0,3279.6
34,max_power_bg_invert,34,0,3,67.0,4295.0,3280.0
34,max_power_bg_invert,35,0,3,68.0,4295.0,3279.6
34,max_power_bg_invert,36,0,3,67.0,4294.0,3279.6
34,max_power_bg_invert,37,0,3,68.0,4294.0,3278.8
34,max_power_bg_invert,38,0,3,68.0,4295.0,3278.4
34,max_power_bg_invert,39,0,3,68.0,4294.0,3279.2
34,max_power_bg_invert,40,0,3,68.0,4280.0,3316.8
34,max_power_bg_invert,41,0,3,67.0,4295.0,3302.4
34,max_power_bg_invert,42,0,3,68.0,4293.0,3301.2
34,max_power_bg_invert,43,0,3,68.0,4312.0,3292.8
34,max_power_bg_invert,44,0,3,68.0,4308.0,3294.0
34,max_power_bg_invert,45,0,3,68.0,4315.0,3288.8
34,max_power_bg_invert,46,0,3,68.0,4317.0,3286.4
34,max_power_bg_invert,47,0,3,67.0,4314.0,3288.8
34,max_power_bg_invert,48,0,3,67.0,4313.0,3290.4
34,max_power_bg_invert,49,0,3,68.0,4313.0,3290.4
34,max_power_bg_invert,50,0,3,68.0,4312.0,3292.4
34,max_power_bg_invert,51,0,3,67.0,4307.0,3294.8
34,max_power_bg_invert,52,0,3,68.0,4307.0,3293.6
34,max_power_bg_invert,53,0,3,68.0,4308.0,3296.8
34,max_power_bg_invert,54,0,3,67.0,4308.0,3295.2
34,max_power_bg_invert,55,0,3,68.0,4308.0,3294.8
34,max_power_bg_invert,56,0,3,68.0,4308.0,3295.2
34,max_power_bg_invert,57,0,3,68.0,4310.0,3294.8
34,max_power_bg_invert,58,0,3,68.0,4310.0,3295.6
34,max_power_bg_invert,59,0,3,68.0,4312.0,3292.8
34,max_power_bg_invert,60,0,3,68.0,4309.0,3300.0
34,max_power_bg_invert,61,0,3,68.0,4308.0,3300.0
34,max_power_bg_invert,62,0,3,68.0,4307.0,3300.4
34,max_power_bg_invert,63,0,3,68.0,4307.0,3302.0
34,max_power_bg_invert,64,0,3,68.0,4306.0,3302.4
34,max_power_bg_invert,65,0,3,68.0,4304.0,3303.6
34,max_power_bg_invert,66,0,3,68.0,4305.0,3308.0
34,max_power_bg_invert,67,0,3,68.0,4304.0,3308.0
34,max_power_bg_invert,68,0,3,68.0,4305.0,3307.6
34,max_power_bg_invert,69,0,3,68.0,4305.0,3308.4
34,max_power_bg_invert,70,0,3,68.0,4304.0,3307.6
34,max_power_bg_invert,71,0,3,68.0,4305.0,3306.0
34,max_power_bg_invert,72,0,3,68.0,4306.0,3305.6
34,max_power_bg_invert,73,0,3,67.0,4305.0,3310.8
34,max_power_bg_invert,74,0,3,68.0,4306.0,3310.0
34,max_power_bg_invert,75,0,3,68.0,4305.0,3310.4
34,max_power_bg_invert,76,0,3,68.0,4306.0,3309.6
34,max_power_bg_invert,77,0,3,68.0,4306.0,3309.2
34,max_power_bg_invert,78,0,3,68.0,4306.0,3308.4
34,max_power_bg_invert,79,0,3,68.0,4305.0,3308.4
34,max_power_bg_invert,80,0,3,68.0,4280.0,3326.0
34,max_power_bg_invert,81,0,3,68.0,4290.0,3327.2
34,max_power_bg_invert,82,0,3,68.0,4290.0,3320.4
34,max_power_bg_invert,83,0,3,68.0,4289.0,3321.6
34,max_power_bg_invert,84,0,3,68.0,4293.0,3323.2
34,max_power_bg_invert,85,0,3,68.0,4294.0,3328.8
34,max_power_bg_invert,86,0,3,68.0,4300.0,3326.0
34,max_power_bg_invert,87,0,3,68.0,4301.0,3325.6
34,max_power_bg_invert,88,0,3,68.0,4304.0,3323.6
34,max_power_bg_invert,89,0,3,68.0,4302.0,3325.2
34,max_power_bg_invert,90,0,3,68.0,4301.0,3328.8
34,max_power_bg_invert,0,1,2,60.0,1100.0,3260.4
34,max_power_bg_invert,1,1,2,67.0,4350.0,2683.2
34,max_power_bg_invert,2,1,2,67.0,4325.0,2986.0
34,max_power_bg_invert,3,1,2,67.0,4327.0,3084.8
34,max_power_bg_invert,4,1,2,67.0,4323.0,3135.2
34,max_power_bg_invert,5,1,2,67.0,4316.0,3173.6
34,max_power_bg_invert,6,1,2,68.0,4313.0,3195.6
34,max_power_bg_invert,7,1,2,68.0,4314.0,3208.8
34,max_power_bg_invert,8,1,2,68.0,4314.0,3216.4
34,max_power_bg_invert,9,1,2,67.0,4314.0,3224.4
34,max_power_bg_invert,10,1,2,68.0,4314.0,3228.0
34,max_power_bg_invert,11,1,2,68.0,4313.0,3234.4
34,max_power_bg_invert,12,1,2,68.0,4310.0,3238.0
34,max_power_bg_invert,13,1,2,68.0,4310.0,3242.8
34,max_power_bg_invert,14,1,2,68.0,4311.0,3244.8
34,max_power_bg_invert,15,1,2,68.0,4312.0,3249.6
34,max_power_bg_invert,16,1,2,68.0,4314.0,3253.2
34,max_power_bg_invert,17,1,2,68.0,4314.0,3258.0
34,max_power_bg_invert,18,1,2,68.0,4312.0,3258.8
34,max_power_bg_invert,19,1,2,68.0,4312.0,3263.6
34,max_power_bg_invert,20,1,2,68.0,4312.0,3268.4
34,max_power_bg_invert,21,1,2,68.0,4311.0,3269.6
34,max_power_bg_invert,22,1,2,68.0,4309.0,3275.6
34,max_power_bg_invert,23,1,2,68.0,4308.0,3275.2
34,max_power_bg_invert,24,1,2,68.0,4307.0,3280.4
34,max_power_bg_invert,25,1,2,68.0,4308.0,3280.4
34,max_power_bg_invert,26,1,2,68.0,4307.0,3286.4
34,max_power_bg_invert,27,1,2,68.0,4307.0,3285.6
34,max_power_bg_invert,28,1,2,68.0,4306.0,3287.6
34,max_power_bg_invert,29,1,2,68.0,4307.0,3290.8
34,max_power_bg_invert,30,1,2,68.0,4307.0,3290.4
34,max_power_bg_invert,31,1,2,68.0,4307.0,3290.4
34,max_power_bg_invert,32,1,2,68.0,4308.0,3290.0
34,max_power_bg_invert,33,1,2,68.0,4306.0,3295.2
34,max_power_bg_invert,34,1,2,68.0,4307.0,3295.6
34,max_power_bg_invert,35,1,2,68.0,4307.0,3295.6
34,max_power_bg_invert,36,1,2,68.0,4307.0,3295.6
34,max_power_bg_invert,37,1,2,68.0,4307.0,3295.2
34,max_power_bg_invert,38,1,2,68.0,4307.0,3300.8
34,max_power_bg_invert,39,1,2,68.0,4308.0,3300.4
34,max_power_bg_invert,40,1,2,68.0,4309.0,3316.8
34,max_power_bg_invert,41,1,2,68.0,4310.0,3320.8
34,max_power_bg_invert,42,1,2,68.0,4323.0,3314.4
34,max_power_bg_invert,43,1,2,68.0,4310.0,3317.2
34,max_power_bg_invert,44,1,2,68.0,4316.0,3316.4
34,max_power_bg_invert,45,1,2,68.0,4317.0,3315.6
34,max_power_bg_invert,46,1,2,68.0,4307.0,3319.2
34,max_power_bg_invert,47,1,2,68.0,4306.0,3321.6
34,max_power_bg_invert,48,1,2,68.0,4310.0,3321.2
34,max_power_bg_invert,49,1,2,68.0,4311.0,3319.2
34,max_power_bg_invert,50,1,2,68.0,4309.0,3319.6
34,max_power_bg_invert,51,1,2,68.0,4307.0,3319.2
34,max_power_bg_invert,52,1,2,68.0,4308.0,3317.2
34,max_power_bg_invert,53,1,2,68.0,4309.0,3316.8
34,max_power_bg_invert,54,1,2,68.0,4311.0,3315.2
34,max_power_bg_invert,55,1,2,68.0,4311.0,3316.8
34,max_power_bg_invert,56,1,2,68.0,4312.0,3316.0
34,max_power_bg_invert,57,1,2,68.0,4314.0,3315.6
34,max_power_bg_invert,58,1,2,68.0,4315.0,3314.4
34,max_power_bg_invert,59,1,2,68.0,4316.0,3313.2
34,max_power_bg_invert,60,1,2,68.0,4317.0,3313.6
34,max_power_bg_invert,61,1,2,68.0,4316.0,3314.4
34,max_power_bg_invert,62,1,2,68.0,4318.0,3312.8
34,max_power_bg_invert,63,1,2,68.0,4319.0,3311.6
34,max_power_bg_invert,64,1,2,68.0,4317.0,3311.6
34,max_power_bg_invert,65,1,2,68.0,4317.0,3310.4
34,max_power_bg_invert,66,1,2,68.0,4317.0,3310.0
34,max_power_bg_invert,67,1,2,68.0,4318.0,3309.2
34,max_power_bg_invert,68,1,2,68.0,4319.0,3309.2
34,max_power_bg_invert,69,1,2,68.0,4319.0,3309.2
34,max_power_bg_invert,70,1,2,68.0,4318.0,3309.2
34,max_power_bg_invert,71,1,2,68.0,4317.0,3308.8
34,max_power_bg_invert,72,1,2,68.0,4317.0,3308.8
34,max_power_bg_invert,73,1,2,68.0,4316.0,3309.2
34,max_power_bg_invert,74,1,2,68.0,4317.0,3308.0
34,max_power_bg_invert,75,1,2,68.0,4317.0,3308.0
34,max_power_bg_invert,76,1,2,68.0,4317.0,3308.8
34,max_power_bg_invert,77,1,2,68.0,4317.0,3308.8
34,max_power_bg_invert,78,1,2,68.0,4317.0,3308.4
34,max_power_bg_invert,79,1,2,68.0,4316.0,3308.4
34,max_power_bg_invert,80,1,2,68.0,4290.0,3338.0
34,max_power_bg_invert,81,1,2,68.0,4290.0,3342.8
34,max_power_bg_invert,82,1,2,68.0,4296.0,3341.2
34,max_power_bg_invert,83,1,2,68.0,4292.0,3339.2
34,max_power_bg_invert,84,1,2,68.0,4300.0,3332.0
34,max_power_bg_invert,85,1,2,68.0,4296.0,3330.8
34,max_power_bg_invert,86,1,2,68.0,4292.0,3328.8
34,max_power_bg_invert,87,1,2,68.0,4294.0,3326.0
34,max_power_bg_invert,88,1,2,68.0,4294.0,3326.8
34,max_power_bg_invert,89,1,2,68.0,4294.0,3328.4
34,max_power_bg_invert,90,1,2,68.0,4297.0,3326.8
34,max_power_bg_invert,0,1,3,61.0,1100.0,3246.8
34,max_power_bg_invert,1,1,3,67.0,3880.0,2886.0
34,max_power_bg_invert,2,1,3,68.0,4040.0,3104.0
34,max_power_bg_invert,3,1,3,68.0,4082.0,3167.6
34,max_power_bg_invert,4,1,3,68.0,4110.0,3201.6
34,max_power_bg_invert,5,1,3,68.0,4128.0,3218.4
34,max_power_bg_invert,6,1,3,68.0,4135.0,3240.0
34,max_power_bg_invert,7,1,3,68.0,4142.0,3249.2
34,max_power_bg_invert,8,1,3,68.0,4150.0,3253.6
34,max_power_bg_invert,9,1,3,68.0,4151.0,3261.2
34,max_power_bg_invert,10,1,3,68.0,4155.0,3261.6
34,max_power_bg_invert,11,1,3,68.0,4157.0,3265.6
34,max_power_bg_invert,12,1,3,68.0,4158.0,3274.4
34,max_power_bg_invert,13,1,3,68.0,4160.0,3271.2
34,max_power_bg_invert,14,1,3,68.0,4162.0,3273.2
34,max_power_bg_invert,15,1,3,68.0,4163.0,3277.6
34,max_power_bg_invert,16,1,3,68.0,4163.0,3276.4
34,max_power_bg_invert,17,1,3,68.0,4163.0,3281.2
34,max_power_bg_invert,18,1,3,68.0,4165.0,3279.6
34,max_power_bg_invert,19,1,3,68.0,4165.0,3284.0
34,max_power_bg_invert,20,1,3,68.0,4166.0,3283.6
34,max_power_bg_invert,21,1,3,68.0,4166.0,3284.0
34,max_power_bg_invert,22,1,3,68.0,4166.0,3288.8
34,max_power_bg_invert,23,1,3,68.0,4168.0,3287.2
34,max_power_bg_invert,24,1,3,68.0,4169.0,3286.8
34,max_power_bg_invert,25,1,3,68.0,4169.0,3288.4
34,max_power_bg_invert,26,1,3,68.0,4170.0,3287.2
34,max_power_bg_invert,27,1,3,68.0,4171.0,3291.2
34,max_power_bg_invert,28,1,3,68.0,4171.0,3290.0
34,max_power_bg_invert,29,1,3,68.0,4171.0,3290.4
34,max_power_bg_invert,30,1,3,68.0,4170.0,3290.0
34,max_power_bg_invert,31,1,3,68.0,4171.0,3288.8
34,max_power_bg_invert,32,1,3,68.0,4172.0,3288.8
34,max_power_bg_invert,33,1,3,68.0,4173.0,3293.2
34,max_power_bg_invert,34,1,3,68.0,4174.0,3292.4
34,max_power_bg_invert,35,1,3,68.0,4174.0,3292.0
34,max_power_bg_invert,36,1,3,68.0,4175.0,3291.2
34,max_power_bg_invert,37,1,3,68.0,4175.0,3291.2
34,max_power_bg_invert,38,1,3,68.0,4176.0,3290.4
34,max_power_bg_invert,39,1,3,68.0,4175.0,3290.8
34,max_power_bg_invert,40,1,3,68.0,4197.0,3283.2
34,max_power_bg_invert,41,1,3,68.0,4193.0,3287.6
34,max_power_bg_invert,42,1,3,68.0,4199.0,3291.2
34,max_power_bg_invert,43,1,3,68.0,4204.0,3292.8
34,max_power_bg_invert,44,1,3,68.0,4209.0,3291.6
34,max_power_bg_invert,45,1,3,68.0,4208.0,3291.6
34,max_power_bg_invert,46,1,3,68.0,4209.0,3290.8
34,max_power_bg_invert,47,1,3,68.0,4211.0,3288.4
34,max_power_bg_invert,48,1,3,68.0,4208.0,3291.2
34,max_power_bg_invert,49,1,3,68.0,4206.0,3288.4
34,max_power_bg_invert,50,1,3,68.0,4204.0,3289.6
34,max_power_bg_invert,51,1,3,68.0,4204.0,3289.6
34,max_power_bg_invert,52,1,3,68.0,4202.0,3288.8
34,max_power_bg_invert,53,1,3,68.0,4204.0,3288.4
34,max_power_bg_invert,54,1,3,68.0,4205.0,3287.6
34,max_power_bg_invert,55,1,3,68.0,4204.0,3288.0
34,max_power_bg_invert,56,1,3,68.0,4204.0,3288.8
34,max_power_bg_invert,57,1,3,68.0,4203.0,3290.0
34,max_power_bg_invert,58,1,3,68.0,4203.0,3289.6
34,max_power_bg_invert,59,1,3,68.0,4202.0,3290.0
34,max_power_bg_invert,60,1,3,68.0,4201.0,3290.0
34,max_power_bg_invert,61,1,3,68.0,4202.0,3290.0
34,max_power_bg_invert,62,1,3,68.0,4200.0,3291.2
34,max_power_bg_invert,63,1,3,68.0,4199.0,3291.2
34,max_power_bg_invert,64,1,3,68.0,4197.0,3291.2
34,max_power_bg_invert,65,1,3,68.0,4197.0,3290.4
34,max_power_bg_invert,66,1,3,68.0,4196.0,3290.4
34,max_power_bg_invert,67,1,3,68.0,4197.0,3290.0
34,max_power_bg_invert,68,1,3,68.0,4196.0,3290.8
34,max_power_bg_invert,69,1,3,68.0,4195.0,3291.6
34,max_power_bg_invert,70,1,3,68.0,4195.0,3292.0
34,max_power_bg_invert,71,1,3,68.0,4194.0,3291.6
34,max_power_bg_invert,72,1,3,68.0,4193.0,3292.0
34,max_power_bg_invert,73,1,3,68.0,4193.0,3291.6
34,max_power_bg_invert,74,1,3,68.0,4193.0,3291.2
34,max_power_bg_invert,75,1,3,68.0,4194.0,3290.0
34,max_power_bg_invert,76,1,3,68.0,4194.0,3290.0
34,max_power_bg_invert,77,1,3,68.0,4194.0,3290.4
34,max_power_bg_invert,78,1,3,68.0,4194.0,3289.6
34,max_power_bg_invert,79,1,3,68.0,4193.0,3289.6
34,max_power_bg_invert,80,1,3,68.0,4170.0,3294.4
34,max_power_bg_invert,81,1,3,68.0,4170.0,3294.4
34,max_power_bg_invert,82,1,3,68.0,4172.0,3298.4
34,max_power_bg_invert,83,1,3,68.0,4174.0,3297.6
34,max_power_bg_invert,84,1,3,68.0,4189.0,3291.2
34,max_power_bg_invert,85,1,3,68.0,4184.0,3295.6
34,max_power_bg_invert,86,1,3,68.0,4182.0,3293.6
34,max_power_bg_invert,87,1,3,68.0,4185.0,3293.2
34,max_power_bg_invert,88,1,3,68.0,4188.0,3292.0
34,max_power_bg_invert,89,1,3,68.0,4189.0,3292.4
34,max_power_bg_invert,90,1,3,68.0,4191.0,3292.0
34,max_power_bg_invert,0,2,3,61.0,1125.0,3253.6
34,max_power_bg_invert,1,2,3,67.0,3890.0,2909.2
34,max_power_bg_invert,2,2,3,67.0,4026.0,3085.6
34,max_power_bg_invert,3,2,3,67.0,4086.0,3159.6
34,max_power_bg_invert,4,2,3,67.0,4128.0,3184.0
34,max_power_bg_invert,5,2,3,67.0,4146.0,3206.8
34,max_power_bg_invert,6,2,3,67.0,4155.0,3214.8
34,max_power_bg_invert,7,2,3,67.0,4158.0,3228.8
34,max_power_bg_invert,8,2,3,67.0,4165.0,3240.0
34,max_power_bg_invert,9,2,3,68.0,4168.0,3241.2
34,max_power_bg_invert,10,2,3,67.0,4172.0,3248.8
34,max_power_bg_invert,11,2,3,67.0,4175.0,3249.2
34,max_power_bg_invert,12,2,3,67.0,4179.0,3251.2
34,max_power_bg_invert,13,2,3,68.0,4181.0,3253.6
34,max_power_bg_invert,14,2,3,67.0,4181.0,3252.8
34,max_power_bg_invert,15,2,3,68.0,4182.0,3258.0
34,max_power_bg_invert,16,2,3,67.0,4184.0,3262.4
34,max_power_bg_invert,17,2,3,68.0,4187.0,3260.4
34,max_power_bg_invert,18,2,3,68.0,4188.0,3260.0
34,max_power_bg_invert,19,2,3,67.0,4189.0,3265.2
34,max_power_bg_invert,20,2,3,67.0,4189.0,3265.6
34,max_power_bg_invert,21,2,3,67.0,4189.0,3265.2
34,max_power_bg_invert,22,2,3,67.0,4190.0,3269.2
34,max_power_bg_invert,23,2,3,67.0,4191.0,3268.4
34,max_power_bg_invert,24,2,3,68.0,4193.0,3267.2
34,max_power_bg_invert,25,2,3,68.0,4193.0,3267.6
34,max_power_bg_invert,26,2,3,68.0,4193.0,3273.2
34,max_power_bg_invert,27,2,3,67.0,4195.0,3272.0
34,max_power_bg_invert,28,2,3,67.0,4195.0,3272.4
34,max_power_bg_invert,29,2,3,68.0,4196.0,3272.0
34,max_power_bg_invert,30,2,3,68.0,4196.0,3271.2
34,max_power_bg_invert,31,2,3,67.0,4197.0,3275.6
34,max_power_bg_invert,32,2,3,68.0,4197.0,3274.8
34,max_power_bg_invert,33,2,3,68.0,4196.0,3275.2
34,max_power_bg_invert,34,2,3,68.0,4196.0,3274.8
34,max_power_bg_invert,35,2,3,68.0,4197.0,3279.2
34,max_power_bg_invert,36,2,3,68.0,4197.0,3279.6
34,max_power_bg_invert,37,2,3,68.0,4198.0,3279.6
34,max_power_bg_invert,38,2,3,68.0,4199.0,3283.2
34,max_power_bg_invert,39,2,3,68.0,4199.0,3282.8
34,max_power_bg_invert,40,2,3,68.0,4220.0,3314.8
34,max_power_bg_invert,41,2,3,68.0,4234.0,3295.6
34,max_power_bg_invert,42,2,3,67.0,4239.0,3290.0
34,max_power_bg_invert,43,2,3,67.0,4235.0,3300.4
34,max_power_bg_invert,44,2,3,68.0,4232.0,3300.0
34,max_power_bg_invert,45,2,3,68.0,4228.0,3301.2
34,max_power_bg_invert,46,2,3,68.0,4227.0,3300.4
34,max_power_bg_invert,47,2,3,68.0,4227.0,3301.6
34,max_power_bg_invert,48,2,3,67.0,4223.0,3302.4
34,max_power_bg_invert,49,2,3,67.0,4224.0,3303.2
34,max_power_bg_invert,50,2,3,67.0,4222.0,3307.6
34,max_power_bg_invert,51,2,3,68.0,4223.0,3305.2
34,max_power_bg_invert,52,2,3,68.0,4223.0,3304.8
34,max_power_bg_invert,53,2,3,68.0,4221.0,3306.0
34,max_power_bg_invert,54,2,3,68.0,4219.0,3307.6
34,max_power_bg_invert,55,2,3,68.0,4221.0,3307.2
34,max_power_bg_invert,56,2,3,68.0,4221.0,3308.4
34,max_power_bg_invert,57,2,3,68.0,4221.0,3308.8
34,max_power_bg_invert,58,2,3,68.0,4220.0,3309.2
34,max_power_bg_invert,59,2,3,68.0,4220.0,3311.2
34,max_power_bg_invert,60,2,3,67.0,4220.0,3310.0
34,max_power_bg_invert,61,2,3,68.0,4220.0,3311.2
34,max_power_bg_invert,62,2,3,68.0,4219.0,3310.4
34,max_power_bg_invert,63,2,3,68.0,4219.0,3309.2
34,max_power_bg_invert,64,2,3,68.0,4218.0,3309.6
34,max_power_bg_invert,65,2,3,68.0,4218.0,3309.6
34,max_power_bg_invert,66,2,3,68.0,4219.0,3309.6
34,max_power_bg_invert,67,2,3,67.0,4219.0,3309.6
34,max_power_bg_invert,68,2,3,68.0,4219.0,3308.8
34,max_power_bg_invert,69,2,3,68.0,4217.0,3309.6
34,max_power_bg_invert,70,2,3,68.0,4217.0,3309.2
34,max_power_bg_invert,71,2,3,67.0,4217.0,3309.6
34,max_power_bg_invert,72,2,3,68.0,4217.0,3309.6
34,max_power_bg_invert,73,2,3,68.0,4216.0,3310.0
34,max_power_bg_invert,74,2,3,67.0,4215.0,3310.0
34,max_power_bg_invert,75,2,3,68.0,4215.0,3309.6
34,max_power_bg_invert,76,2,3,68.0,4215.0,3309.6
34,max_power_bg_invert,77,2,3,68.0,4215.0,3309.6
34,max_power_bg_invert,78,2,3,67.0,4214.0,3310.4
34,max_power_bg_invert,79,2,3,68.0,4215.0,3309.6
34,max_power_bg_invert,80,2,3,68.0,4201.0,3328.8
34,max_power_bg_invert,81,2,3,68.0,4220.0,3320.0
34,max_power_bg_invert,82,2,3,68.0,4217.0,3307.2
34,max_power_bg_invert,83,2,3,68.0,4215.0,3308.8
34,max_power_bg_invert,84,2,3,68.0,4216.0,3314.8
34,max_power_bg_invert,85,2,3,68.0,4222.0,3311.6
34,max_power_bg_invert,86,2,3,68.0,4221.0,3312.4
34,max_power_bg_invert,87,2,3,68.0,4220.0,3310.4
34,max_power_bg_invert,88,2,3,68.0,4220.0,3308.4
34,max_power_bg_invert,89,2,3,68.0,4217.0,3311.6
34,max_power_bg_invert,90,2,3,68.0,4217.0,3311.2
35,max_power_bg_invert,0,0,1,59.0,1062.0,3226.0
35,max_power_bg_invert,1,0,1,65.0,4070.0,2692.0
35,max_power_bg_invert,2,0,1,65.0,4090.0,2988.4
35,max_power_bg_invert,3,0,1,65.0,4103.0,3072.8
35,max_power_bg_invert,4,0,1,65.0,4102.0,3134.4
35,max_power_bg_invert,5,0,1,65.0,4106.0,3165.2
35,max_power_bg_invert,6,0,1,65.0,4110.0,3180.0
35,max_power_bg_invert,7,0,1,65.0,4108.0,3200.4
35,max_power_bg_invert,8,0,1,65.0,4111.0,3208.0
35,max_power_bg_invert,9,0,1,65.0,4113.0,3215.2
35,max_power_bg_invert,10,0,1,65.0,4116.0,3223.6
35,max_power_bg_invert,11,0,1,65.0,4117.0,3226.8
35,max_power_bg_invert,12,0,1,65.0,4117.0,3231.6
35,max_power_bg_invert,13,0,1,65.0,4122.0,3234.0
35,max_power_bg_invert,14,0,1,65.0,4122.0,3237.6
35,max_power_bg_invert,15,0,1,65.0,4123.0,3236.8
35,max_power_bg_invert,16,0,1,65.0,4124.0,3239.2
35,max_power_bg_invert,17,0,1,65.0,4125.0,3239.2
35,max_power_bg_invert,18,0,1,65.0,4123.0,3244.8
35,max_power_bg_invert,19,0,1,65.0,4121.0,3246.0
35,max_power_bg_invert,20,0,1,65.0,4121.0,3250.8
35,max_power_bg_invert,21,0,1,65.0,4121.0,3250.0
35,max_power_bg_invert,22,0,1,65.0,4122.0,3250.4
35,max_power_bg_invert,23,0,1,65.0,4121.0,3249.6
35,max_power_bg_invert,24,0,1,65.0,4121.0,3254.8
35,max_power_bg_invert,25,0,1,65.0,4121.0,3255.2
35,max_power_bg_invert,26,0,1,65.0,4121.0,3254.8
35,max_power_bg_invert,27,0,1,65.0,4122.0,3254.4
35,max_power_bg_invert,28,0,1,65.0,4122.0,3257.6
35,max_power_bg_invert,29,0,1,65.0,4121.0,3258.0
35,max_power_bg_invert,30,0,1,65.0,4122.0,3258.4
35,max_power_bg_invert,31,0,1,65.0,4122.0,3258.8
35,max_power_bg_invert,32,0,1,65.0,4122.0,3260.0
35,max_power_bg_invert,33,0,1,65.0,4121.0,3260.8
35,max_power_bg_invert,34,0,1,65.0,4121.0,3261.6
35,max_power_bg_invert,35,0,1,65.0,4121.0,3266.4
35,max_power_bg_invert,36,0,1,65.0,4120.0,3266.8
35,max_power_bg_invert,37,0,1,65.0,4120.0,3266.0
35,max_power_bg_invert,38,0,1,65.0,4120.0,3266.0
35,max_power_bg_invert,39,0,1,65.0,4120.0,3264.8
35,max_power_bg_invert,40,0,1,65.0,4140.0,3272.0
35,max_power_bg_invert,41,0,1,65.0,4115.0,3291.2
35,max_power_bg_invert,42,0,1,65.0,4110.0,3288.0
35,max_power_bg_invert,43,0,1,65.0,4112.0,3288.0
35,max_power_bg_invert,44,0,1,65.0,4106.0,3292.8
35,max_power_bg_invert,45,0,1,65.0,4103.0,3296.4
35,max_power_bg_invert,46,0,1,65.0,4102.0,3297.6
35,max_power_bg_invert,47,0,1,65.0,4110.0,3292.4
35,max_power_bg_invert,48,0,1,65.0,4110.0,3290.4
35,max_power_bg_invert,49,0,1,65.0,4110.0,3288.8
35,max_power_bg_invert,50,0,1,65.0,4112.0,3288.8
35,max_power_bg_invert,51,0,1,65.0,4111.0,3288.4
35,max_power_bg_invert,52,0,1,65.0,4113.0,3287.2
35,max_power_bg_invert,53,0,1,66.0,4111.0,3286.8
35,max_power_bg_invert,54,0,1,65.0,4110.0,3286.8
35,max_power_bg_invert,55,0,1,65.0,4112.0,3284.8
35,max_power_bg_invert,56,0,1,65.0,4111.0,3285.6
35,max_power_bg_invert,57,0,1,65.0,4112.0,3285.2
35,max_power_bg_invert,58,0,1,65.0,4112.0,3286.0
35,max_power_bg_invert,59,0,1,65.0,4111.0,3285.2
35,max_power_bg_invert,60,0,1,65.0,4110.0,3285.6
35,max_power_bg_invert,61,0,1,65.0,4111.0,3285.6
35,max_power_bg_invert,62,0,1,65.0,4110.0,3285.6
35,max_power_bg_invert,63,0,1,65.0,4110.0,3285.6
35,max_power_bg_invert,64,0,1,65.0,4111.0,3286.4
35,max_power_bg_invert,65,0,1,65.0,4110.0,3286.8
35,max_power_bg_invert,66,0,1,65.0,4111.0,3286.8
35,max_power_bg_invert,67,0,1,65.0,4112.0,3285.6
35,max_power_bg_invert,68,0,1,65.0,4112.0,3285.2
35,max_power_bg_invert,69,0,1,65.0,4113.0,3284.8
35,max_power_bg_invert,70,0,1,65.0,4112.0,3284.4
35,max_power_bg_invert,71,0,1,65.0,4113.0,3283.2
35,max_power_bg_invert,72,0,1,65.0,4113.0,3283.2
35,max_power_bg_invert,73,0,1,65.0,4113.0,3284.0
35,max_power_bg_invert,74,0,1,65.0,4113.0,3284.0
35,max_power_bg_invert,75,0,1,65.0,4113.0,3283.6
35,max_power_bg_invert,76,0,1,65.0,4113.0,3283.2
35,max_power_bg_invert,77,0,1,65.0,4114.0,3282.4
35,max_power_bg_invert,78,0,1,65.0,4115.0,3282.4
35,max_power_bg_invert,79,0,1,65.0,4114.0,3282.8
35,max_power_bg_invert,80,0,1,65.0,4119.0,3277.2
35,max_power_bg_invert,81,0,1,65.0,4115.0,3267.6
35,max_power_bg_invert,82,0,1,66.0,4120.0,3263.6
35,max_power_bg_invert,83,0,1,65.0,4132.0,3252.8
35,max_power_bg_invert,84,0,1,66.0,4128.0,3261.2
35,max_power_bg_invert,85,0,1,65.0,4130.0,3260.4
35,max_power_bg_invert,86,0,1,66.0,4132.0,3261.2
35,max_power_bg_invert,87,0,1,65.0,4126.0,3266.0
35,max_power_bg_invert,88,0,1,65.0,4126.0,3265.2
35,max_power_bg_invert,89,0,1,66.0,4128.0,3266.4
35,max_power_bg_invert,90,0,1,65.0,4127.0,3266.8
35,max_power_bg_invert,0,0,2,60.0,1075.0,3201.2
35,max_power_bg_invert,1,0,2,65.0,4000.0,2881.6
35,max_power_bg_invert,2,0,2,65.0,4163.0,3080.0
35,max_power_bg_invert,3,0,2,65.0,4231.0,3150.4
35,max_power_bg_invert,4,0,2,65.0,4258.0,3184.0
35,max_power_bg_invert,5,0,2,65.0,4283.0,3198.4
35,max_power_bg_invert,6,0,2,65.0,4298.0,3213.6
35,max_power_bg_invert,7,0,2,65.0,4316.0,3215.6
35,max_power_bg_invert,8,0,2,66.0,4324.0,3216.8
35,max_power_bg_invert,9,0,2,65.0,4335.0,3217.6
35,max_power_bg_invert,10,0,2,66.0,4340.0,3220.0
35,max_power_bg_invert,11,0,2,65.0,4337.0,3230.4
35,max_power_bg_invert,12,0,2,65.0,4341.0,3234.8
35,max_power_bg_invert,13,0,2,66.0,4342.0,3232.0
35,max_power_bg_invert,14,0,2,66.0,4342.0,3236.0
35,max_power_bg_invert,15,0,2,66.0,4343.0,3238.4
35,max_power_bg_invert,16,0,2,66.0,4344.0,3238.8
35,max_power_bg_invert,17,0,2,65.0,4346.0,3243.2
35,max_power_bg_invert,18,0,2,66.0,4347.0,3242.0
35,max_power_bg_invert,19,0,2,66.0,4345.0,3247.6
35,max_power_bg_invert,20,0,2,66.0,4344.0,3246.8
35,max_power_bg_invert,21,0,2,65.0,4344.0,3246.4
35,max_power_bg_invert,22,0,2,66.0,4345.0,3251.2
35,max_power_bg_invert,23,0,2,66.0,4345.0,3250.8
35,max_power_bg_invert,24,0,2,66.0,4346.0,3250.4
35,max_power_bg_invert,25,0,2,66.0,4347.0,3253.6
35,max_power_bg_invert,26,0,2,66.0,4347.0,3254.0
35,max_power_bg_invert,27,0,2,65.0,4347.0,3254.0
35,max_power_bg_invert,28,0,2,66.0,4348.0,3253.6
35,max_power_bg_invert,29,0,2,66.0,4350.0,3256.8
35,max_power_bg_invert,30,0,2,66.0,4350.0,3257.2
35,max_power_bg_invert,31,0,2,66.0,4352.0,3257.2
35,max_power_bg_invert,32,0,2,66.0,4352.0,3256.4
35,max_power_bg_invert,33,0,2,66.0,4352.0,3260.8
35,max_power_bg_invert,34,0,2,66.0,4352.0,3261.2
35,max_power_bg_invert,35,0,2,66.0,4351.0,3261.6
35,max_power_bg_invert,36,0,2,66.0,4352.0,3265.2
35,max_power_bg_invert,37,0,2,66.0,4352.0,3264.8
35,max_power_bg_invert,38,0,2,66.0,4352.0,3264.4
35,max_power_bg_invert,39,0,2,66.0,4353.0,3263.6
35,max_power_bg_invert,40,0,2,66.0,4350.0,3288.4
35,max_power_bg_invert,41,0,2,66.0,4365.0,3292.8
35,max_power_bg_invert,42,0,2,66.0,4373.0,3285.2
35,max_power_bg_invert,43,0,2,66.0,4382.0,3279.2
35,max_power_bg_invert,44,0,2,66.0,4379.0,3277.6
35,max_power_bg_invert,45,0,2,66.0,4379.0,3282.0
35,max_power_bg_invert,46,0,2,66.0,4381.0,3277.6
35,max_power_bg_invert,47,0,2,66.0,4378.0,3282.4
35,max_power_bg_invert,48,0,2,66.0,4378.0,3281.6
35,max_power_bg_invert,49,0,2,66.0,4373.0,3285.2
35,max_power_bg_invert,50,0,2,66.0,4373.0,3283.2
35,max_power_bg_invert,51,0,2,66.0,4374.0,3282.8
35,max_power_bg_invert,52,0,2,66.0,4373.0,3284.0
35,max_power_bg_invert,53,0,2,66.0,4371.0,3286.4
35,max_power_bg_invert,54,0,2,66.0,4372.0,3286.4
35,max_power_bg_invert,55,0,2,66.0,4371.0,3287.6
35,max_power_bg_invert,56,0,2,66.0,4371.0,3285.6
35,max_power_bg_invert,57,0,2,66.0,4371.0,3284.8
35,max_power_bg_invert,58,0,2,66.0,4369.0,3285.2
35,max_power_bg_invert,59,0,2,66.0,4369.0,3285.2
35,max_power_bg_invert,60,0,2,66.0,4368.0,3286.8
35,max_power_bg_invert,61,0,2,66.0,4368.0,3286.8
35,max_power_bg_invert,62,0,2,66.0,4369.0,3287.2
35,max_power_bg_invert,63,0,2,66.0,4370.0,3287.2
35,max_power_bg_invert,64,0,2,66.0,4369.0,3287.6
35,max_power_bg_invert,65,0,2,66.0,4368.0,3288.4
35,max_power_bg_invert,66,0,2,66.0,4367.0,3289.2
35,max_power_bg_invert,67,0,2,66.0,4367.0,3290.4
35,max_power_bg_invert,68,0,2,66.0,4367.0,3291.2
35,max_power_bg_invert,69,0,2,66.0,4367.0,3290.8
35,max_power_bg_invert,70,0,2,66.0,4367.0,3290.4
35,max_power_bg_invert,71,0,2,66.0,4368.0,3290.4
35,max_power_bg_invert,72,0,2,66.0,4367.0,3290.4
35,max_power_bg_invert,73,0,2,66.0,4367.0,3289.6
35,max_power_bg_invert,74,0,2,66.0,4366.0,3289.2
35,max_power_bg_invert,75,0,2,66.0,4365.0,3289.2
35,max_power_bg_invert,76,0,2,66.0,4365.0,3289.2
35,max_power_bg_invert,77,0,2,66.0,4364.0,3290.0
35,max_power_bg_invert,78,0,2,66.0,4362.0,3290.8
35,max_power_bg_invert,79,0,2,66.0,4362.0,3290.8
35,max_power_bg_invert,80,0,2,66.0,4369.0,3286.0
35,max_power_bg_invert,81,0,2,66.0,4368.0,3294.8
35,max_power_bg_invert,82,0,2,66.0,4379.0,3282.4
35,max_power_bg_invert,83,0,2,66.0,4369.0,3286.8
35,max_power_bg_invert,84,0,2,66.0,4367.0,3286.8
35,max_power_bg_invert,85,0,2,66.0,4370.0,3279.2
35,max_power_bg_invert,86,0,2,66.0,4366.0,3283.2
35,max_power_bg_invert,87,0,2,66.0,4364.0,3284.0
35,max_power_bg_invert,88,0,2,66.0,4364.0,3289.2
35,max_power_bg_invert,89,0,2,66.0,4367.0,3284.4
35,max_power_bg_invert,90,0,2,66.0,4365.0,3284.8
35,max_power_bg_invert,0,0,3,60.0,1100.0,3247.2
35,max_power_bg_invert,1,0,3,65.0,3920.0,2948.8
35,max_power_bg_invert,2,0,3,65.0,4085.0,3106.4
35,max_power_bg_invert,3,0,3,66.0,4124.0,3172.4
35,max_power_bg_invert,4,0,3,66.0,4141.0,3208.8
35,max_power_bg_invert,5,0,3,66.0,4155.0,3228.4
35,max_power_bg_invert,6,0,3,66.0,4171.0,3241.2
35,max_power_bg_invert,7,0,3,66.0,4177.0,3245.2
35,max_power_bg_invert,8,0,3,66.0,4185.0,3248.4
35,max_power_bg_invert,9,0,3,66.0,4192.0,3250.4
35,max_power_bg_invert,10,0,3,66.0,4195.0,3253.6
35,max_power_bg_invert,11,0,3,66.0,4200.0,3258.0
35,max_power_bg_invert,12,0,3,66.0,4201.0,3256.8
35,max_power_bg_invert,13,0,3,66.0,4200.0,3261.6
35,max_power_bg_invert,14,0,3,66.0,4200.0,3267.6
35,max_power_bg_invert,15,0,3,66.0,4202.0,3267.6
35,max_power_bg_invert,16,0,3,66.0,4203.0,3270.8
35,max_power_bg_invert,17,0,3,66.0,4203.0,3271.2
35,max_power_bg_invert,18,0,3,66.0,4203.0,3275.6
35,max_power_bg_invert,19,0,3,66.0,4205.0,3273.6
35,max_power_bg_invert,20,0,3,66.0,4206.0,3274.0
35,max_power_bg_invert,21,0,3,66.0,4206.0,3278.4
35,max_power_bg_invert,22,0,3,66.0,4208.0,3276.8
35,max_power_bg_invert,23,0,3,66.0,4209.0,3276.0
35,max_power_bg_invert,24,0,3,66.0,4208.0,3275.6
35,max_power_bg_invert,25,0,3,66.0,4210.0,3278.8
35,max_power_bg_invert,26,0,3,66.0,4210.0,3278.4
35,max_power_bg_invert,27,0,3,66.0,4211.0,3277.2
35,max_power_bg_invert,28,0,3,66.0,4210.0,3277.2
35,max_power_bg_invert,29,0,3,66.0,4211.0,3277.2
35,max_power_bg_invert,30,0,3,66.0,4211.0,3276.4
35,max_power_bg_invert,31,0,3,66.0,4210.0,3280.4
35,max_power_bg_invert,32,0,3,66.0,4211.0,3279.6
35,max_power_bg_invert,33,0,3,66.0,4211.0,3279.2
35,max_power_bg_invert,34,0,3,66.0,4212.0,3279.6
35,max_power_bg_invert,35,0,3,66.0,4213.0,3277.2
35,max_power_bg_invert,36,0,3,66.0,4213.0,3278.4
35,max_power_bg_invert,37,0,3,66.0,4213.0,3278.8
35,max_power_bg_invert,38,0,3,66.0,4215.0,3277.6
35,max_power_bg_invert,39,0,3,66.0,4214.0,3278.0
35,max_power_bg_invert,40,0,3,66.0,4211.0,3275.2
35,max_power_bg_invert,41,0,3,66.0,4230.0,3268.8
35,max_power_bg_invert,42,0,3,66.0,4227.0,3274.0
35,max_power_bg_invert,43,0,3,66.0,4225.0,3280.4
35,max_power_bg_invert,44,0,3,66.0,4228.0,3280.8
35,max_power_bg_invert,45,0,3,66.0,4227.0,3281.6
35,max_power_bg_invert,46,0,3,66.0,4223.0,3286.0
35,max_power_bg_invert,47,0,3,66.0,4225.0,3285.2
35,max_power_bg_invert,48,0,3,66.0,4228.0,3282.0
35,max_power_bg_invert,49,0,3,66.0,4226.0,3280.4
35,max_power_bg_invert,50,0,3,66.0,4226.0,3279.6
35,max_power_bg_invert,51,0,3,66.0,4227.0,3278.8
35,max_power_bg_invert,52,0,3,66.0,4226.0,3277.6
35,max_power_bg_invert,53,0,3,66.0,4224.0,3279.2
35,max_power_bg_invert,54,0,3,66.0,4223.0,3278.8
35,max_power_bg_invert,55,0,3,66.0,4222.0,3278.8
35,max_power_bg_invert,56,0,3,66.0,4220.0,3280.8
35,max_power_bg_invert,57,0,3,66.0,4222.0,3278.8
35,max_power_bg_invert,58,0,3,66.0,4221.0,3278.8
35,max_power_bg_invert,59,0,3,66.0,4220.0,3278.4
35,max_power_bg_invert,60,0,3,66.0,4222.0,3276.8
35,max_power_bg_invert,61,0,3,66.0,4220.0,3278.0
35,max_power_bg_invert,62,0,3,66.0,4219.0,3278.8
35,max_power_bg_invert,63,0,3,66.0,4220.0,3277.6
35,max_power_bg_invert,64,0,3,66.0,4221.0,3277.6
35,max_power_bg_invert,65,0,3,66.0,4221.0,3277.2
35,max_power_bg_invert,66,0,3,66.0,4222.0,3275.6
35,max_power_bg_invert,67,0,3,66.0,4223.0,3275.6
35,max_power_bg_invert,68,0,3,66.0,4223.0,3274.4
35,max_power_bg_invert,69,0,3,66.0,4223.0,3273.6
35,max_power_bg_invert,70,0,3,66.0,4224.0,3272.4
35,max_power_bg_invert,71,0,3,66.0,4224.0,3272.8
35,max_power_bg_invert,72,0,3,66.0,4225.0,3272.8
35,max_power_bg_invert,73,0,3,66.0,4225.0,3272.8
35,max_power_bg_invert,74,0,3,66.0,4224.0,3272.4
35,max_power_bg_invert,75,0,3,66.0,4224.0,3272.4
35,max_power_bg_invert,76,0,3,66.0,4224.0,3272.4
35,max_power_bg_invert,77,0,3,66.0,4224.0,3272.0
35,max_power_bg_invert,78,0,3,66.0,4224.0,3273.6
35,max_power_bg_invert,79,0,3,66.0,4223.0,3273.2
35,max_power_bg_invert,80,0,3,66.0,4165.0,3310.8
35,max_power_bg_invert,81,0,3,66.0,4176.0,3299.2
35,max_power_bg_invert,82,0,3,66.0,4200.0,3288.4
35,max_power_bg_invert,83,0,3,66.0,4195.0,3289.2
35,max_power_bg_invert,84,0,3,66.0,4198.0,3284.4
35,max_power_bg_invert,85,0,3,66.0,4202.0,3282.0
35,max_power_bg_invert,86,0,3,66.0,4206.0,3277.6
35,max_power_bg_invert,87,0,3,66.0,4210.0,3277.6
35,max_power_bg_invert,88,0,3,66.0,4209.0,3280.0
35,max_power_bg_invert,89,0,3,66.0,4210.0,3281.2
35,max_power_bg_invert,90,0,3,66.0,4209.0,3282.8
35,max_power_bg_invert,0,1,2,60.0,1100.0,3226.4
35,max_power_bg_invert,1,1,2,66.0,3890.0,2950.4
35,max_power_bg_invert,2,1,2,66.0,4060.0,3096.8
35,max_power_bg_invert,3,1,2,66.0,4110.0,3159.6
35,max_power_bg_invert,4,1,2,66.0,4143.0,3191.6
35,max_power_bg_invert,5,1,2,66.0,4161.0,3213.6
35,max_power_bg_invert,6,1,2,66.0,4171.0,3223.6
35,max_power_bg_invert,7,1,2,66.0,4170.0,3229.6
35,max_power_bg_invert,8,1,2,66.0,4176.0,3234.4
35,max_power_bg_invert,9,1,2,66.0,4181.0,3244.0
35,max_power_bg_invert,10,1,2,66.0,4187.0,3244.4
35,max_power_bg_invert,11,1,2,66.0,4193.0,3246.0
35,max_power_bg_invert,12,1,2,66.0,4195.0,3250.4
35,max_power_bg_invert,13,1,2,66.0,4198.0,3250.4
35,max_power_bg_invert,14,1,2,66.0,4199.0,3250.0
35,max_power_bg_invert,15,1,2,66.0,4199.0,3254.4
35,max_power_bg_invert,16,1,2,66.0,4199.0,3256.4
35,max_power_bg_invert,17,1,2,66.0,4201.0,3260.4
35,max_power_bg_invert,18,1,2,66.0,4203.0,3259.2
35,max_power_bg_invert,19,1,2,66.0,4204.0,3258.0
35,max_power_bg_invert,20,1,2,66.0,4204.0,3263.2
35,max_power_bg_invert,21,1,2,66.0,4203.0,3263.6
35,max_power_bg_invert,22,1,2,66.0,4205.0,3261.6
35,max_power_bg_invert,23,1,2,66.0,4205.0,3263.6
35,max_power_bg_invert,24,1,2,66.0,4208.0,3266.0
35,max_power_bg_invert,25,1,2,66.0,4209.0,3266.0
35,max_power_bg_invert,26,1,2,66.0,4211.0,3264.8
35,max_power_bg_invert,27,1,2,66.0,4210.0,3263.2
35,max_power_bg_invert,28,1,2,66.0,4211.0,3262.8
35,max_power_bg_invert,29,1,2,66.0,4211.0,3268.8
35,max_power_bg_invert,30,1,2,66.0,4213.0,3267.2
35,max_power_bg_invert,31,1,2,66.0,4213.0,3267.2
35,max_power_bg_invert,32,1,2,66.0,4214.0,3266.0
35,max_power_bg_invert,33,1,2,66.0,4215.0,3265.2
35,max_power_bg_invert,34,1,2,66.0,4215.0,3265.2
35,max_power_bg_invert,35,1,2,66.0,4216.0,3264.4
35,max_power_bg_invert,36,1,2,66.0,4217.0,3263.2
35,max_power_bg_invert,37,1,2,66.0,4216.0,3262.4
35,max_power_bg_invert,38,1,2,66.0,4216.0,3262.4
35,max_power_bg_invert,39,1,2,66.0,4217.0,3266.4
35,max_power_bg_invert,40,1,2,66.0,4250.0,3288.0
35,max_power_bg_invert,41,1,2,66.0,4255.0,3265.6
35,max_power_bg_invert,42,1,2,66.0,4260.0,3264.4
35,max_power_bg_invert,43,1,2,66.0,4254.0,3268.8
35,max_power_bg_invert,44,1,2,66.0,4251.0,3274.0
35,max_power_bg_invert,45,1,2,66.0,4240.0,3284.4
35,max_power_bg_invert,46,1,2,66.0,4240.0,3282.8
35,max_power_bg_invert,47,1,2,66.0,4241.0,3283.2
35,max_power_bg_invert,48,1,2,66.0,4243.0,3282.4
35,max_power_bg_invert,49,1,2,66.0,4239.0,3278.8
35,max_power_bg_invert,50,1,2,66.0,4238.0,3282.8
35,max_power_bg_invert,51,1,2,66.0,4240.0,3282.0
35,max_power_bg_invert,52,1,2,66.0,4240.0,3279.2
35,max_power_bg_invert,53,1,2,66.0,4238.0,3281.2
35,max_power_bg_invert,54,1,2,66.0,4238.0,3280.8
35,max_power_bg_invert,55,1,2,66.0,4237.0,3284.4
35,max_power_bg_invert,56,1,2,66.0,4235.0,3286.4
35,max_power_bg_invert,57,1,2,66.0,4235.0,3286.8
35,max_power_bg_invert,58,1,2,66.0,4236.0,3286.0
35,max_power_bg_invert,59,1,2,66.0,4236.0,3285.6
35,max_power_bg_invert,60,1,2,66.0,4236.0,3286.4
35,max_power_bg_invert,61,1,2,66.0,4236.0,3291.6
35,max_power_bg_invert,62,1,2,66.0,4235.0,3291.6
35,max_power_bg_invert,63,1,2,66.0,4236.0,3289.6
35,max_power_bg_invert,64,1,2,66.0,4234.0,3290.4
35,max_power_bg_invert,65,1,2,66.0,4234.0,3291.2
35,max_power_bg_invert,66,1,2,66.0,4233.0,3291.2
35,max_power_bg_invert,67,1,2,66.0,4233.0,3291.2
35,max_power_bg_invert,68,1,2,66.0,4235.0,3289.6
35,max_power_bg_invert,69,1,2,66.0,4234.0,3291.2
35,max_power_bg_invert,70,1,2,66.0,4233.0,3292.0
35,max_power_bg_invert,71,1,2,66.0,4233.0,3291.6
35,max_power_bg_invert,72,1,2,66.0,4233.0,3292.0
35,max_power_bg_invert,73,1,2,66.0,4234.0,3291.6
35,max_power_bg_invert,74,1,2,66.0,4234.0,3291.2
35,max_power_bg_invert,75,1,2,66.0,4235.0,3295.6
35,max_power_bg_invert,76,1,2,66.0,4234.0,3294.8
35,max_power_bg_invert,77,1,2,66.0,4233.0,3297.2
35,max_power_bg_invert,78,1,2,66.0,4233.0,3297.2
35,max_power_bg_invert,79,1,2,66.0,4233.0,3296.0
35,max_power_bg_invert,80,1,2,66.0,4223.0,3310.0
35,max_power_bg_invert,81,1,2,66.0,4221.0,3297.6
35,max_power_bg_invert,82,1,2,66.0,4237.0,3294.0
35,max_power_bg_invert,83,1,2,66.0,4235.0,3295.2
35,max_power_bg_invert,84,1,2,66.0,4237.0,3298.8
35,max_power_bg_invert,85,1,2,66.0,4239.0,3295.2
35,max_power_bg_invert,86,1,2,66.0,4239.0,3294.0
35,max_power_bg_invert,87,1,2,66.0,4234.0,3297.2
35,max_power_bg_invert,88,1,2,66.0,4235.0,3295.2
35,max_power_bg_invert,89,1,2,66.0,4230.0,3300.8
35,max_power_bg_invert,90,1,2,66.0,4229.0,3298.8
35,max_power_bg_invert,0,1,3,60.0,1000.0,3200.0
35,max_power_bg_invert,1,1,3,66.0,3820.0,2927.2
35,max_power_bg_invert,2,1,3,66.0,3969.0,3090.0
35,max_power_bg_invert,3,1,3,66.0,4020.0,3141.2
35,max_power_bg_invert,4,1,3,66.0,4038.0,3175.2
35,max_power_bg_invert,5,1,3,66.0,4044.0,3194.0
35,max_power_bg_invert,6,1,3,66.0,4050.0,3214.8
35,max_power_bg_invert,7,1,3,66.0,4057.0,3220.0
35,max_power_bg_invert,8,1,3,66.0,4062.0,3227.6
35,max_power_bg_invert,9,1,3,66.0,4068.0,3232.4
35,max_power_bg_invert,10,1,3,66.0,4069.0,3238.8
35,max_power_bg_invert,11,1,3,66.0,4072.0,3246.0
35,max_power_bg_invert,12,1,3,66.0,4072.0,3245.6
35,max_power_bg_invert,13,1,3,66.0,4075.0,3248.4
35,max_power_bg_invert,14,1,3,66.0,4077.0,3252.8
35,max_power_bg_invert,15,1,3,66.0,4078.0,3257.2
35,max_power_bg_invert,16,1,3,66.0,4077.0,3262.0
35,max_power_bg_invert,17,1,3,66.0,4078.0,3261.2
35,max_power_bg_invert,18,1,3,66.0,4079.0,3265.2
35,max_power_bg_invert,19,1,3,66.0,4081.0,3264.0
35,max_power_bg_invert,20,1,3,66.0,4082.0,3268.0
35,max_power_bg_invert,21,1,3,66.0,4084.0,3267.2
35,max_power_bg_invert,22,1,3,66.0,4085.0,3266.0
35,max_power_bg_invert,23,1,3,66.0,4084.0,3271.2
35,max_power_bg_invert,24,1,3,66.0,4085.0,3269.6
35,max_power_bg_invert,25,1,3,66.0,4084.0,3268.8
35,max_power_bg_invert,26,1,3,66.0,4083.0,3268.4
35,max_power_bg_invert,27,1,3,66.0,4083.0,3272.0
35,max_power_bg_invert,28,1,3,66.0,4083.0,3272.0
35,max_power_bg_invert,29,1,3,66.0,4084.0,3271.6
35,max_power_bg_invert,30,1,3,66.0,4084.0,3271.6
35,max_power_bg_invert,31,1,3,66.0,4085.0,3270.4
35,max_power_bg_invert,32,1,3,66.0,4087.0,3276.4
35,max_power_bg_invert,33,1,3,66.0,4086.0,3275.6
35,max_power_bg_invert,34,1,3,66.0,4086.0,3276.8
35,max_power_bg_invert,35,1,3,66.0,4087.0,3276.0
35,max_power_bg_invert,36,1,3,66.0,4087.0,3276.0
35,max_power_bg_invert,37,1,3,66.0,4087.0,3276.4
35,max_power_bg_invert,38,1,3,66.0,4087.0,3276.0
35,max_power_bg_invert,39,1,3,66.0,4087.0,3275.2
35,max_power_bg_invert,40,1,3,66.0,4100.0,3272.0
35,max_power_bg_invert,41,1,3,66.0,4120.0,3269.2
35,max_power_bg_invert,42,1,3,66.0,4120.0,3275.2
35,max_power_bg_invert,43,1,3,66.0,4115.0,3277.6
35,max_power_bg_invert,44,1,3,66.0,4108.0,3280.8
35,max_power_bg_invert,45,1,3,66.0,4110.0,3282.0
35,max_power_bg_invert,46,1,3,66.0,4108.0,3283.6
35,max_power_bg_invert,47,1,3,66.0,4108.0,3284.0
35,max_power_bg_invert,48,1,3,66.0,4106.0,3288.0
35,max_power_bg_invert,49,1,3,66.0,4105.0,3286.8
35,max_power_bg_invert,50,1,3,66.0,4103.0,3286.8
35,max_power_bg_invert,51,1,3,66.0,4100.0,3287.6
35,max_power_bg_invert,52,1,3,66.0,4101.0,3286.4
35,max_power_bg_invert,53,1,3,66.0,4102.0,3287.2
35,max_power_bg_invert,54,1,3,66.0,4102.0,3287.2
35,max_power_bg_invert,55,1,3,66.0,4101.0,3288.4
35,max_power_bg_invert,56,1,3,66.0,4099.0,3289.6
35,max_power_bg_invert,57,1,3,66.0,4101.0,3288.8
35,max_power_bg_invert,58,1,3,66.0,4100.0,3289.6
35,max_power_bg_invert,59,1,3,66.0,4102.0,3288.0
35,max_power_bg_invert,60,1,3,66.0,4100.0,3288.8
35,max_power_bg_invert,61,1,3,66.0,4101.0,3288.4
35,max_power_bg_invert,62,1,3,66.0,4100.0,3287.2
35,max_power_bg_invert,63,1,3,66.0,4099.0,3288.0
35,max_power_bg_invert,64,1,3,66.0,4100.0,3287.2
35,max_power_bg_invert,65,1,3,66.0,4101.0,3286.0
35,max_power_bg_invert,66,1,3,66.0,4101.0,3286.0
35,max_power_bg_invert,67,1,3,66.0,4100.0,3287.2
35,max_power_bg_invert,68,1,3,66.0,4099.0,3288.0
35,max_power_bg_invert,69,1,3,66.0,4099.0,3288.0
35,max_power_bg_invert,70,1,3,66.0,4099.0,3288.0
35,max_power_bg_invert,71,1,3,66.0,4099.0,3286.8
35,max_power_bg_invert,72,1,3,66.0,4099.0,3287.6
35,max_power_bg_invert,73,1,3,66.0,4100.0,3287.6
35,max_power_bg_invert,74,1,3,66.0,4100.0,3287.2
35,max_power_bg_invert,75,1,3,66.0,4100.0,3288.0
35,max_power_bg_invert,76,1,3,66.0,4100.0,3288.0
35,max_power_bg_invert,77,1,3,66.0,4099.0,3289.2
35,max_power_bg_invert,78,1,3,66.0,4097.0,3289.6
35,max_power_bg_invert,79,1,3,66.0,4097.0,3290.0
35,max_power_bg_invert,80,1,3,66.0,4090.0,3312.0
35,max_power_bg_invert,81,1,3,66.0,4095.0,3292.0
35,max_power_bg_invert,82,1,3,66.0,4073.0,3298.4
35,max_power_bg_invert,83,1,3,66.0,4076.0,3296.0
35,max_power_bg_invert,84,1,3,66.0,4083.0,3294.8
35,max_power_bg_invert,85,1,3,66.0,4089.0,3294.8
35,max_power_bg_invert,86,1,3,66.0,4092.0,3294.0
35,max_power_bg_invert,87,1,3,66.0,4096.0,3289.6
35,max_power_bg_invert,88,1,3,66.0,4090.0,3295.6
35,max_power_bg_invert,89,1,3,66.0,4090.0,3293.6
35,max_power_bg_invert,90,1,3,66.0,4086.0,3296.0
35,max_power_bg_invert,0,2,3,60.0,1100.0,3233.6
35,max_power_bg_invert,1,2,3,65.0,3850.0,2946.0
35,max_power_bg_invert,2,2,3,66.0,3995.0,3106.0
35,max_power_bg_invert,3,2,3,66.0,4048.0,3148.8
35,max_power_bg_invert,4,2,3,66.0,4069.0,3184.0
35,max_power_bg_invert,5,2,3,66.0,4085.0,3208.8
35,max_power_bg_invert,6,2,3,66.0,4096.0,3220.0
35,max_power_bg_invert,7,2,3,66.0,4104.0,3223.2
35,max_power_bg_invert,8,2,3,66.0,4105.0,3230.4
35,max_power_bg_invert,9,2,3,66.0,4105.0,3238.0
35,max_power_bg_invert,10,2,3,66.0,4107.0,3240.0
35,max_power_bg_invert,11,2,3,66.0,4111.0,3242.4
35,max_power_bg_invert,12,2,3,66.0,4113.0,3246.4
35,max_power_bg_invert,13,2,3,66.0,4119.0,3248.8
35,max_power_bg_invert,14,2,3,66.0,4118.0,3248.8
35,max_power_bg_invert,15,2,3,66.0,4119.0,3253.6
35,max_power_bg_invert,16,2,3,66.0,4121.0,3251.6
35,max_power_bg_invert,17,2,3,66.0,4121.0,3256.0
35,max_power_bg_invert,18,2,3,66.0,4124.0,3255.2
35,max_power_bg_invert,19,2,3,66.0,4127.0,3258.4
35,max_power_bg_invert,20,2,3,66.0,4128.0,3258.8
35,max_power_bg_invert,21,2,3,66.0,4129.0,3256.4
35,max_power_bg_invert,22,2,3,66.0,4129.0,3256.4
35,max_power_bg_invert,23,2,3,66.0,4129.0,3262.4
35,max_power_bg_invert,24,2,3,66.0,4129.0,3261.2
35,max_power_bg_invert,25,2,3,66.0,4129.0,3260.4
35,max_power_bg_invert,26,2,3,66.0,4129.0,3260.8
35,max_power_bg_invert,27,2,3,66.0,4129.0,3262.0
35,max_power_bg_invert,28,2,3,66.0,4130.0,3261.6
35,max_power_bg_invert,29,2,3,66.0,4131.0,3264.8
35,max_power_bg_invert,30,2,3,66.0,4132.0,3264.4
35,max_power_bg_invert,31,2,3,66.0,4131.0,3265.6
35,max_power_bg_invert,32,2,3,66.0,4133.0,3263.6
35,max_power_bg_invert,33,2,3,66.0,4133.0,3263.6
35,max_power_bg_invert,34,2,3,66.0,4133.0,3264.4
35,max_power_bg_invert,35,2,3,66.0,4133.0,3263.6
35,max_power_bg_invert,36,2,3,66.0,4133.0,3264.0
35,max_power_bg_invert,37,2,3,66.0,4132.0,3264.4
35,max_power_bg_invert,38,2,3,66.0,4133.0,3269.2
35,max_power_bg_invert,39,2,3,66.0,4133.0,3268.8
35,max_power_bg_invert,40,2,3,66.0,4163.0,3260.0
35,max_power_bg_invert,41,2,3,66.0,4146.0,3272.0
35,max_power_bg_invert,42,2,3,66.0,4151.0,3270.8
35,max_power_bg_invert,43,2,3,66.0,4150.0,3272.0
35,max_power_bg_invert,44,2,3,66.0,4155.0,3268.8
35,max_power_bg_invert,45,2,3,66.0,4146.0,3271.6
35,max_power_bg_invert,46,2,3,66.0,4146.0,3269.6
35,max_power_bg_invert,47,2,3,66.0,4148.0,3266.8
35,max_power_bg_invert,48,2,3,66.0,4149.0,3267.2
35,max_power_bg_invert,49,2,3,66.0,4148.0,3266.8
35,max_power_bg_invert,50,2,3,66.0,4147.0,3266.0
35,max_power_bg_invert,51,2,3,66.0,4146.0,3266.0
35,max_power_bg_invert,52,2,3,66.0,4144.0,3268.4
35,max_power_bg_invert,53,2,3,66.0,4143.0,3267.6
35,max_power_bg_invert,54,2,3,66.0,4144.0,3267.6
35,max_power_bg_invert,55,2,3,66.0,4146.0,3264.8
35,max_power_bg_invert,56,2,3,66.0,4146.0,3265.2
35,max_power_bg_invert,57,2,3,66.0,4145.0,3266.8
35,max_power_bg_invert,58,2,3,66.0,4144.0,3266.8
35,max_power_bg_invert,59,2,3,66.0,4144.0,3266.4
35,max_power_bg_invert,60,2,3,66.0,4144.0,3265.2
35,max_power_bg_invert,61,2,3,66.0,4142.0,3265.6
35,max_power_bg_invert,62,2,3,66.0,4142.0,3266.0
35,max_power_bg_invert,63,2,3,66.0,4142.0,3266.4
35,max_power_bg_invert,64,2,3,66.0,4144.0,3264.8
35,max_power_bg_invert,65,2,3,66.0,4143.0,3264.8
35,max_power_bg_invert,66,2,3,66.0,4143.0,3269.2
35,max_power_bg_invert,67,2,3,66.0,4145.0,3267.6
35,max_power_bg_invert,68,2,3,66.0,4144.0,3268.0
35,max_power_bg_invert,69,2,3,66.0,4144.0,3267.6
35,max_power_bg_invert,70,2,3,66.0,4144.0,3268.0
35,max_power_bg_invert,71,2,3,66.0,4145.0,3269.6
35,max_power_bg_invert,72,2,3,66.0,4144.0,3270.4
35,max_power_bg_invert,73,2,3,66.0,4144.0,3270.0
35,max_power_bg_invert,74,2,3,66.0,4145.0,3269.2
35,max_power_bg_invert,75,2,3,66.0,4145.0,3269.2
35,max_power_bg_invert,76,2,3,66.0,4146.0,3269.2
35,max_power_bg_invert,77,2,3,66.0,4146.0,3268.4
35,max_power_bg_invert,78,2,3,66.0,4147.0,3268.0
35,max_power_bg_invert,79,2,3,66.0,4147.0,3267.2
35,max_power_bg_invert,80,2,3,66.0,4169.0,3248.0
35,max_power_bg_invert,81,2,3,66.0,4124.0,3270.0
35,max_power_bg_invert,82,2,3,66.0,4124.0,3284.8
35,max_power_bg_invert,83,2,3,66.0,4112.0,3287.6
35,max_power_bg_invert,84,2,3,66.0,4122.0,3274.4
35,max_power_bg_invert,85,2,3,66.0,4132.0,3272.8
35,max_power_bg_invert,86,2,3,66.0,4135.0,3271.6
35,max_power_bg_invert,87,2,3,66.0,4138.0,3268.8
35,max_power_bg_invert,88,2,3,66.0,4135.0,3270.0
35,max_power_bg_invert,89,2,3,66.0,4131.0,3274.0
35,max_power_bg_invert,90,2,3,66.0,4129.0,3275.6
